PRT1
2180
5702
4 0 20 (1171.010864 6144 1104 ) (1024 6144 1104 ) (1024 6144 0 ) (1171.010864 6144 0 ) 
4 0 6 (1024 6144 0 ) (1024 6144 1104 ) (1024 6306.666504 1104 ) (1024 6306.666504 0 ) 
3 0 5 (1141.644775 6252.745605 0 ) (1152 6248 0 ) (1144 6240 0 ) 
3 0 4 (1152 6248 0 ) (1154.369141 6235.040527 0 ) (1144 6240 0 ) 
4 0 3 (1154.369141 6235.040527 0 ) (1171.010864 6144 0 ) (1161.739136 6144 0 ) (1144 6240 0 ) 
4 0 2 (1024 6306.666016 0 ) (1141.644775 6252.745605 0 ) (1144 6240 0 ) (1024 6297.390625 0 ) 
4 0 1 (1144 6240 0 ) (1161.739136 6144 0 ) (1024 6144 0 ) (1024 6297.390625 0 ) 
4 1 21 (1024 6144 0 ) (1024 6144 -96 ) (1161.739014 6144 -96 ) (1161.739136 6144 0 ) 
4 1 10 (1024 6144 -96 ) (1024 6144 0 ) (1024 6297.391113 0 ) (1024 6297.391113 -96 ) 
4 1 3 (1161.738892 6144 -96 ) (1144 6240 -96 ) (1144 6240 0 ) (1161.738892 6144 0 ) 
4 1 2 (1144 6240.001953 0 ) (1144 6240.001953 -96 ) (1024 6297.393555 -96 ) (1024 6297.393555 0 ) 
4 2 11 (1024 6297.391113 0 ) (1024 6306.666504 0 ) (1024 6306.666504 -96 ) (1024 6297.391113 -96 ) 
4 2 5 (1144 6240 -96 ) (1141.644531 6252.746094 -96 ) (1141.644531 6252.746094 0 ) (1144 6240 0 ) 
4 3 22 (1161.739014 6144 -96 ) (1171.010864 6144 -96 ) (1171.010864 6144 0 ) (1161.739136 6144 0 ) 
4 3 4 (1154.369873 6235.042969 0 ) (1154.369873 6235.042969 -96 ) (1144 6240.001953 -96 ) (1144 6240.001953 0 ) 
4 4 5 (1152 6248 0 ) (1152 6248 -96 ) (1144 6240 -96 ) (1144 6240 0 ) 
4 6 39 (1024 6144 0 ) (1024 6144 1104 ) (0 6144 1104 ) (0 6144 0 ) 
4 6 12 (0 6144 0 ) (0 6144 1104 ) (0 6336 1104 ) (0 6336 0 ) 
4 6 11 (959.998779 6328 0 ) (977.454224 6328 0 ) (1024 6306.666504 0 ) (1024 6297.391113 0 ) 
5 6 10 (0 6144 0 ) (0 6328 0 ) (959.998779 6328 0 ) (1024 6297.391113 0 ) (1024 6144 0 ) 
4 6 9 (943.271912 6336 0 ) (960 6336 0 ) (960 6328 0 ) (959.998779 6328 0 ) 
3 6 8 (960 6336 0 ) (977.454224 6328 0 ) (960 6328 0 ) 
4 6 7 (0 6328 0 ) (0 6336 0 ) (943.271912 6336 0 ) (959.998779 6328 0 ) 
4 7 13 (0 6328 0 ) (0 6336 0 ) (0 6336 -96 ) (0 6328 -96 ) 
4 7 10 (0 6328 -96 ) (959.998169 6328 -96 ) (959.998169 6328 0 ) (0 6328 0 ) 
4 7 9 (960.005859 6328 0 ) (960.005859 6328 -96 ) (943.278931 6336 -96 ) (943.278931 6336 0 ) 
4 8 11 (959.998169 6328 -96 ) (977.457031 6328 -96 ) (977.457031 6328 0 ) (959.998169 6328 0 ) 
4 8 9 (960 6336 0 ) (960 6336 -96 ) (960 6328 -96 ) (960 6328 0 ) 
4 10 39 (1024 6144 -96 ) (1024 6144 0 ) (0 6144 0 ) (0 6144 -96 ) 
4 10 14 (0 6144 -96 ) (0 6144 0 ) (0 6328 0 ) (0 6328 -96 ) 
4 10 11 (1024 6297.392578 -96 ) (960.005859 6328 -96 ) (960.005859 6328 0 ) (1024 6297.394043 0 ) 
4 12 247 (-1024 6144 0 ) (-1024 6144 1104 ) (-1024 6336 1104 ) (-1024 6336 0 ) 
4 12 40 (0 6144 0 ) (0 6144 1104 ) (-1024 6144 1104 ) (-1024 6144 0 ) 
4 12 14 (0 6144 0 ) (-1024 6144 0 ) (-1024 6328 0 ) (0 6328 0 ) 
4 12 13 (-1024 6328 0 ) (-1024 6336 0 ) (0 6336 0 ) (0 6328 0 ) 
4 13 248 (-1024 6328 0 ) (-1024 6336 0 ) (-1024 6336 -96 ) (-1024 6328 -96 ) 
4 13 14 (-1024 6328 -96 ) (0 6328 -96 ) (0 6328 0 ) (-1024 6328 0 ) 
4 14 249 (-1024 6144 -96 ) (-1024 6144 0 ) (-1024 6328 0 ) (-1024 6328 -96 ) 
4 14 40 (0 6144 -96 ) (0 6144 0 ) (-1024 6144 0 ) (-1024 6144 -96 ) 
4 15 23 (1368 5496 1104 ) (1368 5504 1104 ) (1368 5504 25 ) (1368 5496 25 ) 
4 15 17 (1368 5496 25 ) (1368 5504 25 ) (1764 5504 25 ) (1764 5496 25 ) 
4 15 16 (1764 5496 96 ) (1764 5496 1104 ) (1368 5496 1104 ) (1368 5496 96 ) 
4 16 27 (1368 5120 1104 ) (1368 5120 96 ) (1764 5120 96 ) (1764 5120 1104 ) 
4 16 23 (1368 5120 96 ) (1368 5120 1104 ) (1368 5496 1104 ) (1368 5496 96 ) 
4 17 24 (1368 5504 0 ) (1368 5504 -48 ) (1368 5496 -48 ) (1368 5496 0 ) 
4 17 23 (1368 5496 25 ) (1368 5504 25 ) (1368 5504 0 ) (1368 5496 0 ) 
4 17 19 (1368 5496 -48 ) (1368 5504 -48 ) (1764 5504 -48 ) (1764 5496 -48 ) 
4 18 25 (1368 5448 0 ) (1368 5448 -48 ) (1368 5336 -48 ) (1368 5336 0 ) 
4 18 23 (1368 5336 25 ) (1368 5448 25 ) (1368 5448 0 ) (1368 5336 0 ) 
4 19 24 (1368 5504 -96 ) (1368 5496 -96 ) (1368 5496 -48 ) (1368 5504 -48 ) 
4 20 39 (1024 6144 1104 ) (1024 6144 0 ) (1024 5504 0 ) (1024 5504 1104 ) 
4 20 23 (1024 5504 1104 ) (1024 5504 0 ) (1288 5504 0 ) (1288 5504 1104 ) 
4 20 22 (1161.739014 6144 0 ) (1171.010742 6144 0 ) (1288 5504 0 ) (1280 5504 0 ) 
4 20 21 (1024 6144 0 ) (1161.739014 6144 0 ) (1280 5504 0 ) (1024 5504 0 ) 
4 21 39 (1024 6144 0 ) (1024 6144 -96 ) (1024 5504 -96 ) (1024 5504 0 ) 
4 21 26 (1024 5504 0 ) (1024 5504 -96 ) (1280 5504 -96 ) (1280 5504 0 ) 
4 21 22 (1161.739014 6144 0 ) (1280 5504 0 ) (1280 5504 -96 ) (1161.739136 6144 -96 ) 
4 22 24 (1280 5504 -96 ) (1288 5504 -96 ) (1288 5504 0 ) (1280 5504 0 ) 
4 23 39 (1024 5120 0 ) (1024 5120 1104 ) (1024 5504 1104 ) (1024 5504 0 ) 
4 23 29 (1024 5120 25 ) (1024 5120 0 ) (1368 5120 0 ) (1368 5120 25 ) 
4 23 28 (1024 5120 1104 ) (1024 5120 25 ) (1368 5120 25 ) (1368 5120 1104 ) 
4 23 25 (1368 5496 0 ) (1368 5120 0 ) (1280 5120 0 ) (1280 5496 0 ) 
4 23 24 (1280 5504 0 ) (1368 5504 0 ) (1368 5496 0 ) (1280 5496 0 ) 
4 23 26 (1024 5120 0 ) (1024 5504 0 ) (1280 5504 0 ) (1280 5120 0 ) 
4 24 26 (1280 5496 0 ) (1280 5504 0 ) (1280 5504 -96 ) (1280 5496 -96 ) 
4 24 25 (1280 5496 0 ) (1280 5496 -96 ) (1368 5496 -96 ) (1368 5496 0 ) 
4 25 31 (1280 5120 -96 ) (1368 5120 -96 ) (1368 5120 -48 ) (1280 5120 -48 ) 
4 25 29 (1368 5120 -48 ) (1368 5120 0 ) (1280 5120 0 ) (1280 5120 -48 ) 
4 25 26 (1280 5120 0 ) (1280 5496 0 ) (1280 5496 -96 ) (1280 5120 -96 ) 
4 26 39 (1024 5504 -96 ) (1024 5120 -96 ) (1024 5120 0 ) (1024 5504 0 ) 
4 26 31 (1024 5120 -48 ) (1024 5120 -96 ) (1280 5120 -96 ) (1280 5120 -48 ) 
4 26 29 (1024 5120 0 ) (1024 5120 -48 ) (1280 5120 -48 ) (1280 5120 0 ) 
4 27 33 (1552 4960 1104 ) (1368 4960 1104 ) (1368 4960 96 ) (1552 4960 96 ) 
4 27 32 (1764 4960 96 ) (1764 4960 1104 ) (1552 4960 1104 ) (1552 4960 96 ) 
4 27 28 (1368 4960 96 ) (1368 4960 1104 ) (1368 5120 1104 ) (1368 5120 96 ) 
4 28 41 (1024 5120 1104 ) (1024 5120 25 ) (1024 4960 25 ) (1024 4960 1104 ) 
4 28 33 (1368 4960 1104 ) (1024 4960 1104 ) (1024 4960 25 ) (1368 4960 25 ) 
4 28 30 (1368 4960 25 ) (1024 4960 25 ) (1024 5008 25 ) (1368 5008 25 ) 
4 28 29 (1024 5008 25 ) (1024 5120 25 ) (1368 5120 25 ) (1368 5008 25 ) 
4 29 43 (1024 5120 0 ) (1024 5120 -48 ) (1024 5008 -48 ) (1024 5008 0 ) 
4 29 41 (1024 5120 25 ) (1024 5120 0 ) (1024 5008 0 ) (1024 5008 25 ) 
4 29 31 (1024 5120 -48 ) (1368 5120 -48 ) (1368 5008 -48 ) (1024 5008 -48 ) 
4 29 30 (1024 5008 -48 ) (1368 5008 -48 ) (1368 5008 25 ) (1024 5008 25 ) 
4 30 43 (1024 5008 -48 ) (1024 4960 -48 ) (1024 4960 0 ) (1024 5008 0 ) 
4 30 41 (1024 4960 0 ) (1024 4960 25 ) (1024 5008 25 ) (1024 5008 0 ) 
4 30 38 (1024 4960 -16 ) (1024 4960 -48 ) (1368 4960 -48 ) (1368 4960 -16 ) 
4 30 37 (1024 4960 0 ) (1024 4960 -16 ) (1368 4960 -16 ) (1368 4960 0 ) 
4 30 33 (1368 4960 25 ) (1024 4960 25 ) (1024 4960 0 ) (1368 4960 0 ) 
4 30 31 (1368 4960 -48 ) (1024 4960 -48 ) (1024 5008 -48 ) (1368 5008 -48 ) 
4 31 43 (1024 5120 -48 ) (1024 5120 -96 ) (1024 4960 -96 ) (1024 4960 -48 ) 
4 31 38 (1024 4960 -96 ) (1368 4960 -96 ) (1368 4960 -48 ) (1024 4960 -48 ) 
4 32 35 (1552 4960 0 ) (1552 4960 -16 ) (1552 4952 -16 ) (1552 4952 0 ) 
4 32 33 (1552 4960 1104 ) (1552 4960 0 ) (1552 4952 0 ) (1552 4952 1104 ) 
4 33 41 (1024 4176 1104 ) (1024 4960 1104 ) (1024 4960 0 ) (1024 4176 0 ) 
4 33 37 (1024 4461.767578 0 ) (1024 4960 0 ) (1456 4960 0 ) (1328 4688 0 ) 
4 33 36 (1024 4176 0 ) (1024 4455.813965 0 ) (1336 4688 0 ) (1095.058716 4176 0 ) 
4 33 35 (1464 4960 0 ) (1552 4960 0 ) (1552 4176 0 ) (1095.058716 4176 0 ) 
4 33 34 (1552 4176 40 ) (1552 4176 1104 ) (1024 4176 1104 ) (1024 4176 40 ) 
4 34 46 (1024 4096 40 ) (1024 4096 1104 ) (1024 4176 1104 ) (1024 4176 40 ) 
4 35 36 (1336 4688 -16 ) (1095.057617 4176 -16 ) (1095.057617 4176 0 ) (1335.998047 4687.998535 0 ) 
4 36 42 (1024 4176 0 ) (1024 4455.813965 0 ) (1024 4455.813965 -16 ) (1024 4176 -16 ) 
4 37 43 (1024 4461.767578 0 ) (1024 4960 0 ) (1024 4960 -16 ) (1024 4461.767578 -16 ) 
4 37 38 (1024 4960 -16 ) (1456 4960 -16 ) (1328 4688 -16 ) (1024 4461.767578 -16 ) 
4 38 43 (1024 4461.767578 -16 ) (1024 4960 -16 ) (1024 4960 -96 ) (1024 4461.767578 -96 ) 
4 39 44 (984 5120 1104 ) (0 5120 1104 ) (0 5120 -96 ) (984 5120 -96 ) 
4 39 43 (1024 5120 -96 ) (1024 5120 0 ) (984 5120 0 ) (984 5120 -96 ) 
4 39 41 (1024 5120 0 ) (1024 5120 1104 ) (984 5120 1104 ) (984 5120 0 ) 
4 39 40 (0 6144 1104 ) (0 6144 -96 ) (0 5120 -96 ) (0 5120 1104 ) 
4 40 255 (-1024 5120 -96 ) (-1024 5120 0 ) (-1024 6144 0 ) (-1024 6144 -96 ) 
4 40 254 (-1024 5120 0 ) (-1024 5120 1104 ) (-1024 6144 1104 ) (-1024 6144 0 ) 
4 40 52 (-328 5120 48 ) (-1024 5120 48 ) (-1024 5120 -96 ) (-328 5120 -96 ) 
4 40 51 (-120 5120 48 ) (-328 5120 48 ) (-328 5120 -96 ) (-120 5120 -96 ) 
4 40 50 (0 5120 -96 ) (0 5120 48 ) (-120 5120 48 ) (-120 5120 -96 ) 
4 40 49 (0 5120 48 ) (0 5120 1104 ) (-1024 5120 1104 ) (-1024 5120 48 ) 
4 41 46 (1024 4176 40 ) (1024 4176 1104 ) (984 4176 1104 ) (984 4176 40 ) 
4 41 45 (984 4176 48 ) (984 4176 1104 ) (984 4184 1104 ) (984 4184 48 ) 
4 41 44 (984 4184 1104 ) (984 5120 1104 ) (984 5120 0 ) (984 4184 0 ) 
4 41 43 (984 4432 0 ) (984 5120 0 ) (1024 5120 0 ) (1024 4461.767578 0 ) 
4 41 42 (1024 4176 0 ) (992 4176 0 ) (992 4432 0 ) (1024 4455.813965 0 ) 
4 43 44 (984 5120 -96 ) (984 4432 -96 ) (984 4432 0 ) (984 5120 0 ) 
4 44 50 (0 5120 48 ) (0 5120 -96 ) (0 4184 -96 ) (0 4184 48 ) 
4 44 49 (0 5120 1104 ) (0 5120 48 ) (0 4184 48 ) (0 4184 1104 ) 
4 44 45 (984 4184 48 ) (984 4184 1104 ) (0 4184 1104 ) (0 4184 48 ) 
4 45 49 (0 4176 48 ) (0 4176 1104 ) (0 4184 1104 ) (0 4184 48 ) 
4 45 47 (0 4176 1104 ) (0 4176 256 ) (880 4176 256 ) (880 4176 1104 ) 
4 45 46 (880 4176 48 ) (984 4176 48 ) (984 4176 1104 ) (880 4176 1104 ) 
4 46 103 (1020 4096 1104 ) (880 4096 1104 ) (880 4096 40 ) (1020 4096 40 ) 
4 46 47 (880 4176 1104 ) (880 4176 256 ) (880 4096 256 ) (880 4096 1104 ) 
4 47 104 (0 4096 1104 ) (0 4096 256 ) (880 4096 256 ) (880 4096 1104 ) 
4 47 53 (0 4096 256 ) (0 4096 1104 ) (0 4176 1104 ) (0 4176 256 ) 
4 48 105 (0 4096 248 ) (0 4096 -8 ) (872 4096 -8 ) (872 4096 248 ) 
4 48 55 (0 4096 -8 ) (0 4096 248 ) (0 4168 248 ) (0 4168 -8 ) 
4 49 258 (-1024 4176 48 ) (-1024 4176 1104 ) (-1024 5120 1104 ) (-1024 5120 48 ) 
4 49 56 (-16 4176 248 ) (-432 4176 248 ) (-432 4176 48 ) (-16 4176 48 ) 
4 49 54 (-16 4176 256 ) (-432 4176 256 ) (-432 4176 248 ) (-16 4176 248 ) 
4 49 53 (0 4176 256 ) (0 4176 1104 ) (-1024 4176 1104 ) (-1024 4176 256 ) 
4 49 52 (-1024 4184 48 ) (-1024 5120 48 ) (-328 5120 48 ) (-328 4184 48 ) 
4 49 51 (-120 4176 48 ) (-328 4176 48 ) (-328 5120 48 ) (-120 5120 48 ) 
4 49 50 (-120 4184 48 ) (-120 5120 48 ) (0 5120 48 ) (0 4184 48 ) 
5 50 51 (-120 5120 -96 ) (-120 4308 -96 ) (-120 4184 -13.333595 ) (-120 4184 48 ) (-120 5120 48 ) 
4 51 56 (-120 4176 48 ) (-328 4176 48 ) (-328 4176 -8 ) (-120 4176 -8 ) 
5 51 52 (-328 5120 -96 ) (-328 4308 -96 ) (-328 4184 -13.333702 ) (-328 4184 48 ) (-328 5120 48 ) 
4 52 259 (-1024 4184 48 ) (-1024 5120 48 ) (-1024 5120 -96 ) (-1024 4184 -96 ) 
4 53 265 (-1024 4096 256 ) (-1024 4096 1104 ) (-1024 4176 1104 ) (-1024 4176 256 ) 
4 53 107 (0 4096 256 ) (0 4096 1104 ) (-1024 4096 1104 ) (-1024 4096 256 ) 
4 53 54 (-16 4096 256 ) (-432 4096 256 ) (-432 4176 256 ) (-16 4176 256 ) 
4 54 108 (-16 4096 256 ) (-432 4096 256 ) (-432 4096 248 ) (-16 4096 248 ) 
4 54 56 (-432 4176 248 ) (-16 4176 248 ) (-16 4096 248 ) (-432 4096 248 ) 
4 55 109 (0 4096 -8 ) (0 4096 248 ) (-8 4096 248 ) (-8 4096 -8 ) 
4 56 110 (-16 4096 248 ) (-432 4096 248 ) (-432 4096 -8 ) (-16 4096 -8 ) 
4 57 266 (-1024 4096 -8 ) (-1024 4096 248 ) (-1024 4168 248 ) (-1024 4168 -8 ) 
4 57 111 (-440 4096 248 ) (-1024 4096 248 ) (-1024 4096 -8 ) (-440 4096 -8 ) 
4 58 149 (2048 1024 40 ) (2048 1024 1104 ) (2048 1072 1104 ) (2048 1072 40 ) 
4 58 68 (2600 1024 1104 ) (2048 1024 1104 ) (2048 1024 40 ) (2600 1024 40 ) 
4 58 66 (2728 1024 1104 ) (2600 1024 1104 ) (2600 1024 40 ) (2728 1024 40 ) 
4 59 77 (3072 208 40 ) (3072 208 192 ) (3072 368 192 ) (3072 368 40 ) 
4 59 75 (3072 208 192 ) (3072 208 1104 ) (3072 368 1104 ) (3072 368 192 ) 
4 59 62 (3104 208 40 ) (3104 208 88 ) (3072 208 88 ) (3072 208 40 ) 
4 59 61 (3104 208 88 ) (3104 208 1104 ) (3072 208 1104 ) (3072 208 88 ) 
4 60 623 (3408 0 1104 ) (3296 0 1104 ) (3296 0 40 ) (3408 0 40 ) 
4 60 62 (3296 208 88 ) (3296 208 40 ) (3296 48 40 ) (3296 48 88 ) 
4 60 61 (3296 208 1104 ) (3296 208 88 ) (3296 0 88 ) (3296 0 1104 ) 
4 61 624 (3072 0 1104 ) (3072 0 88 ) (3296 0 88 ) (3296 0 1104 ) 
4 61 88 (3072 0 88 ) (3072 0 192 ) (3072 208 192 ) (3072 208 88 ) 
4 61 75 (3072 0 192 ) (3072 0 1104 ) (3072 208 1104 ) (3072 208 192 ) 
4 61 64 (3072 32 88 ) (3072 48 88 ) (3168 48 88 ) (3184 32 88 ) 
4 61 65 (3072 0 88 ) (3072 32 88 ) (3280 32 88 ) (3280 0 88 ) 
3 61 63 (3072 48 88 ) (3072 144 88 ) (3168 48 88 ) 
5 61 62 (3072 160 88 ) (3072 208 88 ) (3296 208 88 ) (3296 48 88 ) (3184 48 88 ) 
4 62 89 (3072 160 88 ) (3072 208 88 ) (3072 208 40 ) (3072 160 40 ) 
4 63 100 (3072 144 40 ) (3072 144 -8 ) (3072 48 -8 ) (3072 48 40 ) 
4 63 90 (3072 48 88 ) (3072 144 88 ) (3072 144 40 ) (3072 48 40 ) 
4 63 64 (3072 48 -8 ) (3168 48 -8 ) (3168 48 88 ) (3072 48 88 ) 
4 64 100 (3072 48 40 ) (3072 48 -8 ) (3072 32 -8 ) (3072 32 40 ) 
4 64 90 (3072 32 88 ) (3072 48 88 ) (3072 48 40 ) (3072 32 40 ) 
4 64 65 (3072 32 -8 ) (3184 32 -8 ) (3184 32 88 ) (3072 32 88 ) 
4 65 626 (3072 0 88 ) (3072 0 -8 ) (3136 0 -8 ) (3136 0 88 ) 
4 65 625 (3136 0 -8 ) (3280 0 -8 ) (3280 0 88 ) (3136 0 88 ) 
4 65 100 (3072 0 -8 ) (3072 0 40 ) (3072 32 40 ) (3072 32 -8 ) 
4 65 90 (3072 0 40 ) (3072 0 88 ) (3072 32 88 ) (3072 32 40 ) 
4 66 71 (2600 816 40 ) (2600 816 88 ) (2600 944 88 ) (2600 944 40 ) 
4 66 70 (2600 816 88 ) (2600 816 1104 ) (2600 944 1104 ) (2600 944 88 ) 
4 66 68 (2600 944 1104 ) (2600 1024 1104 ) (2600 1024 40 ) (2600 944 40 ) 
4 66 67 (2728 816 1104 ) (2600 816 1104 ) (2600 816 40 ) (2728 816 40 ) 
4 67 80 (3008 688 192 ) (2864 688 192 ) (2864 688 40 ) (3008 688 40 ) 
4 67 78 (3024 688 40 ) (3024 688 192 ) (3008 688 192 ) (3008 688 40 ) 
4 67 76 (3024 688 192 ) (3024 688 1104 ) (2600 688 1104 ) (2600 688 192 ) 
4 67 71 (2600 784 88 ) (2600 816 88 ) (2600 816 40 ) (2600 784 40 ) 
4 67 70 (2600 688 88 ) (2600 688 1104 ) (2600 816 1104 ) (2600 816 88 ) 
4 68 151 (2048 1024 192 ) (2048 1024 40 ) (2048 944 40 ) (2048 944 192 ) 
4 68 150 (2048 1024 1104 ) (2048 1024 192 ) (2048 944 192 ) (2048 944 1104 ) 
4 68 73 (2048 944 88 ) (2048 944 40 ) (2472 944 40 ) (2472 944 88 ) 
4 68 71 (2472 944 40 ) (2600 944 40 ) (2600 944 88 ) (2472 944 88 ) 
4 68 70 (2048 944 1104 ) (2048 944 88 ) (2600 944 88 ) (2600 944 1104 ) 
4 68 69 (2472 944 40 ) (2048 944 40 ) (2048 1024 40 ) (2472 1024 40 ) 
4 69 159 (2048 1024 12 ) (2048 1024 -8 ) (2048 944 -8 ) (2048 944 12 ) 
4 69 158 (2048 1024 40 ) (2048 1024 12 ) (2048 944 12 ) (2048 944 40 ) 
4 69 73 (2048 944 40 ) (2048 944 12 ) (2472 944 12 ) (2472 944 40 ) 
4 70 151 (2048 944 192 ) (2048 944 88 ) (2048 688 88 ) (2048 688 192 ) 
4 70 150 (2048 944 1104 ) (2048 944 192 ) (2048 688 192 ) (2048 688 1104 ) 
4 70 86 (2168 688 88 ) (2264 688 88 ) (2264 688 192 ) (2168 688 192 ) 
4 70 83 (2296 688 88 ) (2552 688 88 ) (2552 688 120 ) (2296 688 120 ) 
4 70 76 (2048 688 1104 ) (2048 688 192 ) (2600 688 192 ) (2600 688 1104 ) 
4 70 73 (2048 944 88 ) (2472 944 88 ) (2472 936 88 ) (2048 936 88 ) 
4 70 74 (2472 936 88 ) (2472 688 88 ) (2048 688 88 ) (2048 936 88 ) 
4 70 72 (2592 784 88 ) (2592 688 88 ) (2472 688 88 ) (2472 936 88 ) 
3 70 71 (2472 944 88 ) (2600 944 88 ) (2600 784 88 ) 
4 72 95 (2472 688 -8 ) (2552 688 -8 ) (2552 688 40 ) (2472 688 40 ) 
4 72 83 (2552 688 88 ) (2472 688 88 ) (2472 688 40 ) (2552 688 40 ) 
4 72 74 (2472 688 -8 ) (2472 688 88 ) (2472 936 88 ) (2472 936 -8 ) 
4 73 158 (2048 944 40 ) (2048 944 12 ) (2048 936 12 ) (2048 936 40 ) 
4 73 151 (2048 944 88 ) (2048 944 40 ) (2048 936 40 ) (2048 936 88 ) 
4 73 74 (2472 936 12 ) (2472 936 88 ) (2048 936 88 ) (2048 936 12 ) 
4 74 160 (2048 936 -8 ) (2048 688 -8 ) (2048 688 12 ) (2048 936 12 ) 
4 74 158 (2048 688 12 ) (2048 688 40 ) (2048 936 40 ) (2048 936 12 ) 
4 74 151 (2048 688 40 ) (2048 688 88 ) (2048 936 88 ) (2048 936 40 ) 
4 74 98 (2168 688 -8 ) (2264 688 -8 ) (2264 688 40 ) (2168 688 40 ) 
4 74 95 (2296 688 -8 ) (2472 688 -8 ) (2472 688 40 ) (2296 688 40 ) 
4 74 86 (2168 688 40 ) (2264 688 40 ) (2264 688 88 ) (2168 688 88 ) 
4 74 83 (2296 688 40 ) (2472 688 40 ) (2472 688 88 ) (2296 688 88 ) 
4 75 629 (3072 0 192 ) (3072 0 1104 ) (3024 0 1104 ) (3024 0 192 ) 
4 75 88 (3072 0 192 ) (3024 0 192 ) (3024 208 192 ) (3072 208 192 ) 
4 75 77 (3024 208 192 ) (3024 368 192 ) (3072 368 192 ) (3072 208 192 ) 
4 75 76 (3024 368 192 ) (3024 0 192 ) (3024 0 1104 ) (3024 368 1104 ) 
4 76 638 (2312 0 1104 ) (2048 0 1104 ) (2048 0 192 ) (2312 0 192 ) 
4 76 636 (2320 0 1104 ) (2312 0 1104 ) (2312 0 192 ) (2320 0 192 ) 
4 76 629 (3024 0 1104 ) (2320 0 1104 ) (2320 0 192 ) (3024 0 192 ) 
4 76 150 (2048 0 192 ) (2048 0 1104 ) (2048 688 1104 ) (2048 688 192 ) 
4 76 92 (2168 208 192 ) (2264 208 192 ) (2264 176 192 ) (2168 176 192 ) 
4 76 91 (2264 208 192 ) (2320 208 192 ) (2320 176 192 ) (2264 176 192 ) 
4 76 88 (3024 0 192 ) (2320 0 192 ) (2320 208 192 ) (3024 208 192 ) 
4 76 86 (2168 688 192 ) (2264 688 192 ) (2264 208 192 ) (2168 208 192 ) 
4 76 81 (3008 288 192 ) (3008 272 192 ) (2864 272 192 ) (2864 288 192 ) 
4 76 80 (2864 688 192 ) (3008 688 192 ) (3008 288 192 ) (2864 288 192 ) 
4 76 82 (3008 272 192 ) (3008 208 192 ) (2864 208 192 ) (2864 272 192 ) 
4 76 79 (3024 288 192 ) (3024 208 192 ) (3008 208 192 ) (3008 288 192 ) 
4 76 78 (3008 688 192 ) (3024 688 192 ) (3024 288 192 ) (3008 288 192 ) 
4 77 89 (3024 208 40 ) (3072 208 40 ) (3072 208 88 ) (3024 208 88 ) 
4 77 88 (3072 208 88 ) (3072 208 192 ) (3024 208 192 ) (3024 208 88 ) 
4 77 79 (3024 208 88 ) (3024 208 192 ) (3024 288 192 ) (3024 288 88 ) 
4 77 78 (3024 368 40 ) (3024 288 40 ) (3024 288 192 ) (3024 368 192 ) 
4 78 80 (3008 688 40 ) (3008 288 40 ) (3008 288 192 ) (3008 688 192 ) 
4 78 79 (3008 288 192 ) (3008 288 88 ) (3024 288 88 ) (3024 288 192 ) 
4 79 88 (3024 208 88 ) (3024 208 192 ) (3008 208 192 ) (3008 208 88 ) 
4 79 81 (3008 272 192 ) (3008 288 192 ) (3008 288 88 ) (3008 272 88 ) 
4 79 82 (3008 208 88 ) (3008 208 192 ) (3008 272 192 ) (3008 272 88 ) 
4 80 81 (2864 288 192 ) (2864 288 88 ) (3008 288 88 ) (3008 288 192 ) 
4 81 82 (2864 272 192 ) (2864 272 88 ) (3008 272 88 ) (3008 272 192 ) 
4 82 94 (3008 272 40 ) (3008 208 40 ) (2864 208 40 ) (2864 272 40 ) 
4 82 90 (2864 208 40 ) (3008 208 40 ) (3008 208 88 ) (2864 208 88 ) 
4 82 88 (3008 208 88 ) (3008 208 192 ) (2864 208 192 ) (2864 208 88 ) 
4 83 95 (2296 688 40 ) (2552 688 40 ) (2552 680 40 ) (2296 680 40 ) 
4 83 84 (2296 680 40 ) (2552 680 40 ) (2552 680 120 ) (2296 680 120 ) 
4 84 96 (2856 680 40 ) (2856 216 40 ) (2272 216 40 ) (2272 680 40 ) 
4 84 85 (2548 216 40 ) (2804 216 40 ) (2804 216 120 ) (2548 216 120 ) 
4 85 97 (2804 208 40 ) (2548 208 40 ) (2548 216 40 ) (2804 216 40 ) 
4 85 90 (2548 208 40 ) (2804 208 40 ) (2804 208 88 ) (2548 208 88 ) 
4 85 88 (2804 208 88 ) (2804 208 120 ) (2548 208 120 ) (2548 208 88 ) 
4 86 98 (2168 688 40 ) (2264 688 40 ) (2264 208 40 ) (2168 208 40 ) 
4 86 92 (2168 208 40 ) (2264 208 40 ) (2264 208 192 ) (2168 208 192 ) 
4 87 153 (2048 680 184 ) (2048 680 40 ) (2048 208 40 ) (2048 208 184 ) 
4 87 99 (2160 680 40 ) (2160 208 40 ) (2048 208 40 ) (2048 680 40 ) 
4 87 93 (2048 208 40 ) (2160 208 40 ) (2160 208 184 ) (2048 208 184 ) 
4 88 629 (3072 0 88 ) (3072 0 192 ) (2320 0 192 ) (2320 0 88 ) 
4 88 91 (2320 208 192 ) (2320 208 88 ) (2320 176 88 ) (2320 176 192 ) 
3 88 89 (3024 208 88 ) (3072 208 88 ) (3072 160 88 ) 
5 88 90 (3072 0 88 ) (2512 0 88 ) (2512 208 88 ) (3008 208 88 ) (3072 144 88 ) 
4 90 630 (3072 0 40 ) (3072 0 88 ) (2512 0 88 ) (2512 0 40 ) 
5 90 100 (3072 144 40 ) (3072 0 40 ) (2512 0 40 ) (2512 208 40 ) (3008 208 40 ) 
4 91 92 (2264 208 192 ) (2264 208 88 ) (2264 176 88 ) (2264 176 192 ) 
4 92 101 (2168 208 40 ) (2264 208 40 ) (2264 176 40 ) (2168 176 40 ) 
4 93 153 (2048 176 184 ) (2048 208 184 ) (2048 208 40 ) (2048 176 40 ) 
4 93 102 (2048 176 40 ) (2048 208 40 ) (2160 208 40 ) (2160 176 40 ) 
4 94 100 (2864 208 -8 ) (3008 208 -8 ) (3008 208 40 ) (2864 208 40 ) 
4 95 96 (2296 680 -8 ) (2552 680 -8 ) (2552 680 40 ) (2296 680 40 ) 
4 96 97 (2548 216 -8 ) (2804 216 -8 ) (2804 216 40 ) (2548 216 40 ) 
4 97 100 (2548 208 -8 ) (2804 208 -8 ) (2804 208 40 ) (2548 208 40 ) 
4 98 101 (2168 208 -8 ) (2264 208 -8 ) (2264 208 40 ) (2168 208 40 ) 
4 99 163 (2048 208 40 ) (2048 680 40 ) (2048 680 -8 ) (2048 208 -8 ) 
4 99 102 (2048 208 -8 ) (2160 208 -8 ) (2160 208 40 ) (2048 208 40 ) 
4 100 630 (3072 0 -8 ) (3072 0 40 ) (2512 0 40 ) (2512 0 -8 ) 
4 102 163 (2048 176 40 ) (2048 208 40 ) (2048 208 -8 ) (2048 176 -8 ) 
4 103 130 (880 3072 100 ) (880 3072 40 ) (1020 3072 40 ) (1020 3072 100 ) 
4 103 128 (880 3072 248 ) (880 3072 100 ) (1020 3072 100 ) (1020 3072 248 ) 
4 103 126 (1020 3072 1104 ) (880 3072 1104 ) (880 3072 248 ) (1020 3072 248 ) 
4 103 104 (880 4096 1104 ) (880 4096 256 ) (880 3072 256 ) (880 3072 1104 ) 
4 104 127 (0 3072 1104 ) (0 3072 256 ) (880 3072 256 ) (880 3072 1104 ) 
4 104 107 (0 4096 1104 ) (0 4096 256 ) (0 3072 256 ) (0 3072 1104 ) 
4 105 131 (0 3072 100 ) (0 3072 -8 ) (872 3072 -8 ) (872 3072 100 ) 
4 105 129 (0 3072 248 ) (0 3072 100 ) (872 3072 100 ) (872 3072 248 ) 
4 105 109 (0 4096 248 ) (0 4096 -8 ) (0 3072 -8 ) (0 3072 248 ) 
4 105 106 (0 3376 -8 ) (0 3568 -8 ) (360 3568 -8 ) (360 3376 -8 ) 
4 106 117 (0 3376 -144 ) (0 3376 -16 ) (0 3568 -16 ) (0 3568 -144 ) 
4 106 113 (0 3376 -16 ) (0 3376 -8 ) (0 3568 -8 ) (0 3568 -16 ) 
4 107 289 (-1024 3072 256 ) (-1024 3072 1104 ) (-1024 4096 1104 ) (-1024 4096 256 ) 
4 107 136 (0 3072 256 ) (0 3072 1104 ) (-1024 3072 1104 ) (-1024 3072 256 ) 
4 107 108 (-16 3072 256 ) (-432 3072 256 ) (-432 4096 256 ) (-16 4096 256 ) 
4 108 137 (-16 3072 256 ) (-432 3072 256 ) (-432 3072 248 ) (-16 3072 248 ) 
4 108 110 (-16 3072 248 ) (-432 3072 248 ) (-432 4096 248 ) (-16 4096 248 ) 
4 109 141 (0 3072 -8 ) (0 3072 100 ) (-8 3072 100 ) (-8 3072 -8 ) 
4 109 138 (0 3072 100 ) (0 3072 248 ) (-8 3072 248 ) (-8 3072 100 ) 
4 109 113 (-8 3376 -8 ) (-8 3568 -8 ) (0 3568 -8 ) (0 3376 -8 ) 
4 110 142 (-432 3072 100 ) (-432 3072 -8 ) (-16 3072 -8 ) (-16 3072 100 ) 
4 110 139 (-16 3072 248 ) (-432 3072 248 ) (-432 3072 100 ) (-16 3072 100 ) 
4 111 290 (-1024 3072 -8 ) (-1024 3072 248 ) (-1024 4096 248 ) (-1024 4096 -8 ) 
4 111 143 (-1024 3072 100 ) (-1024 3072 -8 ) (-440 3072 -8 ) (-440 3072 100 ) 
4 111 140 (-440 3072 248 ) (-1024 3072 248 ) (-1024 3072 100 ) (-440 3072 100 ) 
4 111 116 (-864 3072 -8 ) (-1024 3072 -8 ) (-1024 3376 -8 ) (-864 3376 -8 ) 
4 111 114 (-736 3568 -8 ) (-448 3568 -8 ) (-448 3376 -8 ) (-736 3376 -8 ) 
4 111 115 (-1024 3376 -8 ) (-1024 3568 -8 ) (-864 3568 -8 ) (-864 3376 -8 ) 
4 111 112 (-1024 3568 -8 ) (-1024 3968 -8 ) (-864 3968 -8 ) (-864 3568 -8 ) 
4 112 291 (-1024 3568 -8 ) (-1024 3968 -8 ) (-1024 3968 -16 ) (-1024 3568 -16 ) 
4 112 124 (-864 3568 -16 ) (-1024 3568 -16 ) (-1024 3968 -16 ) (-864 3968 -16 ) 
4 112 115 (-1024 3568 -16 ) (-864 3568 -16 ) (-864 3568 -8 ) (-1024 3568 -8 ) 
4 113 117 (0 3568 -16 ) (0 3376 -16 ) (-8 3376 -16 ) (-8 3568 -16 ) 
4 114 123 (-448 3376 -16 ) (-724 3376 -16 ) (-724 3568 -16 ) (-448 3568 -16 ) 
4 115 291 (-1024 3376 -8 ) (-1024 3568 -8 ) (-1024 3568 -16 ) (-1024 3376 -16 ) 
4 115 124 (-864 3376 -16 ) (-1024 3376 -16 ) (-1024 3568 -16 ) (-864 3568 -16 ) 
4 115 116 (-1024 3376 -16 ) (-864 3376 -16 ) (-864 3376 -8 ) (-1024 3376 -8 ) 
4 116 291 (-1024 3072 -16 ) (-1024 3072 -8 ) (-1024 3376 -8 ) (-1024 3376 -16 ) 
4 116 145 (-864 3072 -8 ) (-1024 3072 -8 ) (-1024 3072 -16 ) (-864 3072 -16 ) 
4 116 124 (-864 3072 -16 ) (-1024 3072 -16 ) (-1024 3376 -16 ) (-864 3376 -16 ) 
4 117 120 (-16 3568 -144 ) (-16 3376 -144 ) (-16 3376 -16 ) (-16 3568 -16 ) 
4 118 119 (-248 3576 -144 ) (-200 3576 -144 ) (-200 3576 -36 ) (-248 3576 -36 ) 
4 119 120 (-248 3568 -144 ) (-200 3568 -144 ) (-200 3568 -36 ) (-248 3568 -36 ) 
4 120 123 (-432 3568 -144 ) (-432 3376 -144 ) (-432 3376 -16 ) (-432 3568 -16 ) 
4 120 121 (-248 3376 -144 ) (-200 3376 -144 ) (-200 3376 -36 ) (-248 3376 -36 ) 
4 121 122 (-248 3368 -144 ) (-200 3368 -144 ) (-200 3368 -36 ) (-248 3368 -36 ) 
4 122 147 (-16 3072 -16 ) (-432 3072 -16 ) (-432 3072 -144 ) (-16 3072 -144 ) 
4 124 301 (-1024 3072 -144 ) (-1024 3072 -16 ) (-1024 3968 -16 ) (-1024 3968 -144 ) 
4 124 148 (-864 3072 -16 ) (-1024 3072 -16 ) (-1024 3072 -144 ) (-864 3072 -144 ) 
4 124 125 (-864 3072 -144 ) (-1024 3072 -144 ) (-1024 3968 -144 ) (-864 3968 -144 ) 
4 125 301 (-1024 3072 -264 ) (-1024 3072 -144 ) (-1024 3968 -144 ) (-1024 3968 -264 ) 
4 125 148 (-864 3072 -264 ) (-864 3072 -144 ) (-1024 3072 -144 ) (-1024 3072 -264 ) 
4 126 133 (1020 2768 1104 ) (880 2768 1104 ) (880 2768 248 ) (1020 2768 248 ) 
4 126 128 (1020 2768 248 ) (880 2768 248 ) (880 3072 248 ) (1020 3072 248 ) 
4 126 127 (880 2768 256 ) (880 2768 1104 ) (880 3072 1104 ) (880 3072 256 ) 
4 127 136 (0 3072 1104 ) (0 3072 256 ) (0 2768 256 ) (0 2768 1104 ) 
4 127 134 (632 2768 1104 ) (624 2768 1104 ) (624 2768 256 ) (632 2768 256 ) 
4 127 135 (624 2768 1104 ) (0 2768 1104 ) (0 2768 256 ) (624 2768 256 ) 
4 127 133 (880 2768 1104 ) (632 2768 1104 ) (632 2768 256 ) (880 2768 256 ) 
4 128 133 (1020 2768 248 ) (880 2768 248 ) (880 2768 100 ) (1020 2768 100 ) 
4 128 130 (1020 2768 100 ) (880 2768 100 ) (880 3072 100 ) (1020 3072 100 ) 
4 129 138 (0 3072 248 ) (0 3072 100 ) (0 2776 100 ) (0 2776 248 ) 
4 129 131 (0 2776 100 ) (0 3072 100 ) (872 3072 100 ) (872 2776 100 ) 
4 130 133 (1020 2768 100 ) (880 2768 100 ) (880 2768 40 ) (1020 2768 40 ) 
4 131 141 (0 3072 100 ) (0 3072 -8 ) (0 2776 -8 ) (0 2776 100 ) 
4 131 132 (432 2776 -8 ) (528 2776 -8 ) (528 2776 100 ) (432 2776 100 ) 
4 132 135 (528 2768 100 ) (432 2768 100 ) (432 2768 -8 ) (528 2768 -8 ) 
4 133 172 (1020 2048 40 ) (1020 2048 1104 ) (632 2048 1104 ) (632 2048 40 ) 
4 133 134 (632 2048 136 ) (632 2048 1104 ) (632 2768 1104 ) (632 2768 136 ) 
4 134 173 (632 2048 136 ) (632 2048 1104 ) (624 2048 1104 ) (624 2048 136 ) 
4 134 135 (624 2048 136 ) (624 2048 1104 ) (624 2768 1104 ) (624 2768 136 ) 
4 135 173 (624 2048 1104 ) (0 2048 1104 ) (0 2048 136 ) (624 2048 136 ) 
4 135 146 (0 2048 -8 ) (0 2048 1104 ) (0 2768 1104 ) (0 2768 -8 ) 
4 136 302 (-1024 3072 1104 ) (-1024 3072 256 ) (-1024 2768 256 ) (-1024 2768 1104 ) 
4 136 146 (-1024 2768 1104 ) (-1024 2768 256 ) (0 2768 256 ) (0 2768 1104 ) 
4 136 137 (-16 2768 256 ) (-432 2768 256 ) (-432 3072 256 ) (-16 3072 256 ) 
4 137 146 (-432 2768 248 ) (-16 2768 248 ) (-16 2768 256 ) (-432 2768 256 ) 
4 137 139 (-16 2768 248 ) (-432 2768 248 ) (-432 3072 248 ) (-16 3072 248 ) 
4 138 141 (-8 2776 100 ) (-8 3072 100 ) (0 3072 100 ) (0 2776 100 ) 
4 139 146 (-432 2768 100 ) (-16 2768 100 ) (-16 2768 248 ) (-432 2768 248 ) 
4 139 142 (-16 2768 100 ) (-432 2768 100 ) (-432 3072 100 ) (-16 3072 100 ) 
4 140 303 (-1024 3072 248 ) (-1024 3072 100 ) (-1024 2776 100 ) (-1024 2776 248 ) 
4 140 143 (-1024 2776 100 ) (-1024 3072 100 ) (-440 3072 100 ) (-440 2776 100 ) 
4 142 146 (-432 2768 -8 ) (-16 2768 -8 ) (-16 2768 100 ) (-432 2768 100 ) 
4 143 303 (-1024 3072 100 ) (-1024 3072 -8 ) (-1024 2776 -8 ) (-1024 2776 100 ) 
4 143 145 (-1024 2976 -8 ) (-1024 3072 -8 ) (-864 3072 -8 ) (-864 2976 -8 ) 
4 143 144 (-976 2776 -8 ) (-880 2776 -8 ) (-880 2776 100 ) (-976 2776 100 ) 
4 144 146 (-976 2768 -8 ) (-880 2768 -8 ) (-880 2768 100 ) (-976 2768 100 ) 
4 145 304 (-1024 3072 -8 ) (-1024 3072 -16 ) (-1024 2976 -16 ) (-1024 2976 -8 ) 
4 145 148 (-1024 2976 -16 ) (-1024 3072 -16 ) (-864 3072 -16 ) (-864 2976 -16 ) 
4 146 316 (-1024 2048 -8 ) (-1024 2048 40 ) (-1024 2768 40 ) (-1024 2768 -8 ) 
4 146 309 (-1024 2048 40 ) (-1024 2048 138 ) (-1024 2768 138 ) (-1024 2768 40 ) 
4 146 308 (-1024 2048 138 ) (-1024 2048 1104 ) (-1024 2768 1104 ) (-1024 2768 138 ) 
4 146 190 (-392 2048 32 ) (-392 2048 -8 ) (-120 2048 -8 ) (-120 2048 32 ) 
4 146 189 (-120 2048 136 ) (-392 2048 136 ) (-392 2048 32 ) (-120 2048 32 ) 
4 146 181 (0 2048 136 ) (0 2048 1104 ) (-1024 2048 1104 ) (-1024 2048 136 ) 
4 148 317 (-1024 2976 -16 ) (-1024 3072 -16 ) (-1024 3072 -264 ) (-1024 2976 -264 ) 
4 149 171 (1024 1024 40 ) (1024 1024 1104 ) (1024 1072 1104 ) (1024 1072 40 ) 
4 149 157 (1024 1024 88 ) (1024 1024 40 ) (1648 1024 40 ) (1648 1024 88 ) 
4 149 155 (1648 1024 192 ) (1024 1024 192 ) (1024 1024 88 ) (1648 1024 88 ) 
4 149 154 (1656 1024 192 ) (1648 1024 192 ) (1648 1024 40 ) (1656 1024 40 ) 
4 149 151 (2048 1024 40 ) (2048 1024 192 ) (1656 1024 192 ) (1656 1024 40 ) 
4 149 150 (2048 1024 192 ) (2048 1024 1104 ) (1024 1024 1104 ) (1024 1024 192 ) 
4 150 712 (1424 0 1104 ) (1024 0 1104 ) (1024 0 192 ) (1424 0 192 ) 
4 150 706 (1656 0 1104 ) (1424 0 1104 ) (1424 0 192 ) (1656 0 192 ) 
4 150 697 (2048 0 192 ) (2048 0 1104 ) (1656 0 1104 ) (1656 0 192 ) 
4 150 200 (1024 0 192 ) (1024 0 1104 ) (1024 1024 1104 ) (1024 1024 192 ) 
4 150 155 (1648 0 192 ) (1024 0 192 ) (1024 1024 192 ) (1648 1024 192 ) 
4 150 154 (1648 688 192 ) (1648 1024 192 ) (1656 1024 192 ) (1656 688 192 ) 
4 150 151 (1656 688 192 ) (1656 1024 192 ) (2048 1024 192 ) (2048 688 192 ) 
4 151 158 (2048 1024 40 ) (2048 688 40 ) (1656 688 40 ) (1656 1024 40 ) 
4 151 154 (1656 1024 40 ) (1656 688 40 ) (1656 688 192 ) (1656 1024 192 ) 
4 151 152 (1812 688 40 ) (2004 688 40 ) (2004 688 120 ) (1812 688 120 ) 
4 152 162 (2004 680 40 ) (1812 680 40 ) (1812 688 40 ) (2004 688 40 ) 
4 152 153 (1812 680 40 ) (2004 680 40 ) (2004 680 120 ) (1812 680 120 ) 
4 153 163 (2048 680 40 ) (2048 176 40 ) (1656 176 40 ) (1656 680 40 ) 
4 154 158 (1648 688 40 ) (1648 1024 40 ) (1656 1024 40 ) (1656 688 40 ) 
4 154 157 (1648 1024 40 ) (1648 688 40 ) (1648 688 88 ) (1648 1024 88 ) 
4 154 155 (1648 688 88 ) (1648 688 192 ) (1648 1024 192 ) (1648 1024 88 ) 
4 155 712 (1424 0 192 ) (1024 0 192 ) (1024 0 88 ) (1424 0 88 ) 
4 155 707 (1648 0 192 ) (1424 0 192 ) (1424 0 88 ) (1648 0 88 ) 
4 155 200 (1024 0 88 ) (1024 0 192 ) (1024 1024 192 ) (1024 1024 88 ) 
5 155 157 (1648 1024 88 ) (1648 0 88 ) (1072.682983 0 88 ) (1024 55.444489 88 ) (1024 1024 88 ) 
3 155 156 (1064.682983 0 88 ) (1024 0 88 ) (1024 46.333355 88 ) 
4 156 719 (1024 0 88 ) (1024 0 40 ) (1064.682983 0 40 ) (1064.682983 0 88 ) 
4 156 201 (1024 0 40 ) (1024 0 88 ) (1024 46.333355 88 ) (1024 46.333374 40 ) 
4 157 721 (1072.682983 0 40 ) (1164 0 40 ) (1164 0 88 ) (1072.682983 0 88 ) 
4 157 716 (1164 0 40 ) (1424 0 40 ) (1424 0 88 ) (1164 0 88 ) 
4 157 707 (1424 0 40 ) (1648 0 40 ) (1648 0 88 ) (1424 0 88 ) 
4 157 203 (1024 1012.971436 88 ) (1024 1024 88 ) (1024 1024 40 ) (1024 1012.971375 40 ) 
4 157 202 (1024 55.444489 88 ) (1024 1012.971436 88 ) (1024 1012.971375 40 ) (1024 55.444519 40 ) 
4 157 169 (1024 1012.971436 40 ) (1024 1024 40 ) (1452 1024 40 ) (1452 688.007446 40 ) 
5 157 168 (1452 0 40 ) (1072.682983 0 40 ) (1024 55.444489 40 ) (1024 1012.971436 40 ) (1452 688.007446 40 ) 
4 157 166 (1452 216 40 ) (1452 696 40 ) (1460 696 40 ) (1460 216 40 ) 
4 157 165 (1452 696 40 ) (1452 1024 40 ) (1460 1024 40 ) (1460 696 40 ) 
4 157 167 (1460 0 40 ) (1452 0 40 ) (1452 216 40 ) (1460 216 40 ) 
4 157 164 (1648 0 40 ) (1460 0 40 ) (1460 688 40 ) (1648 688 40 ) 
4 157 158 (1460 688 40 ) (1460 1024 40 ) (1648 1024 40 ) (1648 688 40 ) 
4 158 166 (1460 688 12 ) (1460 688 40 ) (1460 696 40 ) (1460 696 12 ) 
4 158 165 (1460 696 40 ) (1460 1024 40 ) (1460 1024 12 ) (1460 696 12 ) 
4 158 164 (1460 688 40 ) (1460 688 12 ) (1648 688 12 ) (1648 688 40 ) 
4 158 162 (1812 688 12 ) (2004 688 12 ) (2004 688 40 ) (1812 688 40 ) 
3 158 161 (1460 696 12 ) (1460 944 12 ) (1712 944 12 ) 
4 158 160 (2048 688 12 ) (1460 688 12 ) (1712 936 12 ) (2048 936 12 ) 
4 158 159 (1460 944 12 ) (1460 1024 12 ) (2048 1024 12 ) (2048 944 12 ) 
4 159 165 (1460 1024 -8 ) (1460 944 -8 ) (1460 944 12 ) (1460 1024 12 ) 
4 159 161 (1712 944 12 ) (1460 944 12 ) (1460 944 -8 ) (1712 944 -8 ) 
4 160 164 (1460 688 12 ) (1460 688 -8 ) (1648 688 -8 ) (1648 688 12 ) 
4 160 162 (1812 688 -8 ) (2004 688 -8 ) (2004 688 12 ) (1812 688 12 ) 
4 161 165 (1460 944 -8 ) (1460 696 -8 ) (1460 696 12 ) (1460 944 12 ) 
4 162 163 (1812 680 -8 ) (2004 680 -8 ) (2004 680 40 ) (1812 680 40 ) 
4 164 711 (1648 0 40 ) (1460 0 40 ) (1460 0 -8 ) (1648 0 -8 ) 
4 164 166 (1460 216 12 ) (1460 216 40 ) (1460 688 40 ) (1460 688 12 ) 
4 164 167 (1460 216 -8 ) (1460 0 -8 ) (1460 0 40 ) (1460 216 40 ) 
4 165 170 (1452 1024 -8 ) (1452 696 -8 ) (1452 696 12 ) (1452 1024 12 ) 
4 165 169 (1452 696 12 ) (1452 696 40 ) (1452 1024 40 ) (1452 1024 12 ) 
4 165 166 (1452 696 40 ) (1452 696 12 ) (1460 696 12 ) (1460 696 40 ) 
4 166 169 (1452 688.007446 40 ) (1452 696 40 ) (1452 696 12 ) (1452 688.007507 12 ) 
4 166 168 (1452 216 12 ) (1452 216 40 ) (1452 688.007446 40 ) (1452 688.007507 12 ) 
4 166 167 (1452 216 40 ) (1452 216 12 ) (1460 216 12 ) (1460 216 40 ) 
4 167 711 (1460 0 40 ) (1452 0 40 ) (1452 0 -8 ) (1460 0 -8 ) 
4 167 168 (1452 216 -8 ) (1452 0 -8 ) (1452 0 40 ) (1452 216 40 ) 
4 168 721 (1164 0 40 ) (1072.682983 0 40 ) (1072.682983 0 -8 ) (1164 0 -8 ) 
4 168 716 (1424 0 40 ) (1164 0 40 ) (1164 0 -8 ) (1424 0 -8 ) 
4 168 711 (1452 0 40 ) (1424 0 40 ) (1424 0 -8 ) (1452 0 -8 ) 
4 168 202 (1024 55.444489 40 ) (1024 1012.971375 40 ) (1024 1012.971375 -8 ) (1024 55.444519 -8 ) 
4 168 169 (1452 688.005615 40 ) (1452 688.005615 12 ) (1024 1012.969543 12 ) (1024 1012.969604 40 ) 
4 169 203 (1024 1012.971375 40 ) (1024 1024 40 ) (1024 1024 12 ) (1024 1012.971375 12 ) 
4 169 170 (1024 1020.963013 12 ) (1024 1024 12 ) (1452 1024 12 ) (1452 696 12 ) 
4 170 204 (1024 1024 12 ) (1024 1024 -8 ) (1024 1020.962952 -8 ) (1024 1020.962952 12 ) 
4 171 203 (1024 1024 40 ) (1024 1024 88 ) (1020 1024 88 ) (1020 1024 40 ) 
4 171 200 (1024 1024 88 ) (1024 1024 1104 ) (1020 1024 1104 ) (1020 1024 88 ) 
4 171 175 (1020 1024 40 ) (1020 1024 88 ) (1020 1072 88 ) (1020 1072 40 ) 
4 171 174 (1020 1024 88 ) (1020 1024 1104 ) (1020 1072 1104 ) (1020 1072 88 ) 
4 172 175 (1020 2040 40 ) (1020 2040 88 ) (632 2040 88 ) (632 2040 40 ) 
4 172 174 (1020 2040 88 ) (1020 2040 1104 ) (632 2040 1104 ) (632 2040 88 ) 
4 172 173 (632 2048 1104 ) (632 2048 136 ) (632 2040 136 ) (632 2040 1104 ) 
4 173 181 (0 2048 1104 ) (0 2048 136 ) (0 2040 136 ) (0 2040 1104 ) 
4 173 174 (632 2040 136 ) (632 2040 1104 ) (0 2040 1104 ) (0 2040 136 ) 
4 174 200 (0 1024 1104 ) (0 1024 88 ) (1020 1024 88 ) (1020 1024 1104 ) 
4 174 188 (0 1238.383057 136 ) (0 1246.285767 136 ) (0 1246.285767 88 ) (0 1238.383057 88 ) 
4 174 187 (0 1246.285767 136 ) (0 1292 136 ) (0 1292 88 ) (0 1246.285767 88 ) 
4 174 186 (0 1024 88 ) (0 1024 136 ) (0 1238.383057 136 ) (0 1238.383057 88 ) 
4 174 182 (0 1292 136 ) (0 2040 136 ) (0 2040 88 ) (0 1292 88 ) 
4 174 181 (0 1024 136 ) (0 1024 1104 ) (0 2040 1104 ) (0 2040 136 ) 
4 174 180 (0 1024 88 ) (0 1238.383057 88 ) (132 1112 88 ) (132 1024 88 ) 
4 174 179 (0 1246.285767 88 ) (0 2040 88 ) (132 2040 88 ) (132 1119.673584 88 ) 
4 174 178 (140 1024 88 ) (132 1024 88 ) (132 1064 88 ) (140 1064 88 ) 
3 174 177 (873.334839 1024 88 ) (140 1024 88 ) (140 1064 88 ) 
3 174 176 (184.216553 1069.588257 88 ) (140 1072 88 ) (140 1112 88 ) 
5 174 175 (132 2040 88 ) (1020 2040 88 ) (1020 1024 88 ) (184.216553 1069.588257 88 ) (132 1119.673462 88 ) 
4 175 179 (132 1119.673462 88 ) (132 2040 88 ) (132 2040 40 ) (132 1119.673584 40 ) 
4 175 176 (140 1111.998657 40 ) (184.214844 1069.589844 40 ) (184.214844 1069.589844 88 ) (140 1111.998657 88 ) 
5 177 208 (192 1024 -8 ) (873.334839 1024 -8 ) (873.334839 1024 88 ) (140 1024 88 ) (140 1024 26.666672 ) 
4 177 178 (140 1064 26.666672 ) (140 1024 26.666672 ) (140 1024 88 ) (140 1064 88 ) 
4 178 209 (140 1024 26.666672 ) (140 1024 88 ) (132 1024 88 ) (132 1024 32 ) 
4 178 180 (132 1024 88 ) (132 1064 88 ) (132 1064 32 ) (132 1024 32 ) 
4 179 187 (0 1246.285767 40 ) (0 1246.285767 88 ) (0 1292 88 ) (0 1292 40 ) 
4 179 183 (0 1292 88 ) (0 2040 88 ) (0 2040 40 ) (0 1292 40 ) 
4 180 210 (0 1024 88 ) (0 1024 32 ) (132 1024 32 ) (132 1024 88 ) 
4 180 186 (0 1024 32 ) (0 1024 88 ) (0 1238.383057 88 ) (0 1238.383057 32 ) 
4 181 376 (-1024 1024 136 ) (-1024 1024 1104 ) (-1024 2048 1104 ) (-1024 2048 136 ) 
4 181 212 (0 1024 136 ) (0 1024 1104 ) (-1024 1024 1104 ) (-1024 1024 136 ) 
4 181 198 (-1024 1064 136 ) (-1024 1072 136 ) (-652 1072 136 ) (-652 1064 136 ) 
4 181 199 (-652 1024 136 ) (-1024 1024 136 ) (-1024 1064 136 ) (-652 1064 136 ) 
4 181 197 (-1024 1072 136 ) (-1024 2040 136 ) (-652 2040 136 ) (-652 1072 136 ) 
4 181 192 (-392 1024 136 ) (-652 1024 136 ) (-652 1300 136 ) (-392 1300 136 ) 
4 181 191 (-652 1300 136 ) (-652 2040 136 ) (-400 2040 136 ) (-400 1300 136 ) 
4 181 189 (-120 1024 136 ) (-392 1024 136 ) (-392 2048 136 ) (-120 2048 136 ) 
4 181 188 (-56 1292 136 ) (-47.659451 1292 136 ) (0 1246.285767 136 ) (0 1238.383057 136 ) 
3 181 187 (-47.659451 1292 136 ) (0 1292 136 ) (0 1246.285767 136 ) 
5 181 186 (0 1024 136 ) (-120 1024 136 ) (-120 1292 136 ) (-56 1292 136 ) (0 1238.383057 136 ) 
4 181 185 (-120 1292 136 ) (-120 1300 136 ) (-112 1300 136 ) (-112 1292 136 ) 
4 181 182 (-112 2040 136 ) (0 2040 136 ) (0 1292 136 ) (-112 1292 136 ) 
4 182 188 (-47.659466 1292 136 ) (-56 1292 136 ) (-56 1292 88 ) (-47.659462 1292 88 ) 
4 182 187 (0 1292 88 ) (0 1292 136 ) (-47.659466 1292 136 ) (-47.659462 1292 88 ) 
4 182 186 (-56 1292 136 ) (-112 1292 136 ) (-112 1292 88 ) (-56 1292 88 ) 
4 182 185 (-112 1300 88 ) (-112 1292 88 ) (-112 1292 136 ) (-112 1300 136 ) 
3 182 184 (-112 1300 88 ) (-112 1353.714355 88 ) (-56 1300 88 ) 
5 182 183 (0 1292 88 ) (-47.659466 1292 88 ) (-112 1353.714355 88 ) (-112 2040 88 ) (0 2040 88 ) 
4 183 187 (0 1292 40 ) (0 1292 88 ) (-47.659466 1292 88 ) (-47.659470 1292 40 ) 
4 183 184 (-55.996502 1300 88 ) (-112 1353.718750 88 ) (-112 1353.718750 40 ) (-55.996502 1300 40 ) 
4 185 189 (-120 1292 88 ) (-120 1292 136 ) (-120 1300 136 ) (-120 1300 88 ) 
4 185 186 (-120 1292 136 ) (-120 1292 88 ) (-112 1292 88 ) (-112 1292 136 ) 
4 186 224 (-66.117615 1024 56 ) (-120 1024 56 ) (-120 1024 32 ) (-66.117622 1024 32 ) 
4 186 217 (0 1024 32 ) (0 1024 56 ) (-66.117615 1024 56 ) (-66.117622 1024 32 ) 
4 186 213 (0 1024 56 ) (0 1024 88 ) (-120 1024 88 ) (-120 1024 56 ) 
4 186 212 (0 1024 88 ) (0 1024 136 ) (-120 1024 136 ) (-120 1024 88 ) 
4 186 189 (-120 1024 32 ) (-120 1024 136 ) (-120 1292 136 ) (-120 1292 32 ) 
4 186 188 (-56.001949 1292 88 ) (-56.001949 1292 136 ) (0 1238.381104 136 ) (0 1238.380981 88 ) 
4 187 188 (-47.656250 1292 136 ) (-47.656250 1292 88 ) (0 1246.289062 88 ) (0 1246.289062 136 ) 
4 189 224 (-258.117615 1024 32 ) (-120 1024 32 ) (-120 1024 56 ) (-258.117645 1024 56 ) 
4 189 223 (-392 1024 56 ) (-392 1024 32 ) (-258.117615 1024 32 ) (-258.117645 1024 56 ) 
4 189 213 (-392 1024 88 ) (-392 1024 56 ) (-120 1024 56 ) (-120 1024 88 ) 
4 189 212 (-120 1024 136 ) (-392 1024 136 ) (-392 1024 88 ) (-120 1024 88 ) 
4 189 194 (-392 1064 88 ) (-392 1292 88 ) (-392 1292 32 ) (-392 1064 32 ) 
4 189 195 (-392 1024 32 ) (-392 1024 88 ) (-392 1064 88 ) (-392 1064 32 ) 
4 189 192 (-392 1024 88 ) (-392 1024 136 ) (-392 1300 136 ) (-392 1300 88 ) 
4 189 190 (-392 1292 32 ) (-392 2048 32 ) (-120 2048 32 ) (-120 1292 32 ) 
4 191 197 (-652 1300 40 ) (-652 1300 136 ) (-652 2040 136 ) (-652 2040 40 ) 
4 191 193 (-652 1300 88 ) (-652 1300 40 ) (-456 1300 40 ) (-456 1300 88 ) 
4 191 192 (-652 1300 136 ) (-652 1300 88 ) (-400 1300 88 ) (-400 1300 136 ) 
4 192 212 (-392 1024 136 ) (-652 1024 136 ) (-652 1024 88 ) (-392 1024 88 ) 
4 192 198 (-652 1064 136 ) (-652 1072 136 ) (-652 1072 88 ) (-652 1064 88 ) 
4 192 199 (-652 1024 88 ) (-652 1024 136 ) (-652 1064 136 ) (-652 1064 88 ) 
4 192 197 (-652 1072 136 ) (-652 1300 136 ) (-652 1300 88 ) (-652 1072 88 ) 
5 192 194 (-456 1292 88 ) (-392 1292 88 ) (-392 1064 88 ) (-644 1064 88 ) (-644 1111.997681 88 ) 
4 192 195 (-652 1024 88 ) (-652 1064 88 ) (-392 1064 88 ) (-392 1024 88 ) 
3 192 193 (-652 1112 88 ) (-652 1300 88 ) (-456 1300 88 ) 
4 193 197 (-652 1112 40 ) (-652 1112 88 ) (-652 1300 88 ) (-652 1300 40 ) 
4 194 195 (-644 1064 32 ) (-392 1064 32 ) (-392 1064 88 ) (-644 1064 88 ) 
4 195 223 (-652 1024 56 ) (-652 1024 32 ) (-392 1024 32 ) (-392 1024 56 ) 
4 195 214 (-652 1024 88 ) (-652 1024 56 ) (-644 1024 56 ) (-644 1024 88 ) 
4 195 213 (-644 1024 56 ) (-392 1024 56 ) (-392 1024 88 ) (-644 1024 88 ) 
4 195 199 (-652 1024 32 ) (-652 1024 88 ) (-652 1064 88 ) (-652 1064 32 ) 
4 195 196 (-652 1024 32 ) (-652 1064 32 ) (-644 1064 32 ) (-644 1024 32 ) 
4 196 244 (-652 1024 32 ) (-652 1024 -8 ) (-644 1024 -8 ) (-644 1024 32 ) 
4 196 199 (-652 1064 -8 ) (-652 1024 -8 ) (-652 1024 32 ) (-652 1064 32 ) 
4 197 385 (-1024 1184 88 ) (-1024 1184 40 ) (-1024 1072 40 ) (-1024 1072 88 ) 
4 197 384 (-1024 1072 136 ) (-1024 1184 136 ) (-1024 1184 88 ) (-1024 1072 88 ) 
4 197 383 (-1024 1184 136 ) (-1024 1664 136 ) (-1024 1664 40 ) (-1024 1184 40 ) 
4 197 378 (-1024 1664 136 ) (-1024 2040 136 ) (-1024 2040 40 ) (-1024 1664 40 ) 
4 197 198 (-652 1072 88 ) (-652 1072 136 ) (-1024 1072 136 ) (-1024 1072 88 ) 
4 198 384 (-1024 1064 136 ) (-1024 1072 136 ) (-1024 1072 88 ) (-1024 1064 88 ) 
4 198 199 (-652 1064 88 ) (-652 1064 136 ) (-1024 1064 136 ) (-1024 1064 88 ) 
4 199 387 (-1024 1024 -8 ) (-1024 1024 40 ) (-1024 1064 40 ) (-1024 1064 -8 ) 
4 199 386 (-1024 1024 40 ) (-1024 1024 88 ) (-1024 1064 88 ) (-1024 1064 40 ) 
4 199 384 (-1024 1024 88 ) (-1024 1024 136 ) (-1024 1064 136 ) (-1024 1064 88 ) 
4 199 244 (-1024 1024 32 ) (-1024 1024 -8 ) (-652 1024 -8 ) (-652 1024 32 ) 
4 199 223 (-1024 1024 56 ) (-1024 1024 32 ) (-652 1024 32 ) (-652 1024 56 ) 
4 199 215 (-1024 1024 88 ) (-1024 1024 56 ) (-652 1024 56 ) (-652 1024 88 ) 
4 199 212 (-652 1024 136 ) (-1024 1024 136 ) (-1024 1024 88 ) (-652 1024 88 ) 
4 200 742 (1024 0 88 ) (1024 0 1104 ) (0 0 1104 ) (0 0 88 ) 
4 200 212 (0 1024 1104 ) (0 1024 88 ) (0 0 88 ) (0 0 1104 ) 
4 200 210 (132 0 88 ) (0 0 88 ) (0 1024 88 ) (132 1024 88 ) 
4 200 209 (132 736 88 ) (132 1024 88 ) (140 1024 88 ) (140 736 88 ) 
5 200 208 (140 736 88 ) (140 1024 88 ) (873.334106 1024 88 ) (1012 1016.436401 88 ) (1012 544 88 ) 
4 200 207 (1020 1016 88 ) (1020 544 88 ) (1012 544 88 ) (1012 1016.436401 88 ) 
4 200 205 (1020 0 88 ) (1012 0 88 ) (1012 60 88 ) (1020 50.888870 88 ) 
4 200 206 (1012 0 88 ) (140 0 88 ) (140 728 88 ) (1012 536 88 ) 
4 200 203 (1020 1016.008545 88 ) (1020 1024 88 ) (1024 1024 88 ) (1024 1012.971375 88 ) 
4 200 202 (1020 60 88 ) (1020 1016.008545 88 ) (1024 1012.971375 88 ) (1024 55.444519 88 ) 
4 200 201 (1024 0 88 ) (1020 0 88 ) (1020 50.888878 88 ) (1024 46.333374 88 ) 
4 201 743 (1024 0 40 ) (1024 0 88 ) (1020 0 88 ) (1020 0 40 ) 
4 201 205 (1020 0 40 ) (1020 0 88 ) (1020 50.888878 88 ) (1020 50.888866 40 ) 
4 202 207 (1020 1016.008545 -8 ) (1020 544 -8 ) (1020 544 88 ) (1020 1016.008545 88 ) 
4 202 203 (1020 1016.006042 12 ) (1020 1016.006042 88 ) (1024 1012.968994 88 ) (1024 1012.968811 12 ) 
3 203 204 (1020 1024 12 ) (1024 1024 12 ) (1024 1020.962952 12 ) 
4 205 743 (1020 0 88 ) (1012 0 88 ) (1012 0 40 ) (1020 0 40 ) 
4 205 206 (1012 60 40 ) (1012 0 40 ) (1012 0 88 ) (1012 60 88 ) 
4 206 744 (476.495605 0 88 ) (140 0 88 ) (140 0 40 ) (476.495605 0 40 ) 
4 206 743 (1012 0 88 ) (476.495605 0 88 ) (476.495605 0 40 ) (1012 0 40 ) 
4 207 208 (1012 1016.436401 -8 ) (1012 544 -8 ) (1012 544 88 ) (1012 1016.436401 88 ) 
4 208 209 (140 736 88 ) (140 1024 88 ) (140 1024 26.666672 ) (140 736 26.666672 ) 
4 209 210 (132 736 32 ) (132 736 88 ) (132 1024 88 ) (132 1024 32 ) 
4 210 745 (132 0 88 ) (48 0 88 ) (48 0 32 ) (132 0 32 ) 
4 210 747 (48 0 88 ) (0 0 88 ) (0 0 32 ) (48 0 32 ) 
4 210 220 (0 728 32 ) (0 0 32 ) (0 0 56 ) (0 728 56 ) 
4 210 217 (0 1024 56 ) (0 1024 32 ) (0 796 32 ) (0 796 56 ) 
4 210 219 (0 796 32 ) (0 728 32 ) (0 728 56 ) (0 796 56 ) 
4 210 213 (0 1024 88 ) (0 1024 56 ) (0 0 56 ) (0 0 88 ) 
4 210 211 (132 476 32 ) (132 0 32 ) (0 0 32 ) (0 476 32 ) 
4 211 745 (48 0 -8 ) (132 0 -8 ) (132 0 32 ) (48 0 32 ) 
4 211 747 (0 0 32 ) (0 0 -8 ) (48 0 -8 ) (48 0 32 ) 
4 211 222 (0 416 -8 ) (0 0 -8 ) (0 0 32 ) (0 476 32 ) 
4 212 753 (-652 0 1104 ) (-1024 0 1104 ) (-1024 0 88 ) (-652 0 88 ) 
4 212 751 (0 0 88 ) (0 0 1104 ) (-652 0 1104 ) (-652 0 88 ) 
4 212 395 (-1024 0 88 ) (-1024 0 136 ) (-1024 776 136 ) (-1024 776 88 ) 
4 212 394 (-1024 776 136 ) (-1024 784 136 ) (-1024 784 88 ) (-1024 776 88 ) 
4 212 390 (-1024 1016 136 ) (-1024 1024 136 ) (-1024 1024 88 ) (-1024 1016 88 ) 
4 212 392 (-1024 784 136 ) (-1024 1016 136 ) (-1024 1016 88 ) (-1024 784 88 ) 
4 212 388 (-1024 0 136 ) (-1024 0 1104 ) (-1024 1024 1104 ) (-1024 1024 136 ) 
4 212 215 (-1024 736 88 ) (-1024 1024 88 ) (-652 1024 88 ) (-652 736 88 ) 
4 212 216 (-652 0 88 ) (-1024 0 88 ) (-1024 728 88 ) (-652 728 88 ) 
4 212 214 (-652 736 88 ) (-652 1024 88 ) (-644 1024 88 ) (-644 736 88 ) 
4 212 213 (0 0 88 ) (-644 0 88 ) (-644 1024 88 ) (0 1024 88 ) 
4 213 752 (0 0 56 ) (0 0 88 ) (-644 0 88 ) (-644 0 56 ) 
3 213 241 (-324 728 56 ) (-256 728 56 ) (-256 700 56 ) 
6 213 240 (-487.764709 0 56 ) (-644 0 56 ) (-644 728 56 ) (-324 728 56 ) (-256 700 56 ) (-256 562.857056 56 ) 
4 213 239 (-256 728 56 ) (-188 728 56 ) (-188.428543 726.959167 56 ) (-256 698 56 ) 
3 213 238 (-188.428543 726.959167 56 ) (-256 562.857056 56 ) (-256 698 56 ) 
4 213 234 (-324 796 56 ) (-188 796 56 ) (-188 728 56 ) (-324 728 56 ) 
3 213 233 (-188 796 56 ) (-160 796 56 ) (-188 728 56 ) 
3 213 235 (-352 796 56 ) (-324 796 56 ) (-324 728 56 ) 
4 213 232 (-644 728 56 ) (-644 796 56 ) (-352 796 56 ) (-324 728 56 ) 
5 213 230 (-188 796 56 ) (-324 796 56 ) (-324 864 56 ) (-188.009720 864 56 ) (-188 863.977234 56 ) 
4 213 229 (-159.513535 797.181335 56 ) (-160 796 56 ) (-188 796 56 ) (-188 863.977234 56 ) 
3 213 231 (-324 796 56 ) (-352 796 56 ) (-324 864 56 ) 
3 213 228 (-324 864 56 ) (-256 892 56 ) (-256 864 56 ) 
4 213 227 (-256 892 56 ) (-188.011826 864.004944 56 ) (-188.009720 864 56 ) (-256 864 56 ) 
3 213 226 (-324 864 56 ) (-304.283997 911.881714 56 ) (-256 892 56 ) 
3 213 225 (-140.118286 844.284058 56 ) (-159.513535 797.181335 56 ) (-188.011826 864.004944 56 ) 
4 213 224 (-258.117615 1024 56 ) (-66.117615 1024 56 ) (-140.118286 844.284058 56 ) (-304.283997 911.881714 56 ) 
4 213 223 (-644 796 56 ) (-644 1024 56 ) (-258.117615 1024 56 ) (-352 796 56 ) 
3 213 221 (-188.428528 726.959167 56 ) (-188 728 56 ) (-186 728 56 ) 
5 213 220 (0 728 56 ) (0 0 56 ) (-487.764709 0 56 ) (-188.428528 726.959167 56 ) (-186 728 56 ) 
3 213 218 (-159.009720 796 56 ) (-160 796 56 ) (-159.513535 797.181335 56 ) 
5 213 217 (0 1024 56 ) (0 796 56 ) (-159.009720 796 56 ) (-159.513535 797.181335 56 ) (-66.117615 1024 56 ) 
4 213 219 (0 796 56 ) (0 728 56 ) (-188 728 56 ) (-160 796 56 ) 
4 213 214 (-644 1024 56 ) (-644 736 56 ) (-644 736 88 ) (-644 1024 88 ) 
4 214 236 (-652 736 56 ) (-652 796 56 ) (-644 796 56 ) (-644 736 56 ) 
4 214 223 (-652 796 56 ) (-652 1024 56 ) (-644 1024 56 ) (-644 796 56 ) 
4 214 215 (-652 1024 56 ) (-652 736 56 ) (-652 736 88 ) (-652 1024 88 ) 
4 215 398 (-1024 736 88 ) (-1024 776 88 ) (-1024 776 56 ) (-1024 736 56 ) 
4 215 396 (-1024 776 88 ) (-1024 784 88 ) (-1024 784 56 ) (-1024 776 56 ) 
4 215 391 (-1024 1016 88 ) (-1024 1024 88 ) (-1024 1024 56 ) (-1024 1016 56 ) 
4 215 392 (-1024 784 88 ) (-1024 1016 88 ) (-1024 1016 56 ) (-1024 784 56 ) 
4 215 237 (-1024 736 56 ) (-1024 796 56 ) (-652 796 56 ) (-652 736 56 ) 
4 215 223 (-1024 796 56 ) (-1024 1024 56 ) (-652 1024 56 ) (-652 796 56 ) 
4 216 753 (-652 0 88 ) (-1024 0 88 ) (-1024 0 56 ) (-652 0 56 ) 
4 216 399 (-1024 616 88 ) (-1024 728 88 ) (-1024 728 56 ) (-1024 616 56 ) 
4 216 397 (-1024 0 56 ) (-1024 0 88 ) (-1024 616 88 ) (-1024 616 56 ) 
4 216 242 (-652 0 56 ) (-1024 0 56 ) (-1024 728 56 ) (-652 728 56 ) 
4 217 225 (-159.513260 797.180725 56 ) (-140.117874 844.283875 56 ) (-140.117889 844.283875 32 ) (-159.512299 797.183105 32 ) 
4 217 224 (-140.117874 844.283875 56 ) (-66.117188 1024 56 ) (-66.117188 1024 32 ) (-140.117889 844.283875 32 ) 
4 217 219 (-159.007736 796 32 ) (0 796 32 ) (0 796 56 ) (-159.009720 796 56 ) 
4 217 218 (-159.513672 797.187500 32 ) (-159.008530 796 32 ) (-159.010529 796 56 ) (-159.514648 797.185120 56 ) 
4 218 229 (-160 796 56 ) (-159.513260 797.180725 56 ) (-159.512299 797.183105 32 ) (-160 796 32 ) 
4 218 219 (-159.996094 796 56 ) (-159.996094 796 32 ) (-159.007736 796 32 ) (-159.009720 796 56 ) 
4 219 233 (-188 728 56 ) (-160 796 56 ) (-160 796 32 ) (-188 728 32 ) 
4 219 221 (-187.996094 728 56 ) (-187.996094 728 32 ) (-186 728 32 ) (-186 728 56 ) 
4 219 220 (-186 728 32 ) (0 728 32 ) (0 728 56 ) (-186 728 56 ) 
4 220 752 (0 0 32 ) (0 0 56 ) (-487.764709 0 56 ) (-487.764709 0 32 ) 
4 220 240 (-487.763794 0 56 ) (-256 562.855530 56 ) (-256 562.855530 32 ) (-487.763794 0 32 ) 
4 220 238 (-256 562.855530 56 ) (-188.427856 726.959473 56 ) (-188.427856 726.959473 32 ) (-256 562.855530 32 ) 
4 220 222 (-487.763672 0 32 ) (-291.763977 476 32 ) (0 476 32 ) (0 0 32 ) 
4 220 221 (-186 728 56 ) (-186 728 32 ) (-188.428497 726.959229 32 ) (-188.428497 726.959229 56 ) 
4 221 239 (-188.427856 726.959473 56 ) (-188 728 56 ) (-188 728 32 ) (-188.427856 726.959473 32 ) 
4 222 752 (0 0 -8 ) (0 0 32 ) (-487.764709 0 32 ) (-487.764709 0 -8 ) 
4 222 243 (-316.469849 416 -8 ) (-487.763794 0 -8 ) (-487.763794 0 32 ) (-291.764038 476 32 ) 
4 223 404 (-1024 1016 32 ) (-1024 796 32 ) (-1024 796 40 ) (-1024 1016 40 ) 
4 223 403 (-1024 1024 40 ) (-1024 1024 32 ) (-1024 1016 32 ) (-1024 1016 40 ) 
4 223 391 (-1024 1016 56 ) (-1024 1024 56 ) (-1024 1024 40 ) (-1024 1016 40 ) 
4 223 392 (-1024 796 56 ) (-1024 1016 56 ) (-1024 1016 40 ) (-1024 796 40 ) 
4 223 245 (-644 1004 32 ) (-644 796 32 ) (-1024 796 32 ) (-1024 1004 32 ) 
4 223 244 (-1024 1024 32 ) (-644 1024 32 ) (-644 1004 32 ) (-1024 1004 32 ) 
4 223 237 (-1024 796 32 ) (-652 796 32 ) (-652 796 56 ) (-1024 796 56 ) 
4 223 236 (-652 796 32 ) (-644 796 32 ) (-644 796 56 ) (-652 796 56 ) 
4 223 232 (-644 796 32 ) (-352 796 32 ) (-352 796 56 ) (-644 796 56 ) 
4 223 231 (-352 796 56 ) (-352 796 32 ) (-323.998840 864 32 ) (-324 864 56 ) 
4 223 226 (-323.998840 864 32 ) (-304.283173 911.881348 32 ) (-304.283386 911.881470 56 ) (-324 864 56 ) 
4 223 224 (-304.283173 911.881348 32 ) (-258.116669 1024 32 ) (-258.117188 1024 56 ) (-304.283386 911.881470 56 ) 
4 224 227 (-256.001495 892 32 ) (-188.008759 864.002441 32 ) (-188.011185 864.003418 56 ) (-256.001495 892 56 ) 
4 224 226 (-304.285156 911.880859 56 ) (-304.285156 911.880859 32 ) (-256.001495 892 32 ) (-256.001495 892 56 ) 
4 224 225 (-188.008759 864.002441 32 ) (-140.118729 844.283020 32 ) (-140.118729 844.283020 56 ) (-188.011185 864.003418 56 ) 
4 225 229 (-188.009567 864 56 ) (-188.007141 864 32 ) (-159.512161 797.184692 32 ) (-159.513138 797.182312 56 ) 
4 226 228 (-324.001770 864 56 ) (-324.001770 864 32 ) (-256.002350 892 32 ) (-256.002350 892 56 ) 
4 227 230 (-256 864 32 ) (-188.006500 864 32 ) (-188.008499 864 56 ) (-256 864 56 ) 
4 227 228 (-256 892 56 ) (-256 892 32 ) (-256 864 32 ) (-256 864 56 ) 
4 228 230 (-324 864 56 ) (-324 864 32 ) (-256 864 32 ) (-256 864 56 ) 
4 229 233 (-188 796 32 ) (-159.996094 796 32 ) (-159.996094 796 56 ) (-188 796 56 ) 
4 229 230 (-188 863.977173 56 ) (-188 863.981873 32 ) (-188 796 32 ) (-188 796 56 ) 
4 230 234 (-324 796 32 ) (-188 796 32 ) (-188 796 56 ) (-324 796 56 ) 
4 230 231 (-324 864 56 ) (-324 864 32 ) (-324 796 32 ) (-324 796 56 ) 
4 231 235 (-352 796 32 ) (-324 796 32 ) (-324 796 56 ) (-352 796 56 ) 
4 232 240 (-644 728 32 ) (-324 728 32 ) (-324 728 56 ) (-644 728 56 ) 
4 232 236 (-644 796 56 ) (-644 796 32 ) (-644 736 32 ) (-644 736 56 ) 
4 232 235 (-324 728 56 ) (-324 728 32 ) (-352 796 32 ) (-352 796 56 ) 
4 233 234 (-188 796 56 ) (-188 796 32 ) (-188 728 32 ) (-188 728 56 ) 
4 234 241 (-324 728 32 ) (-256 728 32 ) (-256 728 56 ) (-324 728 56 ) 
4 234 239 (-256 728 32 ) (-187.996094 728 32 ) (-187.996094 728 56 ) (-256 728 56 ) 
4 234 235 (-324 796 56 ) (-324 796 32 ) (-324 728 32 ) (-324 728 56 ) 
4 236 246 (-652 736 32 ) (-652 796 32 ) (-644 796 32 ) (-644 736 32 ) 
4 236 237 (-652 796 56 ) (-652 796 32 ) (-652 736 32 ) (-652 736 56 ) 
4 237 406 (-1024 776 32 ) (-1024 736 32 ) (-1024 736 40 ) (-1024 776 40 ) 
4 237 405 (-1024 784 32 ) (-1024 776 32 ) (-1024 776 40 ) (-1024 784 40 ) 
4 237 404 (-1024 796 40 ) (-1024 796 32 ) (-1024 784 32 ) (-1024 784 40 ) 
4 237 398 (-1024 736 56 ) (-1024 776 56 ) (-1024 776 40 ) (-1024 736 40 ) 
4 237 396 (-1024 776 56 ) (-1024 784 56 ) (-1024 784 40 ) (-1024 776 40 ) 
4 237 392 (-1024 784 56 ) (-1024 796 56 ) (-1024 796 40 ) (-1024 784 40 ) 
4 237 246 (-1024 736 32 ) (-1024 796 32 ) (-652 796 32 ) (-652 736 32 ) 
4 238 240 (-256 698 32 ) (-256 562.857178 32 ) (-256 562.857178 56 ) (-256 698 56 ) 
4 238 239 (-188.428497 726.959229 56 ) (-188.428497 726.959229 32 ) (-256 698 32 ) (-256 698 56 ) 
4 239 241 (-256 728 56 ) (-256 728 32 ) (-256 700 32 ) (-256 700 56 ) 
4 239 240 (-256 700 32 ) (-256 698 32 ) (-256 698 56 ) (-256 700 56 ) 
4 240 752 (-487.764709 0 32 ) (-487.764709 0 56 ) (-644 0 56 ) (-644 0 32 ) 
4 240 243 (-291.766266 476 32 ) (-487.766235 0 32 ) (-644 0 32 ) (-644 476 32 ) 
4 240 241 (-256 700 56 ) (-256 700 32 ) (-324 728 32 ) (-324 728 56 ) 
4 242 753 (-652 0 56 ) (-1024 0 56 ) (-1024 0 40 ) (-652 0 40 ) 
4 242 399 (-1024 616 56 ) (-1024 728 56 ) (-1024 728 40 ) (-1024 616 40 ) 
4 242 397 (-1024 0 40 ) (-1024 0 56 ) (-1024 616 56 ) (-1024 616 40 ) 
4 243 752 (-487.764709 0 -8 ) (-487.764709 0 32 ) (-644 0 32 ) (-644 0 -8 ) 
4 244 404 (-1024 1004 32 ) (-1024 1016 32 ) (-1024 1016 -8 ) (-1024 1004 -8 ) 
4 244 403 (-1024 1016 32 ) (-1024 1024 32 ) (-1024 1024 -8 ) (-1024 1016 -8 ) 
4 244 245 (-1024 1004 -8 ) (-704 1004 -8 ) (-644 1004 32 ) (-1024 1004 32 ) 
4 245 404 (-1024 796 32 ) (-1024 1004 32 ) (-1024 1004 -8 ) (-1024 796 -8 ) 
4 245 246 (-1024 796 -8 ) (-704 796 -8 ) (-644 796 32 ) (-1024 796 32 ) 
4 246 406 (-1024 736 32 ) (-1024 776 32 ) (-1024 776 -8 ) (-1024 736 -8 ) 
4 246 405 (-1024 776 32 ) (-1024 784 32 ) (-1024 784 -8 ) (-1024 776 -8 ) 
4 246 404 (-1024 784 32 ) (-1024 796 32 ) (-1024 796 -8 ) (-1024 784 -8 ) 
4 247 254 (-1024 6144 0 ) (-1024 6144 1104 ) (-2048 6144 1104 ) (-2048 6144 0 ) 
4 247 252 (-2048 6144 0 ) (-2048 6144 1104 ) (-2048 6336 1104 ) (-2048 6336 0 ) 
4 247 251 (-2048 6144 0 ) (-2048 6336 0 ) (-1728 6336 0 ) (-1728 6144 0 ) 
4 247 250 (-1728 6336 0 ) (-1720 6336 0 ) (-1720 6144 0 ) (-1728 6144 0 ) 
4 247 249 (-1024 6328 0 ) (-1024 6144 0 ) (-1720 6144 0 ) (-1720 6328 0 ) 
4 247 248 (-1720 6336 0 ) (-1024 6336 0 ) (-1024 6328 0 ) (-1720 6328 0 ) 
4 248 250 (-1720 6328 0 ) (-1720 6336 0 ) (-1720 6336 -96 ) (-1720 6328 -96 ) 
4 248 249 (-1720 6328 0 ) (-1720 6328 -96 ) (-1024 6328 -96 ) (-1024 6328 0 ) 
4 249 255 (-1024 6144 -96 ) (-1024 6144 0 ) (-1720 6144 0 ) (-1720 6144 -96 ) 
4 249 250 (-1720 6144 0 ) (-1720 6328 0 ) (-1720 6328 -96 ) (-1720 6144 -96 ) 
4 250 256 (-1720 6144 0 ) (-1728 6144 0 ) (-1728 6144 -96 ) (-1720 6144 -96 ) 
4 250 251 (-1728 6144 0 ) (-1728 6336 0 ) (-1728 6336 -96 ) (-1728 6144 -96 ) 
4 251 257 (-1728 6144 0 ) (-2048 6144 0 ) (-2048 6144 -96 ) (-1728 6144 -96 ) 
4 251 252 (-2048 6144 -96 ) (-2048 6144 0 ) (-2048 6336 0 ) (-2048 6336 -96 ) 
4 252 272 (-2048 6144 -96 ) (-2048 6144 1104 ) (-3072 6144 1104 ) (-3072 6144 -96 ) 
4 252 253 (-3072 6144 -96 ) (-3072 6144 1104 ) (-3072 6336 1104 ) (-3072 6336 -96 ) 
4 253 280 (-4096 6144 -96 ) (-4096 6144 1104 ) (-4096 6336 1104 ) (-4096 6336 -96 ) 
4 253 273 (-3072 6144 -96 ) (-3072 6144 1104 ) (-4096 6144 1104 ) (-4096 6144 -96 ) 
4 254 272 (-2048 6144 1104 ) (-2048 6144 0 ) (-2048 5120 0 ) (-2048 5120 1104 ) 
4 254 260 (-1512 5120 48 ) (-2048 5120 48 ) (-2048 5120 0 ) (-1512 5120 0 ) 
4 254 259 (-1024 5120 0 ) (-1024 5120 48 ) (-1512 5120 48 ) (-1512 5120 0 ) 
4 254 258 (-1024 5120 48 ) (-1024 5120 1104 ) (-2048 5120 1104 ) (-2048 5120 48 ) 
4 254 256 (-1728 6144 0 ) (-1720 6144 0 ) (-1720 5120 0 ) (-1728 5120 0 ) 
4 254 255 (-1720 6144 0 ) (-1024 6144 0 ) (-1024 5120 0 ) (-1720 5120 0 ) 
4 254 257 (-2048 5120 0 ) (-2048 6144 0 ) (-1728 6144 0 ) (-1728 5120 0 ) 
4 255 261 (-1512 5120 0 ) (-1720 5120 0 ) (-1720 5120 -96 ) (-1512 5120 -96 ) 
4 255 259 (-1024 5120 -96 ) (-1024 5120 0 ) (-1512 5120 0 ) (-1512 5120 -96 ) 
4 255 256 (-1720 6144 -96 ) (-1720 5120 -96 ) (-1720 5120 0 ) (-1720 6144 0 ) 
4 256 262 (-1720 5120 0 ) (-1728 5120 0 ) (-1728 5120 -96 ) (-1720 5120 -96 ) 
4 256 257 (-1728 6144 -96 ) (-1728 5120 -96 ) (-1728 5120 0 ) (-1728 6144 0 ) 
4 257 272 (-2048 6144 0 ) (-2048 6144 -96 ) (-2048 5120 -96 ) (-2048 5120 0 ) 
4 257 263 (-1728 5120 0 ) (-2048 5120 0 ) (-2048 5120 -96 ) (-1728 5120 -96 ) 
4 258 274 (-2048 5120 1104 ) (-2048 5120 48 ) (-2048 4176 48 ) (-2048 4176 1104 ) 
4 258 270 (-1520 4176 1104 ) (-2048 4176 1104 ) (-2048 4176 48 ) (-1520 4176 48 ) 
4 258 269 (-1512 4176 1104 ) (-1520 4176 1104 ) (-1520 4176 48 ) (-1512 4176 48 ) 
4 258 267 (-1328 4176 1104 ) (-1512 4176 1104 ) (-1512 4176 48 ) (-1328 4176 48 ) 
4 258 265 (-1024 4176 256 ) (-1024 4176 1104 ) (-1328 4176 1104 ) (-1328 4176 256 ) 
4 258 264 (-1520 4176 48 ) (-2048 4176 48 ) (-2048 4392 48 ) (-1520 4392 48 ) 
4 258 260 (-2048 4392 48 ) (-2048 5120 48 ) (-1512 5120 48 ) (-1512 4392 48 ) 
4 258 259 (-1512 4184 48 ) (-1512 5120 48 ) (-1024 5120 48 ) (-1024 4184 48 ) 
4 259 261 (-1512 5120 -96 ) (-1512 4392 -96 ) (-1512 4392 0 ) (-1512 5120 0 ) 
4 259 260 (-1512 4392 0 ) (-1512 4392 48 ) (-1512 5120 48 ) (-1512 5120 0 ) 
4 260 274 (-2048 5120 48 ) (-2048 5120 0 ) (-2048 4392 0 ) (-2048 4392 48 ) 
4 260 264 (-1520 4392 48 ) (-2048 4392 48 ) (-2048 4392 0 ) (-1520 4392 0 ) 
4 260 262 (-1720 4392 0 ) (-1728 4392 0 ) (-1728 5120 0 ) (-1720 5120 0 ) 
4 260 261 (-1512 4392 0 ) (-1720 4392 0 ) (-1720 5120 0 ) (-1512 5120 0 ) 
4 260 263 (-1728 4392 0 ) (-2048 4392 0 ) (-2048 5120 0 ) (-1728 5120 0 ) 
4 261 264 (-1720 4392 -96 ) (-1520 4392 -96 ) (-1520 4392 0 ) (-1720 4392 0 ) 
4 261 262 (-1720 5120 -96 ) (-1720 4392 -96 ) (-1720 4392 0 ) (-1720 5120 0 ) 
4 262 264 (-1728 4392 -96 ) (-1720 4392 -96 ) (-1720 4392 0 ) (-1728 4392 0 ) 
4 262 263 (-1728 5120 -96 ) (-1728 4392 -96 ) (-1728 4392 0 ) (-1728 5120 0 ) 
4 263 274 (-2048 5120 0 ) (-2048 5120 -96 ) (-2048 4392 -96 ) (-2048 4392 0 ) 
4 263 264 (-2048 4392 -96 ) (-1728 4392 -96 ) (-1728 4392 0 ) (-2048 4392 0 ) 
4 264 274 (-2048 4392 -96 ) (-2048 4176 -96 ) (-2048 4176 48 ) (-2048 4392 48 ) 
4 264 271 (-2048 4176 -96 ) (-1520 4176 -96 ) (-1520 4176 25.499863 ) (-2048 4176 25.499861 ) 
4 264 270 (-1520 4176 25.499863 ) (-1520 4176 48 ) (-2048 4176 48 ) (-2048 4176 25.499861 ) 
4 265 289 (-1024 4096 256 ) (-1024 4096 1104 ) (-1328 4096 1104 ) (-1328 4096 256 ) 
4 265 267 (-1328 4176 1104 ) (-1328 4176 256 ) (-1328 4096 256 ) (-1328 4096 1104 ) 
4 266 290 (-1024 4096 -8 ) (-1024 4096 248 ) (-1320 4096 248 ) (-1320 4096 -8 ) 
4 267 293 (-1512 4096 138 ) (-1512 4096 40 ) (-1328 4096 40 ) (-1328 4096 138 ) 
4 267 292 (-1512 4096 1104 ) (-1512 4096 138 ) (-1328 4096 138 ) (-1328 4096 1104 ) 
4 267 269 (-1512 4176 1104 ) (-1512 4176 48 ) (-1512 4144 48 ) (-1512 4144 1104 ) 
4 267 268 (-1512 4144 40 ) (-1512 4096 40 ) (-1512 4096 1104 ) (-1512 4144 1104 ) 
4 268 293 (-1512 4096 40 ) (-1512 4096 138 ) (-1542 4096 138 ) (-1542 4096 40 ) 
4 268 292 (-1512 4096 138 ) (-1512 4096 1104 ) (-1542 4096 1104 ) (-1542 4096 138 ) 
4 268 270 (-1542.003906 4096 1104 ) (-1520 4131.204590 1104 ) (-1520 4131.204102 56.997070 ) (-1542.002563 4096 81.749840 ) 
5 268 269 (-1520 4131.204590 1104 ) (-1512 4144.003906 1104 ) (-1512 4144.003906 48 ) (-1512.002686 4144 48 ) (-1520 4131.204102 56.997063 ) 
5 269 270 (-1520 4131.197266 57.001842 ) (-1520 4131.197266 1104 ) (-1520 4176 1104 ) (-1520 4176 48 ) (-1520 4144 48 ) 
4 270 294 (-1600 4096 81.749840 ) (-1542 4096 81.749832 ) (-1542 4096 138 ) (-1600 4096 138 ) 
4 270 296 (-2048 4096 138 ) (-2048 4096 81.749878 ) (-1600 4096 81.749840 ) (-1600 4096 138 ) 
4 270 292 (-2048 4096 1104 ) (-2048 4096 138 ) (-1542 4096 138 ) (-1542 4096 1104 ) 
4 270 274 (-2048 4096 81.749832 ) (-2048 4096 1104 ) (-2048 4176 1104 ) (-2048 4176 25.499756 ) 
5 270 271 (-2048 4176 25.503872 ) (-1520 4176 25.503906 ) (-1520 4144 48.002457 ) (-1550 4096 81.752197 ) (-2048 4096 81.752174 ) 
4 271 300 (-2048 4096 -16 ) (-2048 4096 -96 ) (-1550 4096 -96 ) (-1550 4096 -16 ) 
4 271 299 (-2048 4096 40 ) (-2048 4096 -16 ) (-1550 4096 -16 ) (-1550 4096 40 ) 
4 271 295 (-1600 4096 40 ) (-1550 4096 40 ) (-1550 4096 81.749832 ) (-1600 4096 81.749840 ) 
4 271 296 (-2048 4096 81.749878 ) (-2048 4096 40 ) (-1600 4096 40 ) (-1600 4096 81.749840 ) 
4 271 274 (-2048 4096 -96 ) (-2048 4096 81.749832 ) (-2048 4176 25.499756 ) (-2048 4176 -96 ) 
4 272 275 (-2352 5120 1104 ) (-3072 5120 1104 ) (-3072 5120 -96 ) (-2352 5120 -96 ) 
4 272 274 (-2048 5120 -96 ) (-2048 5120 1104 ) (-2352 5120 1104 ) (-2352 5120 -96 ) 
4 272 273 (-3072 6144 1104 ) (-3072 6144 -96 ) (-3072 5120 -96 ) (-3072 5120 1104 ) 
4 273 283 (-4096 5120 -96 ) (-4096 5120 1104 ) (-4096 6144 1104 ) (-4096 6144 -96 ) 
4 273 277 (-3072 5120 -96 ) (-3072 5120 1104 ) (-3112 5120 1104 ) (-3112 5120 -96 ) 
4 273 279 (-3112 5120 1104 ) (-4096 5120 1104 ) (-4096 5120 -96 ) (-3112 5120 -96 ) 
4 274 322 (-2048 4096 -96 ) (-2048 4096 40 ) (-2352 4096 40 ) (-2352 4096 -96 ) 
4 274 319 (-2048 4096 40 ) (-2048 4096 138 ) (-2352 4096 138 ) (-2352 4096 40 ) 
4 274 318 (-2048 4096 138 ) (-2048 4096 1104 ) (-2352 4096 1104 ) (-2352 4096 138 ) 
4 274 276 (-2352 4096 40 ) (-2352 4096 1104 ) (-2352 4392 1104 ) (-2352 4392 40 ) 
4 274 275 (-2352 5120 -96 ) (-2352 4392 -96 ) (-2352 4392 1104 ) (-2352 5120 1104 ) 
4 275 277 (-3072 5120 1104 ) (-3072 5120 -96 ) (-3072 4392 -96 ) (-3072 4392 1104 ) 
4 275 276 (-2352 4392 40 ) (-2352 4392 1104 ) (-3072 4392 1104 ) (-3072 4392 40 ) 
4 276 319 (-3072 4096 138 ) (-3072 4096 40 ) (-2352 4096 40 ) (-2352 4096 138 ) 
4 276 318 (-2352 4096 1104 ) (-3072 4096 1104 ) (-3072 4096 138 ) (-2352 4096 138 ) 
4 276 278 (-3072 4096 40 ) (-3072 4096 1104 ) (-3072 4392 1104 ) (-3072 4392 40 ) 
4 277 278 (-3112 4392 1104 ) (-3112 4392 40 ) (-3072 4392 40 ) (-3072 4392 1104 ) 
4 277 279 (-3112 5120 -96 ) (-3112 4392 -96 ) (-3112 4392 1104 ) (-3112 5120 1104 ) 
4 278 323 (-3072 4096 40 ) (-3072 4096 1104 ) (-3112 4096 1104 ) (-3112 4096 40 ) 
4 278 279 (-3112 4096 40 ) (-3112 4096 1104 ) (-3112 4392 1104 ) (-3112 4392 40 ) 
4 279 324 (-4096 4096 40 ) (-4096 4096 -96 ) (-3112 4096 -96 ) (-3112 4096 40 ) 
4 279 323 (-3112 4096 1104 ) (-4096 4096 1104 ) (-4096 4096 40 ) (-3112 4096 40 ) 
4 279 285 (-4096 4096 -96 ) (-4096 4096 1104 ) (-4096 5120 1104 ) (-4096 5120 -96 ) 
4 280 283 (-4096 6144 -96 ) (-4096 6144 1104 ) (-5120 6144 1104 ) (-5120 6144 -96 ) 
4 280 281 (-5120 6144 -96 ) (-5120 6144 1104 ) (-5120 6336 1104 ) (-5120 6336 -96 ) 
4 281 284 (-5120 6144 -96 ) (-5120 6144 1104 ) (-6144 6144 1104 ) (-6144 6144 -96 ) 
4 281 282 (-6144 6144 -96 ) (-6144 6144 1104 ) (-6144 6336 1104 ) (-6144 6336 -96 ) 
4 282 287 (-6144 6144 -96 ) (-6144 6144 1104 ) (-6168 6144 1104 ) (-6168 6144 -96 ) 
4 283 285 (-4096 5120 -96 ) (-4096 5120 1104 ) (-5120 5120 1104 ) (-5120 5120 -96 ) 
4 283 284 (-5120 6144 1104 ) (-5120 6144 -96 ) (-5120 5120 -96 ) (-5120 5120 1104 ) 
4 284 287 (-6144 6144 1104 ) (-6144 6144 -96 ) (-6144 5120 -96 ) (-6144 5120 1104 ) 
4 284 286 (-5120 5120 -96 ) (-5120 5120 1104 ) (-6144 5120 1104 ) (-6144 5120 -96 ) 
4 285 609 (-4096 4096 -96 ) (-4096 4096 32 ) (-5120 4096 32 ) (-5120 4096 -96 ) 
4 285 608 (-4096 4096 32 ) (-4096 4096 1104 ) (-5120 4096 1104 ) (-5120 4096 32 ) 
4 285 286 (-5120 5120 1104 ) (-5120 5120 -96 ) (-5120 4096 -96 ) (-5120 4096 1104 ) 
4 286 611 (-5120 4096 -96 ) (-5120 4096 32 ) (-6144 4096 32 ) (-6144 4096 -96 ) 
4 286 610 (-5120 4096 32 ) (-5120 4096 1104 ) (-6144 4096 1104 ) (-6144 4096 32 ) 
4 286 288 (-6144 4096 -96 ) (-6144 4096 1104 ) (-6144 5120 1104 ) (-6144 5120 -96 ) 
4 287 288 (-6144 5120 -96 ) (-6144 5120 1104 ) (-6168 5120 1104 ) (-6168 5120 -96 ) 
4 288 614 (-6144 4096 -96 ) (-6144 4096 1104 ) (-6168 4096 1104 ) (-6168 4096 -96 ) 
4 289 302 (-1024 3072 256 ) (-1024 3072 1104 ) (-1328 3072 1104 ) (-1328 3072 256 ) 
4 289 292 (-1328 3072 256 ) (-1328 3072 1104 ) (-1328 4096 1104 ) (-1328 4096 256 ) 
4 290 303 (-1024 3072 -8 ) (-1024 3072 248 ) (-1320 3072 248 ) (-1320 3072 -8 ) 
4 290 291 (-1024 3968 -8 ) (-1024 3072 -8 ) (-1216 3072 -8 ) (-1216 3968 -8 ) 
4 291 304 (-1024 3072 -16 ) (-1024 3072 -8 ) (-1216 3072 -8 ) (-1216 3072 -16 ) 
4 291 301 (-1024 3968 -16 ) (-1024 3072 -16 ) (-1216 3072 -16 ) (-1216 3968 -16 ) 
4 292 318 (-2048 4096 1104 ) (-2048 4096 138 ) (-2048 3072 138 ) (-2048 3072 1104 ) 
4 292 305 (-2048 3072 1104 ) (-2048 3072 138 ) (-1328 3072 138 ) (-1328 3072 1104 ) 
4 292 298 (-1600 3072 138 ) (-2048 3072 138 ) (-2048 3432 138 ) (-1600 3432 138 ) 
4 292 297 (-1328 3440 138 ) (-1328 3072 138 ) (-1592 3072 138 ) (-1592 3440 138 ) 
4 292 294 (-1600 4096 138 ) (-1542 4096 138 ) (-1592 4016 138 ) (-1600 4016 138 ) 
5 292 293 (-1542 4096 138 ) (-1328 4096 138 ) (-1328 3440 138 ) (-1592 3440 138 ) (-1592 4016 138 ) 
4 292 296 (-2048 4096 138 ) (-1600 4096 138 ) (-1600 3440 138 ) (-2048 3440 138 ) 
4 293 297 (-1592 3440 40 ) (-1328 3440 40 ) (-1328 3440 138 ) (-1592 3440 138 ) 
4 293 294 (-1592 4016.003174 137.997620 ) (-1592 4016.003174 138 ) (-1542.001953 4096 138 ) (-1542.001831 4096 81.749893 ) 
4 294 295 (-1599.997925 4016.003174 138 ) (-1600 4016.003174 138 ) (-1600 4096 81.752197 ) (-1550 4096 81.751701 ) 
3 294 296 (-1600 4016 138 ) (-1600 4096 138 ) (-1600 4096 81.749893 ) 
3 295 299 (-1600 4096 40 ) (-1550 4096 40 ) (-1600 4016 40 ) 
4 295 296 (-1600 4096 40 ) (-1600 4016 40 ) (-1600 4016 138 ) (-1600 4096 81.749893 ) 
4 296 319 (-2048 4096 138 ) (-2048 4096 40 ) (-2048 3440 40 ) (-2048 3440 138 ) 
4 296 299 (-2048 4016 40 ) (-2048 4096 40 ) (-1600 4096 40 ) (-1600 4016 40 ) 
4 297 306 (-1592 3072 40 ) (-1328 3072 40 ) (-1328 3072 138 ) (-1592 3072 138 ) 
4 298 321 (-2048 3432 40 ) (-2048 3072 40 ) (-2048 3072 138 ) (-2048 3432 138 ) 
4 298 307 (-2048 3072 138 ) (-2048 3072 40 ) (-1600 3072 40 ) (-1600 3072 138 ) 
4 299 322 (-2048 4096 40 ) (-2048 4096 -16 ) (-2048 4016 -16 ) (-2048 4016 40 ) 
4 299 300 (-2048 4016 -16 ) (-2048 4096 -16 ) (-1550 4096 -16 ) (-1600 4016 -16 ) 
4 300 322 (-2048 4096 -16 ) (-2048 4096 -96 ) (-2048 4016 -96 ) (-2048 4016 -16 ) 
4 301 317 (-1024 3072 -264 ) (-1024 3072 -16 ) (-1216 3072 -16 ) (-1216 3072 -264 ) 
4 302 308 (-1024 2768 256 ) (-1024 2768 1104 ) (-1328 2768 1104 ) (-1328 2768 256 ) 
4 302 305 (-1328 3072 1104 ) (-1328 3072 256 ) (-1328 2768 256 ) (-1328 2768 1104 ) 
4 303 304 (-1216 3072 -8 ) (-1024 3072 -8 ) (-1024 2976 -8 ) (-1216 2976 -8 ) 
4 304 317 (-1216 3072 -16 ) (-1024 3072 -16 ) (-1024 2976 -16 ) (-1216 2976 -16 ) 
4 305 341 (-2048 3066 138 ) (-2048 2768 138 ) (-2048 2768 168 ) (-2048 3066 168 ) 
4 305 339 (-2048 3069 138 ) (-2048 3066 138 ) (-2048 3066 168 ) (-2048 3069 168 ) 
4 305 338 (-2048 3072 168 ) (-2048 3072 138 ) (-2048 3069 138 ) (-2048 3069 168 ) 
4 305 335 (-2048 3066 168 ) (-2048 2768 168 ) (-2048 2768 176 ) (-2048 3066 176 ) 
4 305 334 (-2048 2768 176 ) (-2048 2768 1104 ) (-2048 3066 1104 ) (-2048 3066 176 ) 
4 305 332 (-2048 3069 168 ) (-2048 3066 168 ) (-2048 3066 296 ) (-2048 3069 296 ) 
4 305 331 (-2048 3072 296 ) (-2048 3072 168 ) (-2048 3069 168 ) (-2048 3069 296 ) 
4 305 330 (-2048 3072 1104 ) (-2048 3072 296 ) (-2048 3066 296 ) (-2048 3066 1104 ) 
4 305 308 (-1328 2768 138 ) (-1328 2768 1104 ) (-2048 2768 1104 ) (-2048 2768 138 ) 
4 305 306 (-1592 3072 138 ) (-1328 3072 138 ) (-1328 2768 138 ) (-1592 2768 138 ) 
4 305 307 (-2048 3072 138 ) (-1600 3072 138 ) (-1600 2768 138 ) (-2048 2768 138 ) 
4 306 311 (-1328 2768 136 ) (-1328 2768 138 ) (-1592 2768 138 ) (-1592 2768 136 ) 
4 307 341 (-2048 3066 40 ) (-2048 2768 40 ) (-2048 2768 138 ) (-2048 3066 138 ) 
4 307 339 (-2048 3069 40 ) (-2048 3066 40 ) (-2048 3066 138 ) (-2048 3069 138 ) 
4 307 338 (-2048 3072 138 ) (-2048 3072 40 ) (-2048 3069 40 ) (-2048 3069 138 ) 
4 307 314 (-1600 2768 138 ) (-2048 2768 138 ) (-2048 2768 40 ) (-1600 2768 40 ) 
4 308 376 (-1024 2048 138 ) (-1024 2048 1104 ) (-2048 2048 1104 ) (-2048 2048 138 ) 
4 308 358 (-2048 2072 168 ) (-2048 2080 168 ) (-2048 2080 138 ) (-2048 2072 138 ) 
4 308 357 (-2048 2080 168 ) (-2048 2454 168 ) (-2048 2454 138 ) (-2048 2080 138 ) 
4 308 359 (-2048 2048 138 ) (-2048 2048 168 ) (-2048 2072 168 ) (-2048 2072 138 ) 
4 308 356 (-2048 2454 168 ) (-2048 2458 168 ) (-2048 2458 138 ) (-2048 2454 138 ) 
4 308 353 (-2048 2458 168 ) (-2048 2658 168 ) (-2048 2658 138 ) (-2048 2458 138 ) 
4 308 341 (-2048 2658 168 ) (-2048 2768 168 ) (-2048 2768 138 ) (-2048 2658 138 ) 
4 308 335 (-2048 2048 168 ) (-2048 2048 176 ) (-2048 2768 176 ) (-2048 2768 168 ) 
4 308 334 (-2048 2048 176 ) (-2048 2048 1104 ) (-2048 2768 1104 ) (-2048 2768 176 ) 
4 308 314 (-2048 2080 138 ) (-2048 2768 138 ) (-1600 2768 138 ) (-1600 2080 138 ) 
4 308 315 (-1600 2048 138 ) (-2048 2048 138 ) (-2048 2072 138 ) (-1600 2072 138 ) 
4 308 313 (-1592 2048 138 ) (-1600 2048 138 ) (-1600 2072 138 ) (-1592 2072 138 ) 
4 308 311 (-1592 2760 138 ) (-1592 2768 138 ) (-1144 2768 138 ) (-1144 2760 138 ) 
4 308 312 (-1144 2048 138 ) (-1592 2048 138 ) (-1592 2760 138 ) (-1144 2760 138 ) 
4 308 310 (-1136 2048 138 ) (-1144 2048 138 ) (-1144 2768 138 ) (-1136 2768 138 ) 
4 308 309 (-1024 2048 138 ) (-1136 2048 138 ) (-1136 2768 138 ) (-1024 2768 138 ) 
4 309 376 (-1024 2048 136 ) (-1024 2048 138 ) (-1136 2048 138 ) (-1136 2048 136 ) 
4 309 316 (-1136 2768 40 ) (-1024 2768 40 ) (-1024 2048 40 ) (-1136 2048 40 ) 
4 309 310 (-1136 2048 136 ) (-1136 2048 138 ) (-1136 2768 138 ) (-1136 2768 136 ) 
4 310 376 (-1136 2048 138 ) (-1144 2048 138 ) (-1144 2048 136 ) (-1136 2048 136 ) 
4 310 311 (-1144 2760 138 ) (-1144 2768 138 ) (-1144 2768 136 ) (-1144 2760 136 ) 
4 310 312 (-1144 2048 136 ) (-1144 2048 138 ) (-1144 2760 138 ) (-1144 2760 136 ) 
4 311 312 (-1592 2760 138 ) (-1592 2760 136 ) (-1144 2760 136 ) (-1144 2760 138 ) 
4 312 377 (-1592 2048 136 ) (-1592 2048 40 ) (-1144 2048 40 ) (-1144 2048 136 ) 
4 312 376 (-1144 2048 138 ) (-1592 2048 138 ) (-1592 2048 136 ) (-1144 2048 136 ) 
4 312 313 (-1592 2072 40 ) (-1592 2048 40 ) (-1592 2048 138 ) (-1592 2072 138 ) 
4 313 377 (-1600 2048 136 ) (-1600 2048 40 ) (-1592 2048 40 ) (-1592 2048 136 ) 
4 313 376 (-1592 2048 138 ) (-1600 2048 138 ) (-1600 2048 136 ) (-1592 2048 136 ) 
4 313 315 (-1600 2072 40 ) (-1600 2048 40 ) (-1600 2048 138 ) (-1600 2072 138 ) 
4 314 357 (-2048 2080 138 ) (-2048 2454 138 ) (-2048 2454 40 ) (-2048 2080 40 ) 
4 314 356 (-2048 2454 138 ) (-2048 2458 138 ) (-2048 2458 40 ) (-2048 2454 40 ) 
4 314 353 (-2048 2458 138 ) (-2048 2658 138 ) (-2048 2658 40 ) (-2048 2458 40 ) 
4 314 341 (-2048 2658 138 ) (-2048 2768 138 ) (-2048 2768 40 ) (-2048 2658 40 ) 
4 315 377 (-2048 2048 136 ) (-2048 2048 40 ) (-1600 2048 40 ) (-1600 2048 136 ) 
4 315 376 (-1600 2048 138 ) (-2048 2048 138 ) (-2048 2048 136 ) (-1600 2048 136 ) 
4 315 359 (-2048 2048 40 ) (-2048 2048 138 ) (-2048 2072 138 ) (-2048 2072 40 ) 
4 318 360 (-2380 3072 168 ) (-2578 3072 168 ) (-2578 3072 138 ) (-2380 3072 138 ) 
4 318 361 (-2578 3072 168 ) (-3072 3072 168 ) (-3072 3072 138 ) (-2578 3072 138 ) 
4 318 338 (-2048 3072 138 ) (-2048 3072 168 ) (-2380 3072 168 ) (-2380 3072 138 ) 
4 318 331 (-2048 3072 168 ) (-2048 3072 296 ) (-3072 3072 296 ) (-3072 3072 168 ) 
4 318 330 (-2048 3072 296 ) (-2048 3072 1104 ) (-3072 3072 1104 ) (-3072 3072 296 ) 
4 318 326 (-3072 3440 138 ) (-3072 3072 138 ) (-3072 3072 1104 ) (-3072 3440 1104 ) 
4 318 323 (-3072 4096 1104 ) (-3072 4096 138 ) (-3072 3440 138 ) (-3072 3440 1104 ) 
4 318 320 (-2448 3440 138 ) (-2256 3440 138 ) (-2256 3432 138 ) (-2448 3432 138 ) 
4 318 319 (-3072 3440 138 ) (-3072 4096 138 ) (-2048 4096 138 ) (-2048 3440 138 ) 
4 318 321 (-3072 3072 138 ) (-3072 3432 138 ) (-2048 3432 138 ) (-2048 3072 138 ) 
4 319 323 (-3072 4096 138 ) (-3072 4096 40 ) (-3072 3440 40 ) (-3072 3440 138 ) 
4 319 322 (-2352 4096 40 ) (-2048 4096 40 ) (-2048 4016 40 ) (-2352 4016 40 ) 
4 319 320 (-2448 3440 40 ) (-2256 3440 40 ) (-2256 3440 138 ) (-2448 3440 138 ) 
4 320 321 (-2448 3432 40 ) (-2256 3432 40 ) (-2256 3432 138 ) (-2448 3432 138 ) 
4 321 360 (-2380 3072 138 ) (-2578 3072 138 ) (-2578 3072 40 ) (-2380 3072 40 ) 
4 321 361 (-2578 3072 138 ) (-3072 3072 138 ) (-3072 3072 40 ) (-2578 3072 40 ) 
4 321 338 (-2048 3072 40 ) (-2048 3072 138 ) (-2380 3072 138 ) (-2380 3072 40 ) 
4 321 327 (-3072 3432 40 ) (-3072 3072 40 ) (-3072 3072 138 ) (-3072 3432 138 ) 
4 323 608 (-4096 4096 1104 ) (-4096 4096 40 ) (-4096 3440 40 ) (-4096 3440 1104 ) 
4 323 328 (-3112 3440 138 ) (-4096 3440 138 ) (-4096 3440 40 ) (-3112 3440 40 ) 
4 323 326 (-3072 3440 138 ) (-3072 3440 1104 ) (-4096 3440 1104 ) (-4096 3440 138 ) 
4 323 325 (-3112 3440 40 ) (-4096 3440 40 ) (-4096 4016 40 ) (-3112 4016 40 ) 
4 323 324 (-4096 4016 40 ) (-4096 4096 40 ) (-3112 4096 40 ) (-3112 4016 40 ) 
4 324 609 (-4096 4096 32 ) (-4096 4096 -96 ) (-4096 4016 -96 ) (-4096 4016 32 ) 
4 324 608 (-4096 4096 40 ) (-4096 4096 32 ) (-4096 4016 32 ) (-4096 4016 40 ) 
4 324 325 (-4096 4016 -96 ) (-3112 4016 -96 ) (-3112 4016 40 ) (-4096 4016 40 ) 
4 325 609 (-4096 4016 -96 ) (-4096 3440 -96 ) (-4096 3440 32 ) (-4096 4016 32 ) 
4 325 608 (-4096 3440 32 ) (-4096 3440 40 ) (-4096 4016 40 ) (-4096 4016 32 ) 
4 325 329 (-3112 3440 40 ) (-4096 3440 40 ) (-4096 3440 32 ) (-3112 3440 32 ) 
4 326 608 (-4096 3072 138 ) (-4096 3072 1104 ) (-4096 3440 1104 ) (-4096 3440 138 ) 
4 326 371 (-3072 3072 138 ) (-3072 3072 1104 ) (-4096 3072 1104 ) (-4096 3072 138 ) 
4 326 328 (-4096 3440 138 ) (-3112 3440 138 ) (-3112 3072 138 ) (-4096 3072 138 ) 
4 326 327 (-3072 3432 138 ) (-3072 3072 138 ) (-3104 3072 138 ) (-3104 3432 138 ) 
4 327 372 (-3072 3072 40 ) (-3072 3072 138 ) (-3104 3072 138 ) (-3104 3072 40 ) 
4 328 608 (-4096 3072 40 ) (-4096 3072 138 ) (-4096 3440 138 ) (-4096 3440 40 ) 
4 328 374 (-3112 3072 138 ) (-4096 3072 138 ) (-4096 3072 40 ) (-3112 3072 40 ) 
4 328 329 (-3112 3072 40 ) (-4096 3072 40 ) (-4096 3440 40 ) (-3112 3440 40 ) 
4 329 608 (-4096 3072 32 ) (-4096 3072 40 ) (-4096 3440 40 ) (-4096 3440 32 ) 
4 329 375 (-3112 3072 32 ) (-3112 3072 40 ) (-4096 3072 40 ) (-4096 3072 32 ) 
4 330 371 (-3072 3072 1104 ) (-3072 3072 296 ) (-3072 3066 296 ) (-3072 3066 1104 ) 
4 330 334 (-2048 3066 296 ) (-2048 3066 1104 ) (-3072 3066 1104 ) (-3072 3066 296 ) 
4 330 333 (-2578 3066 296 ) (-3072 3066 296 ) (-3072 3069 296 ) (-2578 3069 296 ) 
4 330 332 (-2048 3066 296 ) (-2126 3066 296 ) (-2126 3069 296 ) (-2048 3069 296 ) 
4 330 331 (-3072 3069 296 ) (-3072 3072 296 ) (-2048 3072 296 ) (-2048 3069 296 ) 
4 331 371 (-3072 3072 296 ) (-3072 3072 168 ) (-3072 3069 168 ) (-3072 3069 296 ) 
4 331 360 (-2578 3072 168 ) (-2380 3072 168 ) (-2380 3069 168 ) (-2578 3069 168 ) 
4 331 361 (-3072 3069 168 ) (-3072 3072 168 ) (-2578 3072 168 ) (-2578 3069 168 ) 
4 331 338 (-2380 3072 168 ) (-2048 3072 168 ) (-2048 3069 168 ) (-2380 3069 168 ) 
4 331 333 (-3072 3069 168 ) (-2578 3069 168 ) (-2578 3069 296 ) (-3072 3069 296 ) 
4 331 332 (-2126 3069 168 ) (-2048 3069 168 ) (-2048 3069 296 ) (-2126 3069 296 ) 
4 332 339 (-2126 3069 168 ) (-2048 3069 168 ) (-2048 3066 168 ) (-2126 3066 168 ) 
4 332 335 (-2126 3066 168 ) (-2048 3066 168 ) (-2048 3066 176 ) (-2126 3066 176 ) 
4 332 334 (-2048 3066 176 ) (-2048 3066 296 ) (-2126 3066 296 ) (-2126 3066 176 ) 
4 333 371 (-3072 3069 168 ) (-3072 3066 168 ) (-3072 3066 296 ) (-3072 3069 296 ) 
4 333 361 (-3072 3066 168 ) (-3072 3069 168 ) (-2578 3069 168 ) (-2578 3066 168 ) 
4 333 337 (-3072 3066 168 ) (-2578 3066 168 ) (-2578 3066 176 ) (-3072 3066 176 ) 
4 333 334 (-2578 3066 176 ) (-2578 3066 296 ) (-3072 3066 296 ) (-3072 3066 176 ) 
4 334 449 (-2616 2048 1104 ) (-3072 2048 1104 ) (-3072 2048 176 ) (-2616 2048 176 ) 
4 334 443 (-2616 2048 240 ) (-2616 2048 176 ) (-2608 2048 176 ) (-2608 2048 240 ) 
4 334 438 (-2616 2048 432 ) (-2616 2048 240 ) (-2608 2048 240 ) (-2608 2048 432 ) 
4 334 437 (-2616 2048 440 ) (-2616 2048 432 ) (-2608 2048 432 ) (-2608 2048 440 ) 
4 334 432 (-2616 2048 632 ) (-2616 2048 440 ) (-2608 2048 440 ) (-2608 2048 632 ) 
4 334 430 (-2608 2048 1104 ) (-2616 2048 1104 ) (-2616 2048 632 ) (-2608 2048 632 ) 
4 334 423 (-2048 2048 176 ) (-2048 2048 232 ) (-2608 2048 232 ) (-2608 2048 176 ) 
4 334 421 (-2048 2048 232 ) (-2048 2048 240 ) (-2608 2048 240 ) (-2608 2048 232 ) 
4 334 419 (-2608 2048 432 ) (-2608 2048 240 ) (-2572 2048 240 ) (-2572 2048 432 ) 
4 334 418 (-2572 2048 240 ) (-2564 2048 240 ) (-2564 2048 248 ) (-2572 2048 248 ) 
4 334 417 (-2564 2048 248 ) (-2564 2048 424 ) (-2572 2048 424 ) (-2572 2048 248 ) 
4 334 416 (-2564 2048 424 ) (-2564 2048 432 ) (-2572 2048 432 ) (-2572 2048 424 ) 
4 334 415 (-2608 2048 440 ) (-2608 2048 432 ) (-2564 2048 432 ) (-2564 2048 440 ) 
4 334 414 (-2608 2048 632 ) (-2608 2048 440 ) (-2572 2048 440 ) (-2572 2048 632 ) 
4 334 412 (-2572 2048 440 ) (-2564 2048 440 ) (-2564 2048 448 ) (-2572 2048 448 ) 
4 334 411 (-2564 2048 448 ) (-2564 2048 624 ) (-2572 2048 624 ) (-2572 2048 448 ) 
4 334 410 (-2564 2048 624 ) (-2564 2048 632 ) (-2572 2048 632 ) (-2572 2048 624 ) 
4 334 409 (-2608 2048 640 ) (-2608 2048 632 ) (-2564 2048 632 ) (-2564 2048 640 ) 
4 334 408 (-2564 2048 1104 ) (-2608 2048 1104 ) (-2608 2048 640 ) (-2564 2048 640 ) 
4 334 407 (-2048 2048 240 ) (-2048 2048 1104 ) (-2564 2048 1104 ) (-2564 2048 240 ) 
4 334 371 (-3072 2048 176 ) (-3072 2048 1104 ) (-3072 3066 1104 ) (-3072 3066 176 ) 
4 334 336 (-2128 2048 176 ) (-2576 2048 176 ) (-2576 2454 176 ) (-2128 2454 176 ) 
4 334 335 (-2048 2048 176 ) (-2128 2048 176 ) (-2128 3066 176 ) (-2048 3066 176 ) 
4 334 337 (-2576 2048 176 ) (-3072 2048 176 ) (-3072 3066 176 ) (-2576 3066 176 ) 
4 335 423 (-2048 2048 168 ) (-2048 2048 176 ) (-2128 2048 176 ) (-2128 2048 168 ) 
4 335 358 (-2128 2072 168 ) (-2128 2080 168 ) (-2048 2080 168 ) (-2048 2072 168 ) 
4 335 357 (-2128 2080 168 ) (-2128 2454 168 ) (-2048 2454 168 ) (-2048 2080 168 ) 
4 335 359 (-2048 2048 168 ) (-2128 2048 168 ) (-2128 2072 168 ) (-2048 2072 168 ) 
4 335 356 (-2128 2454 168 ) (-2128 2458 168 ) (-2048 2458 168 ) (-2048 2454 168 ) 
4 335 353 (-2128 2458 168 ) (-2128 2658 168 ) (-2048 2658 168 ) (-2048 2458 168 ) 
4 335 341 (-2128 2658 168 ) (-2128 3066 168 ) (-2048 3066 168 ) (-2048 2658 168 ) 
4 335 336 (-2128 2048 176 ) (-2128 2454 176 ) (-2128 2454 168 ) (-2128 2048 168 ) 
4 336 423 (-2128 2048 176 ) (-2576 2048 176 ) (-2576 2048 168 ) (-2128 2048 168 ) 
4 336 369 (-2576 2072 168 ) (-2576 2080 168 ) (-2380 2080 168 ) (-2380 2072 168 ) 
4 336 368 (-2576 2080 168 ) (-2576 2454 168 ) (-2380 2454 168 ) (-2380 2080 168 ) 
4 336 370 (-2380 2048 168 ) (-2576 2048 168 ) (-2576 2072 168 ) (-2380 2072 168 ) 
4 336 358 (-2380 2072 168 ) (-2380 2080 168 ) (-2128 2080 168 ) (-2128 2072 168 ) 
4 336 357 (-2380 2080 168 ) (-2380 2454 168 ) (-2128 2454 168 ) (-2128 2080 168 ) 
4 336 359 (-2128 2048 168 ) (-2380 2048 168 ) (-2380 2072 168 ) (-2128 2072 168 ) 
4 336 337 (-2576 2048 176 ) (-2576 2454 176 ) (-2576 2454 168 ) (-2576 2048 168 ) 
4 337 449 (-2616 2048 176 ) (-3072 2048 176 ) (-3072 2048 168 ) (-2616 2048 168 ) 
4 337 443 (-2608 2048 176 ) (-2616 2048 176 ) (-2616 2048 168 ) (-2608 2048 168 ) 
4 337 423 (-2576 2048 176 ) (-2608 2048 176 ) (-2608 2048 168 ) (-2576 2048 168 ) 
4 337 371 (-3072 3066 168 ) (-3072 2048 168 ) (-3072 2048 176 ) (-3072 3066 176 ) 
4 337 369 (-3072 2072 168 ) (-3072 2080 168 ) (-2576 2080 168 ) (-2576 2072 168 ) 
4 337 368 (-3072 2080 168 ) (-3072 2454 168 ) (-2576 2454 168 ) (-2576 2080 168 ) 
4 337 370 (-2576 2048 168 ) (-3072 2048 168 ) (-3072 2072 168 ) (-2576 2072 168 ) 
4 337 367 (-3072 2454 168 ) (-3072 2458 168 ) (-2576 2458 168 ) (-2576 2454 168 ) 
4 337 366 (-3072 2458 168 ) (-3072 3066 168 ) (-2576 3066 168 ) (-2576 2458 168 ) 
4 338 360 (-2380 3072 40 ) (-2380 3069 40 ) (-2380 3069 168 ) (-2380 3072 168 ) 
4 338 340 (-2322 3069 40 ) (-2226 3069 40 ) (-2226 3069 148 ) (-2322 3069 148 ) 
4 338 339 (-2126 3069 40 ) (-2048 3069 40 ) (-2048 3069 168 ) (-2126 3069 168 ) 
4 339 341 (-2126 3066 40 ) (-2048 3066 40 ) (-2048 3066 168 ) (-2126 3066 168 ) 
4 340 342 (-2322 3066 40 ) (-2226 3066 40 ) (-2226 3066 148 ) (-2322 3066 148 ) 
4 341 353 (-2128 2658 40 ) (-2048 2658 40 ) (-2048 2658 168 ) (-2128 2658 168 ) 
4 342 354 (-2372 2658 40 ) (-2132 2658 40 ) (-2132 2658 168 ) (-2372 2658 168 ) 
4 342 351 (-2372 2754 40 ) (-2372 2706 40 ) (-2372 2706 148 ) (-2372 2754 148 ) 
4 342 350 (-2372 2706 148 ) (-2372 2706 168 ) (-2372 2754 168 ) (-2372 2754 148 ) 
4 342 352 (-2372 2706 40 ) (-2372 2658 40 ) (-2372 2658 168 ) (-2372 2706 168 ) 
4 342 348 (-2372 2898 40 ) (-2372 2850 40 ) (-2372 2850 148 ) (-2372 2898 148 ) 
4 342 347 (-2372 2850 148 ) (-2372 2850 168 ) (-2372 2898 168 ) (-2372 2898 148 ) 
4 342 349 (-2372 2850 40 ) (-2372 2754 40 ) (-2372 2754 168 ) (-2372 2850 168 ) 
4 342 345 (-2372 3042 40 ) (-2372 2994 40 ) (-2372 2994 148 ) (-2372 3042 148 ) 
4 342 344 (-2372 2994 148 ) (-2372 2994 168 ) (-2372 3042 168 ) (-2372 3042 148 ) 
4 342 346 (-2372 2994 40 ) (-2372 2898 40 ) (-2372 2898 168 ) (-2372 2994 168 ) 
4 342 343 (-2372 3066 168 ) (-2372 3066 40 ) (-2372 3042 40 ) (-2372 3042 168 ) 
4 343 362 (-2380 3058 40 ) (-2380 3042 40 ) (-2380 3042 168 ) (-2380 3058 168 ) 
4 343 345 (-2380 3042 148 ) (-2380 3042 40 ) (-2372 3042 40 ) (-2372 3042 148 ) 
4 343 344 (-2380 3042 168 ) (-2380 3042 148 ) (-2372 3042 148 ) (-2372 3042 168 ) 
4 344 362 (-2380 2994 148 ) (-2380 2994 168 ) (-2380 3042 168 ) (-2380 3042 148 ) 
4 344 346 (-2380 2994 168 ) (-2380 2994 148 ) (-2372 2994 148 ) (-2372 2994 168 ) 
4 344 345 (-2372 2994 148 ) (-2380 2994 148 ) (-2380 3042 148 ) (-2372 3042 148 ) 
4 345 362 (-2380 3042 40 ) (-2380 2994 40 ) (-2380 2994 148 ) (-2380 3042 148 ) 
4 345 346 (-2380 2994 148 ) (-2380 2994 40 ) (-2372 2994 40 ) (-2372 2994 148 ) 
4 346 363 (-2380 2922 40 ) (-2380 2898 40 ) (-2380 2898 168 ) (-2380 2922 168 ) 
4 346 362 (-2380 2994 40 ) (-2380 2930 40 ) (-2380 2930 168 ) (-2380 2994 168 ) 
4 346 348 (-2380 2898 148 ) (-2380 2898 40 ) (-2372 2898 40 ) (-2372 2898 148 ) 
4 346 347 (-2380 2898 168 ) (-2380 2898 148 ) (-2372 2898 148 ) (-2372 2898 168 ) 
4 347 363 (-2380 2850 148 ) (-2380 2850 168 ) (-2380 2898 168 ) (-2380 2898 148 ) 
4 347 349 (-2380 2850 168 ) (-2380 2850 148 ) (-2372 2850 148 ) (-2372 2850 168 ) 
4 347 348 (-2372 2850 148 ) (-2380 2850 148 ) (-2380 2898 148 ) (-2372 2898 148 ) 
4 348 363 (-2380 2898 40 ) (-2380 2850 40 ) (-2380 2850 148 ) (-2380 2898 148 ) 
4 348 349 (-2380 2850 148 ) (-2380 2850 40 ) (-2372 2850 40 ) (-2372 2850 148 ) 
4 349 363 (-2380 2850 40 ) (-2380 2794 40 ) (-2380 2794 168 ) (-2380 2850 168 ) 
4 349 364 (-2380 2786 40 ) (-2380 2754 40 ) (-2380 2754 168 ) (-2380 2786 168 ) 
4 349 351 (-2380 2754 148 ) (-2380 2754 40 ) (-2372 2754 40 ) (-2372 2754 148 ) 
4 349 350 (-2380 2754 168 ) (-2380 2754 148 ) (-2372 2754 148 ) (-2372 2754 168 ) 
4 350 364 (-2380 2706 148 ) (-2380 2706 168 ) (-2380 2754 168 ) (-2380 2754 148 ) 
4 350 352 (-2380 2706 168 ) (-2380 2706 148 ) (-2372 2706 148 ) (-2372 2706 168 ) 
4 350 351 (-2372 2706 148 ) (-2380 2706 148 ) (-2380 2754 148 ) (-2372 2754 148 ) 
4 351 364 (-2380 2754 40 ) (-2380 2706 40 ) (-2380 2706 148 ) (-2380 2754 148 ) 
4 351 352 (-2380 2706 148 ) (-2380 2706 40 ) (-2372 2706 40 ) (-2372 2706 148 ) 
4 352 364 (-2380 2706 40 ) (-2380 2658 40 ) (-2380 2658 168 ) (-2380 2706 168 ) 
4 353 356 (-2128 2458 40 ) (-2048 2458 40 ) (-2048 2458 168 ) (-2128 2458 168 ) 
4 354 355 (-2372 2626 40 ) (-2372 2578 40 ) (-2372 2578 148 ) (-2372 2626 148 ) 
4 355 365 (-2380 2626 40 ) (-2380 2578 40 ) (-2380 2578 148 ) (-2380 2626 148 ) 
4 356 357 (-2128 2454 40 ) (-2048 2454 40 ) (-2048 2454 168 ) (-2128 2454 168 ) 
4 357 368 (-2380 2454 40 ) (-2380 2080 40 ) (-2380 2080 168 ) (-2380 2454 168 ) 
4 357 358 (-2380 2080 168 ) (-2380 2080 138 ) (-2048 2080 138 ) (-2048 2080 168 ) 
4 358 369 (-2380 2072 138 ) (-2380 2072 168 ) (-2380 2080 168 ) (-2380 2080 138 ) 
4 358 359 (-2380 2072 168 ) (-2380 2072 138 ) (-2048 2072 138 ) (-2048 2072 168 ) 
4 359 423 (-2048 2048 40 ) (-2048 2048 168 ) (-2380 2048 168 ) (-2380 2048 40 ) 
4 359 370 (-2380 2072 40 ) (-2380 2048 40 ) (-2380 2048 168 ) (-2380 2072 168 ) 
4 360 361 (-2578 3072 40 ) (-2578 3069 40 ) (-2578 3069 168 ) (-2578 3072 168 ) 
4 361 372 (-3072 3072 138 ) (-3072 3072 40 ) (-3072 3066 40 ) (-3072 3066 138 ) 
4 361 371 (-3072 3072 168 ) (-3072 3072 138 ) (-3072 3066 138 ) (-3072 3066 168 ) 
4 361 366 (-3072 3066 40 ) (-2578 3066 40 ) (-2578 3066 168 ) (-3072 3066 168 ) 
4 366 372 (-3072 3066 40 ) (-3072 2458 40 ) (-3072 2458 138 ) (-3072 3066 138 ) 
4 366 371 (-3072 2458 138 ) (-3072 2458 168 ) (-3072 3066 168 ) (-3072 3066 138 ) 
4 366 367 (-3072 2458 40 ) (-2576 2458 40 ) (-2576 2458 168 ) (-3072 2458 168 ) 
4 367 372 (-3072 2458 40 ) (-3072 2454 40 ) (-3072 2454 138 ) (-3072 2458 138 ) 
4 367 371 (-3072 2454 138 ) (-3072 2454 168 ) (-3072 2458 168 ) (-3072 2458 138 ) 
4 367 368 (-3072 2454 40 ) (-2576 2454 40 ) (-2576 2454 168 ) (-3072 2454 168 ) 
4 368 372 (-3072 2454 40 ) (-3072 2080 40 ) (-3072 2080 138 ) (-3072 2454 138 ) 
4 368 371 (-3072 2080 138 ) (-3072 2080 168 ) (-3072 2454 168 ) (-3072 2454 138 ) 
4 368 369 (-2380 2080 138 ) (-2380 2080 168 ) (-3072 2080 168 ) (-3072 2080 138 ) 
4 369 371 (-3072 2072 138 ) (-3072 2072 168 ) (-3072 2080 168 ) (-3072 2080 138 ) 
4 369 370 (-2380 2072 138 ) (-2380 2072 168 ) (-3072 2072 168 ) (-3072 2072 138 ) 
4 370 450 (-3072 2048 136 ) (-3072 2048 40 ) (-2616 2048 40 ) (-2616 2048 136 ) 
4 370 449 (-2616 2048 168 ) (-3072 2048 168 ) (-3072 2048 136 ) (-2616 2048 136 ) 
4 370 443 (-2608 2048 168 ) (-2616 2048 168 ) (-2616 2048 40 ) (-2608 2048 40 ) 
4 370 423 (-2380 2048 168 ) (-2608 2048 168 ) (-2608 2048 40 ) (-2380 2048 40 ) 
4 370 373 (-3072 2072 40 ) (-3072 2048 40 ) (-3072 2048 138 ) (-3072 2072 138 ) 
4 370 371 (-3072 2048 138 ) (-3072 2048 168 ) (-3072 2072 168 ) (-3072 2072 138 ) 
4 371 612 (-4096 2048 138 ) (-4096 2048 1104 ) (-4096 3072 1104 ) (-4096 3072 138 ) 
4 371 488 (-3104 2048 232 ) (-3112 2048 232 ) (-3112 2048 138 ) (-3104 2048 138 ) 
4 371 487 (-3072 2048 138 ) (-3072 2048 232 ) (-3104 2048 232 ) (-3104 2048 138 ) 
4 371 489 (-3112 2048 232 ) (-4096 2048 232 ) (-4096 2048 138 ) (-3112 2048 138 ) 
4 371 484 (-3600 2048 240 ) (-3712 2048 240 ) (-3712 2048 232 ) (-3600 2048 232 ) 
4 371 486 (-3712 2048 240 ) (-4096 2048 240 ) (-4096 2048 232 ) (-3712 2048 232 ) 
4 371 482 (-3112 2048 240 ) (-3600 2048 240 ) (-3600 2048 232 ) (-3112 2048 232 ) 
4 371 481 (-3072 2048 232 ) (-3072 2048 240 ) (-3112 2048 240 ) (-3112 2048 232 ) 
4 371 470 (-3072 2048 240 ) (-3072 2048 432 ) (-4096 2048 432 ) (-4096 2048 240 ) 
4 371 467 (-3712 2048 432 ) (-3600 2048 432 ) (-3600 2048 440 ) (-3712 2048 440 ) 
4 371 469 (-4096 2048 440 ) (-4096 2048 432 ) (-3712 2048 432 ) (-3712 2048 440 ) 
4 371 466 (-3600 2048 1104 ) (-4096 2048 1104 ) (-4096 2048 440 ) (-3600 2048 440 ) 
4 371 465 (-3072 2048 432 ) (-3072 2048 440 ) (-3600 2048 440 ) (-3600 2048 432 ) 
4 371 463 (-3592 2048 632 ) (-3600 2048 632 ) (-3600 2048 440 ) (-3592 2048 440 ) 
4 371 461 (-3072 2048 440 ) (-3072 2048 632 ) (-3592 2048 632 ) (-3592 2048 440 ) 
4 371 460 (-3072 2048 632 ) (-3072 2048 640 ) (-3600 2048 640 ) (-3600 2048 632 ) 
4 371 459 (-3072 2048 640 ) (-3072 2048 1104 ) (-3600 2048 1104 ) (-3600 2048 640 ) 
4 371 374 (-3112 2048 138 ) (-4096 2048 138 ) (-4096 3072 138 ) (-3112 3072 138 ) 
4 371 372 (-3104 2080 138 ) (-3104 3072 138 ) (-3072 3072 138 ) (-3072 2080 138 ) 
4 371 373 (-3072 2048 138 ) (-3104 2048 138 ) (-3104 2072 138 ) (-3072 2072 138 ) 
4 373 487 (-3072 2048 40 ) (-3072 2048 138 ) (-3104 2048 138 ) (-3104 2048 40 ) 
4 374 612 (-4096 2048 40 ) (-4096 2048 138 ) (-4096 3072 138 ) (-4096 3072 40 ) 
4 374 489 (-3112 2048 138 ) (-4096 2048 138 ) (-4096 2048 40 ) (-3112 2048 40 ) 
4 374 375 (-3112 2048 40 ) (-4096 2048 40 ) (-4096 3072 40 ) (-3112 3072 40 ) 
4 375 612 (-4096 2048 32 ) (-4096 2048 40 ) (-4096 3072 40 ) (-4096 3072 32 ) 
4 375 504 (-3600 2048 40 ) (-3712 2048 40 ) (-3712 2048 32 ) (-3600 2048 32 ) 
4 375 503 (-3112 2048 32 ) (-3112 2048 40 ) (-3600 2048 40 ) (-3600 2048 32 ) 
4 375 506 (-3712 2048 40 ) (-4096 2048 40 ) (-4096 2048 32 ) (-3712 2048 32 ) 
4 376 427 (-2048 1096 136 ) (-2048 1024 136 ) (-2048 1024 232 ) (-2048 1096 232 ) 
4 376 426 (-2048 1104 136 ) (-2048 1096 136 ) (-2048 1096 232 ) (-2048 1104 232 ) 
4 376 424 (-2048 1664 136 ) (-2048 1656 136 ) (-2048 1656 232 ) (-2048 1664 232 ) 
4 376 423 (-2048 2048 232 ) (-2048 2048 136 ) (-2048 1664 136 ) (-2048 1664 232 ) 
4 376 425 (-2048 1656 136 ) (-2048 1104 136 ) (-2048 1104 232 ) (-2048 1656 232 ) 
4 376 422 (-2048 1104 232 ) (-2048 1024 232 ) (-2048 1024 240 ) (-2048 1104 240 ) 
4 376 421 (-2048 2048 240 ) (-2048 2048 232 ) (-2048 1104 232 ) (-2048 1104 240 ) 
4 376 407 (-2048 2048 1104 ) (-2048 2048 240 ) (-2048 1024 240 ) (-2048 1024 1104 ) 
4 376 388 (-1024 1024 136 ) (-1024 1024 1104 ) (-2048 1024 1104 ) (-2048 1024 136 ) 
3 376 384 (-1024 1184 136 ) (-1024 1024 136 ) (-1264 1024 136 ) 
6 376 383 (-1436.694702 1664 136 ) (-1024 1664 136 ) (-1024 1184 136 ) (-1264 1024 136 ) (-1424 1024 136 ) (-1663.601807 1372.511597 136 ) 
3 376 382 (-1449.552368 1656 136 ) (-1666.845581 1377.229858 136 ) (-1858.500000 1656 136 ) 
4 376 381 (-1864 1664 136 ) (-1443.316650 1664 136 ) (-1449.552368 1656 136 ) (-1858.500000 1656 136 ) 
4 376 380 (-2048 1024 136 ) (-2048 1656 136 ) (-1864 1656 136 ) (-1429.500000 1024 136 ) 
4 376 379 (-2048 1664 136 ) (-2048 2040 136 ) (-1150.235840 2040 136 ) (-1443.316528 1664 136 ) 
4 376 378 (-1144 2040 136 ) (-1024 2040 136 ) (-1024 1664 136 ) (-1436.694702 1664 136 ) 
4 376 377 (-2048 2040 136 ) (-2048 2048 136 ) (-1144 2048 136 ) (-1150.235840 2040 136 ) 
4 377 423 (-2048 2048 136 ) (-2048 2048 40 ) (-2048 2040 40 ) (-2048 2040 136 ) 
4 377 379 (-2048 2040 40 ) (-1150.235840 2040 40 ) (-1150.235840 2040 136 ) (-2048 2040 136 ) 
4 378 383 (-1436.694702 1664 40 ) (-1024 1664 40 ) (-1024 1664 136 ) (-1436.694702 1664 136 ) 
4 379 423 (-2048 2040 40 ) (-2048 1664 40 ) (-2048 1664 136 ) (-2048 2040 136 ) 
4 379 381 (-1864 1664 40 ) (-1443.316528 1664 40 ) (-1443.316528 1664 136 ) (-1864 1664 136 ) 
4 380 427 (-2048 1096 40 ) (-2048 1024 40 ) (-2048 1024 136 ) (-2048 1096 136 ) 
4 380 426 (-2048 1104 40 ) (-2048 1096 40 ) (-2048 1096 136 ) (-2048 1104 136 ) 
4 380 425 (-2048 1656 40 ) (-2048 1104 40 ) (-2048 1104 136 ) (-2048 1656 136 ) 
4 380 400 (-1872 1024 136 ) (-2008 1024 136 ) (-2008 1024 40 ) (-1872 1024 40 ) 
4 380 401 (-2008 1024 136 ) (-2048 1024 136 ) (-2048 1024 40 ) (-2008 1024 40 ) 
4 380 389 (-1429.500000 1024 136 ) (-1872 1024 136 ) (-1872 1024 40 ) (-1429.500000 1024 40 ) 
4 381 382 (-1858.500000 1656 40 ) (-1449.554688 1656 40 ) (-1449.554688 1656 136 ) (-1858.500000 1656 136 ) 
3 383 390 (-1264 1024 136 ) (-1424 1024 136 ) (-1264 1024 88 ) 
4 383 385 (-1192 1072 40 ) (-1024 1184 40 ) (-1024 1184.001953 88 ) (-1192.002197 1072 88 ) 
4 383 384 (-1024 1184.001953 88 ) (-1024 1184.003906 136 ) (-1264.003906 1024 136 ) (-1264.001953 1024 88 ) 
4 384 390 (-1024 1024 88 ) (-1024 1024 136 ) (-1264 1024 136 ) (-1264 1024 88 ) 
4 384 386 (-1024 1064 88 ) (-1024 1024 88 ) (-1252 1024 88 ) (-1192 1064 88 ) 
3 384 385 (-1192 1072 88 ) (-1024 1184 88 ) (-1024 1072 88 ) 
4 386 391 (-1024 1024 40 ) (-1024 1024 88 ) (-1252 1024 88 ) (-1252 1024 40 ) 
4 386 387 (-1024 1024 40 ) (-1252 1024 40 ) (-1192 1064 40 ) (-1024 1064 40 ) 
4 387 403 (-1024 1024 -8 ) (-1024 1024 40 ) (-1252 1024 40 ) (-1252 1024 -8 ) 
4 388 1695 (-1848 0 1104 ) (-2048 0 1104 ) (-2048 0 136 ) (-1848 0 136 ) 
4 388 1691 (-1024 0 136 ) (-1024 0 1104 ) (-1848 0 1104 ) (-1848 0 136 ) 
4 388 526 (-2048 0 136 ) (-2048 0 232 ) (-2048 1024 232 ) (-2048 1024 136 ) 
4 388 508 (-2048 0 232 ) (-2048 0 240 ) (-2048 1024 240 ) (-2048 1024 232 ) 
4 388 507 (-2048 0 240 ) (-2048 0 1104 ) (-2048 1024 1104 ) (-2048 1024 240 ) 
4 388 402 (-1880 0 136 ) (-2048 0 136 ) (-2048 312 136 ) (-1880 312 136 ) 
4 388 400 (-2008 1024 136 ) (-1872 1024 136 ) (-1872 320 136 ) (-2008 320 136 ) 
4 388 401 (-2048 312 136 ) (-2048 1024 136 ) (-2008 1024 136 ) (-2008 312 136 ) 
5 388 395 (-1024 0 136 ) (-1872 0 136 ) (-1872 312 136 ) (-1432 776 136 ) (-1024 776 136 ) 
4 388 394 (-1432 784 136 ) (-1024 784 136 ) (-1024 776 136 ) (-1432 776 136 ) 
3 388 393 (-1872 320 136 ) (-1872 784 136 ) (-1432 784 136 ) 
4 388 390 (-1424 1024 136 ) (-1024 1024 136 ) (-1024 1016 136 ) (-1424 1016 136 ) 
4 388 392 (-1024 1016 136 ) (-1024 784 136 ) (-1264.500000 784 136 ) (-1424 1016 136 ) 
4 388 389 (-1872 784 136 ) (-1872 1024 136 ) (-1429.500000 1024 136 ) (-1264.500000 784 136 ) 
3 389 404 (-1264.500000 784 40 ) (-1424 784 40 ) (-1424 1016 40 ) 
4 389 400 (-1872 1024 40 ) (-1872 784 40 ) (-1872 784 136 ) (-1872 1024 136 ) 
3 389 394 (-1264.500000 784 88.142891 ) (-1264.500000 784 136 ) (-1432 784 136 ) 
4 389 393 (-1872 784 136 ) (-1872 784 40 ) (-1432 784 40 ) (-1432 784 136 ) 
4 389 392 (-1264.500000 784 136 ) (-1264.500000 784 40 ) (-1424 1016 40 ) (-1424 1016 136 ) 
4 390 391 (-1024 1016 88 ) (-1264 1016 88 ) (-1252 1024 88 ) (-1024 1024 88 ) 
4 390 392 (-1424.001953 1016 136 ) (-1264 1016 88 ) (-1024 1016 88 ) (-1024 1016 136 ) 
4 391 403 (-1024 1024 40 ) (-1024 1016 40 ) (-1264 1016 40 ) (-1252 1024 40 ) 
4 391 392 (-1264 1016 40 ) (-1024 1016 40 ) (-1024 1016 88 ) (-1264 1016 88 ) 
4 392 404 (-1024 1016 40 ) (-1024 784 40 ) (-1264.500000 784 40 ) (-1424 1016 40 ) 
4 392 396 (-1264 784 40 ) (-1024 784 40 ) (-1024 784 88 ) (-1264 784 88 ) 
4 392 394 (-1024 784 88 ) (-1024 784 136 ) (-1264.500000 784 136 ) (-1264.500000 784 88 ) 
4 393 400 (-1872 784 40 ) (-1872 320 40 ) (-1872 320 136 ) (-1872 784 136 ) 
4 394 396 (-1264 784 88 ) (-1024 784 88 ) (-1024 776 88 ) (-1252 776 88 ) 
4 394 395 (-1264 776 88 ) (-1024 776 88 ) (-1024 776 136 ) (-1432 776 136 ) 
4 395 1696 (-1848 0 136 ) (-1872 0 136 ) (-1872 0 88 ) (-1848 0 88 ) 
4 395 1691 (-1024 0 88 ) (-1024 0 136 ) (-1848 0 136 ) (-1848 0 88 ) 
4 395 398 (-1252 776 88 ) (-1024 776 88 ) (-1024 736 88 ) (-1192 736 88 ) 
3 395 399 (-1024 728 88 ) (-1024 616 88 ) (-1192 728 88 ) 
6 395 397 (-1024 0 88 ) (-1872 0 88 ) (-1872 312 88 ) (-1432 776 88 ) (-1264 776 88 ) (-1024 616 88 ) 
4 396 405 (-1024 784 40 ) (-1024 776 40 ) (-1252 776 40 ) (-1264 784 40 ) 
4 396 398 (-1024 776 88 ) (-1252 776 88 ) (-1252 776 40 ) (-1024 776 40 ) 
4 397 1696 (-1848 0 88 ) (-1872 0 88 ) (-1872 0 40 ) (-1848 0 40 ) 
4 397 1691 (-1024 0 40 ) (-1024 0 88 ) (-1848 0 88 ) (-1848 0 40 ) 
4 397 399 (-1024 616.002625 40 ) (-1191.996094 728 40 ) (-1191.996094 728 88 ) (-1024 616.002563 88 ) 
4 398 406 (-1024 776 40 ) (-1024 736 40 ) (-1192 736 40 ) (-1252 776 40 ) 
4 400 401 (-2008 1024 40 ) (-2008 320 40 ) (-2008 320 136 ) (-2008 1024 136 ) 
4 401 526 (-2048 312 136 ) (-2048 1024 136 ) (-2048 1024 40 ) (-2048 312 40 ) 
4 401 402 (-2048 312 40 ) (-2008 312 40 ) (-2008 312 136 ) (-2048 312 136 ) 
4 402 1697 (-1880 0 136 ) (-2048 0 136 ) (-2048 0 40 ) (-1880 0 40 ) 
4 402 526 (-2048 0 40 ) (-2048 0 136 ) (-2048 312 136 ) (-2048 312 40 ) 
4 403 404 (-1264 1016 -8 ) (-1024 1016 -8 ) (-1024 1016 40 ) (-1264 1016 40 ) 
4 404 405 (-1264 784 -8 ) (-1024 784 -8 ) (-1024 784 40 ) (-1264 784 40 ) 
4 405 406 (-1252 776 -8 ) (-1024 776 -8 ) (-1024 776 40 ) (-1252 776 40 ) 
4 407 507 (-2048 1024 240 ) (-2048 1024 1104 ) (-2564 1024 1104 ) (-2564 1024 240 ) 
4 407 422 (-2048 1024 240 ) (-2352 1024 240 ) (-2352 1104 240 ) (-2048 1104 240 ) 
4 407 421 (-2564 1104 240 ) (-2564 2048 240 ) (-2048 2048 240 ) (-2048 1104 240 ) 
4 407 418 (-2564 2048 248 ) (-2564 2048 240 ) (-2564 1032 240 ) (-2564 1032 248 ) 
4 407 417 (-2564 2048 424 ) (-2564 2048 248 ) (-2564 1032 248 ) (-2564 1032 424 ) 
4 407 416 (-2564 2048 432 ) (-2564 2048 424 ) (-2564 1032 424 ) (-2564 1032 432 ) 
4 407 415 (-2564 2048 440 ) (-2564 2048 432 ) (-2564 1032 432 ) (-2564 1032 440 ) 
4 407 412 (-2564 2048 448 ) (-2564 2048 440 ) (-2564 1032 440 ) (-2564 1032 448 ) 
4 407 411 (-2564 2048 624 ) (-2564 2048 448 ) (-2564 1032 448 ) (-2564 1032 624 ) 
4 407 410 (-2564 2048 632 ) (-2564 2048 624 ) (-2564 1032 624 ) (-2564 1032 632 ) 
4 407 409 (-2564 2048 640 ) (-2564 2048 632 ) (-2564 1032 632 ) (-2564 1032 640 ) 
4 407 408 (-2564 2048 1104 ) (-2564 2048 640 ) (-2564 1024 640 ) (-2564 1024 1104 ) 
4 408 510 (-2608 1024 1104 ) (-2608 1024 640 ) (-2564 1024 640 ) (-2564 1024 1104 ) 
4 408 431 (-2608 1024 640 ) (-2608 1024 1104 ) (-2608 1520 1104 ) (-2608 1520 640 ) 
4 408 430 (-2608 1520 1104 ) (-2608 2048 1104 ) (-2608 2048 640 ) (-2608 1520 640 ) 
4 408 409 (-2608 1096 640 ) (-2608 2048 640 ) (-2564 2048 640 ) (-2564 1032 640 ) 
4 409 430 (-2608 1520 640 ) (-2608 2048 640 ) (-2608 2048 632 ) (-2608 1520 632 ) 
4 409 414 (-2608 1096 632 ) (-2608 2048 632 ) (-2572 2048 632 ) (-2572 1043.636597 632 ) 
4 409 410 (-2572 2048 632 ) (-2564 2048 632 ) (-2564 1032 632 ) (-2572 1043.636597 632 ) 
4 410 414 (-2572 1043.636963 632 ) (-2572 2048 632 ) (-2572 2048 624 ) (-2572 1043.636963 624 ) 
4 410 411 (-2572 1043.636963 624 ) (-2572 2048 624 ) (-2564 2048 624 ) (-2564 1032 624 ) 
4 411 414 (-2572 1043.636963 624 ) (-2572 2048 624 ) (-2572 2048 448 ) (-2572 1043.636963 448 ) 
4 411 412 (-2572 1043.636963 448 ) (-2572 2048 448 ) (-2564 2048 448 ) (-2564 1032 448 ) 
4 412 415 (-2572 2048 440 ) (-2564 2048 440 ) (-2564 1032 440 ) (-2572 1043.636963 440 ) 
4 412 414 (-2572 2048 440 ) (-2572 1043.636963 440 ) (-2572 1043.636963 448 ) (-2572 2048 448 ) 
4 413 517 (-2608 1024 632 ) (-2608 1024 440 ) (-2572 1024 440 ) (-2572 1024 632 ) 
4 413 436 (-2608 1024 440 ) (-2608 1024 632 ) (-2608 1084.363281 632 ) (-2608 1084.363281 440 ) 
4 414 435 (-2608 1211 536 ) (-2608 1211 480 ) (-2608 1172 480 ) (-2608 1172 536 ) 
4 414 434 (-2608 1327 536 ) (-2608 1327 480 ) (-2608 1288 480 ) (-2608 1288 536 ) 
4 414 433 (-2608 1443 536 ) (-2608 1443 480 ) (-2608 1404 480 ) (-2608 1404 536 ) 
4 414 432 (-2608 1520 632 ) (-2608 2048 632 ) (-2608 2048 440 ) (-2608 1520 440 ) 
4 414 415 (-2608 1096 440 ) (-2608 2048 440 ) (-2572 2048 440 ) (-2572 1043.636963 440 ) 
4 415 437 (-2608 1520 440 ) (-2608 2048 440 ) (-2608 2048 432 ) (-2608 1520 432 ) 
4 415 419 (-2608 1096 432 ) (-2608 2048 432 ) (-2572 2048 432 ) (-2572 1043.636597 432 ) 
4 415 416 (-2572 2048 432 ) (-2564 2048 432 ) (-2564 1032 432 ) (-2572 1043.636597 432 ) 
4 416 419 (-2572 1043.636963 432 ) (-2572 2048 432 ) (-2572 2048 424 ) (-2572 1043.636963 424 ) 
4 416 417 (-2572 1043.636963 424 ) (-2572 2048 424 ) (-2564 2048 424 ) (-2564 1032 424 ) 
4 417 419 (-2572 1043.636963 424 ) (-2572 2048 424 ) (-2572 2048 248 ) (-2572 1043.636963 248 ) 
4 417 418 (-2572 1043.636963 248 ) (-2572 2048 248 ) (-2564 2048 248 ) (-2564 1032 248 ) 
4 418 421 (-2572 1104 240 ) (-2572 2048 240 ) (-2564 2048 240 ) (-2564 1104 240 ) 
4 418 419 (-2572 2048 240 ) (-2572 1043.636963 240 ) (-2572 1043.636963 248 ) (-2572 2048 248 ) 
4 419 441 (-2608 1211 336 ) (-2608 1211 280 ) (-2608 1172 280 ) (-2608 1172 336 ) 
4 419 440 (-2608 1327 336 ) (-2608 1327 280 ) (-2608 1288 280 ) (-2608 1288 336 ) 
4 419 439 (-2608 1443 336 ) (-2608 1443 280 ) (-2608 1404 280 ) (-2608 1404 336 ) 
4 419 438 (-2608 1520 432 ) (-2608 2048 432 ) (-2608 2048 240 ) (-2608 1520 240 ) 
4 419 421 (-2608 1104 240 ) (-2608 2048 240 ) (-2572 2048 240 ) (-2572 1104 240 ) 
4 420 524 (-2608 1024 432 ) (-2608 1024 240 ) (-2572 1024 240 ) (-2572 1024 432 ) 
4 420 442 (-2608 1024 240 ) (-2608 1024 432 ) (-2608 1084.363037 432 ) (-2608 1084.363037 240 ) 
4 421 444 (-2608 1656 240 ) (-2608 1664 240 ) (-2608 1664 232 ) (-2608 1656 232 ) 
4 421 443 (-2608 1664 240 ) (-2608 2048 240 ) (-2608 2048 232 ) (-2608 1664 232 ) 
4 421 445 (-2608 1520 240 ) (-2608 1656 240 ) (-2608 1656 232 ) (-2608 1520 232 ) 
4 421 424 (-2608 1656 232 ) (-2608 1664 232 ) (-2048 1664 232 ) (-2048 1656 232 ) 
4 421 423 (-2608 1664 232 ) (-2608 2048 232 ) (-2048 2048 232 ) (-2048 1664 232 ) 
4 421 425 (-2608 1104 232 ) (-2608 1656 232 ) (-2048 1656 232 ) (-2048 1104 232 ) 
4 421 422 (-2352 1104 232 ) (-2048 1104 232 ) (-2048 1104 240 ) (-2352 1104 240 ) 
4 422 508 (-2048 1024 232 ) (-2048 1024 240 ) (-2352 1024 240 ) (-2352 1024 232 ) 
4 422 427 (-2048 1096 232 ) (-2048 1024 232 ) (-2352 1024 232 ) (-2352 1096 232 ) 
4 422 426 (-2352 1104 232 ) (-2048 1104 232 ) (-2048 1096 232 ) (-2352 1096 232 ) 
4 423 443 (-2608 1664 232 ) (-2608 2048 232 ) (-2608 2048 40 ) (-2608 1664 40 ) 
4 423 424 (-2048 1664 136 ) (-2048 1664 232 ) (-2608 1664 232 ) (-2608 1664 136 ) 
4 424 444 (-2608 1656 232 ) (-2608 1664 232 ) (-2608 1664 136 ) (-2608 1656 136 ) 
4 424 425 (-2048 1656 136 ) (-2048 1656 232 ) (-2608 1656 232 ) (-2608 1656 136 ) 
4 425 448 (-2608 1211 136 ) (-2608 1211 80 ) (-2608 1172 80 ) (-2608 1172 136 ) 
4 425 447 (-2608 1327 136 ) (-2608 1327 80 ) (-2608 1288 80 ) (-2608 1288 136 ) 
4 425 446 (-2608 1443 136 ) (-2608 1443 80 ) (-2608 1404 80 ) (-2608 1404 136 ) 
4 425 445 (-2608 1520 232 ) (-2608 1656 232 ) (-2608 1656 40 ) (-2608 1520 40 ) 
4 425 426 (-2352 1104 40 ) (-2048 1104 40 ) (-2048 1104 232 ) (-2352 1104 232 ) 
4 426 427 (-2352 1096 40 ) (-2048 1096 40 ) (-2048 1096 232 ) (-2352 1096 232 ) 
4 427 527 (-2148 1024 232 ) (-2352 1024 232 ) (-2352 1024 40 ) (-2148 1024 40 ) 
4 427 526 (-2048 1024 40 ) (-2048 1024 232 ) (-2148 1024 232 ) (-2148 1024 40 ) 
4 427 428 (-2352 1052 80 ) (-2352 1024 80 ) (-2352 1024 136 ) (-2352 1052 136 ) 
4 428 530 (-2360 1024 136 ) (-2360 1024 80 ) (-2352 1024 80 ) (-2352 1024 136 ) 
4 428 429 (-2360 1052 80 ) (-2360 1024 80 ) (-2360 1024 136 ) (-2360 1052 136 ) 
4 429 531 (-2360 1024 232 ) (-2608 1024 232 ) (-2608 1024 40 ) (-2360 1024 40 ) 
4 430 449 (-2616 2048 1104 ) (-2616 2048 632 ) (-2616 1520 632 ) (-2616 1520 1104 ) 
4 430 432 (-2616 1520 632 ) (-2616 2048 632 ) (-2608 2048 632 ) (-2608 1520 632 ) 
4 430 431 (-2608 1520 640 ) (-2608 1520 1104 ) (-2616 1520 1104 ) (-2616 1520 640 ) 
4 431 539 (-2608 1024 640 ) (-2608 1024 1104 ) (-2616 1024 1104 ) (-2616 1024 640 ) 
4 431 452 (-2616 1024 640 ) (-2616 1024 1104 ) (-2616 1520 1104 ) (-2616 1520 640 ) 
4 432 449 (-2616 2048 632 ) (-2616 2048 440 ) (-2616 1520 440 ) (-2616 1520 632 ) 
4 432 437 (-2616 1520 440 ) (-2616 2048 440 ) (-2608 2048 440 ) (-2608 1520 440 ) 
4 433 453 (-2616 1404 480 ) (-2616 1404 536 ) (-2616 1443 536 ) (-2616 1443 480 ) 
4 434 453 (-2616 1288 480 ) (-2616 1288 536 ) (-2616 1327 536 ) (-2616 1327 480 ) 
4 435 453 (-2616 1172 480 ) (-2616 1172 536 ) (-2616 1211 536 ) (-2616 1211 480 ) 
4 436 541 (-2608 1024 440 ) (-2608 1024 632 ) (-2616 1024 632 ) (-2616 1024 440 ) 
4 436 453 (-2616 1096 440 ) (-2616 1024 440 ) (-2616 1024 632 ) (-2616 1096 632 ) 
4 437 449 (-2616 2048 440 ) (-2616 2048 432 ) (-2616 1520 432 ) (-2616 1520 440 ) 
4 437 438 (-2616 1520 432 ) (-2616 2048 432 ) (-2608 2048 432 ) (-2608 1520 432 ) 
4 438 449 (-2616 2048 432 ) (-2616 2048 240 ) (-2616 1520 240 ) (-2616 1520 432 ) 
4 438 444 (-2616 1656 240 ) (-2616 1664 240 ) (-2608 1664 240 ) (-2608 1656 240 ) 
4 438 443 (-2616 1664 240 ) (-2616 2048 240 ) (-2608 2048 240 ) (-2608 1664 240 ) 
4 438 445 (-2616 1520 240 ) (-2616 1656 240 ) (-2608 1656 240 ) (-2608 1520 240 ) 
4 439 454 (-2616 1404 280 ) (-2616 1404 336 ) (-2616 1443 336 ) (-2616 1443 280 ) 
4 440 454 (-2616 1288 280 ) (-2616 1288 336 ) (-2616 1327 336 ) (-2616 1327 280 ) 
4 441 454 (-2616 1172 280 ) (-2616 1172 336 ) (-2616 1211 336 ) (-2616 1211 280 ) 
4 442 547 (-2608 1024 240 ) (-2608 1024 432 ) (-2616 1024 432 ) (-2616 1024 240 ) 
4 442 455 (-2616 1096 240 ) (-2616 1024 240 ) (-2616 1024 432 ) (-2616 1096 432 ) 
4 443 450 (-2616 2048 136 ) (-2616 2048 40 ) (-2616 1664 40 ) (-2616 1664 136 ) 
4 443 449 (-2616 2048 240 ) (-2616 2048 136 ) (-2616 1664 136 ) (-2616 1664 240 ) 
4 443 444 (-2608 1664 136 ) (-2608 1664 240 ) (-2616 1664 240 ) (-2616 1664 136 ) 
4 444 449 (-2616 1656 136 ) (-2616 1656 240 ) (-2616 1664 240 ) (-2616 1664 136 ) 
4 444 445 (-2608 1656 136 ) (-2608 1656 240 ) (-2616 1656 240 ) (-2616 1656 136 ) 
4 445 451 (-2616 1656 40 ) (-2616 1520 40 ) (-2616 1520 136 ) (-2616 1656 136 ) 
4 445 449 (-2616 1520 136 ) (-2616 1520 240 ) (-2616 1656 240 ) (-2616 1656 136 ) 
4 446 457 (-2616 1404 80 ) (-2616 1404 136 ) (-2616 1443 136 ) (-2616 1443 80 ) 
4 447 457 (-2616 1288 80 ) (-2616 1288 136 ) (-2616 1327 136 ) (-2616 1327 80 ) 
4 448 457 (-2616 1172 80 ) (-2616 1172 136 ) (-2616 1211 136 ) (-2616 1211 80 ) 
4 449 492 (-3072 1656 136 ) (-3072 1520 136 ) (-3072 1520 232 ) (-3072 1656 232 ) 
4 449 490 (-3072 1664 136 ) (-3072 1656 136 ) (-3072 1656 232 ) (-3072 1664 232 ) 
4 449 487 (-3072 2048 232 ) (-3072 2048 136 ) (-3072 1664 136 ) (-3072 1664 232 ) 
4 449 481 (-3072 2048 240 ) (-3072 2048 232 ) (-3072 1520 232 ) (-3072 1520 240 ) 
4 449 470 (-3072 2048 432 ) (-3072 2048 240 ) (-3072 1520 240 ) (-3072 1520 432 ) 
4 449 465 (-3072 2048 440 ) (-3072 2048 432 ) (-3072 1520 432 ) (-3072 1520 440 ) 
4 449 461 (-3072 2048 632 ) (-3072 2048 440 ) (-3072 1520 440 ) (-3072 1520 632 ) 
4 449 460 (-3072 2048 640 ) (-3072 2048 632 ) (-3072 1520 632 ) (-3072 1520 640 ) 
4 449 459 (-3072 2048 1104 ) (-3072 2048 640 ) (-3072 1520 640 ) (-3072 1520 1104 ) 
4 449 452 (-2616 1520 640 ) (-2616 1520 1104 ) (-3072 1520 1104 ) (-3072 1520 640 ) 
4 449 450 (-3072 1664 136 ) (-3072 2048 136 ) (-2616 2048 136 ) (-2616 1664 136 ) 
4 449 451 (-2616 1520 136 ) (-3072 1520 136 ) (-3072 1656 136 ) (-2616 1656 136 ) 
4 450 487 (-3072 2048 136 ) (-3072 2048 40 ) (-3072 1664 40 ) (-3072 1664 136 ) 
4 451 492 (-3072 1656 40 ) (-3072 1520 40 ) (-3072 1520 136 ) (-3072 1656 136 ) 
4 452 558 (-2616 1024 640 ) (-2616 1024 1104 ) (-3072 1024 1104 ) (-3072 1024 640 ) 
4 452 459 (-3072 1024 640 ) (-3072 1024 1104 ) (-3072 1520 1104 ) (-3072 1520 640 ) 
4 453 560 (-2616 1024 440 ) (-2616 1024 632 ) (-3072 1024 632 ) (-3072 1024 440 ) 
4 453 462 (-3072 1024 440 ) (-3072 1024 632 ) (-3072 1512 632 ) (-3072 1512 440 ) 
4 454 471 (-3072 1112 432 ) (-3072 1512 432 ) (-3072 1512 240 ) (-3072 1112 240 ) 
4 455 564 (-2616 1024 240 ) (-2616 1024 432 ) (-3072 1024 432 ) (-3072 1024 240 ) 
4 455 472 (-3072 1024 240 ) (-3072 1024 432 ) (-3072 1104 432 ) (-3072 1104 240 ) 
4 455 456 (-3072 1024 240 ) (-3072 1104 240 ) (-2616 1104 240 ) (-2616 1024 240 ) 
4 456 576 (-3060 1024 240 ) (-3072 1024 240 ) (-3072 1024 232 ) (-3060 1024 232 ) 
4 456 575 (-2616 1024 232 ) (-2616 1024 240 ) (-3060 1024 240 ) (-3060 1024 232 ) 
4 456 483 (-3072 1024 232 ) (-3072 1024 240 ) (-3072 1104 240 ) (-3072 1104 232 ) 
4 456 458 (-2616 1104 232 ) (-2616 1024 232 ) (-3072 1024 232 ) (-3072 1104 232 ) 
4 457 493 (-3072 1112 232 ) (-3072 1512 232 ) (-3072 1512 40 ) (-3072 1112 40 ) 
4 458 578 (-2616 1024 40 ) (-2616 1024 232 ) (-3072 1024 232 ) (-3072 1024 40 ) 
4 458 497 (-3072 1024 40 ) (-3072 1024 232 ) (-3072 1104 232 ) (-3072 1104 40 ) 
4 459 585 (-3072 1024 640 ) (-3072 1024 1104 ) (-3600 1024 1104 ) (-3600 1024 640 ) 
4 459 466 (-3600 1024 640 ) (-3600 1024 1104 ) (-3600 2048 1104 ) (-3600 2048 640 ) 
4 459 460 (-3600 1520 640 ) (-3600 2048 640 ) (-3072 2048 640 ) (-3072 1520 640 ) 
4 460 466 (-3600 1520 640 ) (-3600 2048 640 ) (-3600 2048 632 ) (-3600 1520 632 ) 
4 460 463 (-3600 1520 632 ) (-3600 2048 632 ) (-3592 2048 632 ) (-3592 1520 632 ) 
4 460 461 (-3592 2048 632 ) (-3072 2048 632 ) (-3072 1520 632 ) (-3592 1520 632 ) 
4 461 465 (-3592 2048 440 ) (-3072 2048 440 ) (-3072 1520 440 ) (-3592 1520 440 ) 
4 461 463 (-3592 2048 440 ) (-3592 1520 440 ) (-3592 1520 632 ) (-3592 2048 632 ) 
4 462 587 (-3072 1024 440 ) (-3072 1024 632 ) (-3592 1024 632 ) (-3592 1024 440 ) 
4 462 464 (-3592 1212 440 ) (-3592 1116 440 ) (-3592 1116 548 ) (-3592 1212 548 ) 
4 463 466 (-3600 1520 632 ) (-3600 2048 632 ) (-3600 2048 440 ) (-3600 1520 440 ) 
4 463 465 (-3600 1520 440 ) (-3600 2048 440 ) (-3592 2048 440 ) (-3592 1520 440 ) 
4 464 466 (-3600 1212 548 ) (-3600 1212 440 ) (-3600 1116 440 ) (-3600 1116 548 ) 
4 465 470 (-3600 1520 432 ) (-3600 2048 432 ) (-3072 2048 432 ) (-3072 1520 432 ) 
4 465 467 (-3600 2048 432 ) (-3600 1520 432 ) (-3600 1520 440 ) (-3600 2048 440 ) 
4 466 617 (-4096 1024 440 ) (-4096 1024 1104 ) (-4096 2048 1104 ) (-4096 2048 440 ) 
4 466 588 (-4096 1024 632 ) (-4096 1024 440 ) (-3600 1024 440 ) (-3600 1024 632 ) 
4 466 586 (-4096 1024 1104 ) (-4096 1024 632 ) (-3600 1024 632 ) (-3600 1024 1104 ) 
4 466 467 (-3712 2048 440 ) (-3600 2048 440 ) (-3600 1220 440 ) (-3712 1220 440 ) 
4 466 468 (-3600 1108 440 ) (-3600 1024 440 ) (-3712 1024 440 ) (-3712 1108 440 ) 
4 466 469 (-4096 1024 440 ) (-4096 2048 440 ) (-3712 2048 440 ) (-3712 1024 440 ) 
4 467 478 (-3712 1232 432 ) (-3712 1520 432 ) (-3600 1520 432 ) (-3600 1232 432 ) 
4 467 470 (-3712 1520 432 ) (-3712 2048 432 ) (-3600 2048 432 ) (-3600 1520 432 ) 
4 467 469 (-3712 2048 432 ) (-3712 1232 432 ) (-3712 1220 440 ) (-3712 2048 440 ) 
4 468 589 (-3712 1024 432 ) (-3600 1024 432 ) (-3600 1024 440 ) (-3712 1024 440 ) 
4 468 479 (-3600 1024 432 ) (-3712 1024 432 ) (-3712 1108 432 ) (-3600 1108 432 ) 
4 468 469 (-3712 1108 432 ) (-3712 1024 432 ) (-3712 1024 440 ) (-3712 1108 440 ) 
4 469 617 (-4096 1024 432 ) (-4096 1024 440 ) (-4096 2048 440 ) (-4096 2048 432 ) 
4 469 589 (-4096 1024 440 ) (-4096 1024 432 ) (-3712 1024 432 ) (-3712 1024 440 ) 
4 469 480 (-3712 1024 432 ) (-4096 1024 432 ) (-4096 1520 432 ) (-3712 1520 432 ) 
4 469 470 (-4096 1520 432 ) (-4096 2048 432 ) (-3712 2048 432 ) (-3712 1520 432 ) 
4 470 617 (-4096 1520 432 ) (-4096 2048 432 ) (-4096 2048 240 ) (-4096 1520 240 ) 
4 470 484 (-3712 1656 240 ) (-3712 2048 240 ) (-3600 2048 240 ) (-3600 1656 240 ) 
4 470 486 (-3712 1520 240 ) (-4096 1520 240 ) (-4096 2048 240 ) (-3712 2048 240 ) 
4 470 482 (-3600 1656 240 ) (-3600 2048 240 ) (-3112 2048 240 ) (-3112 1656 240 ) 
4 470 481 (-3072 2048 240 ) (-3072 1520 240 ) (-3112 1520 240 ) (-3112 2048 240 ) 
4 470 478 (-3712 1520 240 ) (-3600 1520 240 ) (-3600 1520 432 ) (-3712 1520 432 ) 
4 470 480 (-4096 1520 240 ) (-3712 1520 240 ) (-3712 1520 432 ) (-4096 1520 432 ) 
4 470 475 (-3528 1520 240 ) (-3432 1520 240 ) (-3432 1520 348 ) (-3528 1520 348 ) 
4 471 473 (-3360 1456 240 ) (-3360 1360 240 ) (-3360 1360 348 ) (-3360 1456 348 ) 
4 472 592 (-3072 1024 240 ) (-3072 1024 432 ) (-3360 1024 432 ) (-3360 1024 240 ) 
4 472 483 (-3072 1104 240 ) (-3072 1024 240 ) (-3360 1024 240 ) (-3360 1104 240 ) 
4 473 474 (-3368 1456 240 ) (-3368 1360 240 ) (-3368 1360 348 ) (-3368 1456 348 ) 
4 474 593 (-3368 1024 432 ) (-3432 1024 432 ) (-3432 1024 240 ) (-3368 1024 240 ) 
4 474 476 (-3432 1512 240 ) (-3432 1024 240 ) (-3432 1024 432 ) (-3432 1512 432 ) 
4 475 476 (-3528 1512 348 ) (-3528 1512 240 ) (-3432 1512 240 ) (-3432 1512 348 ) 
4 476 593 (-3432 1024 432 ) (-3528 1024 432 ) (-3528 1024 240 ) (-3432 1024 240 ) 
4 476 477 (-3528 1512 240 ) (-3528 1024 240 ) (-3528 1024 432 ) (-3528 1512 432 ) 
4 477 593 (-3528 1024 432 ) (-3592 1024 432 ) (-3592 1024 240 ) (-3528 1024 240 ) 
3 478 480 (-3712 1520 432 ) (-3712 1520 240 ) (-3712 1232 432 ) 
4 479 596 (-3600 1024 432 ) (-3712 1024 432 ) (-3712 1024 240 ) (-3600 1024 240 ) 
4 479 485 (-3600 1024 240 ) (-3712 1024 240 ) (-3712 1108 240 ) (-3600 1108 240 ) 
4 479 480 (-3712 1108 240 ) (-3712 1024 240 ) (-3712 1024 432 ) (-3712 1108 432 ) 
4 480 617 (-4096 1024 240 ) (-4096 1024 432 ) (-4096 1520 432 ) (-4096 1520 240 ) 
4 480 596 (-3712 1024 432 ) (-4096 1024 432 ) (-4096 1024 240 ) (-3712 1024 240 ) 
4 480 486 (-3712 1024 240 ) (-4096 1024 240 ) (-4096 1520 240 ) (-3712 1520 240 ) 
4 481 492 (-3072 1656 232 ) (-3072 1520 232 ) (-3112 1520 232 ) (-3112 1656 232 ) 
4 481 490 (-3072 1664 232 ) (-3072 1656 232 ) (-3112 1656 232 ) (-3112 1664 232 ) 
4 481 488 (-3104 1664 232 ) (-3112 1664 232 ) (-3112 2048 232 ) (-3104 2048 232 ) 
4 481 487 (-3072 2048 232 ) (-3072 1664 232 ) (-3104 1664 232 ) (-3104 2048 232 ) 
4 481 482 (-3112 2048 232 ) (-3112 1656 232 ) (-3112 1656 240 ) (-3112 2048 240 ) 
4 482 491 (-3600 1656 232 ) (-3600 1664 232 ) (-3112 1664 232 ) (-3112 1656 232 ) 
4 482 489 (-3600 1664 232 ) (-3600 2048 232 ) (-3112 2048 232 ) (-3112 1664 232 ) 
4 482 484 (-3600 2048 232 ) (-3600 1656 232 ) (-3600 1656 240 ) (-3600 2048 240 ) 
4 483 597 (-3072 1024 232 ) (-3072 1024 240 ) (-3360 1024 240 ) (-3360 1024 232 ) 
4 483 497 (-3072 1104 232 ) (-3072 1024 232 ) (-3360 1024 232 ) (-3360 1104 232 ) 
4 484 491 (-3712 1656 232 ) (-3712 1664 232 ) (-3600 1664 232 ) (-3600 1656 232 ) 
4 484 489 (-3712 1664 232 ) (-3712 2048 232 ) (-3600 2048 232 ) (-3600 1664 232 ) 
4 484 486 (-3712 2048 232 ) (-3712 1656 232 ) (-3712 1656 240 ) (-3712 2048 240 ) 
4 485 598 (-3600 1024 240 ) (-3712 1024 240 ) (-3712 1024 232 ) (-3600 1024 232 ) 
4 485 501 (-3704 1024 232 ) (-3712 1024 232 ) (-3712 1108 232 ) (-3704 1108 232 ) 
4 485 500 (-3600 1024 232 ) (-3704 1024 232 ) (-3704 1108 232 ) (-3600 1108 232 ) 
4 485 486 (-3712 1108 232 ) (-3712 1024 232 ) (-3712 1024 240 ) (-3712 1108 240 ) 
4 486 617 (-4096 1024 232 ) (-4096 1024 240 ) (-4096 2048 240 ) (-4096 2048 232 ) 
4 486 598 (-3712 1024 240 ) (-4096 1024 240 ) (-4096 1024 232 ) (-3712 1024 232 ) 
4 486 502 (-3712 1024 232 ) (-4096 1024 232 ) (-4096 1656 232 ) (-3712 1656 232 ) 
4 486 491 (-4096 1656 232 ) (-4096 1664 232 ) (-3712 1664 232 ) (-3712 1656 232 ) 
4 486 489 (-4096 1664 232 ) (-4096 2048 232 ) (-3712 2048 232 ) (-3712 1664 232 ) 
4 487 490 (-3072 1664 136 ) (-3072 1664 232 ) (-3104 1664 232 ) (-3104 1664 136 ) 
4 487 488 (-3104 1664 138 ) (-3104 1664 232 ) (-3104 2048 232 ) (-3104 2048 138 ) 
4 488 490 (-3104 1664 138 ) (-3104 1664 232 ) (-3112 1664 232 ) (-3112 1664 138 ) 
4 488 489 (-3112 1664 138 ) (-3112 1664 232 ) (-3112 2048 232 ) (-3112 2048 138 ) 
4 489 617 (-4096 1664 232 ) (-4096 2048 232 ) (-4096 2048 40 ) (-4096 1664 40 ) 
4 489 504 (-3712 2048 40 ) (-3600 2048 40 ) (-3600 1664 40 ) (-3712 1664 40 ) 
4 489 503 (-3600 2048 40 ) (-3112 2048 40 ) (-3112 1664 40 ) (-3600 1664 40 ) 
4 489 506 (-4096 1664 40 ) (-4096 2048 40 ) (-3712 2048 40 ) (-3712 1664 40 ) 
4 489 491 (-4096 1664 40 ) (-3112 1664 40 ) (-3112 1664 232 ) (-4096 1664 232 ) 
4 490 492 (-3072 1656 136 ) (-3072 1656 232 ) (-3112 1656 232 ) (-3112 1656 136 ) 
4 490 491 (-3112 1664 232 ) (-3112 1664 136 ) (-3112 1656 136 ) (-3112 1656 232 ) 
4 491 617 (-4096 1656 232 ) (-4096 1664 232 ) (-4096 1664 40 ) (-4096 1656 40 ) 
4 491 504 (-3712 1664 40 ) (-3600 1664 40 ) (-3600 1656 40 ) (-3712 1656 40 ) 
4 491 503 (-3600 1664 40 ) (-3112 1664 40 ) (-3112 1656 40 ) (-3600 1656 40 ) 
4 491 506 (-4096 1656 40 ) (-4096 1664 40 ) (-3712 1664 40 ) (-3712 1656 40 ) 
4 491 502 (-4096 1656 40 ) (-3712 1656 40 ) (-3712 1656 232 ) (-4096 1656 232 ) 
4 493 494 (-3112 1512 40 ) (-3112 1112 40 ) (-3112 1112 232 ) (-3112 1512 232 ) 
4 494 495 (-3120 1512 40 ) (-3120 1112 40 ) (-3120 1112 232 ) (-3120 1512 232 ) 
4 495 498 (-3592 1648 40 ) (-3592 1416 40 ) (-3592 1416 232 ) (-3592 1648 232 ) 
4 495 496 (-3524 1112 40 ) (-3428 1112 40 ) (-3428 1112 148 ) (-3524 1112 148 ) 
4 496 497 (-3524 1104 40 ) (-3428 1104 40 ) (-3428 1104 148 ) (-3524 1104 148 ) 
4 497 600 (-3072 1024 40 ) (-3072 1024 232 ) (-3592 1024 232 ) (-3592 1024 40 ) 
4 498 499 (-3600 1648 232 ) (-3600 1648 40 ) (-3600 1416 40 ) (-3600 1416 232 ) 
4 500 603 (-3600 1024 232 ) (-3704 1024 232 ) (-3704 1024 40 ) (-3600 1024 40 ) 
4 500 505 (-3600 1024 40 ) (-3704 1024 40 ) (-3704 1108 40 ) (-3600 1108 40 ) 
4 500 501 (-3704 1108 40 ) (-3704 1024 40 ) (-3704 1024 232 ) (-3704 1108 232 ) 
4 501 603 (-3704 1024 232 ) (-3712 1024 232 ) (-3712 1024 40 ) (-3704 1024 40 ) 
4 501 505 (-3704 1024 40 ) (-3712 1024 40 ) (-3712 1108 40 ) (-3704 1108 40 ) 
4 501 502 (-3712 1108 40 ) (-3712 1024 40 ) (-3712 1024 232 ) (-3712 1108 232 ) 
4 502 617 (-4096 1024 40 ) (-4096 1024 232 ) (-4096 1656 232 ) (-4096 1656 40 ) 
4 502 603 (-3712 1024 232 ) (-4096 1024 232 ) (-4096 1024 40 ) (-3712 1024 40 ) 
4 502 506 (-3712 1024 40 ) (-4096 1024 40 ) (-4096 1656 40 ) (-3712 1656 40 ) 
4 503 504 (-3600 2048 32 ) (-3600 1656 32 ) (-3600 1656 40 ) (-3600 2048 40 ) 
4 504 506 (-3712 2048 32 ) (-3712 1656 32 ) (-3712 1656 40 ) (-3712 2048 40 ) 
4 505 604 (-3600 1024 40 ) (-3712 1024 40 ) (-3712 1024 32 ) (-3600 1024 32 ) 
4 505 506 (-3712 1108 32 ) (-3712 1024 32 ) (-3712 1024 40 ) (-3712 1108 40 ) 
4 506 617 (-4096 1024 32 ) (-4096 1024 40 ) (-4096 2048 40 ) (-4096 2048 32 ) 
4 506 604 (-3712 1024 40 ) (-4096 1024 40 ) (-4096 1024 32 ) (-3712 1024 32 ) 
4 507 1750 (-2048 0 240 ) (-2048 0 1104 ) (-2564 0 1104 ) (-2564 0 240 ) 
4 507 522 (-2564 808 240 ) (-2564 0 240 ) (-2564 0 248 ) (-2564 808 248 ) 
4 507 521 (-2564 808 248 ) (-2564 0 248 ) (-2564 0 424 ) (-2564 808 424 ) 
4 507 520 (-2564 1024 424 ) (-2564 1024 248 ) (-2564 816 248 ) (-2564 816 424 ) 
4 507 519 (-2564 808 424 ) (-2564 0 424 ) (-2564 0 432 ) (-2564 808 432 ) 
4 507 518 (-2564 808 432 ) (-2564 0 432 ) (-2564 0 440 ) (-2564 808 440 ) 
4 507 515 (-2564 808 440 ) (-2564 0 440 ) (-2564 0 448 ) (-2564 808 448 ) 
4 507 514 (-2564 808 448 ) (-2564 0 448 ) (-2564 0 624 ) (-2564 808 624 ) 
4 507 513 (-2564 1024 624 ) (-2564 1024 448 ) (-2564 816 448 ) (-2564 816 624 ) 
4 507 512 (-2564 808 624 ) (-2564 0 624 ) (-2564 0 632 ) (-2564 808 632 ) 
4 507 511 (-2564 808 632 ) (-2564 0 632 ) (-2564 0 640 ) (-2564 808 640 ) 
4 507 510 (-2564 1024 1104 ) (-2564 1024 640 ) (-2564 0 640 ) (-2564 0 1104 ) 
4 507 509 (-2564 0 240 ) (-2564 736 240 ) (-2352 736 240 ) (-2352 0 240 ) 
4 507 508 (-2352 1024 240 ) (-2048 1024 240 ) (-2048 0 240 ) (-2352 0 240 ) 
4 508 1750 (-2048 0 232 ) (-2048 0 240 ) (-2352 0 240 ) (-2352 0 232 ) 
4 508 528 (-2148 320 232 ) (-2148 312 232 ) (-2352 312 232 ) (-2352 320 232 ) 
4 508 527 (-2352 1024 232 ) (-2148 1024 232 ) (-2148 320 232 ) (-2352 320 232 ) 
4 508 529 (-2148 312 232 ) (-2148 0 232 ) (-2352 0 232 ) (-2352 312 232 ) 
4 508 526 (-2148 1024 232 ) (-2048 1024 232 ) (-2048 0 232 ) (-2148 0 232 ) 
4 508 509 (-2352 736 232 ) (-2352 0 232 ) (-2352 0 240 ) (-2352 736 240 ) 
4 509 1750 (-2352 0 240 ) (-2564 0 240 ) (-2564 0 232 ) (-2352 0 232 ) 
4 509 537 (-2352 320 232 ) (-2352 312 232 ) (-2564 312 232 ) (-2564 320 232 ) 
4 509 538 (-2352 312 232 ) (-2352 0 232 ) (-2564 0 232 ) (-2564 312 232 ) 
4 509 536 (-2352 736 232 ) (-2352 320 232 ) (-2564 320 232 ) (-2564 736 232 ) 
4 509 525 (-2564 736 232 ) (-2564 0 232 ) (-2564 0 240 ) (-2564 736 240 ) 
4 510 1750 (-2608 0 1104 ) (-2608 0 640 ) (-2564 0 640 ) (-2564 0 1104 ) 
4 510 539 (-2608 320 1104 ) (-2608 1024 1104 ) (-2608 1024 640 ) (-2608 320 640 ) 
4 510 540 (-2608 0 640 ) (-2608 0 1104 ) (-2608 320 1104 ) (-2608 320 640 ) 
4 510 511 (-2608 0 640 ) (-2608 744 640 ) (-2564 808 640 ) (-2564 0 640 ) 
4 511 1750 (-2608 0 640 ) (-2608 0 632 ) (-2564 0 632 ) (-2564 0 640 ) 
4 511 540 (-2608 0 632 ) (-2608 0 640 ) (-2608 320 640 ) (-2608 320 632 ) 
4 511 516 (-2608 0 632 ) (-2608 744 632 ) (-2572 796.363831 632 ) (-2572 0 632 ) 
4 511 512 (-2572 796.363831 632 ) (-2564 808 632 ) (-2564 0 632 ) (-2572 0 632 ) 
4 512 1750 (-2564 0 624 ) (-2564 0 632 ) (-2572 0 632 ) (-2572 0 624 ) 
4 512 516 (-2572 0 624 ) (-2572 0 632 ) (-2572 796.363464 632 ) (-2572 796.363464 624 ) 
4 512 514 (-2572 0 624 ) (-2572 796.363464 624 ) (-2564 808 624 ) (-2564 0 624 ) 
4 513 517 (-2572 816 624 ) (-2572 1024 624 ) (-2572 1024 448 ) (-2572 816 448 ) 
4 514 1750 (-2564 0 448 ) (-2564 0 624 ) (-2572 0 624 ) (-2572 0 448 ) 
4 514 516 (-2572 0 448 ) (-2572 0 624 ) (-2572 796.363281 624 ) (-2572 796.363281 448 ) 
4 514 515 (-2572 0 448 ) (-2572 796.363281 448 ) (-2564 808 448 ) (-2564 0 448 ) 
4 515 1750 (-2572 0 440 ) (-2564 0 440 ) (-2564 0 448 ) (-2572 0 448 ) 
4 515 518 (-2564 808 440 ) (-2564 0 440 ) (-2572 0 440 ) (-2572 796.363464 440 ) 
4 515 516 (-2572 796.363464 440 ) (-2572 0 440 ) (-2572 0 448 ) (-2572 796.363464 448 ) 
4 516 1750 (-2608 0 632 ) (-2608 0 440 ) (-2572 0 440 ) (-2572 0 632 ) 
4 516 545 (-2608 0 440 ) (-2608 0 632 ) (-2608 320 632 ) (-2608 320 440 ) 
4 516 544 (-2608 436 536 ) (-2608 436 480 ) (-2608 397 480 ) (-2608 397 536 ) 
4 516 543 (-2608 552 536 ) (-2608 552 480 ) (-2608 513 480 ) (-2608 513 536 ) 
4 516 542 (-2608 668 536 ) (-2608 668 480 ) (-2608 629 480 ) (-2608 629 536 ) 
4 516 518 (-2608 0 440 ) (-2608 744 440 ) (-2572 796.363464 440 ) (-2572 0 440 ) 
4 517 541 (-2608 755.636963 632 ) (-2608 1024 632 ) (-2608 1024 440 ) (-2608 755.636963 440 ) 
4 518 1750 (-2608 0 440 ) (-2608 0 432 ) (-2564 0 432 ) (-2564 0 440 ) 
4 518 546 (-2608 0 432 ) (-2608 0 440 ) (-2608 320 440 ) (-2608 320 432 ) 
4 518 523 (-2608 0 432 ) (-2608 744 432 ) (-2572 796.363831 432 ) (-2572 0 432 ) 
4 518 519 (-2572 796.363831 432 ) (-2564 808 432 ) (-2564 0 432 ) (-2572 0 432 ) 
4 519 1750 (-2564 0 424 ) (-2564 0 432 ) (-2572 0 432 ) (-2572 0 424 ) 
4 519 523 (-2572 0 424 ) (-2572 0 432 ) (-2572 796.363464 432 ) (-2572 796.363464 424 ) 
4 519 521 (-2572 0 424 ) (-2572 796.363464 424 ) (-2564 808 424 ) (-2564 0 424 ) 
4 520 524 (-2572 816 424 ) (-2572 1024 424 ) (-2572 1024 248 ) (-2572 816 248 ) 
4 521 1750 (-2564 0 248 ) (-2564 0 424 ) (-2572 0 424 ) (-2572 0 248 ) 
4 521 523 (-2572 0 248 ) (-2572 0 424 ) (-2572 796.363281 424 ) (-2572 796.363281 248 ) 
4 521 522 (-2572 0 248 ) (-2572 796.363281 248 ) (-2564 808 248 ) (-2564 0 248 ) 
4 522 1750 (-2572 0 240 ) (-2564 0 240 ) (-2564 0 248 ) (-2572 0 248 ) 
4 522 525 (-2564 736 240 ) (-2564 0 240 ) (-2572 0 240 ) (-2572 736 240 ) 
4 522 523 (-2572 796.363464 240 ) (-2572 0 240 ) (-2572 0 248 ) (-2572 796.363464 248 ) 
4 523 1750 (-2608 0 432 ) (-2608 0 240 ) (-2572 0 240 ) (-2572 0 432 ) 
4 523 551 (-2608 0 240 ) (-2608 0 432 ) (-2608 320 432 ) (-2608 320 240 ) 
4 523 550 (-2608 436 336 ) (-2608 436 280 ) (-2608 397 280 ) (-2608 397 336 ) 
4 523 549 (-2608 552 336 ) (-2608 552 280 ) (-2608 513 280 ) (-2608 513 336 ) 
4 523 548 (-2608 668 336 ) (-2608 668 280 ) (-2608 629 280 ) (-2608 629 336 ) 
4 523 525 (-2608 0 240 ) (-2608 736 240 ) (-2572 736 240 ) (-2572 0 240 ) 
4 524 547 (-2608 755.636963 432 ) (-2608 1024 432 ) (-2608 1024 240 ) (-2608 755.636963 240 ) 
4 525 1750 (-2608 0 240 ) (-2608 0 232 ) (-2564 0 232 ) (-2564 0 240 ) 
4 525 556 (-2608 312 240 ) (-2608 320 240 ) (-2608 320 232 ) (-2608 312 232 ) 
4 525 557 (-2608 0 232 ) (-2608 0 240 ) (-2608 312 240 ) (-2608 312 232 ) 
4 525 537 (-2608 312 232 ) (-2608 320 232 ) (-2564 320 232 ) (-2564 312 232 ) 
4 525 538 (-2608 0 232 ) (-2608 312 232 ) (-2564 312 232 ) (-2564 0 232 ) 
4 525 536 (-2608 320 232 ) (-2608 736 232 ) (-2564 736 232 ) (-2564 320 232 ) 
4 526 1751 (-2048 0 40 ) (-2048 0 136 ) (-2148 0 136 ) (-2148 0 40 ) 
4 526 1750 (-2048 0 136 ) (-2048 0 232 ) (-2148 0 232 ) (-2148 0 136 ) 
4 526 528 (-2148 312 136 ) (-2148 312 232 ) (-2148 320 232 ) (-2148 320 136 ) 
4 526 527 (-2148 1024 40 ) (-2148 320 40 ) (-2148 320 232 ) (-2148 1024 232 ) 
4 526 529 (-2148 312 40 ) (-2148 0 40 ) (-2148 0 232 ) (-2148 312 232 ) 
4 527 536 (-2352 736 40 ) (-2352 320 40 ) (-2352 320 232 ) (-2352 736 232 ) 
4 527 534 (-2352 789 136 ) (-2352 828 136 ) (-2352 828 80 ) (-2352 789 80 ) 
4 527 532 (-2352 968 40 ) (-2352 872 40 ) (-2352 872 148 ) (-2352 968 148 ) 
4 527 530 (-2352 1013 136 ) (-2352 1024 136 ) (-2352 1024 80 ) (-2352 1013 80 ) 
4 527 528 (-2352 320 232 ) (-2352 320 136 ) (-2148 320 136 ) (-2148 320 232 ) 
4 528 537 (-2352 312 136 ) (-2352 312 232 ) (-2352 320 232 ) (-2352 320 136 ) 
4 528 529 (-2352 312 232 ) (-2352 312 136 ) (-2148 312 136 ) (-2148 312 232 ) 
4 529 1751 (-2352 0 136 ) (-2352 0 40 ) (-2148 0 40 ) (-2148 0 136 ) 
4 529 1750 (-2148 0 232 ) (-2352 0 232 ) (-2352 0 136 ) (-2148 0 136 ) 
4 529 538 (-2352 312 40 ) (-2352 0 40 ) (-2352 0 232 ) (-2352 312 232 ) 
4 530 531 (-2360 1013 136 ) (-2360 1024 136 ) (-2360 1024 80 ) (-2360 1013 80 ) 
4 531 533 (-2608 968 40 ) (-2360 968 40 ) (-2360 968 232 ) (-2608 968 232 ) 
4 532 533 (-2360 968 148 ) (-2360 968 40 ) (-2360 872 40 ) (-2360 872 148 ) 
4 533 552 (-2608 968 148 ) (-2608 968 40 ) (-2608 872 40 ) (-2608 872 148 ) 
4 533 535 (-2608 872 40 ) (-2360 872 40 ) (-2360 872 232 ) (-2608 872 232 ) 
4 534 535 (-2360 828 80 ) (-2360 789 80 ) (-2360 789 136 ) (-2360 828 136 ) 
4 536 555 (-2608 436 136 ) (-2608 436 80 ) (-2608 397 80 ) (-2608 397 136 ) 
4 536 554 (-2608 552 136 ) (-2608 552 80 ) (-2608 513 80 ) (-2608 513 136 ) 
4 536 553 (-2608 668 136 ) (-2608 668 80 ) (-2608 629 80 ) (-2608 629 136 ) 
4 536 537 (-2352 320 136 ) (-2352 320 232 ) (-2608 320 232 ) (-2608 320 136 ) 
4 537 556 (-2608 312 232 ) (-2608 320 232 ) (-2608 320 136 ) (-2608 312 136 ) 
4 537 538 (-2352 312 136 ) (-2352 312 232 ) (-2608 312 232 ) (-2608 312 136 ) 
4 538 1751 (-2608 0 136 ) (-2608 0 40 ) (-2352 0 40 ) (-2352 0 136 ) 
4 538 1750 (-2352 0 232 ) (-2608 0 232 ) (-2608 0 136 ) (-2352 0 136 ) 
4 538 557 (-2608 0 40 ) (-2608 0 232 ) (-2608 312 232 ) (-2608 312 40 ) 
4 539 558 (-2616 1024 1104 ) (-2616 1024 640 ) (-2616 320 640 ) (-2616 320 1104 ) 
4 539 540 (-2608 320 640 ) (-2608 320 1104 ) (-2616 320 1104 ) (-2616 320 640 ) 
4 540 1750 (-2608 0 632 ) (-2608 0 1104 ) (-2616 0 1104 ) (-2616 0 632 ) 
4 540 559 (-2616 320 632 ) (-2616 0 632 ) (-2616 0 640 ) (-2616 320 640 ) 
4 540 558 (-2616 0 640 ) (-2616 0 1104 ) (-2616 320 1104 ) (-2616 320 640 ) 
4 540 545 (-2616 0 632 ) (-2616 320 632 ) (-2608 320 632 ) (-2608 0 632 ) 
4 541 560 (-2616 1024 632 ) (-2616 1024 440 ) (-2616 744 440 ) (-2616 744 632 ) 
4 542 560 (-2616 629 480 ) (-2616 629 536 ) (-2616 668 536 ) (-2616 668 480 ) 
4 543 560 (-2616 513 480 ) (-2616 513 536 ) (-2616 552 536 ) (-2616 552 480 ) 
4 544 560 (-2616 397 480 ) (-2616 397 536 ) (-2616 436 536 ) (-2616 436 480 ) 
4 545 1750 (-2608 0 440 ) (-2608 0 632 ) (-2616 0 632 ) (-2616 0 440 ) 
4 545 561 (-2616 320 440 ) (-2616 0 440 ) (-2616 0 632 ) (-2616 320 632 ) 
4 545 546 (-2616 0 440 ) (-2616 320 440 ) (-2608 320 440 ) (-2608 0 440 ) 
4 546 1750 (-2608 0 432 ) (-2608 0 440 ) (-2616 0 440 ) (-2616 0 432 ) 
4 546 563 (-2616 320 432 ) (-2616 0 432 ) (-2616 0 440 ) (-2616 320 440 ) 
4 546 551 (-2616 0 432 ) (-2616 320 432 ) (-2608 320 432 ) (-2608 0 432 ) 
4 547 564 (-2616 1024 432 ) (-2616 1024 240 ) (-2616 744 240 ) (-2616 744 432 ) 
4 548 564 (-2616 629 280 ) (-2616 629 336 ) (-2616 668 336 ) (-2616 668 280 ) 
4 549 568 (-2616 513 280 ) (-2616 513 336 ) (-2616 552 336 ) (-2616 552 280 ) 
4 550 573 (-2616 397 280 ) (-2616 397 336 ) (-2616 436 336 ) (-2616 436 280 ) 
4 551 1750 (-2608 0 240 ) (-2608 0 432 ) (-2616 0 432 ) (-2616 0 240 ) 
4 551 574 (-2616 320 240 ) (-2616 0 240 ) (-2616 0 432 ) (-2616 320 432 ) 
4 551 556 (-2616 312 240 ) (-2616 320 240 ) (-2608 320 240 ) (-2608 312 240 ) 
4 551 557 (-2616 0 240 ) (-2616 312 240 ) (-2608 312 240 ) (-2608 0 240 ) 
4 552 578 (-2616 968 40 ) (-2616 872 40 ) (-2616 872 148 ) (-2616 968 148 ) 
4 553 580 (-2616 629 80 ) (-2616 629 136 ) (-2616 668 136 ) (-2616 668 80 ) 
4 554 582 (-2616 513 80 ) (-2616 513 136 ) (-2616 552 136 ) (-2616 552 80 ) 
4 555 582 (-2616 397 80 ) (-2616 397 136 ) (-2616 436 136 ) (-2616 436 80 ) 
4 556 583 (-2616 312 136 ) (-2616 312 240 ) (-2616 320 240 ) (-2616 320 136 ) 
4 556 557 (-2608 312 136 ) (-2608 312 240 ) (-2616 312 240 ) (-2616 312 136 ) 
4 557 1751 (-2608 0 40 ) (-2608 0 136 ) (-2616 0 136 ) (-2616 0 40 ) 
4 557 1750 (-2608 0 136 ) (-2608 0 240 ) (-2616 0 240 ) (-2616 0 136 ) 
4 557 584 (-2616 312 40 ) (-2616 0 40 ) (-2616 0 136 ) (-2616 312 136 ) 
4 557 583 (-2616 0 136 ) (-2616 0 240 ) (-2616 312 240 ) (-2616 312 136 ) 
4 558 1750 (-2616 0 640 ) (-2616 0 1104 ) (-3072 0 1104 ) (-3072 0 640 ) 
4 558 605 (-3072 320 640 ) (-3072 0 640 ) (-3072 0 1104 ) (-3072 320 1104 ) 
4 558 585 (-3072 1024 1104 ) (-3072 1024 640 ) (-3072 320 640 ) (-3072 320 1104 ) 
4 558 559 (-2616 320 640 ) (-2616 0 640 ) (-3072 0 640 ) (-3072 320 640 ) 
4 559 1750 (-2616 0 632 ) (-2616 0 640 ) (-3072 0 640 ) (-3072 0 632 ) 
4 559 605 (-3072 320 632 ) (-3072 0 632 ) (-3072 0 640 ) (-3072 320 640 ) 
4 559 561 (-3072 0 632 ) (-3072 320 632 ) (-2616 320 632 ) (-2616 0 632 ) 
4 560 587 (-3072 1024 632 ) (-3072 1024 440 ) (-3072 328 440 ) (-3072 328 632 ) 
4 560 562 (-3060 328 440 ) (-3072 328 440 ) (-3072 456 440 ) (-3060 456 440 ) 
4 561 1750 (-2616 0 440 ) (-2616 0 632 ) (-3072 0 632 ) (-3072 0 440 ) 
4 561 605 (-3072 320 440 ) (-3072 0 440 ) (-3072 0 632 ) (-3072 320 632 ) 
4 561 563 (-2616 320 440 ) (-2616 0 440 ) (-3072 0 440 ) (-3072 320 440 ) 
4 562 590 (-3072 456 432 ) (-3072 328 432 ) (-3072 328 440 ) (-3072 456 440 ) 
4 563 1750 (-2616 0 432 ) (-2616 0 440 ) (-3072 0 440 ) (-3072 0 432 ) 
4 563 605 (-3072 320 432 ) (-3072 0 432 ) (-3072 0 440 ) (-3072 320 440 ) 
4 563 574 (-3072 0 432 ) (-3072 320 432 ) (-2616 320 432 ) (-2616 0 432 ) 
4 564 592 (-3072 1024 432 ) (-3072 1024 240 ) (-3072 608 240 ) (-3072 608 432 ) 
4 564 577 (-3060 736 240 ) (-3060 608 240 ) (-3072 608 240 ) (-3072 736 240 ) 
4 564 576 (-3072 1024 240 ) (-3060 1024 240 ) (-3060 736 240 ) (-3072 736 240 ) 
4 564 575 (-3060 1024 240 ) (-2616 1024 240 ) (-2616 736 240 ) (-3060 736 240 ) 
4 564 565 (-2872 608 240 ) (-2824 608 240 ) (-2824 608 348 ) (-2872 608 348 ) 
4 565 566 (-2872 600 240 ) (-2824 600 240 ) (-2824 600 348 ) (-2872 600 348 ) 
4 566 568 (-3060 576 240 ) (-2616 576 240 ) (-2616 576 432 ) (-3060 576 432 ) 
4 567 594 (-3072 600 240 ) (-3072 576 240 ) (-3072 576 432 ) (-3072 600 432 ) 
4 567 570 (-3072 576 240 ) (-3068 576 240 ) (-3068 576 432 ) (-3072 576 432 ) 
4 568 571 (-3060 480 240 ) (-2616 480 240 ) (-2616 480 432 ) (-3060 480 432 ) 
4 568 569 (-3060 576 348 ) (-3060 576 240 ) (-3060 480 240 ) (-3060 480 348 ) 
4 569 570 (-3068 576 348 ) (-3068 576 240 ) (-3068 480 240 ) (-3068 480 348 ) 
4 570 594 (-3072 576 240 ) (-3072 480 240 ) (-3072 480 432 ) (-3072 576 432 ) 
4 570 572 (-3072 480 240 ) (-3068 480 240 ) (-3068 480 432 ) (-3072 480 432 ) 
4 571 573 (-3060 456 240 ) (-2616 456 240 ) (-2616 456 432 ) (-3060 456 432 ) 
4 572 594 (-3072 480 240 ) (-3072 456 240 ) (-3072 456 432 ) (-3072 480 432 ) 
4 574 1750 (-2616 0 240 ) (-2616 0 432 ) (-3072 0 432 ) (-3072 0 240 ) 
4 574 605 (-3072 320 240 ) (-3072 0 240 ) (-3072 0 432 ) (-3072 320 432 ) 
4 574 583 (-2616 320 240 ) (-2616 0 240 ) (-3072 0 240 ) (-3072 320 240 ) 
4 575 578 (-3060 1024 232 ) (-2616 1024 232 ) (-2616 736 232 ) (-3060 736 232 ) 
4 575 576 (-3060 1024 232 ) (-3060 736 232 ) (-3060 736 240 ) (-3060 1024 240 ) 
4 576 597 (-3072 1024 240 ) (-3072 1024 232 ) (-3072 736 232 ) (-3072 736 240 ) 
4 576 578 (-3072 736 232 ) (-3072 1024 232 ) (-3060 1024 232 ) (-3060 736 232 ) 
3 576 577 (-3072 736 232 ) (-3060 736 240 ) (-3072 736 240 ) 
4 577 597 (-3072 736 232 ) (-3072 608 232 ) (-3072 608 240 ) (-3072 736 240 ) 
4 578 600 (-3072 1024 232 ) (-3072 1024 40 ) (-3072 736 40 ) (-3072 736 232 ) 
4 578 579 (-2886 736 40 ) (-2790 736 40 ) (-2790 736 148 ) (-2886 736 148 ) 
4 579 580 (-2886 728 40 ) (-2790 728 40 ) (-2790 728 148 ) (-2886 728 148 ) 
4 580 581 (-3060 608 40 ) (-2616 608 40 ) (-2616 608 232 ) (-3060 608 232 ) 
4 581 582 (-3060 600 40 ) (-2616 600 40 ) (-2616 600 232 ) (-3060 600 232 ) 
4 582 602 (-3072 600 40 ) (-3072 328 40 ) (-3072 328 232 ) (-3072 600 232 ) 
4 583 1750 (-2616 0 136 ) (-2616 0 240 ) (-3072 0 240 ) (-3072 0 136 ) 
4 583 605 (-3072 0 136 ) (-3072 0 240 ) (-3072 320 240 ) (-3072 320 136 ) 
4 583 584 (-2616 312 136 ) (-2616 0 136 ) (-2652 0 136 ) (-2652 312 136 ) 
4 584 1751 (-2616 0 40 ) (-2616 0 136 ) (-2652 0 136 ) (-2652 0 40 ) 
4 585 605 (-3072 320 640 ) (-3072 320 1104 ) (-3600 320 1104 ) (-3600 320 640 ) 
4 585 586 (-3600 320 640 ) (-3600 320 1104 ) (-3600 1024 1104 ) (-3600 1024 640 ) 
4 586 620 (-4096 320 632 ) (-4096 320 1104 ) (-4096 1024 1104 ) (-4096 1024 632 ) 
4 586 605 (-3600 320 1104 ) (-4096 320 1104 ) (-4096 320 632 ) (-3600 320 632 ) 
4 586 588 (-3600 320 632 ) (-4096 320 632 ) (-4096 1024 632 ) (-3600 1024 632 ) 
4 587 590 (-3360 456 440 ) (-3072 456 440 ) (-3072 328 440 ) (-3360 328 440 ) 
4 588 620 (-4096 320 440 ) (-4096 320 632 ) (-4096 1024 632 ) (-4096 1024 440 ) 
4 588 605 (-3600 320 632 ) (-4096 320 632 ) (-4096 320 440 ) (-3600 320 440 ) 
4 588 591 (-3600 320 440 ) (-4096 320 440 ) (-4096 456 440 ) (-3600 456 440 ) 
4 588 589 (-4096 456 440 ) (-4096 1024 440 ) (-3600 1024 440 ) (-3600 456 440 ) 
4 589 620 (-4096 456 440 ) (-4096 1024 440 ) (-4096 1024 432 ) (-4096 456 432 ) 
4 589 596 (-4096 456 432 ) (-4096 1024 432 ) (-3600 1024 432 ) (-3600 456 432 ) 
4 589 591 (-4096 456 432 ) (-3600 456 432 ) (-3600 456 440 ) (-4096 456 440 ) 
4 590 595 (-3360 328 432 ) (-3360 456 432 ) (-3072 456 432 ) (-3072 328 432 ) 
4 591 620 (-4096 320 432 ) (-4096 320 440 ) (-4096 456 440 ) (-4096 456 432 ) 
4 591 605 (-3600 320 440 ) (-4096 320 440 ) (-4096 320 432 ) (-3600 320 432 ) 
4 591 596 (-3600 320 432 ) (-4096 320 432 ) (-4096 456 432 ) (-3600 456 432 ) 
4 592 597 (-3360 1024 240 ) (-3072 1024 240 ) (-3072 608 240 ) (-3360 608 240 ) 
4 593 594 (-3592 600 432 ) (-3592 600 240 ) (-3368 600 240 ) (-3368 600 432 ) 
4 594 595 (-3592 456 432 ) (-3592 456 240 ) (-3360 456 240 ) (-3072 456 432 ) 
4 596 620 (-4096 320 240 ) (-4096 320 432 ) (-4096 1024 432 ) (-4096 1024 240 ) 
4 596 605 (-3600 320 432 ) (-4096 320 432 ) (-4096 320 240 ) (-3600 320 240 ) 
4 596 599 (-3600 320 240 ) (-4096 320 240 ) (-4096 608 240 ) (-3600 608 240 ) 
4 596 598 (-4096 608 240 ) (-4096 1024 240 ) (-3600 1024 240 ) (-3600 608 240 ) 
4 597 601 (-3072 736 232 ) (-3072 608 232 ) (-3360 608 232 ) (-3360 736 232 ) 
4 597 600 (-3360 1024 232 ) (-3072 1024 232 ) (-3072 736 232 ) (-3360 736 232 ) 
4 598 620 (-4096 608 240 ) (-4096 1024 240 ) (-4096 1024 232 ) (-4096 608 232 ) 
4 598 603 (-4096 608 232 ) (-4096 1024 232 ) (-3600 1024 232 ) (-3600 608 232 ) 
4 598 599 (-4096 608 232 ) (-3600 608 232 ) (-3600 608 240 ) (-4096 608 240 ) 
4 599 620 (-4096 320 232 ) (-4096 320 240 ) (-4096 608 240 ) (-4096 608 232 ) 
4 599 605 (-3600 320 240 ) (-4096 320 240 ) (-4096 320 232 ) (-3600 320 232 ) 
4 599 603 (-3600 320 232 ) (-4096 320 232 ) (-4096 608 232 ) (-3600 608 232 ) 
4 600 601 (-3592 736 232 ) (-3592 736 40 ) (-3360 736 40 ) (-3072 736 232 ) 
4 603 620 (-4096 320 40 ) (-4096 320 232 ) (-4096 1024 232 ) (-4096 1024 40 ) 
4 603 606 (-4096 320 136 ) (-4096 320 40 ) (-3600 320 40 ) (-3600 320 136 ) 
4 603 605 (-3600 320 232 ) (-4096 320 232 ) (-4096 320 136 ) (-3600 320 136 ) 
4 603 604 (-3600 320 40 ) (-4096 320 40 ) (-4096 1024 40 ) (-3600 1024 40 ) 
4 604 620 (-4096 320 32 ) (-4096 320 40 ) (-4096 1024 40 ) (-4096 1024 32 ) 
4 604 607 (-3600 320 40 ) (-4096 320 40 ) (-4096 320 32 ) (-3600 320 32 ) 
4 605 1759 (-3072 0 136 ) (-3072 0 1104 ) (-4096 0 1104 ) (-4096 0 136 ) 
4 605 620 (-4096 0 136 ) (-4096 0 1104 ) (-4096 320 1104 ) (-4096 320 136 ) 
4 605 606 (-4096 320 136 ) (-3600 320 136 ) (-3600 0 136 ) (-4096 0 136 ) 
4 606 1762 (-3600 0 136 ) (-4096 0 136 ) (-4096 0 40 ) (-3600 0 40 ) 
4 606 620 (-4096 0 40 ) (-4096 0 136 ) (-4096 320 136 ) (-4096 320 40 ) 
4 606 607 (-3600 0 40 ) (-4096 0 40 ) (-4096 320 40 ) (-3600 320 40 ) 
4 607 1767 (-3600 0 32 ) (-3600 0 40 ) (-4096 0 40 ) (-4096 0 32 ) 
4 607 620 (-4096 0 32 ) (-4096 0 40 ) (-4096 320 40 ) (-4096 320 32 ) 
4 608 612 (-4096 3072 32 ) (-4096 3072 1104 ) (-5120 3072 1104 ) (-5120 3072 32 ) 
4 608 610 (-5120 4096 1104 ) (-5120 4096 32 ) (-5120 3072 32 ) (-5120 3072 1104 ) 
4 608 609 (-5120 3440 32 ) (-5120 4096 32 ) (-4096 4096 32 ) (-4096 3440 32 ) 
4 609 611 (-5120 4096 32 ) (-5120 4096 -96 ) (-5120 3440 -96 ) (-5120 3440 32 ) 
4 610 615 (-6144 3440 32 ) (-6144 3072 32 ) (-6144 3072 1104 ) (-6144 3440 1104 ) 
4 610 614 (-6144 4096 1104 ) (-6144 4096 32 ) (-6144 3440 32 ) (-6144 3440 1104 ) 
4 610 613 (-5120 3072 32 ) (-5120 3072 1104 ) (-6144 3072 1104 ) (-6144 3072 32 ) 
4 610 611 (-6144 3440 32 ) (-6144 4096 32 ) (-5120 4096 32 ) (-5120 3440 32 ) 
4 611 614 (-6144 4096 32 ) (-6144 4096 -96 ) (-6144 3440 -96 ) (-6144 3440 32 ) 
4 612 617 (-4096 2048 32 ) (-4096 2048 1104 ) (-5120 2048 1104 ) (-5120 2048 32 ) 
4 612 613 (-5120 3072 1104 ) (-5120 3072 32 ) (-5120 2048 32 ) (-5120 2048 1104 ) 
4 613 618 (-5120 2048 32 ) (-5120 2048 1104 ) (-6144 2048 1104 ) (-6144 2048 32 ) 
4 613 616 (-6144 2048 32 ) (-6144 2048 1104 ) (-6144 3072 1104 ) (-6144 3072 32 ) 
4 614 615 (-6168 3440 1104 ) (-6168 3440 32 ) (-6144 3440 32 ) (-6144 3440 1104 ) 
4 615 616 (-6144 3072 32 ) (-6144 3072 1104 ) (-6168 3072 1104 ) (-6168 3072 32 ) 
4 616 622 (-6144 2048 32 ) (-6144 2048 1104 ) (-6168 2048 1104 ) (-6168 2048 32 ) 
4 617 620 (-4096 1024 32 ) (-4096 1024 1104 ) (-5120 1024 1104 ) (-5120 1024 32 ) 
4 617 619 (-5120 1108 32 ) (-5120 1024 32 ) (-5120 1024 1104 ) (-5120 1108 1104 ) 
4 617 618 (-5120 2048 1104 ) (-5120 2048 32 ) (-5120 1108 32 ) (-5120 1108 1104 ) 
4 618 622 (-6144 2048 1104 ) (-6144 2048 32 ) (-6144 1108 32 ) (-6144 1108 1104 ) 
4 618 619 (-5120 1108 32 ) (-5120 1108 1104 ) (-5400 1108 1104 ) (-5400 1108 32 ) 
4 619 621 (-5120 1024 32 ) (-5120 1024 1104 ) (-5400 1024 1104 ) (-5400 1024 32 ) 
4 620 1962 (-4096 0 32 ) (-4096 0 1104 ) (-5120 0 1104 ) (-5120 0 32 ) 
4 620 621 (-5120 1024 1104 ) (-5120 1024 32 ) (-5120 0 32 ) (-5120 0 1104 ) 
4 621 1966 (-5180 0 1104 ) (-5400 0 1104 ) (-5400 0 32 ) (-5180 0 32 ) 
4 621 1965 (-5120 0 32 ) (-5120 0 1104 ) (-5180 0 1104 ) (-5180 0 32 ) 
4 623 646 (3408 -1024 1104 ) (3296 -1024 1104 ) (3296 -1024 40 ) (3408 -1024 40 ) 
4 623 628 (3296 -688 40 ) (3296 -1024 40 ) (3296 -1024 88 ) (3296 -688 88 ) 
4 623 624 (3296 0 1104 ) (3296 0 88 ) (3296 -1024 88 ) (3296 -1024 1104 ) 
4 624 647 (3072 -1024 1104 ) (3072 -1024 88 ) (3296 -1024 88 ) (3296 -1024 1104 ) 
4 624 629 (3072 0 1104 ) (3072 0 88 ) (3072 -1024 88 ) (3072 -1024 1104 ) 
4 624 628 (3296 -688 88 ) (3296 -1024 88 ) (3072 -1024 88 ) (3072 -688 88 ) 
4 624 626 (3072 0 88 ) (3136 0 88 ) (3136 -112 88 ) (3072 -112 88 ) 
4 624 627 (3136 -160 88 ) (3136 -528 88 ) (3072 -528 88 ) (3072 -160 88 ) 
4 624 625 (3136 0 88 ) (3280 0 88 ) (3280 -528 88 ) (3136 -528 88 ) 
4 625 626 (3136 0 -8 ) (3136 -112 -8 ) (3136 -112 88 ) (3136 0 88 ) 
4 625 627 (3136 -160 -8 ) (3136 -528 -8 ) (3136 -528 88 ) (3136 -160 88 ) 
4 626 630 (3072 0 88 ) (3072 0 -8 ) (3072 -112 -8 ) (3072 -112 88 ) 
4 627 631 (3072 -160 -8 ) (3072 -528 -8 ) (3072 -528 88 ) (3072 -160 88 ) 
4 628 647 (3072 -1024 88 ) (3072 -1024 -8 ) (3296 -1024 -8 ) (3296 -1024 88 ) 
4 628 633 (3072 -688 -8 ) (3072 -1024 -8 ) (3072 -1024 88 ) (3072 -688 88 ) 
4 629 659 (3072 -1024 88 ) (3072 -1024 120 ) (2320 -1024 120 ) (2320 -1024 88 ) 
4 629 651 (3072 -1024 120 ) (3072 -1024 1104 ) (2320 -1024 1104 ) (2320 -1024 120 ) 
4 629 636 (2320 -936 1104 ) (2320 0 1104 ) (2320 0 192 ) (2320 -936 192 ) 
4 629 637 (2320 -1024 88 ) (2320 -1024 1104 ) (2320 -936 1104 ) (2320 -936 88 ) 
4 629 634 (2752 -1024 88 ) (2592 -1024 88 ) (2592 -936 88 ) (2752 -936 88 ) 
4 629 633 (3072 -1024 88 ) (2752 -1024 88 ) (2752 -688 88 ) (3072 -688 88 ) 
4 629 635 (2592 -1024 88 ) (2320 -1024 88 ) (2320 -688 88 ) (2592 -688 88 ) 
4 629 631 (2592 -160 88 ) (3072 -160 88 ) (3072 -528 88 ) (2592 -528 88 ) 
4 629 632 (2320 -688 88 ) (2320 -160 88 ) (2592 -160 88 ) (2592 -688 88 ) 
4 629 630 (2512 0 88 ) (3072 0 88 ) (3072 -112 88 ) (2512 -112 88 ) 
4 631 632 (2592 -160 88 ) (2592 -160 -8 ) (2592 -528 -8 ) (2592 -528 88 ) 
4 632 635 (2592 -688 88 ) (2320 -688 88 ) (2320 -688 -8 ) (2592 -688 -8 ) 
4 633 660 (3072 -1024 -8 ) (3072 -1024 40 ) (2752 -1024 40 ) (2752 -1024 -8 ) 
4 633 659 (3072 -1024 40 ) (3072 -1024 88 ) (2752 -1024 88 ) (2752 -1024 40 ) 
4 633 634 (2752 -936 -8 ) (2752 -1024 -8 ) (2752 -1024 88 ) (2752 -936 88 ) 
4 634 660 (2592 -1024 40 ) (2592 -1024 -8 ) (2752 -1024 -8 ) (2752 -1024 40 ) 
4 634 659 (2752 -1024 88 ) (2592 -1024 88 ) (2592 -1024 40 ) (2752 -1024 40 ) 
4 634 635 (2592 -936 -8 ) (2592 -1024 -8 ) (2592 -1024 88 ) (2592 -936 88 ) 
4 635 660 (2320 -1024 40 ) (2320 -1024 -8 ) (2592 -1024 -8 ) (2592 -1024 40 ) 
4 635 659 (2592 -1024 88 ) (2320 -1024 88 ) (2320 -1024 40 ) (2592 -1024 40 ) 
4 635 637 (2320 -936 -8 ) (2320 -1024 -8 ) (2320 -1024 88 ) (2320 -936 88 ) 
4 636 642 (2312 -928 192 ) (2312 -936 192 ) (2312 -936 1104 ) (2312 -928 1104 ) 
4 636 639 (2312 -784 192 ) (2312 -928 192 ) (2312 -928 1104 ) (2312 -784 1104 ) 
4 636 638 (2312 0 1104 ) (2312 0 192 ) (2312 -784 192 ) (2312 -784 1104 ) 
4 636 637 (2320 -936 192 ) (2320 -936 1104 ) (2312 -936 1104 ) (2312 -936 192 ) 
4 637 660 (2312 -1024 40 ) (2312 -1024 -8 ) (2320 -1024 -8 ) (2320 -1024 40 ) 
4 637 659 (2312 -1024 120 ) (2312 -1024 40 ) (2320 -1024 40 ) (2320 -1024 120 ) 
4 637 651 (2312 -1024 1104 ) (2312 -1024 120 ) (2320 -1024 120 ) (2320 -1024 1104 ) 
4 637 645 (2312 -936 -8 ) (2312 -1024 -8 ) (2312 -1024 1104 ) (2312 -936 1104 ) 
4 638 697 (2048 0 1104 ) (2048 0 192 ) (2048 -784 192 ) (2048 -784 1104 ) 
4 638 639 (2048 -784 1104 ) (2048 -784 192 ) (2312 -784 192 ) (2312 -784 1104 ) 
4 639 698 (2048 -928 192 ) (2048 -928 1104 ) (2048 -784 1104 ) (2048 -784 192 ) 
4 639 642 (2312 -928 192 ) (2312 -928 1104 ) (2048 -928 1104 ) (2048 -928 192 ) 
4 640 643 (2160 -928 -8 ) (2288 -928 -8 ) (2288 -928 120 ) (2160 -928 120 ) 
4 641 699 (2048 -784 -8 ) (2048 -928 -8 ) (2048 -928 120 ) (2048 -784 120 ) 
4 641 644 (2048 -928 -8 ) (2128 -928 -8 ) (2128 -928 120 ) (2048 -928 120 ) 
4 642 702 (2048 -936 192 ) (2048 -936 1104 ) (2048 -928 1104 ) (2048 -928 192 ) 
4 642 645 (2048 -936 1104 ) (2048 -936 192 ) (2312 -936 192 ) (2312 -936 1104 ) 
4 643 645 (2160 -936 -8 ) (2288 -936 -8 ) (2288 -936 120 ) (2160 -936 120 ) 
4 644 703 (2048 -928 -8 ) (2048 -936 -8 ) (2048 -936 120 ) (2048 -928 120 ) 
4 644 645 (2048 -936 120 ) (2048 -936 -8 ) (2128 -936 -8 ) (2128 -936 120 ) 
4 645 730 (2048 -936 -8 ) (2048 -1024 -8 ) (2048 -1024 88 ) (2048 -936 88 ) 
4 645 729 (2048 -1024 88 ) (2048 -1024 1104 ) (2048 -936 1104 ) (2048 -936 88 ) 
4 645 660 (2048 -1024 40 ) (2048 -1024 -8 ) (2312 -1024 -8 ) (2312 -1024 40 ) 
4 645 659 (2048 -1024 120 ) (2048 -1024 40 ) (2312 -1024 40 ) (2312 -1024 120 ) 
4 645 651 (2048 -1024 1104 ) (2048 -1024 120 ) (2312 -1024 120 ) (2312 -1024 1104 ) 
4 646 648 (3408 -1216 40 ) (3408 -1216 1104 ) (3296 -1216 1104 ) (3296 -1216 40 ) 
4 646 647 (3296 -1216 40 ) (3296 -1216 1104 ) (3296 -1024 1104 ) (3296 -1024 40 ) 
4 647 660 (3072 -1024 40 ) (3072 -1024 -8 ) (3072 -1216 -8 ) (3072 -1216 40 ) 
4 647 659 (3072 -1024 120 ) (3072 -1024 40 ) (3072 -1216 40 ) (3072 -1216 120 ) 
4 647 651 (3072 -1024 1104 ) (3072 -1024 120 ) (3072 -1216 120 ) (3072 -1216 1104 ) 
4 647 649 (3116 -1216 40 ) (3072 -1216 40 ) (3072 -1216 -8 ) (3116 -1216 -8 ) 
4 647 648 (3296 -1216 40 ) (3296 -1216 1104 ) (3072 -1216 1104 ) (3072 -1216 40 ) 
4 648 659 (3072 -1296 40 ) (3072 -1296 120 ) (3072 -1216 120 ) (3072 -1216 40 ) 
4 648 651 (3072 -1296 120 ) (3072 -1296 1104 ) (3072 -1216 1104 ) (3072 -1216 120 ) 
4 648 650 (3116 -1296 1104 ) (3072 -1296 1104 ) (3072 -1296 40 ) (3116 -1296 40 ) 
3 648 649 (3072 -1261.022949 40 ) (3072 -1216 40 ) (3116 -1216 40 ) 
4 649 660 (3072 -1261.022949 -8 ) (3072 -1261.022949 40 ) (3072 -1216 40 ) (3072 -1216 -8 ) 
4 650 659 (3072 -1341.913208 40 ) (3072 -1341.913208 120 ) (3072 -1296 120 ) (3072 -1296 40 ) 
4 650 651 (3072 -1341.913208 120 ) (3072 -1341.913208 1104 ) (3072 -1296 1104 ) (3072 -1296 120 ) 
4 651 734 (2048 -1392 1104 ) (2048 -1024 1104 ) (2048 -1024 120 ) (2048 -1392 120 ) 
5 651 659 (2048 -1392 120 ) (2048 -1024 120 ) (3072 -1024 120 ) (3072 -1341.913208 120 ) (3024 -1392 120 ) 
4 651 657 (2048 -1392 120 ) (2528 -1392 120 ) (2528 -1392 128 ) (2048 -1392 128 ) 
4 651 654 (2760 -1392 128 ) (2760 -1392 1104 ) (2048 -1392 1104 ) (2048 -1392 128 ) 
4 651 652 (2760 -1392 120 ) (3024 -1392 120 ) (3024 -1392 1104 ) (2760 -1392 1104 ) 
4 652 670 (2760 -1808 120 ) (2760 -1728 120 ) (3024 -1728 120 ) (3024 -1808 120 ) 
4 652 668 (2944 -1648 120 ) (3024 -1648 120 ) (3024 -1728 120 ) (2944 -1728 120 ) 
4 652 669 (2760 -1728 120 ) (2760 -1648 120 ) (2944 -1648 120 ) (2944 -1728 120 ) 
4 652 661 (2944 -1392 120 ) (3024 -1392 120 ) (3024 -1648 120 ) (2944 -1648 120 ) 
4 652 662 (2760 -1648 120 ) (2760 -1392 120 ) (2944 -1392 120 ) (2944 -1648 120 ) 
4 652 655 (2760 -1464 120 ) (2760 -1768 120 ) (2760 -1768 128 ) (2760 -1464 128 ) 
4 652 658 (2760 -1768 120 ) (2760 -1808 120 ) (2760 -1808 128 ) (2760 -1768 128 ) 
4 652 654 (2760 -1392 1104 ) (2760 -1392 128 ) (2760 -1808 128 ) (2760 -1808 1104 ) 
4 652 653 (2760 -1808 1104 ) (2760 -1808 120 ) (2772 -1808 120 ) (2772 -1808 1104 ) 
4 653 681 (2772 -2048 1104 ) (2760 -2048 1104 ) (2760 -2048 120 ) (2772 -2048 120 ) 
4 653 679 (2772 -2048 120 ) (2760 -2048 120 ) (2760 -1808 120 ) (2772 -1808 120 ) 
4 653 658 (2760 -1808 120 ) (2760 -2048 120 ) (2760 -2048 128 ) (2760 -1808 128 ) 
4 653 654 (2760 -2048 128 ) (2760 -2048 1104 ) (2760 -1808 1104 ) (2760 -1808 128 ) 
4 654 734 (2048 -2048 128 ) (2048 -2048 1104 ) (2048 -1392 1104 ) (2048 -1392 128 ) 
4 654 682 (2692 -2048 1104 ) (2048 -2048 1104 ) (2048 -2048 128 ) (2692 -2048 128 ) 
4 654 681 (2760 -2048 1104 ) (2692 -2048 1104 ) (2692 -2048 128 ) (2760 -2048 128 ) 
4 654 657 (2048 -1768 128 ) (2048 -1392 128 ) (2528 -1392 128 ) (2528 -1768 128 ) 
4 654 656 (2692 -1538.799927 128 ) (2692 -1720 128 ) (2680 -1664 128 ) (2680 -1552 128 ) 
4 654 655 (2760 -1464 128 ) (2760 -1768 128 ) (2692 -1768 128 ) (2692 -1538.799805 128 ) 
4 654 658 (2048 -2048 128 ) (2048 -1768 128 ) (2760 -1768 128 ) (2760 -2048 128 ) 
4 655 670 (2760 -1728 120 ) (2760 -1768 120 ) (2692 -1768 120 ) (2692 -1728 120 ) 
4 655 669 (2760 -1648 120 ) (2760 -1728 120 ) (2692 -1728 120 ) (2692 -1648 120 ) 
4 655 664 (2692 -1568 120 ) (2692 -1538.799805 120 ) (2752 -1472.799805 120 ) (2752 -1568 120 ) 
4 655 666 (2752 -1648 120 ) (2692 -1648 120 ) (2692 -1568 120 ) (2752 -1568 120 ) 
4 655 663 (2760 -1464 120 ) (2760 -1648 120 ) (2752 -1648 120 ) (2752 -1472.799805 120 ) 
4 655 656 (2692 -1720 128 ) (2692 -1538.799805 128 ) (2692 -1538.799805 120 ) (2692 -1720 120 ) 
4 655 658 (2692 -1768 120 ) (2760 -1768 120 ) (2760 -1768 128 ) (2692 -1768 128 ) 
4 656 672 (2684 -1682.666748 120 ) (2680 -1664 120 ) (2680 -1648 120 ) (2684 -1648 120 ) 
4 656 671 (2692 -1648 120 ) (2692 -1720 120 ) (2684 -1682.666748 120 ) (2684 -1648 120 ) 
4 656 664 (2692 -1538.799927 120 ) (2692 -1568 120 ) (2680 -1568 120 ) (2680 -1552 120 ) 
4 656 666 (2692 -1568 120 ) (2692 -1648 120 ) (2680 -1648 120 ) (2680 -1568 120 ) 
4 657 734 (2048 -1768 128 ) (2048 -1392 128 ) (2048 -1392 120 ) (2048 -1768 120 ) 
4 657 678 (2048 -1768 120 ) (2048 -1392 120 ) (2528 -1392 120 ) (2528 -1768 120 ) 
4 657 658 (2048 -1768 120 ) (2528 -1768 120 ) (2528 -1768 128 ) (2048 -1768 128 ) 
4 658 734 (2048 -2048 120 ) (2048 -2048 128 ) (2048 -1768 128 ) (2048 -1768 120 ) 
4 658 682 (2048 -2048 128 ) (2048 -2048 120 ) (2692 -2048 120 ) (2692 -2048 128 ) 
4 658 681 (2692 -2048 120 ) (2760 -2048 120 ) (2760 -2048 128 ) (2692 -2048 128 ) 
4 658 679 (2760 -2048 120 ) (2692 -2048 120 ) (2692 -1808 120 ) (2760 -1808 120 ) 
4 658 680 (2692 -2048 120 ) (2048 -2048 120 ) (2048 -1808 120 ) (2692 -1808 120 ) 
4 658 677 (2528 -1768 120 ) (2692 -1768 120 ) (2692 -1808 120 ) (2528 -1808 120 ) 
4 658 670 (2692 -1768 120 ) (2760 -1768 120 ) (2760 -1808 120 ) (2692 -1808 120 ) 
4 658 678 (2048 -1808 120 ) (2048 -1768 120 ) (2528 -1768 120 ) (2528 -1808 120 ) 
4 659 735 (2048 -1024 88 ) (2048 -1024 40 ) (2048 -1392 40 ) (2048 -1392 88 ) 
4 659 734 (2048 -1392 120 ) (2048 -1024 120 ) (2048 -1024 88 ) (2048 -1392 88 ) 
4 659 661 (3024 -1392 40 ) (3024 -1392 120 ) (2944 -1392 120 ) (2944 -1392 40 ) 
4 659 662 (2944 -1392 120 ) (2760 -1392 120 ) (2760 -1392 40 ) (2944 -1392 40 ) 
4 659 678 (2528 -1392 120 ) (2048 -1392 120 ) (2048 -1392 40 ) (2528 -1392 40 ) 
5 659 660 (2944 -1392 40 ) (2048 -1392 40 ) (2048 -1024 40 ) (3072 -1024 40 ) (3072 -1261.022705 40 ) 
4 660 735 (2048 -1024 40 ) (2048 -1024 -8 ) (2048 -1392 -8 ) (2048 -1392 40 ) 
4 660 662 (2760 -1392 -8 ) (2944 -1392 -8 ) (2944 -1392 40 ) (2760 -1392 40 ) 
4 660 678 (2048 -1392 -8 ) (2528 -1392 -8 ) (2528 -1392 40 ) (2048 -1392 40 ) 
4 661 668 (3024 -1648 40 ) (3024 -1648 120 ) (2944 -1648 120 ) (2944 -1648 40 ) 
4 661 662 (2944 -1392 120 ) (2944 -1392 40 ) (2944 -1648 40 ) (2944 -1648 120 ) 
4 662 669 (2760 -1648 -8 ) (2944 -1648 -8 ) (2944 -1648 120 ) (2760 -1648 120 ) 
4 662 663 (2760 -1464 -8 ) (2760 -1648 -8 ) (2760 -1648 120 ) (2760 -1464 120 ) 
4 663 669 (2752 -1648 -8 ) (2760 -1648 -8 ) (2760 -1648 120 ) (2752 -1648 120 ) 
4 663 664 (2752 -1472.799683 -8 ) (2752 -1568 -8 ) (2752 -1568 120 ) (2752 -1472.799683 120 ) 
4 663 666 (2752 -1568 -8 ) (2752 -1648 -8 ) (2752 -1648 120 ) (2752 -1568 120 ) 
4 664 666 (2680 -1568 -8 ) (2752 -1568 -8 ) (2752 -1568 120 ) (2680 -1568 120 ) 
4 665 667 (2672 -1400 120 ) (2672 -1400 -8 ) (2672 -1552 -8 ) (2672 -1552 120 ) 
4 666 672 (2680 -1648 -8 ) (2684 -1648 -8 ) (2684 -1648 120 ) (2680 -1648 120 ) 
4 666 671 (2684 -1648 -8 ) (2692 -1648 -8 ) (2692 -1648 120 ) (2684 -1648 120 ) 
4 666 669 (2692 -1648 -8 ) (2752 -1648 -8 ) (2752 -1648 120 ) (2692 -1648 120 ) 
4 666 667 (2672 -1568 -8 ) (2672 -1648 -8 ) (2672 -1648 120 ) (2672 -1568 120 ) 
4 667 675 (2536 -1648 -8 ) (2672 -1648 -8 ) (2672 -1648 120 ) (2536 -1648 120 ) 
4 668 670 (3024 -1728 40 ) (3024 -1728 120 ) (2944 -1728 120 ) (2944 -1728 40 ) 
4 668 669 (2944 -1648 120 ) (2944 -1648 40 ) (2944 -1728 40 ) (2944 -1728 120 ) 
4 669 671 (2692 -1648 120 ) (2692 -1648 -8 ) (2692 -1720 -8 ) (2692 -1720 120 ) 
4 669 670 (2692 -1728 120 ) (2692 -1728 40 ) (2944 -1728 40 ) (2944 -1728 120 ) 
4 670 679 (2772 -1808 120 ) (2692 -1808 120 ) (2692 -1808 40 ) (2772 -1808 40 ) 
4 670 677 (2692 -1808 40 ) (2692 -1808 120 ) (2692 -1768 120 ) (2692 -1768 40 ) 
4 671 672 (2684 -1648 120 ) (2684 -1648 -8 ) (2684 -1682.667725 -8 ) (2684 -1682.667725 120 ) 
4 673 674 (2680 -1701.332886 -8 ) (2680 -1760 -8 ) (2680 -1760 120 ) (2680 -1701.332886 120 ) 
4 674 675 (2672 -1664 -8 ) (2672 -1760 -8 ) (2672 -1760 120 ) (2672 -1664 120 ) 
4 675 676 (2536 -1648 120 ) (2536 -1648 -8 ) (2536 -1732 -8 ) (2536 -1732 120 ) 
4 676 678 (2528 -1648 -8 ) (2528 -1732 -8 ) (2528 -1732 120 ) (2528 -1648 120 ) 
4 677 680 (2528 -1808 -8 ) (2692 -1808 -8 ) (2692 -1808 120 ) (2528 -1808 120 ) 
4 677 678 (2528 -1768 -8 ) (2528 -1808 -8 ) (2528 -1808 120 ) (2528 -1768 120 ) 
4 678 735 (2048 -1392 88 ) (2048 -1392 -8 ) (2048 -1808 -8 ) (2048 -1808 88 ) 
4 678 734 (2048 -1808 120 ) (2048 -1392 120 ) (2048 -1392 88 ) (2048 -1808 88 ) 
4 678 680 (2048 -1808 -8 ) (2528 -1808 -8 ) (2528 -1808 120 ) (2048 -1808 120 ) 
4 679 681 (2772 -2048 120 ) (2692 -2048 120 ) (2692 -2048 40 ) (2772 -2048 40 ) 
4 679 680 (2692 -1808 120 ) (2692 -1808 40 ) (2692 -2048 40 ) (2692 -2048 120 ) 
4 680 735 (2048 -2048 -8 ) (2048 -2048 88 ) (2048 -1808 88 ) (2048 -1808 -8 ) 
4 680 734 (2048 -2048 88 ) (2048 -2048 120 ) (2048 -1808 120 ) (2048 -1808 88 ) 
4 680 684 (2048 -2048 88 ) (2048 -2048 -8 ) (2692 -2048 -8 ) (2692 -2048 88 ) 
4 680 682 (2692 -2048 120 ) (2048 -2048 120 ) (2048 -2048 88 ) (2692 -2048 88 ) 
4 681 685 (2772 -3072 1104 ) (2692 -3072 1104 ) (2692 -3072 40 ) (2772 -3072 40 ) 
4 681 684 (2692 -3072 40 ) (2692 -3072 88 ) (2692 -2048 88 ) (2692 -2048 40 ) 
4 681 682 (2692 -3072 88 ) (2692 -3072 1104 ) (2692 -2048 1104 ) (2692 -2048 88 ) 
4 682 946 (2048 -3072 88 ) (2048 -3072 1104 ) (2048 -2048 1104 ) (2048 -2048 88 ) 
4 682 688 (2668 -3072 1104 ) (2048 -3072 1104 ) (2048 -3072 88 ) (2668 -3072 88 ) 
4 682 685 (2692 -3072 1104 ) (2668 -3072 1104 ) (2668 -3072 88 ) (2692 -3072 88 ) 
5 682 684 (2692 -2048 88 ) (2692 -3072 88 ) (2089.697266 -3072 88 ) (2048 -3053.020752 88 ) (2048 -2048 88 ) 
3 682 683 (2072.121338 -3072 88 ) (2048 -3072 88 ) (2048 -3061.020508 88 ) 
4 683 947 (2048 -3072 -8 ) (2048 -3072 88 ) (2048 -3061.020508 88 ) (2048 -3061.020508 -8 ) 
4 683 694 (2048 -3072 88 ) (2048 -3072 -8 ) (2072.121338 -3072 -8 ) (2072.121338 -3072 88 ) 
4 684 948 (2048 -3053.020752 88 ) (2048 -2048 88 ) (2048 -2048 -8 ) (2048 -3053.020752 -8 ) 
4 684 696 (2089.697266 -3072 -8 ) (2160 -3072 -8 ) (2160 -3072 88 ) (2089.697266 -3072 88 ) 
4 684 693 (2160 -3072 -8 ) (2168 -3072 -8 ) (2168 -3072 88 ) (2160 -3072 88 ) 
4 684 692 (2168 -3072 -8 ) (2660 -3072 -8 ) (2660 -3072 88 ) (2168 -3072 88 ) 
4 684 689 (2660 -3072 -8 ) (2668 -3072 -8 ) (2668 -3072 88 ) (2660 -3072 88 ) 
4 684 686 (2668 -3072 -8 ) (2692 -3072 -8 ) (2692 -3072 40 ) (2668 -3072 40 ) 
4 684 685 (2692 -3072 40 ) (2692 -3072 88 ) (2668 -3072 88 ) (2668 -3072 40 ) 
4 685 1320 (2668 -4096 88 ) (2668 -4096 40 ) (2772 -4096 40 ) (2772 -4096 88 ) 
4 685 1319 (2668 -4096 1104 ) (2668 -4096 88 ) (2772 -4096 88 ) (2772 -4096 1104 ) 
4 685 690 (2668 -3744 40 ) (2668 -4040 40 ) (2668 -4040 88 ) (2668 -3744 88 ) 
4 685 689 (2668 -3072 88 ) (2668 -3072 40 ) (2668 -3336 40 ) (2668 -3336 88 ) 
4 685 688 (2668 -3072 1104 ) (2668 -3072 88 ) (2668 -4096 88 ) (2668 -4096 1104 ) 
4 685 687 (2668 -4048 40 ) (2668 -3736 40 ) (2772 -3736 40 ) (2772 -4048 40 ) 
4 685 686 (2668 -3336 40 ) (2668 -3072 40 ) (2692 -3072 40 ) (2692 -3336 40 ) 
4 686 689 (2668 -3072 40 ) (2668 -3072 -8 ) (2668 -3336 -8 ) (2668 -3336 40 ) 
4 687 690 (2668 -3744 -8 ) (2668 -4040 -8 ) (2668 -4040 40 ) (2668 -3744 40 ) 
4 688 1319 (2048 -4096 1104 ) (2048 -4096 88 ) (2668 -4096 88 ) (2668 -4096 1104 ) 
4 688 966 (2048 -4096 88 ) (2048 -4096 184 ) (2048 -4004 184 ) (2048 -4004 88 ) 
4 688 965 (2048 -4096 184 ) (2048 -4096 1104 ) (2048 -4004 1104 ) (2048 -4004 184 ) 
4 688 954 (2048 -4004 1104 ) (2048 -3072 1104 ) (2048 -3072 88 ) (2048 -4004 88 ) 
3 688 696 (2089.697266 -3072 88 ) (2160 -3072 88 ) (2160 -3104 88 ) 
3 688 695 (2070.263916 -4096 88 ) (2048 -4096 88 ) (2048 -4073.174316 88 ) 
6 688 694 (2160 -4096 88 ) (2079.386963 -4096 88 ) (2048 -4063.843262 88 ) (2048 -3072 88 ) (2072.121338 -3072 88 ) (2160 -3112 88 ) 
4 688 693 (2160 -3104 88 ) (2160 -3072 88 ) (2168 -3072 88 ) (2168 -3104 88 ) 
4 688 692 (2660 -4096 88 ) (2168 -4096 88 ) (2168 -3072 88 ) (2660 -3072 88 ) 
4 688 691 (2664 -4040 88 ) (2660 -4040 88 ) (2660 -3744 88 ) (2664 -3744 88 ) 
4 688 690 (2668 -3744 88 ) (2668 -4040 88 ) (2664 -4040 88 ) (2664 -3744 88 ) 
4 688 689 (2668 -3072 88 ) (2668 -3336 88 ) (2660 -3336 88 ) (2660 -3072 88 ) 
4 689 692 (2660 -3072 -8 ) (2660 -3336 -8 ) (2660 -3336 88 ) (2660 -3072 88 ) 
4 690 691 (2664 -3744 88 ) (2664 -3744 -8 ) (2664 -4040 -8 ) (2664 -4040 88 ) 
4 691 692 (2660 -3744 -8 ) (2660 -4040 -8 ) (2660 -4040 88 ) (2660 -3744 88 ) 
4 692 1321 (2168 -4096 -8 ) (2660 -4096 -8 ) (2660 -4096 88 ) (2168 -4096 88 ) 
4 692 693 (2168 -3072 -8 ) (2168 -3104 -8 ) (2168 -3104 88 ) (2168 -3072 88 ) 
4 693 696 (2160 -3072 -8 ) (2160 -3104 -8 ) (2160 -3104 88 ) (2160 -3072 88 ) 
4 694 1322 (2079.377197 -4096 -8 ) (2160 -4096 -8 ) (2160 -4096 88 ) (2079.386963 -4096 88 ) 
4 694 967 (2048 -4063.843262 88 ) (2048 -4004 88 ) (2048 -4004 -8 ) (2048 -4063.853516 -8 ) 
4 694 962 (2048 -4004 88 ) (2048 -3072 88 ) (2048 -3072 -8 ) (2048 -4004 -8 ) 
4 695 1323 (2048 -4096 88 ) (2048 -4096 -8 ) (2070.263916 -4096 -8 ) (2070.263916 -4096 88 ) 
4 695 968 (2048 -4096 -8 ) (2048 -4096 88 ) (2048 -4073.174316 88 ) (2048 -4073.174316 -8 ) 
4 697 706 (1656 0 1104 ) (1656 0 192 ) (1656 -784 192 ) (1656 -784 1104 ) 
4 697 698 (2048 -784 192 ) (2048 -784 1104 ) (1656 -784 1104 ) (1656 -784 192 ) 
4 698 706 (1656 -928 192 ) (1656 -928 1104 ) (1656 -784 1104 ) (1656 -784 192 ) 
4 698 702 (1656 -928 1104 ) (1656 -928 192 ) (2048 -928 192 ) (2048 -928 1104 ) 
4 699 703 (2000 -928 -8 ) (2048 -928 -8 ) (2048 -928 120 ) (2000 -928 120 ) 
4 700 704 (1840 -928 -8 ) (1968 -928 -8 ) (1968 -928 120 ) (1840 -928 120 ) 
4 701 705 (1680 -928 -8 ) (1808 -928 -8 ) (1808 -928 120 ) (1680 -928 120 ) 
4 702 729 (2048 -936 192 ) (2048 -936 1104 ) (1656 -936 1104 ) (1656 -936 192 ) 
4 702 706 (1656 -936 192 ) (1656 -936 1104 ) (1656 -928 1104 ) (1656 -928 192 ) 
4 703 730 (2000 -936 -8 ) (2048 -936 -8 ) (2048 -936 88 ) (2000 -936 88 ) 
4 703 729 (2048 -936 88 ) (2048 -936 120 ) (2000 -936 120 ) (2000 -936 88 ) 
4 704 730 (1840 -936 -8 ) (1968 -936 -8 ) (1968 -936 88 ) (1840 -936 88 ) 
4 704 729 (1968 -936 88 ) (1968 -936 120 ) (1840 -936 120 ) (1840 -936 88 ) 
4 705 730 (1680 -936 -8 ) (1808 -936 -8 ) (1808 -936 88 ) (1680 -936 88 ) 
4 705 729 (1808 -936 88 ) (1808 -936 120 ) (1680 -936 120 ) (1680 -936 88 ) 
4 706 729 (1656 -936 192 ) (1656 -936 1104 ) (1424 -936 1104 ) (1424 -936 192 ) 
4 706 712 (1424 -936 192 ) (1424 -936 1104 ) (1424 0 1104 ) (1424 0 192 ) 
4 706 708 (1424 -936 192 ) (1424 -784 192 ) (1648 -784 192 ) (1648 -936 192 ) 
4 706 707 (1424 -488 192 ) (1424 0 192 ) (1648 0 192 ) (1648 -488 192 ) 
4 707 716 (1424 0 88 ) (1424 0 40 ) (1424 -228 40 ) (1424 -228 88 ) 
4 707 715 (1424 -228 40 ) (1424 -488 40 ) (1424 -488 48 ) (1424 -228 48 ) 
4 707 713 (1424 -488 48 ) (1424 -488 88 ) (1424 -228 88 ) (1424 -228 48 ) 
4 707 712 (1424 -488 192 ) (1424 0 192 ) (1424 0 88 ) (1424 -488 88 ) 
4 707 711 (1424 -488 40 ) (1424 0 40 ) (1648 0 40 ) (1648 -488 40 ) 
4 708 729 (1648 -936 192 ) (1424 -936 192 ) (1424 -936 88 ) (1648 -936 88 ) 
4 708 712 (1424 -936 88 ) (1424 -936 192 ) (1424 -784 192 ) (1424 -784 88 ) 
5 708 710 (1424 -795.344299 88 ) (1424 -784 88 ) (1648 -784 88 ) (1648 -936 88 ) (1580 -936 88 ) 
3 708 709 (1424 -936 88 ) (1424 -802.557373 88 ) (1572 -936 88 ) 
4 709 732 (1424 -936 88 ) (1424 -936 40 ) (1572 -936 40 ) (1572 -936 88 ) 
4 709 724 (1424 -936 40 ) (1424 -936 88 ) (1424 -802.557373 88 ) (1424 -802.557373 40 ) 
4 710 723 (1424 -795.344299 88 ) (1424 -784 88 ) (1424 -784 40 ) (1424 -795.344299 40 ) 
4 711 716 (1424 0 -8 ) (1424 -228 -8 ) (1424 -228 40 ) (1424 0 40 ) 
4 711 715 (1424 -228 -8 ) (1424 -488 -8 ) (1424 -488 40 ) (1424 -228 40 ) 
4 712 742 (1024 0 1104 ) (1024 0 88 ) (1024 -936 88 ) (1024 -936 1104 ) 
4 712 729 (1424 -936 88 ) (1424 -936 1104 ) (1024 -936 1104 ) (1024 -936 88 ) 
3 712 728 (1268 -936 88 ) (1048 -936 88 ) (1268 -716 88 ) 
3 712 727 (1300.655151 -691.344727 88 ) (1328 -664 88 ) (1328 -716 88 ) 
5 712 726 (1336 -936 88 ) (1276 -936 88 ) (1276 -716 88 ) (1300.655151 -691.344727 88 ) (1336 -723.213013 88 ) 
3 712 725 (1328 -656 88 ) (1336 -648 88 ) (1336 -656 88 ) 
4 712 724 (1424 -802.557373 88 ) (1424 -936 88 ) (1336 -936 88 ) (1336 -723.213074 88 ) 
4 712 723 (1424 -664 88 ) (1424 -795.344299 88 ) (1336 -716 88 ) (1336 -664 88 ) 
4 712 722 (1424 -560 88 ) (1424 -656 88 ) (1336 -656 88 ) (1336 -648 88 ) 
3 712 721 (1072.682983 0 88 ) (1164 0 88 ) (1164 -104 88 ) 
6 712 719 (1024 -491.015869 88 ) (1024 0 88 ) (1064.682983 0 88 ) (1156 -104 88 ) (1156 -488.003998 88 ) (1092.002075 -552.001953 88 ) 
3 712 718 (1024 -620.004028 88 ) (1024 -498.655151 88 ) (1088.002686 -556.001404 88 ) 
4 712 717 (1092 -560 88 ) (1024 -628 88 ) (1024 -620.004028 88 ) (1088.001953 -556.002014 88 ) 
4 712 716 (1424 0 88 ) (1424 -228 88 ) (1164 -488 88 ) (1164 0 88 ) 
5 712 713 (1424 -228 88 ) (1424 -560 88 ) (1048 -936 88 ) (1024 -936 88 ) (1024 -628 88 ) 
4 713 746 (1024 -936 48 ) (1024 -936 88 ) (1024 -628 88 ) (1024 -628 48 ) 
4 713 733 (1048 -936 48 ) (1048 -936 88 ) (1024 -936 88 ) (1024 -936 48 ) 
4 713 728 (1268 -716 88 ) (1048 -936 88 ) (1048 -936 48 ) (1268 -716 48 ) 
4 713 725 (1336 -648 88 ) (1328 -656 88 ) (1328 -656 48 ) (1336 -648 48 ) 
4 713 722 (1424 -560 48 ) (1424 -560 88 ) (1336 -648 88 ) (1336 -648 48 ) 
4 713 717 (1024 -627.996094 88 ) (1091.998047 -559.998047 88 ) (1091.998047 -559.998047 48 ) (1024 -627.996094 48 ) 
4 713 716 (1164 -487.996094 88 ) (1424 -227.996094 88 ) (1424 -227.996094 48 ) (1164 -487.996094 48 ) 
4 713 715 (1424 -560 48 ) (1328 -656 48 ) (1164 -488 48 ) (1424 -228 48 ) 
5 713 714 (1268 -716 48 ) (1048 -936 48 ) (1024 -936 48 ) (1024 -628 48 ) (1092 -560 48 ) 
4 714 746 (1024 -628 -8 ) (1024 -936 -8 ) (1024 -936 48 ) (1024 -628 48 ) 
4 714 733 (1024 -936 -8 ) (1048 -936 -8 ) (1048 -936 48 ) (1024 -936 48 ) 
4 714 728 (1268 -716 48 ) (1048 -936 48 ) (1048 -936 -8 ) (1268 -716 -8 ) 
4 714 717 (1091.997925 -559.998169 -8 ) (1024 -627.996094 -8 ) (1024 -627.996094 48 ) (1091.997925 -559.998108 48 ) 
4 715 725 (1336 -648 48 ) (1328 -656 48 ) (1328 -656 -8 ) (1336 -648 -8 ) 
4 715 722 (1424 -560 -8 ) (1424 -560 48 ) (1336 -648 48 ) (1336 -648 -8 ) 
4 715 716 (1424 -227.996094 48 ) (1424 -227.996094 -8 ) (1163.998047 -487.998016 -8 ) (1163.998047 -487.997986 48 ) 
4 716 721 (1164 0 -8 ) (1164 -104 -8 ) (1164 -104 88 ) (1164 0 88 ) 
4 717 746 (1024 -620.004028 -8 ) (1024 -628 -8 ) (1024 -628 88 ) (1024 -620.004028 88 ) 
4 717 720 (1088.003906 -556.003906 -8 ) (1024 -620.007812 -8 ) (1024 -620.007812 40 ) (1088.003906 -556.003906 40 ) 
4 717 718 (1024 -620.007812 40 ) (1024 -620.007812 88 ) (1088.003906 -556.003906 88 ) (1088.003906 -556.003906 40 ) 
4 718 746 (1024 -498.655151 40 ) (1024 -620.004028 40 ) (1024 -620.004028 88 ) (1024 -498.655151 88 ) 
3 718 720 (1088.002563 -556.001343 40 ) (1024 -620.003906 40 ) (1024 -498.655151 40 ) 
4 719 743 (1024 0 88 ) (1024 0 40 ) (1024 -491.015869 40 ) (1024 -491.015869 88 ) 
4 720 746 (1024 -498.655151 -8 ) (1024 -620.004028 -8 ) (1024 -620.004028 40 ) (1024 -498.655151 40 ) 
4 722 725 (1336 -647.998047 88 ) (1336 -647.998047 -8 ) (1336 -656 -8 ) (1336 -656 88 ) 
4 724 732 (1424 -936 40 ) (1424 -936 88 ) (1336 -936 88 ) (1336 -936 40 ) 
4 724 726 (1336 -936 40 ) (1336 -936 88 ) (1336 -723.213074 88 ) (1336 -723.213074 40 ) 
4 726 732 (1336 -936 40 ) (1336 -936 88 ) (1276 -936 88 ) (1276 -936 40 ) 
4 726 727 (1328 -716.001648 40 ) (1300.652344 -691.343750 40 ) (1300.652344 -691.343750 88 ) (1328 -716.001648 88 ) 
4 728 733 (1048 -936 -8 ) (1268 -936 -8 ) (1268 -936 88 ) (1048 -936 88 ) 
4 729 742 (1024 -1024 88 ) (1024 -1024 1104 ) (1024 -936 1104 ) (1024 -936 88 ) 
4 729 737 (1572 -1024 1104 ) (1024 -1024 1104 ) (1024 -1024 88 ) (1572 -1024 88 ) 
4 729 734 (2048 -1024 88 ) (2048 -1024 1104 ) (1572 -1024 1104 ) (1572 -1024 88 ) 
4 729 733 (1024 -1024 88 ) (1024 -936 88 ) (1268 -936 88 ) (1268 -1024 88 ) 
4 729 732 (1276 -936 88 ) (1572 -936 88 ) (1572 -1024 88 ) (1276 -1024 88 ) 
4 729 731 (1656 -944 88 ) (1656 -1024 88 ) (1580 -1024 88 ) (1580 -944 88 ) 
4 729 730 (1656 -936 88 ) (2048 -936 88 ) (2048 -1024 88 ) (1656 -1024 88 ) 
4 730 735 (2048 -1024 -8 ) (2048 -1024 88 ) (1656 -1024 88 ) (1656 -1024 -8 ) 
4 730 731 (1656 -1024 88 ) (1656 -944 88 ) (1656 -944 -8 ) (1656 -1024 -8 ) 
4 731 735 (1656 -1024 88 ) (1580 -1024 88 ) (1580 -1024 -8 ) (1656 -1024 -8 ) 
4 732 738 (1572 -1024 88 ) (1276 -1024 88 ) (1276 -1024 40 ) (1572 -1024 40 ) 
4 733 746 (1024 -936 -8 ) (1024 -1024 -8 ) (1024 -1024 88 ) (1024 -936 88 ) 
4 733 741 (1268 -1024 88 ) (1024 -1024 88 ) (1024 -1024 -8 ) (1268 -1024 -8 ) 
4 734 946 (2048 -2048 88 ) (2048 -2048 1104 ) (1572 -2048 1104 ) (1572 -2048 88 ) 
4 734 737 (1572 -2048 88 ) (1572 -2048 1104 ) (1572 -1024 1104 ) (1572 -1024 88 ) 
4 734 736 (1572 -2048 88 ) (1572 -1780 88 ) (1580 -1780 88 ) (1580 -2048 88 ) 
4 734 735 (1580 -1024 88 ) (2048 -1024 88 ) (2048 -2048 88 ) (1580 -2048 88 ) 
4 735 948 (2048 -2048 -8 ) (2048 -2048 88 ) (1580 -2048 88 ) (1580 -2048 -8 ) 
4 735 736 (1580 -1780 -8 ) (1580 -2048 -8 ) (1580 -2048 88 ) (1580 -1780 88 ) 
4 736 949 (1580 -2048 88 ) (1572 -2048 88 ) (1572 -2048 -8 ) (1580 -2048 -8 ) 
4 736 739 (1572 -1780 -8 ) (1572 -2048 -8 ) (1572 -2048 88 ) (1572 -1780 88 ) 
4 737 946 (1024 -2048 1104 ) (1024 -2048 88 ) (1572 -2048 88 ) (1572 -2048 1104 ) 
4 737 758 (1024 -2048 88 ) (1024 -2048 1104 ) (1024 -1024 1104 ) (1024 -1024 88 ) 
4 737 740 (1276 -1298.736938 88 ) (1276 -2048 88 ) (1268 -2048 88 ) (1268 -1292 88 ) 
4 737 741 (1024 -2048 88 ) (1024 -1024 88 ) (1268 -1024 88 ) (1268 -2048 88 ) 
4 737 739 (1572 -1548 88 ) (1572 -2048 88 ) (1276 -2048 88 ) (1276 -1298.736816 88 ) 
4 737 738 (1276 -1024 88 ) (1572 -1024 88 ) (1572 -1540 88 ) (1276 -1292 88 ) 
4 739 949 (1276 -2048 -8 ) (1572 -2048 -8 ) (1572 -2048 88 ) (1276 -2048 88 ) 
4 739 740 (1276 -1298.736938 -8 ) (1276 -2048 -8 ) (1276 -2048 88 ) (1276 -1298.736816 88 ) 
4 740 952 (1268 -2048 -8 ) (1272 -2048 -8 ) (1272 -2048 88 ) (1268 -2048 88 ) 
4 740 949 (1272 -2048 -8 ) (1276 -2048 -8 ) (1276 -2048 88 ) (1272 -2048 88 ) 
4 740 741 (1268 -1292 -8 ) (1268 -2048 -8 ) (1268 -2048 88 ) (1268 -1292 88 ) 
4 741 952 (1264 -2048 -8 ) (1268 -2048 -8 ) (1268 -2048 88 ) (1264 -2048 88 ) 
4 741 953 (1024 -2048 88 ) (1024 -2048 -8 ) (1264 -2048 -8 ) (1264 -2048 88 ) 
4 741 759 (1024 -2048 -8 ) (1024 -2048 56 ) (1024 -1024 56 ) (1024 -1024 -8 ) 
4 741 758 (1024 -2048 56 ) (1024 -2048 88 ) (1024 -1024 88 ) (1024 -1024 56 ) 
4 742 793 (216 -1024 1104 ) (0 -1024 1104 ) (0 -1024 88 ) (216 -1024 88 ) 
4 742 791 (224 -1024 1104 ) (216 -1024 1104 ) (216 -1024 88 ) (224 -1024 88 ) 
4 742 775 (736 -1024 1104 ) (224 -1024 1104 ) (224 -1024 88 ) (736 -1024 88 ) 
4 742 773 (736 -1024 94 ) (736 -1024 88 ) (744 -1024 88 ) (744 -1024 94 ) 
4 742 770 (736 -1024 230 ) (736 -1024 94 ) (744 -1024 94 ) (744 -1024 230 ) 
4 742 767 (736 -1024 366 ) (736 -1024 230 ) (744 -1024 230 ) (744 -1024 366 ) 
4 742 764 (736 -1024 426 ) (736 -1024 366 ) (744 -1024 366 ) (744 -1024 426 ) 
4 742 763 (736 -1024 464 ) (736 -1024 426 ) (744 -1024 426 ) (744 -1024 464 ) 
4 742 762 (744 -1024 1104 ) (736 -1024 1104 ) (736 -1024 464 ) (744 -1024 464 ) 
4 742 758 (1024 -1024 88 ) (1024 -1024 1104 ) (744 -1024 1104 ) (744 -1024 88 ) 
4 742 754 (0 -100 88 ) (0 -1024 88 ) (0 -1024 1104 ) (0 -100 1104 ) 
4 742 751 (0 0 1104 ) (0 0 88 ) (0 -100 88 ) (0 -100 1104 ) 
5 742 746 (1024 -1024 88 ) (48 -1024 88 ) (48 -108 88 ) (588 -108 88 ) (1024 -498.655151 88 ) 
4 742 745 (48 -100 88 ) (48 0 88 ) (132 0 88 ) (132 -100 88 ) 
4 742 744 (140 0 88 ) (476.495605 0 88 ) (588 -100 88 ) (140 -100 88 ) 
3 742 743 (476.495605 0 88 ) (1024 0 88 ) (1024 -491.015869 88 ) 
4 742 747 (48 -1024 88 ) (0 -1024 88 ) (0 0 88 ) (48 0 88 ) 
4 743 744 (588 -100 88 ) (476.495117 0 88 ) (476.495026 0 40 ) (588 -100 40 ) 
4 745 747 (48 0 -8 ) (48 -100 -8 ) (48 -100 88 ) (48 0 88 ) 
4 746 795 (48 -1024 56 ) (48 -1024 -8 ) (136 -1024 -8 ) (136 -1024 56 ) 
4 746 794 (136 -1024 -8 ) (224 -1024 -8 ) (224 -1024 56 ) (136 -1024 56 ) 
4 746 793 (216 -1024 88 ) (48 -1024 88 ) (48 -1024 56 ) (216 -1024 56 ) 
4 746 791 (224 -1024 88 ) (216 -1024 88 ) (216 -1024 56 ) (224 -1024 56 ) 
4 746 775 (736 -1024 88 ) (224 -1024 88 ) (224 -1024 -8 ) (736 -1024 -8 ) 
4 746 774 (736 -1024 56 ) (736 -1024 -8 ) (744 -1024 -8 ) (744 -1024 56 ) 
4 746 773 (744 -1024 88 ) (736 -1024 88 ) (736 -1024 56 ) (744 -1024 56 ) 
4 746 760 (832 -1024 56 ) (744 -1024 56 ) (744 -1024 -8 ) (832 -1024 -8 ) 
4 746 759 (1024 -1024 -8 ) (1024 -1024 56 ) (832 -1024 56 ) (832 -1024 -8 ) 
4 746 758 (1024 -1024 56 ) (1024 -1024 88 ) (744 -1024 88 ) (744 -1024 56 ) 
4 746 747 (48 -108 -8 ) (48 -1024 -8 ) (48 -1024 88 ) (48 -108 88 ) 
4 747 795 (8 -1024 -8 ) (48 -1024 -8 ) (48 -1024 56 ) (8 -1024 56 ) 
4 747 796 (0 -1024 56 ) (0 -1024 -8 ) (8 -1024 -8 ) (8 -1024 56 ) 
4 747 793 (48 -1024 88 ) (0 -1024 88 ) (0 -1024 56 ) (48 -1024 56 ) 
4 747 754 (0 -100 -8 ) (0 -1024 -8 ) (0 -1024 88 ) (0 -100 88 ) 
4 747 752 (0 0 88 ) (0 0 -8 ) (0 -100 -8 ) (0 -100 88 ) 
4 748 749 (16 -556 -152 ) (16 -716 -152 ) (16 -716 -24 ) (16 -556 -24 ) 
4 749 757 (0 -556 -152 ) (0 -716 -152 ) (0 -716 -24 ) (0 -556 -24 ) 
4 749 750 (8 -716 -24 ) (0 -716 -24 ) (0 -716 -152 ) (8 -716 -152 ) 
4 750 799 (8 -1024 -24 ) (0 -1024 -24 ) (0 -1024 -152 ) (8 -1024 -152 ) 
4 750 757 (0 -1024 -152 ) (0 -1024 -24 ) (0 -716 -24 ) (0 -716 -152 ) 
4 751 755 (-560 -100 1104 ) (-652 -100 1104 ) (-652 -100 88 ) (-560 -100 88 ) 
4 751 754 (0 -100 88 ) (0 -100 1104 ) (-560 -100 1104 ) (-560 -100 88 ) 
4 751 753 (-652 0 1104 ) (-652 0 88 ) (-652 -100 88 ) (-652 -100 1104 ) 
4 751 752 (0 -100 88 ) (-644 -100 88 ) (-644 0 88 ) (0 0 88 ) 
4 752 754 (-560 -100 -8 ) (0 -100 -8 ) (0 -100 88 ) (-560 -100 88 ) 
4 753 1691 (-1024 0 1104 ) (-1024 0 40 ) (-1024 -100 40 ) (-1024 -100 1104 ) 
4 753 755 (-652 -100 88 ) (-652 -100 1104 ) (-1024 -100 1104 ) (-1024 -100 88 ) 
4 754 892 (0 -1024 -8 ) (0 -1024 56 ) (-560 -1024 56 ) (-560 -1024 -8 ) 
4 754 872 (0 -1024 56 ) (0 -1024 328 ) (-560 -1024 328 ) (-560 -1024 56 ) 
4 754 864 (0 -1024 328 ) (0 -1024 366 ) (-560 -1024 366 ) (-560 -1024 328 ) 
4 754 849 (0 -1024 366 ) (0 -1024 426 ) (-560 -1024 426 ) (-560 -1024 366 ) 
4 754 846 (0 -1024 426 ) (0 -1024 464 ) (-560 -1024 464 ) (-560 -1024 426 ) 
4 754 845 (0 -1024 464 ) (0 -1024 1104 ) (-560 -1024 1104 ) (-560 -1024 464 ) 
4 754 755 (-560 -108 1104 ) (-560 -100 1104 ) (-560 -100 88 ) (-560 -108 88 ) 
4 754 756 (-560 -1024 1104 ) (-560 -108 1104 ) (-560 -108 -8 ) (-560 -1024 -8 ) 
4 755 1692 (-1024 -108 88 ) (-1024 -108 1104 ) (-1024 -100 1104 ) (-1024 -100 88 ) 
4 755 756 (-560 -108 88 ) (-560 -108 1104 ) (-1024 -108 1104 ) (-1024 -108 88 ) 
4 756 1694 (-1024 -108 -8 ) (-1024 -1024 -8 ) (-1024 -1024 88 ) (-1024 -108 88 ) 
4 756 1692 (-1024 -1024 88 ) (-1024 -1024 1104 ) (-1024 -108 1104 ) (-1024 -108 88 ) 
4 756 893 (-712 -1024 -8 ) (-584 -1024 -8 ) (-584 -1024 56 ) (-712 -1024 56 ) 
4 756 892 (-584 -1024 -8 ) (-560 -1024 -8 ) (-560 -1024 56 ) (-584 -1024 56 ) 
4 756 894 (-1024 -1024 56 ) (-1024 -1024 -8 ) (-712 -1024 -8 ) (-712 -1024 56 ) 
4 756 872 (-1024 -1024 328 ) (-1024 -1024 56 ) (-560 -1024 56 ) (-560 -1024 328 ) 
4 756 864 (-1024 -1024 366 ) (-1024 -1024 328 ) (-560 -1024 328 ) (-560 -1024 366 ) 
4 756 849 (-1024 -1024 426 ) (-1024 -1024 366 ) (-560 -1024 366 ) (-560 -1024 426 ) 
4 756 846 (-1024 -1024 464 ) (-1024 -1024 426 ) (-560 -1024 426 ) (-560 -1024 464 ) 
4 756 845 (-560 -1024 1104 ) (-1024 -1024 1104 ) (-1024 -1024 464 ) (-560 -1024 464 ) 
4 757 900 (0 -1024 -152 ) (0 -1024 -24 ) (-584 -1024 -24 ) (-584 -1024 -152 ) 
4 758 1108 (880 -2048 94 ) (744 -2048 94 ) (744 -2048 56 ) (880 -2048 56 ) 
4 758 1107 (888 -2048 94 ) (880 -2048 94 ) (880 -2048 56 ) (888 -2048 56 ) 
4 758 1106 (1024 -2048 56 ) (1024 -2048 94 ) (888 -2048 94 ) (888 -2048 56 ) 
4 758 1080 (1024 -2048 94 ) (1024 -2048 192 ) (744 -2048 192 ) (744 -2048 94 ) 
4 758 1057 (1024 -2048 192 ) (1024 -2048 230 ) (744 -2048 230 ) (744 -2048 192 ) 
4 758 1029 (1024 -2048 230 ) (1024 -2048 328 ) (744 -2048 328 ) (744 -2048 230 ) 
4 758 1008 (880 -2048 366 ) (744 -2048 366 ) (744 -2048 328 ) (880 -2048 328 ) 
4 758 1007 (888 -2048 366 ) (880 -2048 366 ) (880 -2048 328 ) (888 -2048 328 ) 
4 758 1006 (1024 -2048 328 ) (1024 -2048 366 ) (888 -2048 366 ) (888 -2048 328 ) 
4 758 979 (880 -2048 426 ) (744 -2048 426 ) (744 -2048 366 ) (880 -2048 366 ) 
4 758 978 (888 -2048 426 ) (880 -2048 426 ) (880 -2048 366 ) (888 -2048 366 ) 
4 758 977 (1024 -2048 366 ) (1024 -2048 426 ) (888 -2048 426 ) (888 -2048 366 ) 
4 758 974 (880 -2048 464 ) (744 -2048 464 ) (744 -2048 426 ) (880 -2048 426 ) 
4 758 973 (888 -2048 464 ) (880 -2048 464 ) (880 -2048 426 ) (888 -2048 426 ) 
4 758 972 (1024 -2048 426 ) (1024 -2048 464 ) (888 -2048 464 ) (888 -2048 426 ) 
4 758 971 (1024 -2048 464 ) (1024 -2048 1104 ) (744 -2048 1104 ) (744 -2048 464 ) 
4 758 773 (744 -1024 94 ) (744 -1024 56 ) (744 -1084 56 ) (744 -1084 94 ) 
4 758 772 (744 -1424 94 ) (744 -1480 94 ) (744 -1480 154 ) (744 -1424 154 ) 
4 758 771 (744 -1200 94 ) (744 -1256 94 ) (744 -1256 154 ) (744 -1200 154 ) 
4 758 770 (744 -1024 230 ) (744 -1024 94 ) (744 -1084 94 ) (744 -1084 230 ) 
4 758 769 (744 -1424 230 ) (744 -1480 230 ) (744 -1480 290 ) (744 -1424 290 ) 
4 758 768 (744 -1200 230 ) (744 -1256 230 ) (744 -1256 290 ) (744 -1200 290 ) 
4 758 767 (744 -1024 366 ) (744 -1024 230 ) (744 -1084 230 ) (744 -1084 366 ) 
4 758 765 (744 -1200 366 ) (744 -1256 366 ) (744 -1256 426 ) (744 -1200 426 ) 
4 758 766 (744 -1424 366 ) (744 -1480 366 ) (744 -1480 426 ) (744 -1424 426 ) 
4 758 764 (744 -1024 426 ) (744 -1024 366 ) (744 -1084 366 ) (744 -1084 426 ) 
4 758 763 (744 -1024 464 ) (744 -1024 426 ) (744 -1084 426 ) (744 -1084 464 ) 
4 758 762 (744 -1024 1104 ) (744 -1024 464 ) (744 -2048 464 ) (744 -2048 1104 ) 
3 758 761 (784 -1596 56 ) (832 -1596 56 ) (832 -1636 56 ) 
4 758 760 (744 -1596 56 ) (744 -1024 56 ) (832 -1024 56 ) (832 -1596 56 ) 
4 758 759 (832 -1024 56 ) (1024 -1024 56 ) (1024 -2048 56 ) (832 -2048 56 ) 
4 759 1127 (1024 -2048 -8 ) (1024 -2048 56 ) (832 -2048 56 ) (832 -2048 -8 ) 
4 759 761 (832 -1596 -8 ) (832 -1636 -8 ) (832 -1636 56 ) (832 -1596 56 ) 
4 759 760 (832 -1024 -8 ) (832 -1596 -8 ) (832 -1596 56 ) (832 -1024 56 ) 
4 760 774 (744 -1024 56 ) (744 -1024 -8 ) (744 -1084 -8 ) (744 -1084 56 ) 
4 760 761 (784 -1596 -8 ) (832 -1596 -8 ) (832 -1596 56 ) (784 -1596 56 ) 
4 762 971 (744 -2048 464 ) (744 -2048 1104 ) (736 -2048 1104 ) (736 -2048 464 ) 
4 762 837 (736 -2048 464 ) (736 -2048 1104 ) (736 -1916 1104 ) (736 -1916 464 ) 
4 762 833 (736 -1916 1104 ) (736 -1908 1104 ) (736 -1908 464 ) (736 -1916 464 ) 
4 762 829 (736 -1908 1104 ) (736 -1716 1104 ) (736 -1716 464 ) (736 -1908 464 ) 
4 762 817 (736 -1716 1104 ) (736 -1708 1104 ) (736 -1708 464 ) (736 -1716 464 ) 
4 762 813 (736 -1708 1104 ) (736 -1180 1104 ) (736 -1180 464 ) (736 -1708 464 ) 
4 762 787 (736 -1180 1104 ) (736 -1092 1104 ) (736 -1092 464 ) (736 -1180 464 ) 
4 762 776 (736 -1092 1104 ) (736 -1084 1104 ) (736 -1084 464 ) (736 -1092 464 ) 
4 762 775 (736 -1084 1104 ) (736 -1024 1104 ) (736 -1024 464 ) (736 -1084 464 ) 
4 762 763 (736 -1084 464 ) (736 -1024 464 ) (744 -1024 464 ) (744 -1084 464 ) 
4 763 775 (736 -1084 464 ) (736 -1024 464 ) (736 -1024 426 ) (736 -1084 426 ) 
4 763 764 (736 -1084 426 ) (736 -1024 426 ) (744 -1024 426 ) (744 -1084 426 ) 
4 764 775 (736 -1084 426 ) (736 -1024 426 ) (736 -1024 366 ) (736 -1084 366 ) 
4 764 767 (736 -1084 366 ) (736 -1024 366 ) (744 -1024 366 ) (744 -1084 366 ) 
4 765 814 (736 -1256 426 ) (736 -1200 426 ) (736 -1200 366 ) (736 -1256 366 ) 
4 766 814 (736 -1480 426 ) (736 -1424 426 ) (736 -1424 366 ) (736 -1480 366 ) 
4 767 775 (736 -1084 366 ) (736 -1024 366 ) (736 -1024 230 ) (736 -1084 230 ) 
4 767 770 (736 -1084 230 ) (736 -1024 230 ) (744 -1024 230 ) (744 -1084 230 ) 
4 768 815 (736 -1200 290 ) (736 -1200 230 ) (736 -1256 230 ) (736 -1256 290 ) 
4 769 815 (736 -1424 290 ) (736 -1424 230 ) (736 -1480 230 ) (736 -1480 290 ) 
4 770 775 (736 -1084 230 ) (736 -1024 230 ) (736 -1024 94 ) (736 -1084 94 ) 
4 770 773 (736 -1084 94 ) (736 -1024 94 ) (744 -1024 94 ) (744 -1084 94 ) 
4 771 816 (736 -1200 154 ) (736 -1200 94 ) (736 -1256 94 ) (736 -1256 154 ) 
4 772 816 (736 -1424 154 ) (736 -1424 94 ) (736 -1480 94 ) (736 -1480 154 ) 
4 773 775 (736 -1084 94 ) (736 -1024 94 ) (736 -1024 56 ) (736 -1084 56 ) 
4 773 774 (736 -1084 56 ) (736 -1024 56 ) (744 -1024 56 ) (744 -1084 56 ) 
4 774 775 (736 -1084 -8 ) (736 -1084 56 ) (736 -1024 56 ) (736 -1024 -8 ) 
4 775 794 (224 -1084 -8 ) (224 -1084 56 ) (224 -1024 56 ) (224 -1024 -8 ) 
4 775 791 (224 -1084 56 ) (224 -1084 1104 ) (224 -1024 1104 ) (224 -1024 56 ) 
4 775 786 (224 -1084 1104 ) (224 -1084 464 ) (340 -1084 464 ) (340 -1084 1104 ) 
4 775 785 (396 -1084 94 ) (396 -1084 154 ) (340 -1084 154 ) (340 -1084 94 ) 
4 775 784 (396 -1084 230 ) (396 -1084 290 ) (340 -1084 290 ) (340 -1084 230 ) 
4 775 782 (396 -1084 464 ) (396 -1084 1104 ) (340 -1084 1104 ) (340 -1084 464 ) 
4 775 783 (396 -1084 366 ) (396 -1084 426 ) (340 -1084 426 ) (340 -1084 366 ) 
4 775 781 (564 -1084 464 ) (564 -1084 1104 ) (396 -1084 1104 ) (396 -1084 464 ) 
4 775 780 (620 -1084 94 ) (620 -1084 154 ) (564 -1084 154 ) (564 -1084 94 ) 
4 775 779 (620 -1084 230 ) (620 -1084 290 ) (564 -1084 290 ) (564 -1084 230 ) 
4 775 778 (620 -1084 366 ) (620 -1084 426 ) (564 -1084 426 ) (564 -1084 366 ) 
4 775 777 (620 -1084 464 ) (620 -1084 1104 ) (564 -1084 1104 ) (564 -1084 464 ) 
4 775 776 (736 -1084 464 ) (736 -1084 1104 ) (620 -1084 1104 ) (620 -1084 464 ) 
4 776 787 (736 -1092 464 ) (736 -1092 1104 ) (620 -1092 1104 ) (620 -1092 464 ) 
4 776 777 (620 -1084 1104 ) (620 -1084 464 ) (620 -1092 464 ) (620 -1092 1104 ) 
4 777 787 (620 -1092 464 ) (620 -1092 1104 ) (564 -1092 1104 ) (564 -1092 464 ) 
4 777 781 (564 -1084 1104 ) (564 -1084 464 ) (564 -1092 464 ) (564 -1092 1104 ) 
4 778 788 (620 -1092 366 ) (620 -1092 426 ) (564 -1092 426 ) (564 -1092 366 ) 
4 779 789 (620 -1092 230 ) (620 -1092 290 ) (564 -1092 290 ) (564 -1092 230 ) 
4 780 790 (620 -1092 94 ) (620 -1092 154 ) (564 -1092 154 ) (564 -1092 94 ) 
4 781 787 (564 -1092 464 ) (564 -1092 1104 ) (396 -1092 1104 ) (396 -1092 464 ) 
4 781 782 (396 -1084 1104 ) (396 -1084 464 ) (396 -1092 464 ) (396 -1092 1104 ) 
4 782 787 (396 -1092 464 ) (396 -1092 1104 ) (340 -1092 1104 ) (340 -1092 464 ) 
4 782 786 (340 -1084 1104 ) (340 -1084 464 ) (340 -1092 464 ) (340 -1092 1104 ) 
4 783 788 (396 -1092 366 ) (396 -1092 426 ) (340 -1092 426 ) (340 -1092 366 ) 
4 784 789 (396 -1092 230 ) (396 -1092 290 ) (340 -1092 290 ) (340 -1092 230 ) 
4 785 790 (396 -1092 94 ) (396 -1092 154 ) (340 -1092 154 ) (340 -1092 94 ) 
4 786 791 (224 -1092 464 ) (224 -1092 1104 ) (224 -1084 1104 ) (224 -1084 464 ) 
4 786 787 (224 -1092 1104 ) (224 -1092 464 ) (340 -1092 464 ) (340 -1092 1104 ) 
4 787 813 (736 -1180 464 ) (736 -1180 1104 ) (224 -1180 1104 ) (224 -1180 464 ) 
4 787 800 (224 -1180 464 ) (224 -1180 1104 ) (224 -1172 1104 ) (224 -1172 464 ) 
4 787 792 (224 -1172 1104 ) (224 -1092 1104 ) (224 -1092 464 ) (224 -1172 464 ) 
4 788 814 (736 -1180 328 ) (736 -1180 456 ) (224 -1180 456 ) (224 -1180 328 ) 
4 789 815 (736 -1180 192 ) (736 -1180 320 ) (224 -1180 320 ) (224 -1180 192 ) 
4 790 816 (736 -1180 56 ) (736 -1180 184 ) (224 -1180 184 ) (224 -1180 56 ) 
4 791 794 (216 -1084 56 ) (216 -1024 56 ) (224 -1024 56 ) (224 -1084 56 ) 
4 791 793 (216 -1024 1104 ) (216 -1024 56 ) (216 -1092 56 ) (216 -1092 1104 ) 
4 791 792 (216 -1092 1104 ) (216 -1092 464 ) (224 -1092 464 ) (224 -1092 1104 ) 
4 792 800 (224 -1172 464 ) (224 -1172 1104 ) (216 -1172 1104 ) (216 -1172 464 ) 
4 792 793 (216 -1172 464 ) (216 -1172 1104 ) (216 -1092 1104 ) (216 -1092 464 ) 
4 793 887 (0 -1092 56 ) (0 -1172 56 ) (0 -1172 192 ) (0 -1092 192 ) 
4 793 884 (0 -1172 192 ) (0 -1172 230 ) (0 -1092 230 ) (0 -1092 192 ) 
4 793 878 (0 -1172 230 ) (0 -1172 320 ) (0 -1092 320 ) (0 -1092 230 ) 
4 793 876 (0 -1172 320 ) (0 -1172 328 ) (0 -1092 328 ) (0 -1092 320 ) 
4 793 873 (0 -1084 56 ) (0 -1092 56 ) (0 -1092 328 ) (0 -1084 328 ) 
4 793 872 (0 -1024 328 ) (0 -1024 56 ) (0 -1084 56 ) (0 -1084 328 ) 
4 793 867 (0 -1092 328 ) (0 -1172 328 ) (0 -1172 366 ) (0 -1092 366 ) 
4 793 865 (0 -1084 328 ) (0 -1092 328 ) (0 -1092 366 ) (0 -1084 366 ) 
4 793 864 (0 -1024 366 ) (0 -1024 328 ) (0 -1084 328 ) (0 -1084 366 ) 
4 793 856 (0 -1092 366 ) (0 -1172 366 ) (0 -1172 456 ) (0 -1092 456 ) 
4 793 854 (0 -1172 456 ) (0 -1172 464 ) (0 -1092 464 ) (0 -1092 456 ) 
4 793 853 (0 -1172 464 ) (0 -1172 1104 ) (0 -1092 1104 ) (0 -1092 464 ) 
4 793 850 (0 -1084 366 ) (0 -1092 366 ) (0 -1092 426 ) (0 -1084 426 ) 
4 793 849 (0 -1024 426 ) (0 -1024 366 ) (0 -1084 366 ) (0 -1084 426 ) 
4 793 847 (0 -1084 426 ) (0 -1092 426 ) (0 -1092 464 ) (0 -1084 464 ) 
4 793 846 (0 -1024 464 ) (0 -1024 426 ) (0 -1084 426 ) (0 -1084 464 ) 
4 793 845 (0 -1024 1104 ) (0 -1024 464 ) (0 -1092 464 ) (0 -1092 1104 ) 
4 793 810 (0 -1172 328 ) (0 -1172 320 ) (8 -1172 320 ) (8 -1172 328 ) 
4 793 809 (0 -1172 1104 ) (0 -1172 456 ) (8 -1172 456 ) (8 -1172 1104 ) 
4 793 808 (24 -1172 56 ) (44 -1172 56 ) (44 -1172 164 ) (24 -1172 164 ) 
4 793 807 (44 -1172 464 ) (44 -1172 1104 ) (8 -1172 1104 ) (8 -1172 464 ) 
4 793 806 (44 -1172 56 ) (100 -1172 56 ) (100 -1172 164 ) (44 -1172 164 ) 
4 793 805 (100 -1172 230 ) (100 -1172 290 ) (44 -1172 290 ) (44 -1172 230 ) 
4 793 803 (100 -1172 464 ) (100 -1172 1104 ) (44 -1172 1104 ) (44 -1172 464 ) 
4 793 804 (100 -1172 366 ) (100 -1172 426 ) (44 -1172 426 ) (44 -1172 366 ) 
4 793 802 (100 -1172 56 ) (120 -1172 56 ) (120 -1172 164 ) (100 -1172 164 ) 
4 793 801 (136 -1172 464 ) (136 -1172 1104 ) (100 -1172 1104 ) (100 -1172 464 ) 
4 793 800 (216 -1172 464 ) (216 -1172 1104 ) (136 -1172 1104 ) (136 -1172 464 ) 
4 793 797 (136 -1172 56 ) (8 -1172 56 ) (8 -1132 56 ) (136 -1132 56 ) 
4 793 798 (8 -1172 56 ) (0 -1172 56 ) (0 -1132 56 ) (8 -1132 56 ) 
4 793 795 (8 -1024 56 ) (136 -1024 56 ) (136 -1132 56 ) (8 -1132 56 ) 
4 793 796 (0 -1132 56 ) (0 -1024 56 ) (8 -1024 56 ) (8 -1132 56 ) 
4 793 794 (136 -1024 56 ) (216 -1024 56 ) (216 -1084 56 ) (136 -1084 56 ) 
5 794 795 (136 -1024 -8 ) (136 -1076 -8 ) (136 -1084 -2.666636 ) (136 -1084 56 ) (136 -1024 56 ) 
4 795 797 (136 -1132 56 ) (8 -1132 56 ) (8 -1132 29.333473 ) (136 -1132 29.333473 ) 
5 795 796 (8 -1024 -8 ) (8 -1076 -8 ) (8 -1132 29.333473 ) (8 -1132 56 ) (8 -1024 56 ) 
4 796 895 (0 -1084 -8 ) (0 -1132 -8 ) (0 -1132 56 ) (0 -1084 56 ) 
4 796 892 (0 -1024 56 ) (0 -1024 -8 ) (0 -1084 -8 ) (0 -1084 56 ) 
4 796 798 (8 -1132 56 ) (0 -1132 56 ) (0 -1132 -8 ) (8 -1132 -8 ) 
3 797 798 (8 -1132 56 ) (8 -1132 29.333490 ) (8 -1172 56 ) 
4 798 898 (0 -1132 -16 ) (0 -1172 -16 ) (0 -1172 56 ) (0 -1132 56 ) 
4 798 811 (0 -1172 56 ) (0 -1172 -16 ) (8 -1172 -16 ) (8 -1172 56 ) 
4 799 900 (0 -1024 -24 ) (0 -1024 -152 ) (0 -1172 -152 ) (0 -1172 -24 ) 
4 799 812 (0 -1172 -24 ) (0 -1172 -152 ) (8 -1172 -152 ) (8 -1172 -24 ) 
4 800 813 (224 -1180 464 ) (224 -1180 1104 ) (136 -1180 1104 ) (136 -1180 464 ) 
4 800 801 (136 -1172 1104 ) (136 -1172 464 ) (136 -1180 464 ) (136 -1180 1104 ) 
4 801 821 (128 -1180 1104 ) (100 -1180 1104 ) (100 -1180 464 ) (128 -1180 464 ) 
4 801 813 (136 -1180 464 ) (136 -1180 1104 ) (128 -1180 1104 ) (128 -1180 464 ) 
4 801 803 (100 -1172 1104 ) (100 -1172 464 ) (100 -1180 464 ) (100 -1180 1104 ) 
4 802 824 (120 -1180 164 ) (100 -1180 164 ) (100 -1180 56 ) (120 -1180 56 ) 
4 802 806 (100 -1172 164 ) (100 -1172 56 ) (100 -1180 56 ) (100 -1180 164 ) 
4 803 821 (100 -1180 464 ) (100 -1180 1104 ) (44 -1180 1104 ) (44 -1180 464 ) 
4 803 807 (44 -1172 1104 ) (44 -1172 464 ) (44 -1180 464 ) (44 -1180 1104 ) 
4 804 822 (100 -1180 366 ) (100 -1180 426 ) (44 -1180 426 ) (44 -1180 366 ) 
4 805 823 (100 -1180 230 ) (100 -1180 290 ) (44 -1180 290 ) (44 -1180 230 ) 
4 806 824 (100 -1180 56 ) (100 -1180 164 ) (44 -1180 164 ) (44 -1180 56 ) 
4 806 808 (44 -1172 164 ) (44 -1172 56 ) (44 -1180 56 ) (44 -1180 164 ) 
4 807 825 (16 -1180 1104 ) (8 -1180 1104 ) (8 -1180 464 ) (16 -1180 464 ) 
4 807 821 (44 -1180 464 ) (44 -1180 1104 ) (16 -1180 1104 ) (16 -1180 464 ) 
4 807 809 (8 -1172 1104 ) (8 -1172 464 ) (8 -1180 464 ) (8 -1180 1104 ) 
4 808 824 (44 -1180 56 ) (44 -1180 164 ) (24 -1180 164 ) (24 -1180 56 ) 
4 809 854 (0 -1180 456 ) (0 -1180 464 ) (0 -1172 464 ) (0 -1172 456 ) 
4 809 853 (0 -1180 464 ) (0 -1180 1104 ) (0 -1172 1104 ) (0 -1172 464 ) 
4 809 825 (0 -1180 1104 ) (0 -1180 464 ) (8 -1180 464 ) (8 -1180 1104 ) 
4 810 876 (0 -1180 320 ) (0 -1180 328 ) (0 -1172 328 ) (0 -1172 320 ) 
4 811 898 (0 -1180 -16 ) (0 -1180 56 ) (0 -1172 56 ) (0 -1172 -16 ) 
4 812 900 (0 -1180 -152 ) (0 -1180 -24 ) (0 -1172 -24 ) (0 -1172 -152 ) 
4 812 828 (0 -1180 -24 ) (0 -1180 -152 ) (8 -1180 -152 ) (8 -1180 -24 ) 
4 813 821 (128 -1180 1104 ) (128 -1180 464 ) (128 -1708 464 ) (128 -1708 1104 ) 
4 813 817 (128 -1708 1104 ) (128 -1708 464 ) (736 -1708 464 ) (736 -1708 1104 ) 
4 814 818 (384 -1708 328 ) (480 -1708 328 ) (480 -1708 436 ) (384 -1708 436 ) 
4 815 819 (384 -1708 192 ) (480 -1708 192 ) (480 -1708 300 ) (384 -1708 300 ) 
4 816 820 (384 -1708 56 ) (480 -1708 56 ) (480 -1708 164 ) (384 -1708 164 ) 
4 817 829 (736 -1716 464 ) (736 -1716 1104 ) (128 -1716 1104 ) (128 -1716 464 ) 
4 817 821 (128 -1716 464 ) (128 -1716 1104 ) (128 -1708 1104 ) (128 -1708 464 ) 
4 818 830 (384 -1716 436 ) (384 -1716 328 ) (480 -1716 328 ) (480 -1716 436 ) 
4 819 831 (384 -1716 300 ) (384 -1716 192 ) (480 -1716 192 ) (480 -1716 300 ) 
4 820 832 (384 -1716 164 ) (384 -1716 56 ) (480 -1716 56 ) (480 -1716 164 ) 
4 821 829 (128 -1716 464 ) (128 -1716 1104 ) (16 -1716 1104 ) (16 -1716 464 ) 
4 821 825 (16 -1180 1104 ) (16 -1180 464 ) (16 -1716 464 ) (16 -1716 1104 ) 
4 822 830 (128 -1716 328 ) (128 -1716 456 ) (16 -1716 456 ) (16 -1716 328 ) 
4 822 826 (16 -1180 456 ) (16 -1180 328 ) (16 -1716 328 ) (16 -1716 456 ) 
4 823 831 (128 -1716 192 ) (128 -1716 320 ) (16 -1716 320 ) (16 -1716 192 ) 
4 824 832 (128 -1716 56 ) (128 -1716 184 ) (16 -1716 184 ) (16 -1716 56 ) 
4 825 916 (0 -1716 464 ) (0 -1716 1104 ) (0 -1708 1104 ) (0 -1708 464 ) 
4 825 901 (0 -1708 1104 ) (0 -1180 1104 ) (0 -1180 464 ) (0 -1708 464 ) 
4 825 829 (16 -1716 464 ) (16 -1716 1104 ) (0 -1716 1104 ) (0 -1716 464 ) 
4 826 917 (0 -1716 328 ) (0 -1716 456 ) (0 -1708 456 ) (0 -1708 328 ) 
4 826 902 (0 -1708 456 ) (0 -1180 456 ) (0 -1180 328 ) (0 -1708 328 ) 
4 826 830 (16 -1716 328 ) (16 -1716 456 ) (0 -1716 456 ) (0 -1716 328 ) 
4 827 904 (0 -1708 320 ) (0 -1484 320 ) (0 -1484 192 ) (0 -1708 192 ) 
4 828 911 (0 -1188 -24 ) (0 -1180 -24 ) (0 -1180 -152 ) (0 -1188 -152 ) 
4 829 927 (0 -1908 464 ) (0 -1908 1104 ) (0 -1716 1104 ) (0 -1716 464 ) 
4 829 833 (0 -1908 1104 ) (0 -1908 464 ) (736 -1908 464 ) (736 -1908 1104 ) 
4 830 928 (0 -1908 328 ) (0 -1908 456 ) (0 -1716 456 ) (0 -1716 328 ) 
4 830 836 (0 -1908 456 ) (0 -1908 328 ) (32 -1908 328 ) (32 -1908 456 ) 
4 830 835 (56 -1908 328 ) (104 -1908 328 ) (104 -1908 436 ) (56 -1908 436 ) 
4 830 834 (128 -1908 328 ) (736 -1908 328 ) (736 -1908 456 ) (128 -1908 456 ) 
4 831 929 (0 -1908 192 ) (0 -1908 320 ) (0 -1716 320 ) (0 -1716 192 ) 
4 831 843 (0 -1908 320 ) (0 -1908 192 ) (32 -1908 192 ) (32 -1908 320 ) 
4 831 841 (128 -1908 192 ) (736 -1908 192 ) (736 -1908 320 ) (128 -1908 320 ) 
4 832 930 (0 -1908 56 ) (0 -1908 184 ) (0 -1716 184 ) (0 -1716 56 ) 
4 832 844 (128 -1908 56 ) (736 -1908 56 ) (736 -1908 184 ) (128 -1908 184 ) 
4 833 931 (0 -1908 1104 ) (0 -1908 464 ) (0 -1916 464 ) (0 -1916 1104 ) 
4 833 837 (0 -1916 1104 ) (0 -1916 464 ) (736 -1916 464 ) (736 -1916 1104 ) 
4 834 838 (128 -1916 328 ) (736 -1916 328 ) (736 -1916 456 ) (128 -1916 456 ) 
4 835 839 (56 -1916 328 ) (104 -1916 328 ) (104 -1916 436 ) (56 -1916 436 ) 
4 836 932 (0 -1908 456 ) (0 -1908 328 ) (0 -1916 328 ) (0 -1916 456 ) 
4 836 840 (0 -1916 456 ) (0 -1916 328 ) (32 -1916 328 ) (32 -1916 456 ) 
4 837 971 (736 -2048 464 ) (736 -2048 1104 ) (0 -2048 1104 ) (0 -2048 464 ) 
4 837 935 (0 -2048 464 ) (0 -2048 1104 ) (0 -1916 1104 ) (0 -1916 464 ) 
4 838 1011 (736 -2048 328 ) (736 -2048 366 ) (128 -2048 366 ) (128 -2048 328 ) 
4 838 983 (736 -2048 366 ) (736 -2048 456 ) (128 -2048 456 ) (128 -2048 366 ) 
4 839 1012 (40 -2048 366 ) (40 -2048 328 ) (120 -2048 328 ) (120 -2048 366 ) 
4 839 984 (120 -2048 456 ) (40 -2048 456 ) (40 -2048 366 ) (120 -2048 366 ) 
4 839 842 (120 -2048 328 ) (40 -2048 328 ) (40 -1998 328 ) (120 -1998 328 ) 
4 840 1013 (0 -2048 366 ) (0 -2048 328 ) (32 -2048 328 ) (32 -2048 366 ) 
4 840 985 (32 -2048 456 ) (0 -2048 456 ) (0 -2048 366 ) (32 -2048 366 ) 
4 840 936 (0 -2048 328 ) (0 -2048 456 ) (0 -1916 456 ) (0 -1916 328 ) 
4 841 1058 (736 -2048 192 ) (736 -2048 230 ) (128 -2048 230 ) (128 -2048 192 ) 
4 841 1032 (736 -2048 230 ) (736 -2048 320 ) (128 -2048 320 ) (128 -2048 230 ) 
4 842 1033 (40 -2048 320 ) (40 -2048 294.666687 ) (120 -2048 294.666687 ) (120 -2048 320 ) 
4 842 1031 (120 -2048 328 ) (40 -2048 328 ) (40 -2048 320 ) (120 -2048 320 ) 
4 843 1060 (0 -2048 230 ) (0 -2048 192 ) (32 -2048 192 ) (32 -2048 230 ) 
4 843 1034 (0 -2048 320 ) (0 -2048 230 ) (32 -2048 230 ) (32 -2048 320 ) 
4 843 941 (0 -2048 192 ) (0 -2048 320 ) (0 -1908 320 ) (0 -1908 192 ) 
4 844 1111 (736 -2048 56 ) (736 -2048 94 ) (128 -2048 94 ) (128 -2048 56 ) 
4 844 1082 (736 -2048 94 ) (736 -2048 184 ) (128 -2048 184 ) (128 -2048 94 ) 
4 845 1704 (-1024 -1084 464 ) (-1024 -1092 464 ) (-1024 -1092 1104 ) (-1024 -1084 1104 ) 
4 845 1703 (-1024 -1024 1104 ) (-1024 -1024 464 ) (-1024 -1084 464 ) (-1024 -1084 1104 ) 
4 845 853 (-1024 -1092 1104 ) (-1024 -1092 464 ) (0 -1092 464 ) (0 -1092 1104 ) 
4 845 847 (0 -1092 464 ) (-80 -1092 464 ) (-80 -1084 464 ) (0 -1084 464 ) 
4 845 848 (-496 -1092 464 ) (-800 -1092 464 ) (-800 -1084 464 ) (-496 -1084 464 ) 
4 845 846 (-1024 -1084 464 ) (-1024 -1024 464 ) (0 -1024 464 ) (0 -1084 464 ) 
4 846 1703 (-1024 -1024 464 ) (-1024 -1024 426 ) (-1024 -1084 426 ) (-1024 -1084 464 ) 
4 846 849 (-1024 -1084 426 ) (-1024 -1024 426 ) (0 -1024 426 ) (0 -1084 426 ) 
4 846 847 (-80 -1084 426 ) (0 -1084 426 ) (0 -1084 464 ) (-80 -1084 464 ) 
4 846 848 (-800 -1084 426 ) (-496 -1084 426 ) (-496 -1084 464 ) (-800 -1084 464 ) 
4 847 856 (-72 -1092 426 ) (0 -1092 426 ) (0 -1092 456 ) (-72 -1092 456 ) 
4 847 854 (0 -1092 456 ) (0 -1092 464 ) (-80 -1092 464 ) (-80 -1092 456 ) 
4 847 850 (0 -1092 426 ) (-80 -1092 426 ) (-80 -1084 426 ) (0 -1084 426 ) 
4 848 862 (-792 -1092 426 ) (-676 -1092 426 ) (-676 -1092 464 ) (-792 -1092 464 ) 
4 848 860 (-676 -1092 426 ) (-620 -1092 426 ) (-620 -1092 464 ) (-676 -1092 464 ) 
4 848 859 (-620 -1092 426 ) (-584 -1092 426 ) (-584 -1092 464 ) (-620 -1092 464 ) 
4 848 858 (-584 -1092 426 ) (-504 -1092 426 ) (-504 -1092 456 ) (-584 -1092 456 ) 
4 848 855 (-496 -1092 456 ) (-496 -1092 464 ) (-584 -1092 464 ) (-584 -1092 456 ) 
4 848 851 (-496 -1092 426 ) (-800 -1092 426 ) (-800 -1084 426 ) (-496 -1084 426 ) 
4 849 1703 (-1024 -1024 426 ) (-1024 -1024 366 ) (-1024 -1084 366 ) (-1024 -1084 426 ) 
4 849 864 (-1024 -1084 366 ) (-1024 -1024 366 ) (0 -1024 366 ) (0 -1084 366 ) 
4 849 852 (-972 -1084 366 ) (-916 -1084 366 ) (-916 -1084 426 ) (-972 -1084 426 ) 
4 849 851 (-800 -1084 366 ) (-496 -1084 366 ) (-496 -1084 426 ) (-800 -1084 426 ) 
4 849 850 (-80 -1084 366 ) (0 -1084 366 ) (0 -1084 426 ) (-80 -1084 426 ) 
4 850 865 (-80 -1084 366 ) (0 -1084 366 ) (0 -1092 366 ) (-80 -1092 366 ) 
4 850 856 (-72 -1092 366 ) (0 -1092 366 ) (0 -1092 426 ) (-72 -1092 426 ) 
4 851 866 (-800 -1084 366 ) (-496 -1084 366 ) (-496 -1092 366 ) (-800 -1092 366 ) 
4 851 862 (-792 -1092 366 ) (-676 -1092 366 ) (-676 -1092 426 ) (-792 -1092 426 ) 
4 851 860 (-676 -1092 366 ) (-620 -1092 366 ) (-620 -1092 426 ) (-676 -1092 426 ) 
4 851 859 (-620 -1092 366 ) (-584 -1092 366 ) (-584 -1092 426 ) (-620 -1092 426 ) 
4 851 858 (-584 -1092 366 ) (-504 -1092 366 ) (-504 -1092 426 ) (-584 -1092 426 ) 
4 852 863 (-972 -1092 366 ) (-916 -1092 366 ) (-916 -1092 426 ) (-972 -1092 426 ) 
4 853 1710 (-1024 -1180 464 ) (-1024 -1180 1104 ) (-1024 -1092 1104 ) (-1024 -1092 464 ) 
4 853 901 (0 -1180 464 ) (0 -1180 1104 ) (-1024 -1180 1104 ) (-1024 -1180 464 ) 
4 853 862 (-792 -1172 464 ) (-792 -1092 464 ) (-676 -1092 464 ) (-676 -1172 464 ) 
4 853 860 (-676 -1172 464 ) (-676 -1092 464 ) (-620 -1092 464 ) (-620 -1172 464 ) 
4 853 859 (-620 -1172 464 ) (-620 -1092 464 ) (-584 -1092 464 ) (-584 -1172 464 ) 
4 853 854 (0 -1180 464 ) (-80 -1180 464 ) (-80 -1092 464 ) (0 -1092 464 ) 
4 853 855 (-496 -1180 464 ) (-584 -1180 464 ) (-584 -1092 464 ) (-496 -1092 464 ) 
4 854 856 (-72 -1172 456 ) (-72 -1092 456 ) (0 -1092 456 ) (0 -1172 456 ) 
4 855 859 (-584 -1172 464 ) (-584 -1092 464 ) (-584 -1092 456 ) (-584 -1172 456 ) 
4 855 858 (-584 -1172 456 ) (-584 -1092 456 ) (-504 -1092 456 ) (-504 -1172 456 ) 
4 856 867 (-72 -1172 366 ) (-72 -1092 366 ) (0 -1092 366 ) (0 -1172 366 ) 
4 857 902 (-80 -1180 456 ) (-496 -1180 456 ) (-496 -1180 366 ) (-80 -1180 366 ) 
4 857 868 (-80 -1180 366 ) (-496 -1180 366 ) (-496 -1092 366 ) (-80 -1092 366 ) 
4 858 869 (-584 -1172 366 ) (-584 -1092 366 ) (-504 -1092 366 ) (-504 -1172 366 ) 
4 858 859 (-584 -1092 456 ) (-584 -1092 366 ) (-584 -1172 366 ) (-584 -1172 456 ) 
4 859 869 (-620 -1172 366 ) (-620 -1092 366 ) (-584 -1092 366 ) (-584 -1172 366 ) 
4 859 860 (-620 -1172 464 ) (-620 -1092 464 ) (-620 -1092 366 ) (-620 -1172 366 ) 
4 860 869 (-676 -1172 366 ) (-676 -1092 366 ) (-620 -1092 366 ) (-620 -1172 366 ) 
4 860 862 (-676 -1172 464 ) (-676 -1092 464 ) (-676 -1092 366 ) (-676 -1172 366 ) 
4 860 861 (-676 -1172 426 ) (-676 -1172 366 ) (-620 -1172 366 ) (-620 -1172 426 ) 
4 861 902 (-676 -1180 426 ) (-676 -1180 366 ) (-620 -1180 366 ) (-620 -1180 426 ) 
4 862 869 (-792 -1172 366 ) (-792 -1092 366 ) (-676 -1092 366 ) (-676 -1172 366 ) 
4 863 1711 (-1024 -1180 366 ) (-1024 -1180 456 ) (-1024 -1092 456 ) (-1024 -1092 366 ) 
4 863 903 (-1024 -1180 456 ) (-1024 -1180 366 ) (-800 -1180 366 ) (-800 -1180 456 ) 
4 863 871 (-800 -1180 366 ) (-1024 -1180 366 ) (-1024 -1172 366 ) (-800 -1172 366 ) 
4 863 870 (-1024 -1172 366 ) (-1024 -1092 366 ) (-800 -1092 366 ) (-800 -1172 366 ) 
4 864 1703 (-1024 -1084 366 ) (-1024 -1024 366 ) (-1024 -1024 328 ) (-1024 -1084 328 ) 
4 864 872 (-1024 -1084 328 ) (-1024 -1024 328 ) (0 -1024 328 ) (0 -1084 328 ) 
4 864 865 (-80 -1084 328 ) (0 -1084 328 ) (0 -1084 366 ) (-80 -1084 366 ) 
4 864 866 (-800 -1084 328 ) (-496 -1084 328 ) (-496 -1084 366 ) (-800 -1084 366 ) 
4 865 873 (-80 -1084 328 ) (0 -1084 328 ) (0 -1092 328 ) (-80 -1092 328 ) 
4 865 867 (-72 -1092 328 ) (0 -1092 328 ) (0 -1092 366 ) (-72 -1092 366 ) 
4 866 873 (-800 -1084 328 ) (-496 -1084 328 ) (-496 -1092 328 ) (-800 -1092 328 ) 
4 866 869 (-792 -1092 328 ) (-504 -1092 328 ) (-504 -1092 366 ) (-792 -1092 366 ) 
4 867 876 (-72 -1172 328 ) (-72 -1092 328 ) (0 -1092 328 ) (0 -1172 328 ) 
4 868 902 (-80 -1180 366 ) (-496 -1180 366 ) (-496 -1180 328 ) (-80 -1180 328 ) 
4 869 882 (-792 -1092 328 ) (-676 -1092 328 ) (-676 -1172 328 ) (-792 -1172 328 ) 
4 869 880 (-676 -1092 328 ) (-620 -1092 328 ) (-620 -1172 328 ) (-676 -1172 328 ) 
4 869 879 (-620 -1092 328 ) (-584 -1092 328 ) (-584 -1172 328 ) (-620 -1172 328 ) 
4 869 877 (-584 -1092 328 ) (-504 -1092 328 ) (-504 -1172 328 ) (-584 -1172 328 ) 
4 870 1711 (-1024 -1172 366 ) (-1024 -1092 366 ) (-1024 -1092 328 ) (-1024 -1172 328 ) 
4 870 871 (-1024 -1172 328 ) (-800 -1172 328 ) (-800 -1172 366 ) (-1024 -1172 366 ) 
4 871 1711 (-1024 -1180 328 ) (-1024 -1180 366 ) (-1024 -1172 366 ) (-1024 -1172 328 ) 
4 871 903 (-800 -1180 366 ) (-1024 -1180 366 ) (-1024 -1180 328 ) (-800 -1180 328 ) 
4 872 1703 (-1024 -1084 328 ) (-1024 -1024 328 ) (-1024 -1024 56 ) (-1024 -1084 56 ) 
4 872 893 (-712 -1024 56 ) (-584 -1024 56 ) (-584 -1084 56 ) (-712 -1084 56 ) 
4 872 892 (-584 -1024 56 ) (0 -1024 56 ) (0 -1084 56 ) (-584 -1084 56 ) 
4 872 894 (-1024 -1084 56 ) (-1024 -1024 56 ) (-712 -1024 56 ) (-712 -1084 56 ) 
4 872 875 (-916 -1084 94 ) (-916 -1084 154 ) (-972 -1084 154 ) (-972 -1084 94 ) 
4 872 874 (-916 -1084 230 ) (-916 -1084 290 ) (-972 -1084 290 ) (-972 -1084 230 ) 
4 872 873 (-800 -1084 56 ) (0 -1084 56 ) (0 -1084 328 ) (-800 -1084 328 ) 
4 873 896 (-712 -1084 56 ) (-584 -1084 56 ) (-584 -1092 56 ) (-712 -1092 56 ) 
4 873 895 (-584 -1084 56 ) (0 -1084 56 ) (0 -1092 56 ) (-584 -1092 56 ) 
4 873 887 (-792 -1092 56 ) (0 -1092 56 ) (0 -1092 192 ) (-792 -1092 192 ) 
4 873 884 (0 -1092 192 ) (0 -1092 230 ) (-792 -1092 230 ) (-792 -1092 192 ) 
4 873 882 (-676 -1092 328 ) (-792 -1092 328 ) (-792 -1092 230 ) (-676 -1092 230 ) 
4 873 880 (-620 -1092 328 ) (-676 -1092 328 ) (-676 -1092 230 ) (-620 -1092 230 ) 
4 873 879 (-584 -1092 328 ) (-620 -1092 328 ) (-620 -1092 230 ) (-584 -1092 230 ) 
4 873 878 (0 -1092 230 ) (0 -1092 320 ) (-584 -1092 320 ) (-584 -1092 230 ) 
4 873 876 (0 -1092 320 ) (0 -1092 328 ) (-80 -1092 328 ) (-80 -1092 320 ) 
4 873 877 (-496 -1092 328 ) (-584 -1092 328 ) (-584 -1092 320 ) (-496 -1092 320 ) 
4 874 883 (-916 -1092 230 ) (-916 -1092 290 ) (-972 -1092 290 ) (-972 -1092 230 ) 
4 875 888 (-916 -1092 94 ) (-916 -1092 154 ) (-972 -1092 154 ) (-972 -1092 94 ) 
4 876 878 (-80 -1172 320 ) (-80 -1092 320 ) (0 -1092 320 ) (0 -1172 320 ) 
4 877 879 (-584 -1092 328 ) (-584 -1092 320 ) (-584 -1172 320 ) (-584 -1172 328 ) 
4 877 878 (-584 -1172 320 ) (-584 -1092 320 ) (-496 -1092 320 ) (-496 -1172 320 ) 
4 878 884 (-584 -1172 230 ) (-584 -1092 230 ) (0 -1092 230 ) (0 -1172 230 ) 
4 878 879 (-584 -1092 320 ) (-584 -1092 230 ) (-584 -1172 230 ) (-584 -1172 320 ) 
4 879 884 (-620 -1172 230 ) (-620 -1092 230 ) (-584 -1092 230 ) (-584 -1172 230 ) 
4 879 880 (-620 -1092 328 ) (-620 -1092 230 ) (-620 -1172 230 ) (-620 -1172 328 ) 
4 880 884 (-676 -1172 230 ) (-676 -1092 230 ) (-620 -1092 230 ) (-620 -1172 230 ) 
4 880 882 (-676 -1092 328 ) (-676 -1092 230 ) (-676 -1172 230 ) (-676 -1172 328 ) 
4 880 881 (-676 -1172 290 ) (-676 -1172 230 ) (-620 -1172 230 ) (-620 -1172 290 ) 
4 881 908 (-676 -1180 290 ) (-676 -1180 230 ) (-620 -1180 230 ) (-620 -1180 290 ) 
4 882 884 (-792 -1172 230 ) (-792 -1092 230 ) (-676 -1092 230 ) (-676 -1172 230 ) 
4 883 1712 (-1024 -1180 230 ) (-1024 -1180 320 ) (-1024 -1092 320 ) (-1024 -1092 230 ) 
4 883 909 (-1024 -1180 320 ) (-1024 -1180 230 ) (-800 -1180 230 ) (-800 -1180 320 ) 
4 883 886 (-800 -1180 230 ) (-1024 -1180 230 ) (-1024 -1172 230 ) (-800 -1172 230 ) 
4 883 885 (-1024 -1172 230 ) (-1024 -1092 230 ) (-800 -1092 230 ) (-800 -1172 230 ) 
4 884 887 (-792 -1092 192 ) (0 -1092 192 ) (0 -1172 192 ) (-792 -1172 192 ) 
4 885 1712 (-1024 -1172 230 ) (-1024 -1092 230 ) (-1024 -1092 192 ) (-1024 -1172 192 ) 
4 885 886 (-1024 -1172 192 ) (-800 -1172 192 ) (-800 -1172 230 ) (-1024 -1172 230 ) 
4 886 1712 (-1024 -1180 192 ) (-1024 -1180 230 ) (-1024 -1172 230 ) (-1024 -1172 192 ) 
4 886 909 (-800 -1180 230 ) (-1024 -1180 230 ) (-1024 -1180 192 ) (-800 -1180 192 ) 
4 887 899 (-584 -1172 56 ) (-712 -1172 56 ) (-712 -1132 56 ) (-584 -1132 56 ) 
4 887 898 (0 -1132 56 ) (0 -1172 56 ) (-584 -1172 56 ) (-584 -1132 56 ) 
4 887 896 (-712 -1092 56 ) (-584 -1092 56 ) (-584 -1132 56 ) (-712 -1132 56 ) 
4 887 895 (-584 -1092 56 ) (0 -1092 56 ) (0 -1132 56 ) (-584 -1132 56 ) 
4 887 890 (-696 -1172 56 ) (-600 -1172 56 ) (-600 -1172 164 ) (-696 -1172 164 ) 
4 888 1713 (-1024 -1092 184 ) (-1024 -1092 56 ) (-1024 -1172 56 ) (-1024 -1172 184 ) 
4 888 891 (-1024 -1172 56 ) (-800 -1172 56 ) (-800 -1172 164 ) (-1024 -1172 164 ) 
4 888 889 (-800 -1172 164 ) (-800 -1172 184 ) (-1024 -1172 184 ) (-1024 -1172 164 ) 
4 889 1713 (-1024 -1180 164 ) (-1024 -1180 184 ) (-1024 -1172 184 ) (-1024 -1172 164 ) 
4 889 915 (-1024 -1180 184 ) (-1024 -1180 164 ) (-800 -1180 164 ) (-800 -1180 184 ) 
4 889 891 (-800 -1180 164 ) (-1024 -1180 164 ) (-1024 -1172 164 ) (-800 -1172 164 ) 
4 890 914 (-600 -1180 164 ) (-696 -1180 164 ) (-696 -1180 56 ) (-600 -1180 56 ) 
4 891 1713 (-1024 -1180 56 ) (-1024 -1180 164 ) (-1024 -1172 164 ) (-1024 -1172 56 ) 
4 891 915 (-800 -1180 164 ) (-1024 -1180 164 ) (-1024 -1180 56 ) (-800 -1180 56 ) 
4 892 895 (0 -1084 -8 ) (0 -1084 56 ) (-584 -1084 56 ) (-584 -1084 -8 ) 
5 892 893 (-584 -1024 -8 ) (-584 -1076 -8 ) (-584 -1084 -2.666636 ) (-584 -1084 56 ) (-584 -1024 56 ) 
4 893 896 (-584 -1084 56 ) (-712 -1084 56 ) (-712 -1084 -2.666637 ) (-584 -1084 -2.666636 ) 
5 893 894 (-712 -1024 -8 ) (-712 -1076 -8 ) (-712 -1084 -2.666636 ) (-712 -1084 56 ) (-712 -1024 56 ) 
4 894 1703 (-1024 -1084 56 ) (-1024 -1024 56 ) (-1024 -1024 -8 ) (-1024 -1084 -8 ) 
4 895 898 (0 -1132 -8 ) (0 -1132 56 ) (-584 -1132 56 ) (-584 -1132 -8 ) 
4 895 897 (-32 -1132 -8 ) (-544 -1132 -8 ) (-544 -1084 -8 ) (-32 -1084 -8 ) 
4 895 896 (-584 -1084 56 ) (-584 -1084 -2.666637 ) (-584 -1132 29.333473 ) (-584 -1132 56 ) 
4 896 899 (-584 -1132 56 ) (-712 -1132 56 ) (-712 -1132 29.333473 ) (-584 -1132 29.333473 ) 
4 897 898 (-544 -1132 -16 ) (-32 -1132 -16 ) (-32 -1132 -8 ) (-544 -1132 -8 ) 
3 898 899 (-584 -1132 56 ) (-584 -1132 29.333490 ) (-584 -1172 56 ) 
4 900 911 (0 -1180 -152 ) (0 -1180 -24 ) (-584 -1180 -24 ) (-584 -1180 -152 ) 
4 901 1710 (-1024 -1708 464 ) (-1024 -1708 1104 ) (-1024 -1180 1104 ) (-1024 -1180 464 ) 
4 901 923 (-704 -1708 1104 ) (-1024 -1708 1104 ) (-1024 -1708 464 ) (-704 -1708 464 ) 
4 901 916 (0 -1708 464 ) (0 -1708 1104 ) (-704 -1708 1104 ) (-704 -1708 464 ) 
4 902 917 (0 -1708 328 ) (0 -1708 456 ) (-704 -1708 456 ) (-704 -1708 328 ) 
4 903 1711 (-1024 -1708 328 ) (-1024 -1708 456 ) (-1024 -1180 456 ) (-1024 -1180 328 ) 
4 903 924 (-1024 -1708 436 ) (-1024 -1708 328 ) (-960 -1708 328 ) (-960 -1708 436 ) 
4 904 918 (-112 -1708 300 ) (-112 -1708 192 ) (-64 -1708 192 ) (-64 -1708 300 ) 
4 905 906 (-384 -1452 192 ) (-288 -1452 192 ) (-288 -1452 300 ) (-384 -1452 300 ) 
4 906 907 (-384 -1460 192 ) (-288 -1460 192 ) (-288 -1460 300 ) (-384 -1460 300 ) 
4 907 919 (-512 -1708 300 ) (-512 -1708 192 ) (-376 -1708 192 ) (-376 -1708 300 ) 
4 908 920 (-592 -1708 320 ) (-704 -1708 320 ) (-704 -1708 192 ) (-592 -1708 192 ) 
4 909 1712 (-1024 -1708 192 ) (-1024 -1708 320 ) (-1024 -1180 320 ) (-1024 -1180 192 ) 
4 909 925 (-1024 -1708 300 ) (-1024 -1708 192 ) (-960 -1708 192 ) (-960 -1708 300 ) 
4 910 921 (-376 -1708 184 ) (-512 -1708 184 ) (-512 -1708 56 ) (-376 -1708 56 ) 
4 910 912 (-512 -1215.692139 -16 ) (-376 -1215.692139 -16 ) (-376 -1530.769043 -16 ) (-512 -1530.769043 -16 ) 
4 911 913 (-512 -1188 -152 ) (-376 -1188 -152 ) (-376 -1188 -24 ) (-512 -1188 -24 ) 
4 912 913 (-376 -1511.082031 -24 ) (-512 -1511.082031 -24 ) (-512 -1196 -24 ) (-376 -1196 -24 ) 
4 914 922 (-592 -1708 56 ) (-592 -1708 184 ) (-704 -1708 184 ) (-704 -1708 56 ) 
4 915 1713 (-1024 -1708 56 ) (-1024 -1708 184 ) (-1024 -1180 184 ) (-1024 -1180 56 ) 
4 915 926 (-1024 -1708 164 ) (-1024 -1708 56 ) (-960 -1708 56 ) (-960 -1708 164 ) 
4 916 927 (0 -1716 464 ) (0 -1716 1104 ) (-704 -1716 1104 ) (-704 -1716 464 ) 
4 916 923 (-704 -1708 1104 ) (-704 -1708 464 ) (-704 -1716 464 ) (-704 -1716 1104 ) 
4 917 928 (0 -1716 328 ) (0 -1716 456 ) (-704 -1716 456 ) (-704 -1716 328 ) 
4 918 929 (-112 -1716 300 ) (-112 -1716 192 ) (-64 -1716 192 ) (-64 -1716 300 ) 
4 919 929 (-512 -1716 300 ) (-512 -1716 192 ) (-376 -1716 192 ) (-376 -1716 300 ) 
4 920 929 (-592 -1716 320 ) (-704 -1716 320 ) (-704 -1716 192 ) (-592 -1716 192 ) 
4 921 930 (-376 -1716 184 ) (-512 -1716 184 ) (-512 -1716 56 ) (-376 -1716 56 ) 
4 922 930 (-592 -1716 184 ) (-704 -1716 184 ) (-704 -1716 56 ) (-592 -1716 56 ) 
4 923 1714 (-1024 -1716 464 ) (-1024 -1716 1104 ) (-1024 -1708 1104 ) (-1024 -1708 464 ) 
4 923 927 (-1024 -1716 1104 ) (-1024 -1716 464 ) (-704 -1716 464 ) (-704 -1716 1104 ) 
4 924 1715 (-1024 -1716 328 ) (-1024 -1716 436 ) (-1024 -1708 436 ) (-1024 -1708 328 ) 
4 924 928 (-1024 -1716 436 ) (-1024 -1716 328 ) (-960 -1716 328 ) (-960 -1716 436 ) 
4 925 1716 (-1024 -1716 192 ) (-1024 -1716 300 ) (-1024 -1708 300 ) (-1024 -1708 192 ) 
4 925 929 (-1024 -1716 300 ) (-1024 -1716 192 ) (-960 -1716 192 ) (-960 -1716 300 ) 
4 926 1717 (-1024 -1716 56 ) (-1024 -1716 164 ) (-1024 -1708 164 ) (-1024 -1708 56 ) 
4 926 930 (-1024 -1716 164 ) (-1024 -1716 56 ) (-960 -1716 56 ) (-960 -1716 164 ) 
4 927 1718 (-1024 -1908 464 ) (-1024 -1908 1104 ) (-1024 -1716 1104 ) (-1024 -1716 464 ) 
4 927 931 (0 -1908 464 ) (0 -1908 1104 ) (-1024 -1908 1104 ) (-1024 -1908 464 ) 
4 928 1719 (-1024 -1908 328 ) (-1024 -1908 456 ) (-1024 -1716 456 ) (-1024 -1716 328 ) 
4 928 934 (-704 -1908 456 ) (-1024 -1908 456 ) (-1024 -1908 328 ) (-704 -1908 328 ) 
4 928 933 (-680 -1908 436 ) (-680 -1908 328 ) (-632 -1908 328 ) (-632 -1908 436 ) 
4 928 932 (0 -1908 328 ) (0 -1908 456 ) (-608 -1908 456 ) (-608 -1908 328 ) 
4 929 1720 (-1024 -1908 192 ) (-1024 -1908 320 ) (-1024 -1716 320 ) (-1024 -1716 192 ) 
4 929 943 (-704 -1908 320 ) (-1024 -1908 320 ) (-1024 -1908 192 ) (-704 -1908 192 ) 
4 929 941 (0 -1908 192 ) (0 -1908 320 ) (-608 -1908 320 ) (-608 -1908 192 ) 
4 930 1721 (-1024 -1908 56 ) (-1024 -1908 184 ) (-1024 -1716 184 ) (-1024 -1716 56 ) 
4 930 945 (-512 -1908 184 ) (-1024 -1908 184 ) (-1024 -1908 56 ) (-512 -1908 56 ) 
4 930 944 (-64 -1908 184 ) (-512 -1908 184 ) (-512 -1908 56 ) (-64 -1908 56 ) 
4 931 1722 (-1024 -1908 1104 ) (-1024 -1908 464 ) (-1024 -1916 464 ) (-1024 -1916 1104 ) 
4 931 935 (0 -1916 464 ) (0 -1916 1104 ) (-1024 -1916 1104 ) (-1024 -1916 464 ) 
4 932 939 (-512 -1908 328 ) (-64 -1908 328 ) (-64 -1916 328 ) (-512 -1916 328 ) 
4 932 936 (-608 -1916 328 ) (0 -1916 328 ) (0 -1916 456 ) (-608 -1916 456 ) 
4 933 937 (-680 -1916 328 ) (-632 -1916 328 ) (-632 -1916 436 ) (-680 -1916 436 ) 
4 934 1723 (-1024 -1908 456 ) (-1024 -1908 328 ) (-1024 -1916 328 ) (-1024 -1916 456 ) 
4 934 938 (-1024 -1916 328 ) (-704 -1916 328 ) (-704 -1916 456 ) (-1024 -1916 456 ) 
4 935 1722 (-1024 -2048 464 ) (-1024 -2048 1104 ) (-1024 -1916 1104 ) (-1024 -1916 464 ) 
4 935 1133 (0 -2048 464 ) (0 -2048 1104 ) (-1024 -2048 1104 ) (-1024 -2048 464 ) 
4 936 1166 (0 -2048 328 ) (0 -2048 366 ) (-608 -2048 366 ) (-608 -2048 328 ) 
4 936 1134 (0 -2048 366 ) (0 -2048 456 ) (-608 -2048 456 ) (-608 -2048 366 ) 
4 936 939 (-64 -2048 328 ) (-512 -2048 328 ) (-512 -1916 328 ) (-64 -1916 328 ) 
4 937 1167 (-696 -2048 366 ) (-696 -2048 328 ) (-616 -2048 328 ) (-616 -2048 366 ) 
4 937 1135 (-616 -2048 456 ) (-696 -2048 456 ) (-696 -2048 366 ) (-616 -2048 366 ) 
4 937 940 (-616 -2048 328 ) (-696 -2048 328 ) (-696 -1998 328 ) (-616 -1998 328 ) 
4 938 1723 (-1024 -2048 328 ) (-1024 -2048 456 ) (-1024 -1916 456 ) (-1024 -1916 328 ) 
4 938 1168 (-1024 -2048 366 ) (-1024 -2048 328 ) (-704 -2048 328 ) (-704 -2048 366 ) 
4 938 1136 (-704 -2048 456 ) (-1024 -2048 456 ) (-1024 -2048 366 ) (-704 -2048 366 ) 
4 939 1193 (-64 -2048 328 ) (-512 -2048 328 ) (-512 -2048 320 ) (-64 -2048 320 ) 
4 939 941 (-64 -2048 320 ) (-512 -2048 320 ) (-512 -1908 320 ) (-64 -1908 320 ) 
4 940 1194 (-616 -2048 328 ) (-696 -2048 328 ) (-696 -2048 320 ) (-616 -2048 320 ) 
4 940 942 (-616 -2048 320 ) (-696 -2048 320 ) (-696 -2010 320 ) (-616 -2010 320 ) 
4 941 1221 (0 -2048 192 ) (0 -2048 230 ) (-608 -2048 230 ) (-608 -2048 192 ) 
4 941 1195 (0 -2048 230 ) (0 -2048 320 ) (-608 -2048 320 ) (-608 -2048 230 ) 
4 941 944 (-512 -1908 192 ) (-64 -1908 192 ) (-64 -2048 192 ) (-512 -2048 192 ) 
4 942 1196 (-616 -2048 320 ) (-696 -2048 320 ) (-696 -2048 294.666656 ) (-616 -2048 294.666656 ) 
4 943 1724 (-1024 -2048 192 ) (-1024 -2048 320 ) (-1024 -1908 320 ) (-1024 -1908 192 ) 
4 943 1223 (-1024 -2048 230 ) (-1024 -2048 192 ) (-704 -2048 192 ) (-704 -2048 230 ) 
4 943 1197 (-704 -2048 320 ) (-1024 -2048 320 ) (-1024 -2048 230 ) (-704 -2048 230 ) 
4 944 1274 (-512 -2048 94 ) (-512 -2048 56 ) (-64 -2048 56 ) (-64 -2048 94 ) 
4 944 1251 (-512 -2048 184 ) (-512 -2048 94 ) (-64 -2048 94 ) (-64 -2048 184 ) 
4 944 1249 (-64 -2048 192 ) (-512 -2048 192 ) (-512 -2048 184 ) (-64 -2048 184 ) 
4 944 945 (-512 -1908 56 ) (-512 -2048 56 ) (-512 -2048 184 ) (-512 -1908 184 ) 
4 945 1725 (-1024 -2048 56 ) (-1024 -2048 184 ) (-1024 -1908 184 ) (-1024 -1908 56 ) 
4 945 1274 (-1024 -2048 94 ) (-1024 -2048 56 ) (-512 -2048 56 ) (-512 -2048 94 ) 
4 945 1251 (-1024 -2048 184 ) (-1024 -2048 94 ) (-512 -2048 94 ) (-512 -2048 184 ) 
4 946 1124 (1024 -2796 88 ) (1024 -2804 88 ) (1024 -2804 94 ) (1024 -2796 94 ) 
4 946 1126 (1024 -2804 88 ) (1024 -3072 88 ) (1024 -3072 94 ) (1024 -2804 94 ) 
4 946 1106 (1024 -2048 94 ) (1024 -2048 88 ) (1024 -2796 88 ) (1024 -2796 94 ) 
4 946 1100 (1024 -2796 94 ) (1024 -2804 94 ) (1024 -2804 192 ) (1024 -2796 192 ) 
4 946 1105 (1024 -2804 94 ) (1024 -3072 94 ) (1024 -3072 192 ) (1024 -2804 192 ) 
4 946 1089 (1024 -2484 94 ) (1024 -2796 94 ) (1024 -2796 192 ) (1024 -2484 192 ) 
4 946 1080 (1024 -2048 192 ) (1024 -2048 94 ) (1024 -2484 94 ) (1024 -2484 192 ) 
4 946 1077 (1024 -2796 192 ) (1024 -2804 192 ) (1024 -2804 230 ) (1024 -2796 230 ) 
4 946 1079 (1024 -2804 192 ) (1024 -3072 192 ) (1024 -3072 230 ) (1024 -2804 230 ) 
4 946 1068 (1024 -2492 192 ) (1024 -2796 192 ) (1024 -2796 230 ) (1024 -2492 230 ) 
4 946 1065 (1024 -2484 192 ) (1024 -2492 192 ) (1024 -2492 230 ) (1024 -2484 230 ) 
4 946 1057 (1024 -2048 230 ) (1024 -2048 192 ) (1024 -2484 192 ) (1024 -2484 230 ) 
4 946 1051 (1024 -2796 230 ) (1024 -2804 230 ) (1024 -2804 328 ) (1024 -2796 328 ) 
4 946 1056 (1024 -2804 230 ) (1024 -3072 230 ) (1024 -3072 328 ) (1024 -2804 328 ) 
4 946 1039 (1024 -2484 230 ) (1024 -2796 230 ) (1024 -2796 328 ) (1024 -2484 328 ) 
4 946 1029 (1024 -2048 328 ) (1024 -2048 230 ) (1024 -2484 230 ) (1024 -2484 328 ) 
4 946 1026 (1024 -2796 328 ) (1024 -2804 328 ) (1024 -2804 366 ) (1024 -2796 366 ) 
4 946 1028 (1024 -2804 328 ) (1024 -3072 328 ) (1024 -3072 366 ) (1024 -2804 366 ) 
4 946 1006 (1024 -2048 366 ) (1024 -2048 328 ) (1024 -2796 328 ) (1024 -2796 366 ) 
4 946 1000 (1024 -2796 366 ) (1024 -2804 366 ) (1024 -2804 426 ) (1024 -2796 426 ) 
4 946 1005 (1024 -2804 366 ) (1024 -3072 366 ) (1024 -3072 426 ) (1024 -2804 426 ) 
4 946 997 (1024 -2804 464 ) (1024 -2796 464 ) (1024 -2796 426 ) (1024 -2804 426 ) 
4 946 999 (1024 -3072 426 ) (1024 -3072 464 ) (1024 -2804 464 ) (1024 -2804 426 ) 
4 946 977 (1024 -2048 426 ) (1024 -2048 366 ) (1024 -2796 366 ) (1024 -2796 426 ) 
4 946 972 (1024 -2048 464 ) (1024 -2048 426 ) (1024 -2796 426 ) (1024 -2796 464 ) 
4 946 971 (1024 -2048 1104 ) (1024 -2048 464 ) (1024 -3072 464 ) (1024 -3072 1104 ) 
4 946 955 (1728 -3072 1104 ) (1056 -3072 1104 ) (1056 -3072 88 ) (1728 -3072 88 ) 
4 946 954 (2048 -3072 88 ) (2048 -3072 1104 ) (1728 -3072 1104 ) (1728 -3072 88 ) 
4 946 957 (1056 -3072 1104 ) (1024 -3072 1104 ) (1024 -3072 88 ) (1056 -3072 88 ) 
4 946 952 (1264 -2536 88 ) (1264 -2048 88 ) (1272 -2048 88 ) (1272 -2536 88 ) 
4 946 953 (1264 -3072 88 ) (1024 -3072 88 ) (1024 -2048 88 ) (1264 -2048 88 ) 
4 946 950 (1580 -3072 88 ) (1572 -3072 88 ) (1572 -2848 88 ) (1580 -2848 88 ) 
4 946 951 (1572 -3072 88 ) (1272 -3072 88 ) (1272 -2544 88 ) (1572 -2544 88 ) 
4 946 949 (1272 -2536 88 ) (1272 -2048 88 ) (1580 -2048 88 ) (1580 -2536 88 ) 
4 946 948 (1580 -2840 88 ) (1580 -2048 88 ) (2048 -2048 88 ) (2048 -3053.020752 88 ) 
4 946 947 (2048 -3072 88 ) (1580 -3072 88 ) (1580 -2848 88 ) (2048 -3061.020508 88 ) 
4 947 962 (2048 -3072 -8 ) (2048 -3072 88 ) (1580 -3072 88 ) (1580 -3072 -8 ) 
4 947 950 (1580 -2848 -8 ) (1580 -3072 -8 ) (1580 -3072 88 ) (1580 -2848 88 ) 
4 948 949 (1580 -2048 -8 ) (1580 -2536 -8 ) (1580 -2536 88 ) (1580 -2048 88 ) 
4 949 952 (1272 -2048 -8 ) (1272 -2536 -8 ) (1272 -2536 88 ) (1272 -2048 88 ) 
4 950 962 (1580 -3072 88 ) (1572 -3072 88 ) (1572 -3072 -8 ) (1580 -3072 -8 ) 
4 950 951 (1572 -2848 -8 ) (1572 -3072 -8 ) (1572 -3072 88 ) (1572 -2848 88 ) 
4 951 963 (1333.346313 -3072 88 ) (1272 -3072 88 ) (1272 -3072 -8 ) (1333.346313 -3072 -8 ) 
4 951 962 (1572 -3072 88 ) (1333.346313 -3072 88 ) (1333.346313 -3072 -8 ) (1572 -3072 -8 ) 
4 952 953 (1264 -2048 -8 ) (1264 -2536 -8 ) (1264 -2536 88 ) (1264 -2048 88 ) 
4 953 1131 (1024 -2804 -8 ) (1024 -3072 -8 ) (1024 -3072 56 ) (1024 -2804 56 ) 
4 953 1130 (1024 -2676 -8 ) (1024 -2804 -8 ) (1024 -2804 56 ) (1024 -2676 56 ) 
4 953 1129 (1024 -2236 -8 ) (1024 -2676 -8 ) (1024 -2676 56 ) (1024 -2236 56 ) 
4 953 1127 (1024 -2048 56 ) (1024 -2048 -8 ) (1024 -2236 -8 ) (1024 -2236 56 ) 
4 953 1124 (1024 -2796 56 ) (1024 -2804 56 ) (1024 -2804 88 ) (1024 -2796 88 ) 
4 953 1126 (1024 -2804 56 ) (1024 -3072 56 ) (1024 -3072 88 ) (1024 -2804 88 ) 
4 953 1106 (1024 -2048 88 ) (1024 -2048 56 ) (1024 -2796 56 ) (1024 -2796 88 ) 
4 953 964 (1264 -3072 88 ) (1024 -3072 88 ) (1024 -3072 -8 ) (1264 -3072 -8 ) 
4 954 966 (2048 -4004 88 ) (2048 -4004 184 ) (1728 -4004 184 ) (1728 -4004 88 ) 
4 954 965 (2048 -4004 184 ) (2048 -4004 1104 ) (1728 -4004 1104 ) (1728 -4004 184 ) 
5 954 962 (2048 -4004 88 ) (1989.588989 -4004 88 ) (1728 -3735.996094 88 ) (1728 -3072 88 ) (2048 -3072 88 ) 
4 954 960 (1980.527832 -4004 88 ) (1728 -4004 88 ) (1728 -3996 88 ) (1972.724731 -3996 88 ) 
3 954 959 (1728 -3996 88 ) (1728 -3745.100830 88 ) (1972.724731 -3996 88 ) 
4 954 956 (1728 -4004 184 ) (1728 -4004 1104 ) (1728 -3996 1104 ) (1728 -3996 184 ) 
4 954 955 (1728 -3072 88 ) (1728 -3996 88 ) (1728 -3996 1104 ) (1728 -3072 1104 ) 
4 955 964 (1056 -3458.372314 88 ) (1056 -3072 88 ) (1264 -3072 88 ) (1264 -3160 88 ) 
3 955 963 (1272 -3072 88 ) (1333.346191 -3072 88 ) (1272 -3160 88 ) 
4 955 962 (1227.748657 -3223.477783 88 ) (1333.346191 -3072 88 ) (1728 -3072 88 ) (1728 -3735.996094 88 ) 
4 955 958 (1056 -3696 88 ) (1056 -3469.848145 88 ) (1224.191162 -3228.580811 88 ) (1680.107544 -3696 88 ) 
5 955 959 (1056 -3996 88 ) (1056 -3704 88 ) (1687.910645 -3704 88 ) (1728 -3745.100830 88 ) (1728 -3996 88 ) 
4 955 956 (1056 -3996 1104 ) (1056 -3996 184 ) (1728 -3996 184 ) (1728 -3996 1104 ) 
4 955 957 (1056 -3072 88 ) (1056 -3996 88 ) (1056 -3996 1104 ) (1056 -3072 1104 ) 
4 956 965 (1728 -4004 1104 ) (1056 -4004 1104 ) (1056 -4004 184 ) (1728 -4004 184 ) 
4 956 957 (1056 -4004 184 ) (1056 -4004 1104 ) (1056 -3996 1104 ) (1056 -3996 184 ) 
4 957 1299 (1024 -3072 1104 ) (1024 -3072 88 ) (1024 -4004 88 ) (1024 -4004 1104 ) 
4 957 970 (1024 -4004 184 ) (1024 -4004 88 ) (1056 -4004 88 ) (1056 -4004 184 ) 
4 957 965 (1056 -4004 1104 ) (1024 -4004 1104 ) (1024 -4004 184 ) (1056 -4004 184 ) 
4 957 964 (1024 -3504.275635 88 ) (1024 -3072 88 ) (1056 -3072 88 ) (1056 -3458.372070 88 ) 
4 957 961 (1056 -4004 88 ) (1024 -4004 88 ) (1024 -3996 88 ) (1056 -3996 88 ) 
4 957 958 (1024 -3696 88 ) (1024 -3515.751953 88 ) (1056 -3469.848389 88 ) (1056 -3696 88 ) 
4 957 959 (1024 -3996 88 ) (1024 -3704 88 ) (1056 -3704 88 ) (1056 -3996 88 ) 
4 958 1300 (1024 -3515.751709 -8 ) (1024 -3696 -8 ) (1024 -3696 88 ) (1024 -3515.751953 88 ) 
4 959 1305 (1024 -3992 -8 ) (1024 -3996 -8 ) (1024 -3996 88 ) (1024 -3992 88 ) 
4 959 1301 (1024 -3704 -8 ) (1024 -3992 -8 ) (1024 -3992 88 ) (1024 -3704 88 ) 
4 959 960 (1728 -3996 -8 ) (1972.726562 -3996 -8 ) (1972.726562 -3996 88 ) (1728 -3996 88 ) 
4 959 961 (1024 -3996 -8 ) (1056 -3996 -8 ) (1056 -3996 88 ) (1024 -3996 88 ) 
4 960 968 (1728 -4004 -8 ) (1980.527832 -4004 -8 ) (1980.527832 -4004 88 ) (1728 -4004 88 ) 
4 961 1305 (1024 -3996 -8 ) (1024 -4004 -8 ) (1024 -4004 88 ) (1024 -3996 88 ) 
4 961 970 (1024 -4004 -8 ) (1056 -4004 -8 ) (1056 -4004 88 ) (1024 -4004 88 ) 
4 962 967 (1989.579102 -4004 -8 ) (2048 -4004 -8 ) (2048 -4004 88 ) (1989.588989 -4004 88 ) 
4 962 963 (1333.344727 -3072 -8 ) (1272 -3159.998047 -8 ) (1272 -3159.997314 88 ) (1333.344238 -3072 88 ) 
4 964 1303 (1024 -3072 56 ) (1024 -3072 -8 ) (1024 -3504.275879 -8 ) (1024 -3504.275635 56 ) 
4 964 1302 (1024 -3072 88 ) (1024 -3072 56 ) (1024 -3504.275635 56 ) (1024 -3504.275635 88 ) 
4 965 1338 (2048 -4096 184 ) (2048 -4096 1104 ) (1024 -4096 1104 ) (1024 -4096 184 ) 
4 965 1299 (1024 -4096 184 ) (1024 -4096 1104 ) (1024 -4004 1104 ) (1024 -4004 184 ) 
4 965 970 (1056 -4096 184 ) (1024 -4096 184 ) (1024 -4004 184 ) (1056 -4004 184 ) 
4 965 966 (2048 -4096 184 ) (1728 -4096 184 ) (1728 -4004 184 ) (2048 -4004 184 ) 
4 966 1339 (2048 -4096 88 ) (2048 -4096 184 ) (1728 -4096 184 ) (1728 -4096 88 ) 
5 966 968 (1728 -4096 88 ) (1728 -4004 88 ) (1980.527710 -4004 88 ) (2048 -4073.174316 88 ) (2048 -4096 88 ) 
3 966 967 (1989.588989 -4004 88 ) (2048 -4004 88 ) (2048 -4063.843262 88 ) 
4 968 1385 (2048 -4096 -8 ) (2048 -4096 36 ) (1728 -4096 36 ) (1728 -4096 -8 ) 
4 968 1339 (2048 -4096 36 ) (2048 -4096 88 ) (1728 -4096 88 ) (1728 -4096 36 ) 
4 969 1412 (1064 -4096 36 ) (1064 -4096 -8 ) (1120 -4096 -8 ) (1120 -4096 36 ) 
4 969 1410 (1120 -4096 -8 ) (1128 -4096 -8 ) (1128 -4096 36 ) (1120 -4096 36 ) 
4 969 1402 (1128 -4096 -8 ) (1328 -4096 -8 ) (1328 -4096 36 ) (1128 -4096 36 ) 
4 969 1399 (1328 -4096 -8 ) (1456 -4096 -8 ) (1456 -4096 36 ) (1328 -4096 36 ) 
4 969 1390 (1456 -4096 -8 ) (1656 -4096 -8 ) (1656 -4096 36 ) (1456 -4096 36 ) 
4 969 1389 (1656 -4096 -8 ) (1664 -4096 -8 ) (1664 -4096 36 ) (1656 -4096 36 ) 
4 969 1387 (1664 -4096 -8 ) (1720 -4096 -8 ) (1720 -4096 36 ) (1664 -4096 36 ) 
4 969 1381 (1064 -4096 176 ) (1064 -4096 36 ) (1120 -4096 36 ) (1120 -4096 176 ) 
4 969 1373 (1120 -4096 36 ) (1128 -4096 36 ) (1128 -4096 176 ) (1120 -4096 176 ) 
4 969 1365 (1128 -4096 36 ) (1328 -4096 36 ) (1328 -4096 176 ) (1128 -4096 176 ) 
4 969 1362 (1328 -4096 36 ) (1456 -4096 36 ) (1456 -4096 176 ) (1328 -4096 176 ) 
4 969 1357 (1456 -4096 36 ) (1464 -4096 36 ) (1464 -4096 176 ) (1456 -4096 176 ) 
4 969 1352 (1464 -4096 36 ) (1656 -4096 36 ) (1656 -4096 176 ) (1464 -4096 176 ) 
4 969 1343 (1656 -4096 36 ) (1664 -4096 36 ) (1664 -4096 176 ) (1656 -4096 176 ) 
4 969 1341 (1664 -4096 36 ) (1720 -4096 36 ) (1720 -4096 176 ) (1664 -4096 176 ) 
4 970 1415 (1024 -4096 36 ) (1024 -4096 -8 ) (1056 -4096 -8 ) (1056 -4096 36 ) 
4 970 1384 (1056 -4096 184 ) (1024 -4096 184 ) (1024 -4096 36 ) (1056 -4096 36 ) 
4 970 1305 (1024 -4096 -8 ) (1024 -4096 88 ) (1024 -4004 88 ) (1024 -4004 -8 ) 
4 970 1299 (1024 -4096 88 ) (1024 -4096 184 ) (1024 -4004 184 ) (1024 -4004 88 ) 
4 971 1299 (1024 -3072 464 ) (1024 -3072 1104 ) (0 -3072 1104 ) (0 -3072 464 ) 
4 971 1133 (0 -2048 1104 ) (0 -2048 464 ) (0 -3072 464 ) (0 -3072 1104 ) 
4 971 998 (0 -2804 464 ) (0 -2796 464 ) (168 -2796 464 ) (168 -2804 464 ) 
4 971 997 (888 -2796 464 ) (1024 -2796 464 ) (1024 -2804 464 ) (888 -2804 464 ) 
4 971 999 (0 -3072 464 ) (0 -2804 464 ) (1024 -2804 464 ) (1024 -3072 464 ) 
4 971 996 (0 -2796 464 ) (0 -2756 464 ) (168 -2756 464 ) (168 -2796 464 ) 
4 971 974 (744 -2048 464 ) (880 -2048 464 ) (880 -2676 464 ) (744 -2676 464 ) 
4 971 973 (880 -2048 464 ) (888 -2048 464 ) (888 -2676 464 ) (880 -2676 464 ) 
4 971 972 (888 -2048 464 ) (1024 -2048 464 ) (1024 -2796 464 ) (888 -2796 464 ) 
4 972 997 (1024 -2796 426 ) (1024 -2796 464 ) (888 -2796 464 ) (888 -2796 426 ) 
4 972 977 (1024 -2796 426 ) (888 -2796 426 ) (888 -2048 426 ) (1024 -2048 426 ) 
4 972 973 (888 -2048 426 ) (888 -2676 426 ) (888 -2676 464 ) (888 -2048 464 ) 
4 973 978 (880 -2676 426 ) (880 -2048 426 ) (888 -2048 426 ) (888 -2676 426 ) 
4 973 974 (880 -2048 426 ) (880 -2676 426 ) (880 -2676 464 ) (880 -2048 464 ) 
4 974 979 (744 -2676 426 ) (744 -2048 426 ) (880 -2048 426 ) (880 -2676 426 ) 
4 975 980 (880 -2796 426 ) (744 -2796 426 ) (744 -2684 426 ) (880 -2684 426 ) 
4 975 976 (744 -2684 426 ) (744 -2796 426 ) (744 -2796 456 ) (744 -2684 456 ) 
4 976 993 (736 -2796 426 ) (736 -2796 456 ) (736 -2748 456 ) (736 -2748 426 ) 
4 976 991 (736 -2748 456 ) (736 -2684 456 ) (736 -2684 426 ) (736 -2748 426 ) 
4 976 982 (744 -2796 426 ) (736 -2796 426 ) (736 -2684 426 ) (744 -2684 426 ) 
4 977 1006 (888 -2048 366 ) (1024 -2048 366 ) (1024 -2796 366 ) (888 -2796 366 ) 
4 977 1000 (888 -2796 366 ) (1024 -2796 366 ) (1024 -2796 426 ) (888 -2796 426 ) 
4 977 978 (888 -2048 366 ) (888 -2676 366 ) (888 -2676 426 ) (888 -2048 426 ) 
4 978 1007 (880 -2048 366 ) (888 -2048 366 ) (888 -2676 366 ) (880 -2676 366 ) 
4 978 979 (880 -2048 366 ) (880 -2676 366 ) (880 -2676 426 ) (880 -2048 426 ) 
4 979 1008 (744 -2048 366 ) (880 -2048 366 ) (880 -2676 366 ) (744 -2676 366 ) 
4 979 981 (744 -2360 366 ) (744 -2416 366 ) (744 -2416 426 ) (744 -2360 426 ) 
4 980 1009 (880 -2684 366 ) (880 -2796 366 ) (744 -2796 366 ) (744 -2684 366 ) 
4 980 1001 (776 -2796 366 ) (832 -2796 366 ) (832 -2796 426 ) (776 -2796 426 ) 
4 980 982 (744 -2684 366 ) (744 -2796 366 ) (744 -2796 426 ) (744 -2684 426 ) 
4 981 986 (736 -2360 366 ) (736 -2416 366 ) (736 -2416 426 ) (736 -2360 426 ) 
4 982 1010 (744 -2684 366 ) (744 -2796 366 ) (736 -2796 366 ) (736 -2684 366 ) 
4 982 993 (736 -2748 366 ) (736 -2796 366 ) (736 -2796 426 ) (736 -2748 426 ) 
4 982 991 (736 -2684 366 ) (736 -2748 366 ) (736 -2748 426 ) (736 -2684 426 ) 
4 983 1011 (128 -2048 366 ) (736 -2048 366 ) (736 -2284 366 ) (128 -2284 366 ) 
4 983 986 (128 -2284 366 ) (736 -2284 366 ) (736 -2284 456 ) (128 -2284 456 ) 
4 984 1012 (40 -2048 366 ) (120 -2048 366 ) (120 -2284 366 ) (40 -2284 366 ) 
4 985 1134 (0 -2048 456 ) (0 -2048 366 ) (0 -2284 366 ) (0 -2284 456 ) 
4 985 1013 (0 -2284 366 ) (0 -2048 366 ) (32 -2048 366 ) (32 -2284 366 ) 
4 985 988 (0 -2284 366 ) (32 -2284 366 ) (32 -2284 456 ) (0 -2284 456 ) 
4 986 1014 (128 -2284 366 ) (736 -2284 366 ) (736 -2484 366 ) (128 -2484 366 ) 
4 986 989 (608 -2484 366 ) (656 -2484 366 ) (656 -2484 436 ) (608 -2484 436 ) 
4 986 987 (128 -2292 366 ) (128 -2484 366 ) (128 -2484 456 ) (128 -2292 456 ) 
4 987 1015 (128 -2292 366 ) (128 -2484 366 ) (32 -2484 366 ) (32 -2292 366 ) 
4 987 990 (32 -2484 366 ) (64 -2484 366 ) (64 -2484 436 ) (32 -2484 436 ) 
4 987 988 (32 -2292 366 ) (32 -2484 366 ) (32 -2484 456 ) (32 -2292 456 ) 
4 988 1137 (0 -2284 366 ) (0 -2484 366 ) (0 -2484 456 ) (0 -2284 456 ) 
4 988 1016 (0 -2484 366 ) (0 -2284 366 ) (32 -2284 366 ) (32 -2484 366 ) 
4 988 990 (16 -2484 366 ) (32 -2484 366 ) (32 -2484 436 ) (16 -2484 436 ) 
4 989 1017 (608 -2484 366 ) (656 -2484 366 ) (656 -2492 366 ) (608 -2492 366 ) 
4 989 991 (608 -2492 366 ) (656 -2492 366 ) (656 -2492 436 ) (608 -2492 436 ) 
4 990 1018 (16 -2484 366 ) (64 -2484 366 ) (64 -2492 366 ) (16 -2492 366 ) 
4 990 992 (16 -2492 366 ) (64 -2492 366 ) (64 -2492 436 ) (16 -2492 436 ) 
4 991 1019 (340 -2492 366 ) (736 -2492 366 ) (736 -2748 366 ) (340 -2748 366 ) 
4 991 993 (340 -2748 366 ) (736 -2748 366 ) (736 -2748 456 ) (340 -2748 456 ) 
4 992 1142 (0 -2492 366 ) (0 -2748 366 ) (0 -2748 456 ) (0 -2492 456 ) 
4 992 1020 (0 -2748 366 ) (0 -2492 366 ) (332 -2492 366 ) (332 -2748 366 ) 
4 992 995 (4 -2748 366 ) (60 -2748 366 ) (60 -2748 426 ) (4 -2748 426 ) 
4 992 994 (176 -2748 366 ) (332 -2748 366 ) (332 -2748 456 ) (176 -2748 456 ) 
4 993 1023 (736 -2756 366 ) (736 -2796 366 ) (340 -2796 366 ) (340 -2756 366 ) 
4 993 1021 (340 -2748 366 ) (736 -2748 366 ) (736 -2756 366 ) (340 -2756 366 ) 
4 993 1002 (552 -2796 366 ) (608 -2796 366 ) (608 -2796 426 ) (552 -2796 426 ) 
4 994 1024 (332 -2756 366 ) (332 -2796 366 ) (176 -2796 366 ) (176 -2756 366 ) 
4 994 1022 (176 -2748 366 ) (332 -2748 366 ) (332 -2756 366 ) (176 -2756 366 ) 
4 994 1003 (204 -2796 366 ) (260 -2796 366 ) (260 -2796 426 ) (204 -2796 426 ) 
4 995 996 (4 -2756 366 ) (60 -2756 366 ) (60 -2756 426 ) (4 -2756 426 ) 
4 996 1146 (0 -2756 366 ) (0 -2796 366 ) (0 -2796 464 ) (0 -2756 464 ) 
4 996 1025 (0 -2796 366 ) (0 -2756 366 ) (168 -2756 366 ) (168 -2796 366 ) 
4 996 1004 (0 -2796 366 ) (168 -2796 366 ) (168 -2796 426 ) (0 -2796 426 ) 
4 996 998 (168 -2796 426 ) (168 -2796 464 ) (0 -2796 464 ) (0 -2796 426 ) 
4 997 1000 (888 -2796 426 ) (1024 -2796 426 ) (1024 -2804 426 ) (888 -2804 426 ) 
4 997 999 (888 -2804 426 ) (1024 -2804 426 ) (1024 -2804 464 ) (888 -2804 464 ) 
4 998 1153 (0 -2804 464 ) (0 -2796 464 ) (0 -2796 426 ) (0 -2804 426 ) 
4 998 1004 (0 -2804 426 ) (0 -2796 426 ) (168 -2796 426 ) (168 -2804 426 ) 
4 998 999 (0 -2804 426 ) (168 -2804 426 ) (168 -2804 464 ) (0 -2804 464 ) 
4 999 1299 (1024 -3072 426 ) (1024 -3072 464 ) (0 -3072 464 ) (0 -3072 426 ) 
4 999 1159 (0 -2852 464 ) (0 -2844 464 ) (0 -2844 426 ) (0 -2852 426 ) 
4 999 1161 (0 -3072 426 ) (0 -3072 464 ) (0 -2852 464 ) (0 -2852 426 ) 
4 999 1153 (0 -2844 464 ) (0 -2804 464 ) (0 -2804 426 ) (0 -2844 426 ) 
4 999 1005 (0 -3072 426 ) (0 -2804 426 ) (1024 -2804 426 ) (1024 -3072 426 ) 
4 1000 1026 (888 -2796 366 ) (1024 -2796 366 ) (1024 -2804 366 ) (888 -2804 366 ) 
4 1000 1005 (888 -2804 366 ) (1024 -2804 366 ) (1024 -2804 426 ) (888 -2804 426 ) 
4 1001 1005 (776 -2804 366 ) (832 -2804 366 ) (832 -2804 426 ) (776 -2804 426 ) 
4 1002 1005 (552 -2804 366 ) (608 -2804 366 ) (608 -2804 426 ) (552 -2804 426 ) 
4 1003 1005 (204 -2804 366 ) (260 -2804 366 ) (260 -2804 426 ) (204 -2804 426 ) 
4 1004 1153 (0 -2796 366 ) (0 -2804 366 ) (0 -2804 426 ) (0 -2796 426 ) 
4 1004 1027 (0 -2804 366 ) (0 -2796 366 ) (168 -2796 366 ) (168 -2804 366 ) 
4 1004 1005 (0 -2804 366 ) (168 -2804 366 ) (168 -2804 426 ) (0 -2804 426 ) 
4 1005 1299 (1024 -3072 366 ) (1024 -3072 426 ) (0 -3072 426 ) (0 -3072 366 ) 
4 1005 1162 (0 -2844 366 ) (0 -2852 366 ) (0 -2852 426 ) (0 -2844 426 ) 
4 1005 1165 (0 -2852 366 ) (0 -3072 366 ) (0 -3072 426 ) (0 -2852 426 ) 
4 1005 1153 (0 -2804 366 ) (0 -2844 366 ) (0 -2844 426 ) (0 -2804 426 ) 
4 1005 1028 (1024 -3072 366 ) (0 -3072 366 ) (0 -2804 366 ) (1024 -2804 366 ) 
4 1006 1039 (1024 -2484 328 ) (1024 -2796 328 ) (888 -2796 328 ) (888 -2484 328 ) 
4 1006 1029 (888 -2048 328 ) (1024 -2048 328 ) (1024 -2484 328 ) (888 -2484 328 ) 
4 1006 1026 (888 -2796 328 ) (1024 -2796 328 ) (1024 -2796 366 ) (888 -2796 366 ) 
4 1006 1007 (888 -2048 328 ) (888 -2676 328 ) (888 -2676 366 ) (888 -2048 366 ) 
4 1007 1040 (888 -2484 328 ) (888 -2676 328 ) (880 -2676 328 ) (880 -2484 328 ) 
4 1007 1029 (880 -2048 328 ) (888 -2048 328 ) (888 -2484 328 ) (880 -2484 328 ) 
4 1007 1008 (880 -2048 328 ) (880 -2676 328 ) (880 -2676 366 ) (880 -2048 366 ) 
4 1008 1041 (880 -2484 328 ) (880 -2676 328 ) (744 -2676 328 ) (744 -2484 328 ) 
4 1008 1029 (744 -2048 328 ) (880 -2048 328 ) (880 -2484 328 ) (744 -2484 328 ) 
4 1009 1010 (744 -2684 328 ) (744 -2796 328 ) (744 -2796 366 ) (744 -2684 366 ) 
4 1010 1023 (736 -2756 328 ) (736 -2796 328 ) (736 -2796 366 ) (736 -2756 366 ) 
4 1010 1021 (736 -2748 328 ) (736 -2756 328 ) (736 -2756 366 ) (736 -2748 366 ) 
4 1010 1019 (736 -2684 328 ) (736 -2748 328 ) (736 -2748 366 ) (736 -2684 366 ) 
4 1011 1014 (128 -2284 328 ) (736 -2284 328 ) (736 -2284 366 ) (128 -2284 366 ) 
4 1012 1031 (40 -2048 328 ) (120 -2048 328 ) (120 -2284 328 ) (40 -2284 328 ) 
4 1013 1166 (0 -2048 366 ) (0 -2048 328 ) (0 -2284 328 ) (0 -2284 366 ) 
4 1013 1016 (0 -2284 328 ) (32 -2284 328 ) (32 -2284 366 ) (0 -2284 366 ) 
4 1014 1017 (608 -2484 328 ) (656 -2484 328 ) (656 -2484 366 ) (608 -2484 366 ) 
4 1014 1015 (128 -2292 328 ) (128 -2484 328 ) (128 -2484 366 ) (128 -2292 366 ) 
4 1015 1018 (32 -2484 328 ) (64 -2484 328 ) (64 -2484 366 ) (32 -2484 366 ) 
4 1015 1016 (32 -2292 328 ) (32 -2484 328 ) (32 -2484 366 ) (32 -2292 366 ) 
4 1016 1169 (0 -2284 328 ) (0 -2484 328 ) (0 -2484 366 ) (0 -2284 366 ) 
4 1016 1018 (16 -2484 328 ) (32 -2484 328 ) (32 -2484 366 ) (16 -2484 366 ) 
4 1017 1019 (608 -2492 328 ) (656 -2492 328 ) (656 -2492 366 ) (608 -2492 366 ) 
4 1018 1020 (16 -2492 328 ) (64 -2492 328 ) (64 -2492 366 ) (16 -2492 366 ) 
4 1019 1021 (340 -2748 328 ) (736 -2748 328 ) (736 -2748 366 ) (340 -2748 366 ) 
4 1020 1174 (0 -2492 328 ) (0 -2748 328 ) (0 -2748 366 ) (0 -2492 366 ) 
4 1020 1022 (176 -2748 328 ) (332 -2748 328 ) (332 -2748 366 ) (176 -2748 366 ) 
4 1021 1023 (340 -2756 328 ) (736 -2756 328 ) (736 -2756 366 ) (340 -2756 366 ) 
4 1022 1024 (176 -2756 328 ) (332 -2756 328 ) (332 -2756 366 ) (176 -2756 366 ) 
4 1025 1181 (0 -2756 328 ) (0 -2796 328 ) (0 -2796 366 ) (0 -2756 366 ) 
4 1025 1050 (0 -2796 328 ) (0 -2756 328 ) (168 -2756 328 ) (168 -2796 328 ) 
4 1025 1027 (0 -2796 328 ) (168 -2796 328 ) (168 -2796 366 ) (0 -2796 366 ) 
4 1026 1051 (888 -2796 328 ) (1024 -2796 328 ) (1024 -2804 328 ) (888 -2804 328 ) 
4 1026 1028 (888 -2804 328 ) (1024 -2804 328 ) (1024 -2804 366 ) (888 -2804 366 ) 
4 1027 1186 (0 -2796 328 ) (0 -2804 328 ) (0 -2804 366 ) (0 -2796 366 ) 
4 1027 1055 (0 -2804 328 ) (0 -2796 328 ) (168 -2796 328 ) (168 -2804 328 ) 
4 1027 1028 (0 -2804 328 ) (168 -2804 328 ) (168 -2804 366 ) (0 -2804 366 ) 
4 1028 1299 (1024 -3072 328 ) (1024 -3072 366 ) (0 -3072 366 ) (0 -3072 328 ) 
4 1028 1190 (0 -2844 328 ) (0 -2852 328 ) (0 -2852 366 ) (0 -2844 366 ) 
4 1028 1192 (0 -2852 328 ) (0 -3072 328 ) (0 -3072 366 ) (0 -2852 366 ) 
4 1028 1186 (0 -2804 328 ) (0 -2844 328 ) (0 -2844 366 ) (0 -2804 366 ) 
4 1028 1056 (0 -3072 328 ) (0 -2804 328 ) (1024 -2804 328 ) (1024 -3072 328 ) 
4 1029 1057 (744 -2048 230 ) (1024 -2048 230 ) (1024 -2484 230 ) (744 -2484 230 ) 
4 1029 1041 (744 -2484 230 ) (880 -2484 230 ) (880 -2484 328 ) (744 -2484 328 ) 
4 1029 1040 (880 -2484 230 ) (888 -2484 230 ) (888 -2484 328 ) (880 -2484 328 ) 
4 1029 1039 (888 -2484 230 ) (1024 -2484 230 ) (1024 -2484 328 ) (888 -2484 328 ) 
4 1029 1030 (744 -2360 230 ) (744 -2416 230 ) (744 -2416 290 ) (744 -2360 290 ) 
4 1030 1038 (736 -2360 230 ) (736 -2416 230 ) (736 -2416 290 ) (736 -2360 290 ) 
4 1031 1033 (40 -2284 320 ) (40 -2048 320 ) (120 -2048 320 ) (120 -2284 320 ) 
4 1032 1058 (128 -2048 230 ) (736 -2048 230 ) (736 -2284 230 ) (128 -2284 230 ) 
4 1032 1035 (128 -2284 230 ) (736 -2284 230 ) (736 -2284 320 ) (128 -2284 320 ) 
4 1033 1059 (120 -2145 230 ) (120 -2284 230 ) (40 -2284 230 ) (40 -2145 230 ) 
4 1033 1036 (56 -2284 230 ) (104 -2284 230 ) (104 -2284 300 ) (56 -2284 300 ) 
4 1034 1195 (0 -2048 320 ) (0 -2048 230 ) (0 -2284 230 ) (0 -2284 320 ) 
4 1034 1060 (0 -2284 230 ) (0 -2048 230 ) (32 -2048 230 ) (32 -2284 230 ) 
4 1034 1037 (0 -2284 230 ) (32 -2284 230 ) (32 -2284 320 ) (0 -2284 320 ) 
4 1035 1061 (128 -2284 230 ) (736 -2284 230 ) (736 -2292 230 ) (128 -2292 230 ) 
4 1035 1038 (128 -2292 230 ) (736 -2292 230 ) (736 -2292 320 ) (128 -2292 320 ) 
4 1036 1062 (56 -2284 230 ) (104 -2284 230 ) (104 -2292 230 ) (56 -2292 230 ) 
4 1036 1038 (56 -2292 230 ) (104 -2292 230 ) (104 -2292 300 ) (56 -2292 300 ) 
4 1037 1198 (0 -2284 230 ) (0 -2292 230 ) (0 -2292 320 ) (0 -2284 320 ) 
4 1037 1063 (0 -2292 230 ) (0 -2284 230 ) (32 -2284 230 ) (32 -2292 230 ) 
4 1037 1038 (0 -2292 230 ) (32 -2292 230 ) (32 -2292 320 ) (0 -2292 320 ) 
4 1038 1201 (0 -2292 230 ) (0 -2484 230 ) (0 -2484 320 ) (0 -2292 320 ) 
4 1038 1064 (0 -2484 230 ) (0 -2292 230 ) (736 -2292 230 ) (736 -2484 230 ) 
4 1038 1045 (16 -2484 230 ) (64 -2484 230 ) (64 -2484 300 ) (16 -2484 300 ) 
4 1038 1043 (608 -2484 230 ) (656 -2484 230 ) (656 -2484 300 ) (608 -2484 300 ) 
4 1039 1068 (1024 -2492 230 ) (1024 -2796 230 ) (888 -2796 230 ) (888 -2492 230 ) 
4 1039 1065 (888 -2484 230 ) (1024 -2484 230 ) (1024 -2492 230 ) (888 -2492 230 ) 
4 1039 1051 (888 -2796 230 ) (1024 -2796 230 ) (1024 -2796 328 ) (888 -2796 328 ) 
4 1039 1040 (888 -2484 328 ) (888 -2484 230 ) (888 -2676 230 ) (888 -2676 328 ) 
4 1040 1069 (888 -2492 230 ) (888 -2676 230 ) (880 -2676 230 ) (880 -2492 230 ) 
4 1040 1065 (880 -2484 230 ) (888 -2484 230 ) (888 -2492 230 ) (880 -2492 230 ) 
4 1040 1041 (880 -2484 328 ) (880 -2484 230 ) (880 -2676 230 ) (880 -2676 328 ) 
4 1041 1070 (880 -2492 230 ) (880 -2676 230 ) (744 -2676 230 ) (744 -2492 230 ) 
4 1041 1065 (744 -2484 230 ) (880 -2484 230 ) (880 -2492 230 ) (744 -2492 230 ) 
4 1042 1072 (744 -2796 230 ) (736 -2796 230 ) (736 -2684 230 ) (744 -2684 230 ) 
4 1042 1071 (880 -2684 230 ) (880 -2796 230 ) (744 -2796 230 ) (744 -2684 230 ) 
4 1042 1052 (776 -2796 230 ) (832 -2796 230 ) (832 -2796 290 ) (776 -2796 290 ) 
4 1042 1044 (736 -2684 230 ) (736 -2796 230 ) (736 -2796 320 ) (736 -2684 320 ) 
4 1043 1066 (608 -2484 230 ) (656 -2484 230 ) (656 -2492 230 ) (608 -2492 230 ) 
4 1043 1044 (608 -2492 300 ) (608 -2492 230 ) (656 -2492 230 ) (656 -2492 300 ) 
4 1044 1073 (736 -2492 230 ) (736 -2796 230 ) (340 -2796 230 ) (340 -2492 230 ) 
4 1044 1053 (552 -2796 230 ) (608 -2796 230 ) (608 -2796 290 ) (552 -2796 290 ) 
4 1045 1067 (16 -2484 230 ) (64 -2484 230 ) (64 -2492 230 ) (16 -2492 230 ) 
4 1045 1046 (16 -2492 230 ) (64 -2492 230 ) (64 -2492 300 ) (16 -2492 300 ) 
4 1046 1204 (0 -2492 230 ) (0 -2748 230 ) (0 -2748 320 ) (0 -2492 320 ) 
4 1046 1075 (0 -2748 230 ) (0 -2492 230 ) (176 -2492 230 ) (176 -2748 230 ) 
4 1046 1074 (176 -2492 230 ) (332 -2492 230 ) (332 -2748 230 ) (176 -2748 230 ) 
4 1046 1048 (4 -2748 230 ) (60 -2748 230 ) (60 -2748 290 ) (4 -2748 290 ) 
4 1046 1047 (176 -2748 230 ) (332 -2748 230 ) (332 -2748 320 ) (176 -2748 320 ) 
4 1047 1074 (176 -2748 230 ) (332 -2748 230 ) (332 -2756 230 ) (176 -2756 230 ) 
4 1047 1049 (176 -2756 230 ) (332 -2756 230 ) (332 -2756 320 ) (176 -2756 320 ) 
4 1048 1050 (4 -2756 230 ) (60 -2756 230 ) (60 -2756 290 ) (4 -2756 290 ) 
4 1049 1074 (176 -2756 230 ) (332 -2756 230 ) (332 -2796 230 ) (176 -2796 230 ) 
4 1049 1054 (204 -2796 230 ) (260 -2796 230 ) (260 -2796 290 ) (204 -2796 290 ) 
4 1050 1208 (0 -2756 230 ) (0 -2796 230 ) (0 -2796 328 ) (0 -2756 328 ) 
4 1050 1076 (0 -2796 230 ) (0 -2756 230 ) (168 -2756 230 ) (168 -2796 230 ) 
4 1050 1055 (0 -2796 230 ) (168 -2796 230 ) (168 -2796 328 ) (0 -2796 328 ) 
4 1051 1077 (888 -2796 230 ) (1024 -2796 230 ) (1024 -2804 230 ) (888 -2804 230 ) 
4 1051 1056 (888 -2804 230 ) (1024 -2804 230 ) (1024 -2804 328 ) (888 -2804 328 ) 
4 1052 1056 (776 -2804 230 ) (832 -2804 230 ) (832 -2804 290 ) (776 -2804 290 ) 
4 1053 1056 (552 -2804 230 ) (608 -2804 230 ) (608 -2804 290 ) (552 -2804 290 ) 
4 1054 1056 (204 -2804 230 ) (260 -2804 230 ) (260 -2804 290 ) (204 -2804 290 ) 
4 1055 1208 (0 -2796 230 ) (0 -2804 230 ) (0 -2804 328 ) (0 -2796 328 ) 
4 1055 1078 (0 -2804 230 ) (0 -2796 230 ) (168 -2796 230 ) (168 -2804 230 ) 
4 1055 1056 (0 -2804 230 ) (168 -2804 230 ) (168 -2804 328 ) (0 -2804 328 ) 
4 1056 1299 (1024 -3072 230 ) (1024 -3072 328 ) (0 -3072 328 ) (0 -3072 230 ) 
4 1056 1217 (0 -2844 230 ) (0 -2852 230 ) (0 -2852 328 ) (0 -2844 328 ) 
4 1056 1220 (0 -2852 230 ) (0 -3072 230 ) (0 -3072 328 ) (0 -2852 328 ) 
4 1056 1208 (0 -2804 230 ) (0 -2844 230 ) (0 -2844 328 ) (0 -2804 328 ) 
4 1056 1079 (1024 -3072 230 ) (0 -3072 230 ) (0 -2804 230 ) (1024 -2804 230 ) 
4 1057 1080 (744 -2048 192 ) (1024 -2048 192 ) (1024 -2484 192 ) (744 -2484 192 ) 
4 1057 1065 (744 -2484 192 ) (1024 -2484 192 ) (1024 -2484 230 ) (744 -2484 230 ) 
4 1058 1061 (128 -2284 192 ) (736 -2284 192 ) (736 -2284 230 ) (128 -2284 230 ) 
4 1059 1062 (56 -2284 192 ) (104 -2284 192 ) (104 -2284 230 ) (56 -2284 230 ) 
4 1060 1221 (0 -2048 230 ) (0 -2048 192 ) (0 -2284 192 ) (0 -2284 230 ) 
4 1060 1063 (0 -2284 192 ) (32 -2284 192 ) (32 -2284 230 ) (0 -2284 230 ) 
4 1061 1064 (128 -2292 192 ) (736 -2292 192 ) (736 -2292 230 ) (128 -2292 230 ) 
4 1062 1064 (56 -2292 192 ) (104 -2292 192 ) (104 -2292 230 ) (56 -2292 230 ) 
4 1063 1224 (0 -2284 192 ) (0 -2292 192 ) (0 -2292 230 ) (0 -2284 230 ) 
4 1063 1064 (0 -2292 192 ) (32 -2292 192 ) (32 -2292 230 ) (0 -2292 230 ) 
4 1064 1227 (0 -2292 192 ) (0 -2484 192 ) (0 -2484 230 ) (0 -2292 230 ) 
4 1064 1066 (608 -2484 192 ) (656 -2484 192 ) (656 -2484 230 ) (608 -2484 230 ) 
4 1064 1067 (16 -2484 192 ) (64 -2484 192 ) (64 -2484 230 ) (16 -2484 230 ) 
4 1065 1091 (744 -2484 192 ) (880 -2484 192 ) (880 -2492 192 ) (744 -2492 192 ) 
4 1065 1090 (880 -2484 192 ) (888 -2484 192 ) (888 -2492 192 ) (880 -2492 192 ) 
4 1065 1089 (888 -2484 192 ) (1024 -2484 192 ) (1024 -2492 192 ) (888 -2492 192 ) 
4 1065 1070 (744 -2492 192 ) (880 -2492 192 ) (880 -2492 230 ) (744 -2492 230 ) 
4 1065 1069 (880 -2492 192 ) (888 -2492 192 ) (888 -2492 230 ) (880 -2492 230 ) 
4 1065 1068 (888 -2492 192 ) (1024 -2492 192 ) (1024 -2492 230 ) (888 -2492 230 ) 
4 1066 1073 (608 -2492 192 ) (656 -2492 192 ) (656 -2492 230 ) (608 -2492 230 ) 
4 1067 1075 (16 -2492 192 ) (64 -2492 192 ) (64 -2492 230 ) (16 -2492 230 ) 
4 1068 1089 (888 -2492 192 ) (1024 -2492 192 ) (1024 -2796 192 ) (888 -2796 192 ) 
4 1068 1077 (888 -2796 192 ) (1024 -2796 192 ) (1024 -2796 230 ) (888 -2796 230 ) 
4 1068 1069 (888 -2492 230 ) (888 -2492 192 ) (888 -2676 192 ) (888 -2676 230 ) 
4 1069 1090 (880 -2492 192 ) (888 -2492 192 ) (888 -2676 192 ) (880 -2676 192 ) 
4 1069 1070 (880 -2492 230 ) (880 -2492 192 ) (880 -2676 192 ) (880 -2676 230 ) 
4 1070 1091 (744 -2492 192 ) (880 -2492 192 ) (880 -2676 192 ) (744 -2676 192 ) 
4 1071 1072 (744 -2684 192 ) (744 -2796 192 ) (744 -2796 230 ) (744 -2684 230 ) 
4 1072 1073 (736 -2684 192 ) (736 -2796 192 ) (736 -2796 230 ) (736 -2684 230 ) 
4 1074 1075 (176 -2492 230 ) (176 -2492 192 ) (176 -2748 192 ) (176 -2748 230 ) 
4 1075 1230 (0 -2492 192 ) (0 -2748 192 ) (0 -2748 230 ) (0 -2492 230 ) 
4 1076 1237 (0 -2756 192 ) (0 -2796 192 ) (0 -2796 230 ) (0 -2756 230 ) 
4 1076 1099 (0 -2796 192 ) (0 -2756 192 ) (168 -2756 192 ) (168 -2796 192 ) 
4 1076 1078 (0 -2796 192 ) (168 -2796 192 ) (168 -2796 230 ) (0 -2796 230 ) 
4 1077 1100 (888 -2796 192 ) (1024 -2796 192 ) (1024 -2804 192 ) (888 -2804 192 ) 
4 1077 1079 (888 -2804 192 ) (1024 -2804 192 ) (1024 -2804 230 ) (888 -2804 230 ) 
4 1078 1242 (0 -2796 192 ) (0 -2804 192 ) (0 -2804 230 ) (0 -2796 230 ) 
4 1078 1104 (0 -2804 192 ) (0 -2796 192 ) (168 -2796 192 ) (168 -2804 192 ) 
4 1078 1079 (0 -2804 192 ) (168 -2804 192 ) (168 -2804 230 ) (0 -2804 230 ) 
4 1079 1299 (1024 -3072 192 ) (1024 -3072 230 ) (0 -3072 230 ) (0 -3072 192 ) 
4 1079 1246 (0 -2844 192 ) (0 -2852 192 ) (0 -2852 230 ) (0 -2844 230 ) 
4 1079 1248 (0 -2852 192 ) (0 -3072 192 ) (0 -3072 230 ) (0 -2852 230 ) 
4 1079 1242 (0 -2804 192 ) (0 -2844 192 ) (0 -2844 230 ) (0 -2804 230 ) 
4 1079 1105 (1024 -3072 192 ) (0 -3072 192 ) (0 -2804 192 ) (1024 -2804 192 ) 
4 1080 1108 (744 -2048 94 ) (880 -2048 94 ) (880 -2484 94 ) (744 -2484 94 ) 
4 1080 1107 (880 -2048 94 ) (888 -2048 94 ) (888 -2484 94 ) (880 -2484 94 ) 
4 1080 1106 (888 -2048 94 ) (1024 -2048 94 ) (1024 -2484 94 ) (888 -2484 94 ) 
4 1080 1091 (744 -2484 94 ) (880 -2484 94 ) (880 -2484 192 ) (744 -2484 192 ) 
4 1080 1090 (880 -2484 94 ) (888 -2484 94 ) (888 -2484 192 ) (880 -2484 192 ) 
4 1080 1089 (888 -2484 94 ) (1024 -2484 94 ) (1024 -2484 192 ) (888 -2484 192 ) 
4 1080 1081 (744 -2360 94 ) (744 -2416 94 ) (744 -2416 154 ) (744 -2360 154 ) 
4 1081 1083 (736 -2360 94 ) (736 -2416 94 ) (736 -2416 154 ) (736 -2360 154 ) 
4 1082 1111 (128 -2048 94 ) (736 -2048 94 ) (736 -2108 94 ) (128 -2108 94 ) 
4 1082 1083 (128 -2108 94 ) (736 -2108 94 ) (736 -2108 184 ) (128 -2108 184 ) 
4 1083 1112 (128 -2108 94 ) (736 -2108 94 ) (736 -2484 94 ) (128 -2484 94 ) 
4 1083 1093 (608 -2484 94 ) (656 -2484 94 ) (656 -2484 164 ) (608 -2484 164 ) 
4 1083 1084 (128 -2108 164 ) (128 -2108 94 ) (128 -2156 94 ) (128 -2156 164 ) 
4 1083 1085 (128 -2156 94 ) (128 -2484 94 ) (128 -2484 184 ) (128 -2156 184 ) 
4 1084 1112 (120 -2108 94 ) (128 -2108 94 ) (128 -2156 94 ) (120 -2156 94 ) 
4 1084 1086 (120 -2108 164 ) (120 -2108 94 ) (120 -2156 94 ) (120 -2156 164 ) 
4 1084 1085 (120 -2156 164 ) (120 -2156 94 ) (128 -2156 94 ) (128 -2156 164 ) 
4 1085 1112 (128 -2156 94 ) (128 -2484 94 ) (120 -2484 94 ) (120 -2156 94 ) 
4 1085 1086 (120 -2156 94 ) (120 -2484 94 ) (120 -2484 184 ) (120 -2156 184 ) 
4 1086 1112 (32 -2108 94 ) (120 -2108 94 ) (120 -2484 94 ) (32 -2484 94 ) 
4 1086 1095 (32 -2484 94 ) (64 -2484 94 ) (64 -2484 164 ) (32 -2484 164 ) 
4 1086 1087 (32 -2108 184 ) (32 -2108 94 ) (32 -2284 94 ) (32 -2284 184 ) 
4 1086 1088 (32 -2292 94 ) (32 -2484 94 ) (32 -2484 184 ) (32 -2292 184 ) 
4 1087 1250 (0 -2108 94 ) (0 -2284 94 ) (0 -2284 184 ) (0 -2108 184 ) 
4 1087 1113 (0 -2284 94 ) (0 -2108 94 ) (32 -2108 94 ) (32 -2284 94 ) 
4 1088 1252 (0 -2292 94 ) (0 -2484 94 ) (0 -2484 184 ) (0 -2292 184 ) 
4 1088 1114 (0 -2484 94 ) (0 -2292 94 ) (32 -2292 94 ) (32 -2484 94 ) 
4 1088 1095 (16 -2484 94 ) (32 -2484 94 ) (32 -2484 164 ) (16 -2484 164 ) 
4 1089 1106 (888 -2484 94 ) (1024 -2484 94 ) (1024 -2796 94 ) (888 -2796 94 ) 
4 1089 1100 (888 -2796 94 ) (1024 -2796 94 ) (1024 -2796 192 ) (888 -2796 192 ) 
4 1089 1090 (888 -2484 192 ) (888 -2484 94 ) (888 -2676 94 ) (888 -2676 192 ) 
4 1090 1107 (880 -2484 94 ) (888 -2484 94 ) (888 -2676 94 ) (880 -2676 94 ) 
4 1090 1091 (880 -2484 192 ) (880 -2484 94 ) (880 -2676 94 ) (880 -2676 192 ) 
4 1091 1108 (744 -2484 94 ) (880 -2484 94 ) (880 -2676 94 ) (744 -2676 94 ) 
4 1092 1110 (744 -2796 94 ) (736 -2796 94 ) (736 -2684 94 ) (744 -2684 94 ) 
4 1092 1109 (880 -2684 94 ) (880 -2796 94 ) (744 -2796 94 ) (744 -2684 94 ) 
4 1092 1101 (776 -2796 94 ) (832 -2796 94 ) (832 -2796 154 ) (776 -2796 154 ) 
4 1092 1094 (736 -2684 94 ) (736 -2796 94 ) (736 -2796 184 ) (736 -2684 184 ) 
4 1093 1115 (608 -2484 94 ) (656 -2484 94 ) (656 -2492 94 ) (608 -2492 94 ) 
4 1093 1094 (608 -2492 164 ) (608 -2492 94 ) (656 -2492 94 ) (656 -2492 164 ) 
4 1094 1121 (736 -2756 94 ) (736 -2796 94 ) (340 -2796 94 ) (340 -2756 94 ) 
4 1094 1119 (736 -2748 94 ) (736 -2756 94 ) (340 -2756 94 ) (340 -2748 94 ) 
4 1094 1117 (736 -2492 94 ) (736 -2748 94 ) (340 -2748 94 ) (340 -2492 94 ) 
4 1094 1102 (552 -2796 94 ) (608 -2796 94 ) (608 -2796 154 ) (552 -2796 154 ) 
4 1095 1116 (16 -2484 94 ) (64 -2484 94 ) (64 -2492 94 ) (16 -2492 94 ) 
4 1095 1096 (16 -2492 94 ) (64 -2492 94 ) (64 -2492 164 ) (16 -2492 164 ) 
4 1096 1256 (0 -2492 94 ) (0 -2748 94 ) (0 -2748 184 ) (0 -2492 184 ) 
4 1096 1118 (0 -2748 94 ) (0 -2492 94 ) (332 -2492 94 ) (332 -2748 94 ) 
4 1096 1098 (4 -2748 94 ) (60 -2748 94 ) (60 -2748 154 ) (4 -2748 154 ) 
4 1096 1097 (176 -2748 94 ) (332 -2748 94 ) (332 -2748 184 ) (176 -2748 184 ) 
4 1097 1122 (332 -2756 94 ) (332 -2796 94 ) (176 -2796 94 ) (176 -2756 94 ) 
4 1097 1120 (176 -2748 94 ) (332 -2748 94 ) (332 -2756 94 ) (176 -2756 94 ) 
4 1097 1103 (204 -2796 94 ) (260 -2796 94 ) (260 -2796 154 ) (204 -2796 154 ) 
4 1098 1099 (4 -2756 94 ) (60 -2756 94 ) (60 -2756 154 ) (4 -2756 154 ) 
4 1099 1260 (0 -2756 94 ) (0 -2796 94 ) (0 -2796 192 ) (0 -2756 192 ) 
4 1099 1123 (0 -2796 94 ) (0 -2756 94 ) (168 -2756 94 ) (168 -2796 94 ) 
4 1099 1104 (0 -2796 94 ) (168 -2796 94 ) (168 -2796 192 ) (0 -2796 192 ) 
4 1100 1124 (888 -2796 94 ) (1024 -2796 94 ) (1024 -2804 94 ) (888 -2804 94 ) 
4 1100 1105 (888 -2804 94 ) (1024 -2804 94 ) (1024 -2804 192 ) (888 -2804 192 ) 
4 1101 1105 (776 -2804 94 ) (832 -2804 94 ) (832 -2804 154 ) (776 -2804 154 ) 
4 1102 1105 (552 -2804 94 ) (608 -2804 94 ) (608 -2804 154 ) (552 -2804 154 ) 
4 1103 1105 (204 -2804 94 ) (260 -2804 94 ) (260 -2804 154 ) (204 -2804 154 ) 
4 1104 1260 (0 -2796 94 ) (0 -2804 94 ) (0 -2804 192 ) (0 -2796 192 ) 
4 1104 1125 (0 -2804 94 ) (0 -2796 94 ) (168 -2796 94 ) (168 -2804 94 ) 
4 1104 1105 (0 -2804 94 ) (168 -2804 94 ) (168 -2804 192 ) (0 -2804 192 ) 
4 1105 1299 (1024 -3072 94 ) (1024 -3072 192 ) (0 -3072 192 ) (0 -3072 94 ) 
4 1105 1269 (0 -2844 94 ) (0 -2852 94 ) (0 -2852 192 ) (0 -2844 192 ) 
4 1105 1272 (0 -2852 94 ) (0 -3072 94 ) (0 -3072 192 ) (0 -2852 192 ) 
4 1105 1260 (0 -2804 94 ) (0 -2844 94 ) (0 -2844 192 ) (0 -2804 192 ) 
4 1105 1126 (1024 -3072 94 ) (0 -3072 94 ) (0 -2804 94 ) (1024 -2804 94 ) 
4 1106 1130 (1024 -2676 56 ) (1024 -2796 56 ) (888 -2796 56 ) (888 -2676 56 ) 
4 1106 1129 (1024 -2236 56 ) (1024 -2676 56 ) (888 -2676 56 ) (888 -2236 56 ) 
4 1106 1127 (888 -2048 56 ) (1024 -2048 56 ) (1024 -2236 56 ) (888 -2236 56 ) 
4 1106 1124 (888 -2796 56 ) (1024 -2796 56 ) (1024 -2796 94 ) (888 -2796 94 ) 
4 1106 1107 (888 -2048 56 ) (888 -2676 56 ) (888 -2676 94 ) (888 -2048 94 ) 
4 1107 1129 (888 -2236 56 ) (888 -2676 56 ) (880 -2676 56 ) (880 -2236 56 ) 
4 1107 1127 (880 -2048 56 ) (888 -2048 56 ) (888 -2236 56 ) (880 -2236 56 ) 
4 1107 1108 (880 -2048 56 ) (880 -2676 56 ) (880 -2676 94 ) (880 -2048 94 ) 
4 1108 1129 (880 -2236 56 ) (880 -2676 56 ) (744 -2676 56 ) (744 -2236 56 ) 
3 1108 1128 (832 -2196 56 ) (832 -2236 56 ) (784 -2236 56 ) 
4 1108 1127 (832 -2048 56 ) (880 -2048 56 ) (880 -2236 56 ) (832 -2236 56 ) 
4 1109 1110 (744 -2684 56 ) (744 -2796 56 ) (744 -2796 94 ) (744 -2684 94 ) 
4 1110 1121 (736 -2756 56 ) (736 -2796 56 ) (736 -2796 94 ) (736 -2756 94 ) 
4 1110 1119 (736 -2748 56 ) (736 -2756 56 ) (736 -2756 94 ) (736 -2748 94 ) 
4 1110 1117 (736 -2684 56 ) (736 -2748 56 ) (736 -2748 94 ) (736 -2684 94 ) 
4 1111 1112 (128 -2108 56 ) (736 -2108 56 ) (736 -2108 94 ) (128 -2108 94 ) 
4 1112 1116 (32 -2484 56 ) (64 -2484 56 ) (64 -2484 94 ) (32 -2484 94 ) 
4 1112 1115 (608 -2484 56 ) (656 -2484 56 ) (656 -2484 94 ) (608 -2484 94 ) 
4 1112 1113 (32 -2108 94 ) (32 -2108 56 ) (32 -2284 56 ) (32 -2284 94 ) 
4 1112 1114 (32 -2292 56 ) (32 -2484 56 ) (32 -2484 94 ) (32 -2292 94 ) 
4 1113 1273 (0 -2108 56 ) (0 -2284 56 ) (0 -2284 94 ) (0 -2108 94 ) 
4 1114 1275 (0 -2292 56 ) (0 -2484 56 ) (0 -2484 94 ) (0 -2292 94 ) 
4 1114 1116 (16 -2484 56 ) (32 -2484 56 ) (32 -2484 94 ) (16 -2484 94 ) 
4 1115 1117 (608 -2492 56 ) (656 -2492 56 ) (656 -2492 94 ) (608 -2492 94 ) 
4 1116 1118 (16 -2492 56 ) (64 -2492 56 ) (64 -2492 94 ) (16 -2492 94 ) 
4 1117 1119 (340 -2748 56 ) (736 -2748 56 ) (736 -2748 94 ) (340 -2748 94 ) 
4 1118 1279 (0 -2492 56 ) (0 -2748 56 ) (0 -2748 94 ) (0 -2492 94 ) 
4 1118 1120 (176 -2748 56 ) (332 -2748 56 ) (332 -2748 94 ) (176 -2748 94 ) 
4 1119 1121 (340 -2756 56 ) (736 -2756 56 ) (736 -2756 94 ) (340 -2756 94 ) 
4 1120 1122 (176 -2756 56 ) (332 -2756 56 ) (332 -2756 94 ) (176 -2756 94 ) 
4 1123 1286 (0 -2756 56 ) (0 -2796 56 ) (0 -2796 94 ) (0 -2756 94 ) 
4 1123 1125 (0 -2796 56 ) (168 -2796 56 ) (168 -2796 94 ) (0 -2796 94 ) 
4 1124 1130 (888 -2796 56 ) (1024 -2796 56 ) (1024 -2804 56 ) (888 -2804 56 ) 
4 1124 1126 (888 -2804 56 ) (1024 -2804 56 ) (1024 -2804 94 ) (888 -2804 94 ) 
4 1125 1291 (0 -2796 56 ) (0 -2804 56 ) (0 -2804 94 ) (0 -2796 94 ) 
4 1125 1126 (0 -2804 56 ) (168 -2804 56 ) (168 -2804 94 ) (0 -2804 94 ) 
4 1126 1302 (1024 -3072 56 ) (1024 -3072 88 ) (0 -3072 88 ) (0 -3072 56 ) 
4 1126 1299 (1024 -3072 88 ) (1024 -3072 94 ) (0 -3072 94 ) (0 -3072 88 ) 
4 1126 1295 (0 -2844 56 ) (0 -2852 56 ) (0 -2852 94 ) (0 -2844 94 ) 
4 1126 1298 (0 -2852 56 ) (0 -3072 56 ) (0 -3072 94 ) (0 -2852 94 ) 
4 1126 1291 (0 -2804 56 ) (0 -2844 56 ) (0 -2844 94 ) (0 -2804 94 ) 
3 1126 1132 (832 -2804 56 ) (981.565247 -2804 56 ) (832 -2976 56 ) 
4 1126 1131 (981.565247 -2804 56 ) (1024 -2804 56 ) (1024 -3072 56 ) (748.521729 -3072 56 ) 
4 1127 1129 (1024 -2236 56 ) (832 -2236 56 ) (832 -2236 -8 ) (1024 -2236 -8 ) 
4 1127 1128 (832 -2236 -8 ) (832 -2236 56 ) (832 -2196 56 ) (832 -2196 -8 ) 
4 1128 1129 (832 -2236 56 ) (784 -2236 56 ) (784 -2236 -8 ) (832 -2236 -8 ) 
4 1129 1130 (888 -2676 -8 ) (1024 -2676 -8 ) (1024 -2676 56 ) (888 -2676 56 ) 
4 1130 1132 (981.565186 -2804 56 ) (888 -2804 56 ) (888 -2804 -8 ) (981.565186 -2804 -8 ) 
4 1130 1131 (1024 -2804 -8 ) (1024 -2804 56 ) (981.565186 -2804 56 ) (981.565186 -2804 -8 ) 
4 1131 1303 (1024 -3072 -8 ) (1024 -3072 56 ) (748.521729 -3072 56 ) (748.521729 -3072 -8 ) 
4 1131 1132 (981.570312 -2804 56 ) (981.570312 -2804 -8 ) (832 -2976.005859 -8 ) (832 -2976.006348 56 ) 
4 1133 1796 (-1024 -3072 464 ) (-1024 -3072 1104 ) (-1024 -2048 1104 ) (-1024 -2048 464 ) 
4 1133 1309 (0 -3072 464 ) (0 -3072 1104 ) (-1024 -3072 1104 ) (-1024 -3072 464 ) 
4 1133 1160 (-384 -2852 464 ) (-1024 -2852 464 ) (-1024 -2844 464 ) (-384 -2844 464 ) 
4 1133 1159 (0 -2844 464 ) (0 -2852 464 ) (-192 -2852 464 ) (-192 -2844 464 ) 
4 1133 1161 (0 -2852 464 ) (0 -3072 464 ) (-1024 -3072 464 ) (-1024 -2852 464 ) 
4 1133 1158 (-780 -2844 464 ) (-1024 -2844 464 ) (-1024 -2804 464 ) (-780 -2804 464 ) 
4 1133 1156 (-744 -2844 464 ) (-780 -2844 464 ) (-780 -2804 464 ) (-744 -2804 464 ) 
4 1133 1155 (-364 -2844 464 ) (-744 -2844 464 ) (-744 -2796 464 ) (-364 -2796 464 ) 
4 1133 1153 (0 -2796 464 ) (0 -2844 464 ) (-212 -2844 464 ) (-212 -2796 464 ) 
4 1133 1150 (-580 -2796 464 ) (-744 -2796 464 ) (-744 -2756 464 ) (-580 -2756 464 ) 
4 1133 1148 (-364 -2796 464 ) (-580 -2796 464 ) (-580 -2756 464 ) (-364 -2756 464 ) 
4 1133 1146 (0 -2756 464 ) (0 -2796 464 ) (-212 -2796 464 ) (-212 -2756 464 ) 
4 1134 1166 (-608 -2048 366 ) (0 -2048 366 ) (0 -2284 366 ) (-608 -2284 366 ) 
4 1134 1137 (-608 -2284 366 ) (0 -2284 366 ) (0 -2284 456 ) (-608 -2284 456 ) 
4 1135 1167 (-696 -2048 366 ) (-616 -2048 366 ) (-616 -2284 366 ) (-696 -2284 366 ) 
4 1136 1807 (-1024 -2048 426 ) (-1024 -2048 366 ) (-1024 -2284 366 ) (-1024 -2284 426 ) 
4 1136 1797 (-1024 -2048 456 ) (-1024 -2048 426 ) (-1024 -2284 426 ) (-1024 -2284 456 ) 
4 1136 1168 (-1024 -2284 366 ) (-1024 -2048 366 ) (-704 -2048 366 ) (-704 -2284 366 ) 
4 1136 1139 (-1024 -2284 366 ) (-704 -2284 366 ) (-704 -2284 456 ) (-1024 -2284 456 ) 
4 1137 1169 (-608 -2284 366 ) (0 -2284 366 ) (0 -2484 366 ) (-608 -2484 366 ) 
4 1137 1141 (-608 -2484 366 ) (-592 -2484 366 ) (-592 -2484 436 ) (-608 -2484 436 ) 
4 1137 1140 (-512 -2484 366 ) (-64 -2484 366 ) (-64 -2484 456 ) (-512 -2484 456 ) 
4 1137 1138 (-608 -2292 366 ) (-608 -2484 366 ) (-608 -2484 456 ) (-608 -2292 456 ) 
4 1138 1170 (-608 -2292 366 ) (-608 -2484 366 ) (-704 -2484 366 ) (-704 -2292 366 ) 
4 1138 1141 (-640 -2484 366 ) (-608 -2484 366 ) (-608 -2484 436 ) (-640 -2484 436 ) 
4 1138 1139 (-704 -2292 366 ) (-704 -2484 366 ) (-704 -2484 456 ) (-704 -2292 456 ) 
4 1139 1807 (-1024 -2284 366 ) (-1024 -2484 366 ) (-1024 -2484 426 ) (-1024 -2284 426 ) 
4 1139 1797 (-1024 -2484 426 ) (-1024 -2484 456 ) (-1024 -2284 456 ) (-1024 -2284 426 ) 
4 1139 1171 (-1024 -2484 366 ) (-1024 -2284 366 ) (-704 -2284 366 ) (-704 -2484 366 ) 
4 1140 1172 (-512 -2484 366 ) (-64 -2484 366 ) (-64 -2492 366 ) (-512 -2492 366 ) 
4 1140 1143 (-512 -2492 366 ) (-64 -2492 366 ) (-64 -2492 456 ) (-512 -2492 456 ) 
4 1141 1173 (-640 -2484 366 ) (-592 -2484 366 ) (-592 -2492 366 ) (-640 -2492 366 ) 
4 1141 1144 (-640 -2492 366 ) (-592 -2492 366 ) (-592 -2492 436 ) (-640 -2492 436 ) 
4 1142 1174 (-56 -2492 366 ) (0 -2492 366 ) (0 -2748 366 ) (-56 -2748 366 ) 
4 1143 1175 (-512 -2492 366 ) (-64 -2492 366 ) (-64 -2748 366 ) (-512 -2748 366 ) 
4 1143 1147 (-356 -2748 366 ) (-220 -2748 366 ) (-220 -2748 456 ) (-356 -2748 456 ) 
4 1144 1176 (-908 -2492 366 ) (-520 -2492 366 ) (-520 -2748 366 ) (-908 -2748 366 ) 
4 1144 1151 (-908 -2748 366 ) (-752 -2748 366 ) (-752 -2748 456 ) (-908 -2748 456 ) 
4 1144 1149 (-636 -2748 366 ) (-580 -2748 366 ) (-580 -2748 426 ) (-636 -2748 426 ) 
4 1145 1811 (-1024 -2492 366 ) (-1024 -2748 366 ) (-1024 -2748 426 ) (-1024 -2492 426 ) 
4 1145 1800 (-1024 -2748 426 ) (-1024 -2748 456 ) (-1024 -2492 456 ) (-1024 -2492 426 ) 
4 1145 1177 (-1024 -2748 366 ) (-1024 -2492 366 ) (-916 -2492 366 ) (-916 -2748 366 ) 
4 1145 1152 (-1024 -2748 366 ) (-916 -2748 366 ) (-916 -2748 456 ) (-1024 -2748 456 ) 
4 1146 1181 (0 -2756 366 ) (0 -2796 366 ) (-212 -2796 366 ) (-212 -2756 366 ) 
4 1146 1153 (-212 -2796 366 ) (0 -2796 366 ) (0 -2796 464 ) (-212 -2796 464 ) 
4 1147 1182 (-220 -2756 366 ) (-220 -2796 366 ) (-356 -2796 366 ) (-356 -2756 366 ) 
4 1147 1178 (-356 -2748 366 ) (-220 -2748 366 ) (-220 -2756 366 ) (-356 -2756 366 ) 
4 1147 1154 (-356 -2796 366 ) (-220 -2796 366 ) (-220 -2796 456 ) (-356 -2796 456 ) 
4 1148 1183 (-364 -2756 366 ) (-364 -2796 366 ) (-580 -2796 366 ) (-580 -2756 366 ) 
4 1148 1155 (-580 -2796 366 ) (-364 -2796 366 ) (-364 -2796 464 ) (-580 -2796 464 ) 
4 1148 1150 (-580 -2756 366 ) (-580 -2796 366 ) (-580 -2796 464 ) (-580 -2756 464 ) 
4 1149 1150 (-636 -2756 366 ) (-580 -2756 366 ) (-580 -2756 426 ) (-636 -2756 426 ) 
4 1150 1183 (-580 -2756 366 ) (-580 -2796 366 ) (-744 -2796 366 ) (-744 -2756 366 ) 
4 1150 1155 (-744 -2796 366 ) (-580 -2796 366 ) (-580 -2796 464 ) (-744 -2796 464 ) 
4 1151 1184 (-752 -2756 366 ) (-752 -2796 366 ) (-908 -2796 366 ) (-908 -2756 366 ) 
4 1151 1179 (-908 -2748 366 ) (-752 -2748 366 ) (-752 -2756 366 ) (-908 -2756 366 ) 
4 1151 1157 (-836 -2796 366 ) (-780 -2796 366 ) (-780 -2796 426 ) (-836 -2796 426 ) 
4 1152 1811 (-1024 -2748 426 ) (-1024 -2748 366 ) (-1024 -2796 366 ) (-1024 -2796 426 ) 
4 1152 1800 (-1024 -2748 456 ) (-1024 -2748 426 ) (-1024 -2796 426 ) (-1024 -2796 456 ) 
4 1152 1185 (-1024 -2796 366 ) (-1024 -2756 366 ) (-916 -2756 366 ) (-916 -2796 366 ) 
4 1152 1180 (-1024 -2756 366 ) (-1024 -2748 366 ) (-916 -2748 366 ) (-916 -2756 366 ) 
4 1153 1186 (-212 -2796 366 ) (0 -2796 366 ) (0 -2844 366 ) (-212 -2844 366 ) 
4 1153 1162 (-192 -2844 366 ) (0 -2844 366 ) (0 -2844 426 ) (-192 -2844 426 ) 
4 1153 1159 (0 -2844 426 ) (0 -2844 464 ) (-192 -2844 464 ) (-192 -2844 426 ) 
4 1154 1187 (-356 -2796 366 ) (-220 -2796 366 ) (-220 -2844 366 ) (-356 -2844 366 ) 
4 1154 1163 (-316 -2844 366 ) (-260 -2844 366 ) (-260 -2844 426 ) (-316 -2844 426 ) 
4 1155 1188 (-744 -2796 366 ) (-364 -2796 366 ) (-364 -2844 366 ) (-744 -2844 366 ) 
4 1155 1164 (-744 -2844 366 ) (-384 -2844 366 ) (-384 -2844 426 ) (-744 -2844 426 ) 
4 1155 1160 (-384 -2844 464 ) (-744 -2844 464 ) (-744 -2844 426 ) (-384 -2844 426 ) 
4 1155 1156 (-744 -2804 366 ) (-744 -2844 366 ) (-744 -2844 464 ) (-744 -2804 464 ) 
4 1156 1189 (-744 -2804 366 ) (-744 -2844 366 ) (-780 -2844 366 ) (-780 -2804 366 ) 
4 1156 1164 (-780 -2844 366 ) (-744 -2844 366 ) (-744 -2844 426 ) (-780 -2844 426 ) 
4 1156 1160 (-744 -2844 426 ) (-744 -2844 464 ) (-780 -2844 464 ) (-780 -2844 426 ) 
4 1156 1158 (-780 -2804 366 ) (-780 -2844 366 ) (-780 -2844 464 ) (-780 -2804 464 ) 
4 1157 1158 (-836 -2804 366 ) (-780 -2804 366 ) (-780 -2804 426 ) (-836 -2804 426 ) 
4 1158 1820 (-1024 -2804 426 ) (-1024 -2804 366 ) (-1024 -2844 366 ) (-1024 -2844 426 ) 
4 1158 1806 (-1024 -2844 464 ) (-1024 -2804 464 ) (-1024 -2804 426 ) (-1024 -2844 426 ) 
4 1158 1189 (-1024 -2844 366 ) (-1024 -2804 366 ) (-780 -2804 366 ) (-780 -2844 366 ) 
4 1158 1164 (-1024 -2844 366 ) (-780 -2844 366 ) (-780 -2844 426 ) (-1024 -2844 426 ) 
4 1158 1160 (-780 -2844 426 ) (-780 -2844 464 ) (-1024 -2844 464 ) (-1024 -2844 426 ) 
4 1159 1162 (-192 -2844 426 ) (0 -2844 426 ) (0 -2852 426 ) (-192 -2852 426 ) 
4 1159 1161 (-192 -2852 426 ) (0 -2852 426 ) (0 -2852 464 ) (-192 -2852 464 ) 
4 1160 1806 (-1024 -2852 464 ) (-1024 -2844 464 ) (-1024 -2844 426 ) (-1024 -2852 426 ) 
4 1160 1164 (-1024 -2852 426 ) (-1024 -2844 426 ) (-384 -2844 426 ) (-384 -2852 426 ) 
4 1160 1161 (-1024 -2852 426 ) (-384 -2852 426 ) (-384 -2852 464 ) (-1024 -2852 464 ) 
4 1161 1806 (-1024 -3072 426 ) (-1024 -3072 464 ) (-1024 -2852 464 ) (-1024 -2852 426 ) 
4 1161 1309 (0 -3072 426 ) (0 -3072 464 ) (-1024 -3072 464 ) (-1024 -3072 426 ) 
4 1161 1165 (0 -3072 426 ) (-1024 -3072 426 ) (-1024 -2852 426 ) (0 -2852 426 ) 
4 1162 1190 (-192 -2844 366 ) (0 -2844 366 ) (0 -2852 366 ) (-192 -2852 366 ) 
4 1162 1165 (-192 -2852 366 ) (0 -2852 366 ) (0 -2852 426 ) (-192 -2852 426 ) 
4 1163 1165 (-316 -2852 366 ) (-260 -2852 366 ) (-260 -2852 426 ) (-316 -2852 426 ) 
4 1164 1820 (-1024 -2852 426 ) (-1024 -2844 426 ) (-1024 -2844 366 ) (-1024 -2852 366 ) 
4 1164 1191 (-1024 -2852 366 ) (-1024 -2844 366 ) (-384 -2844 366 ) (-384 -2852 366 ) 
4 1164 1165 (-1024 -2852 366 ) (-384 -2852 366 ) (-384 -2852 426 ) (-1024 -2852 426 ) 
4 1165 1820 (-1024 -3072 366 ) (-1024 -3072 426 ) (-1024 -2852 426 ) (-1024 -2852 366 ) 
4 1165 1309 (0 -3072 366 ) (0 -3072 426 ) (-1024 -3072 426 ) (-1024 -3072 366 ) 
4 1165 1192 (0 -3072 366 ) (-1024 -3072 366 ) (-1024 -2852 366 ) (0 -2852 366 ) 
4 1166 1193 (-64 -2284 328 ) (-512 -2284 328 ) (-512 -2048 328 ) (-64 -2048 328 ) 
4 1166 1169 (-608 -2284 328 ) (0 -2284 328 ) (0 -2284 366 ) (-608 -2284 366 ) 
4 1167 1194 (-616 -2284 328 ) (-696 -2284 328 ) (-696 -2048 328 ) (-616 -2048 328 ) 
4 1168 1821 (-1024 -2284 366 ) (-1024 -2048 366 ) (-1024 -2048 328 ) (-1024 -2284 328 ) 
4 1168 1171 (-1024 -2284 328 ) (-704 -2284 328 ) (-704 -2284 366 ) (-1024 -2284 366 ) 
4 1169 1193 (-64 -2484 328 ) (-512 -2484 328 ) (-512 -2284 328 ) (-64 -2284 328 ) 
4 1169 1173 (-608 -2484 328 ) (-592 -2484 328 ) (-592 -2484 366 ) (-608 -2484 366 ) 
4 1169 1172 (-512 -2484 328 ) (-64 -2484 328 ) (-64 -2484 366 ) (-512 -2484 366 ) 
4 1169 1170 (-608 -2292 328 ) (-608 -2484 328 ) (-608 -2484 366 ) (-608 -2292 366 ) 
4 1170 1173 (-640 -2484 328 ) (-608 -2484 328 ) (-608 -2484 366 ) (-640 -2484 366 ) 
4 1170 1171 (-704 -2292 328 ) (-704 -2484 328 ) (-704 -2484 366 ) (-704 -2292 366 ) 
4 1171 1821 (-1024 -2484 366 ) (-1024 -2284 366 ) (-1024 -2284 328 ) (-1024 -2484 328 ) 
4 1172 1193 (-64 -2492 328 ) (-512 -2492 328 ) (-512 -2484 328 ) (-64 -2484 328 ) 
4 1172 1175 (-512 -2492 328 ) (-64 -2492 328 ) (-64 -2492 366 ) (-512 -2492 366 ) 
4 1173 1176 (-640 -2492 328 ) (-592 -2492 328 ) (-592 -2492 366 ) (-640 -2492 366 ) 
4 1175 1193 (-64 -2748 328 ) (-512 -2748 328 ) (-512 -2492 328 ) (-64 -2492 328 ) 
4 1175 1178 (-356 -2748 328 ) (-220 -2748 328 ) (-220 -2748 366 ) (-356 -2748 366 ) 
4 1176 1179 (-908 -2748 328 ) (-752 -2748 328 ) (-752 -2748 366 ) (-908 -2748 366 ) 
4 1177 1823 (-1024 -2748 366 ) (-1024 -2492 366 ) (-1024 -2492 328 ) (-1024 -2748 328 ) 
4 1177 1180 (-1024 -2748 328 ) (-916 -2748 328 ) (-916 -2748 366 ) (-1024 -2748 366 ) 
4 1178 1209 (-220 -2756 328 ) (-356 -2756 328 ) (-356 -2748 328 ) (-220 -2748 328 ) 
4 1178 1182 (-356 -2756 328 ) (-220 -2756 328 ) (-220 -2756 366 ) (-356 -2756 366 ) 
4 1179 1184 (-908 -2756 328 ) (-752 -2756 328 ) (-752 -2756 366 ) (-908 -2756 366 ) 
4 1180 1823 (-1024 -2756 366 ) (-1024 -2748 366 ) (-1024 -2748 328 ) (-1024 -2756 328 ) 
4 1180 1185 (-1024 -2756 328 ) (-916 -2756 328 ) (-916 -2756 366 ) (-1024 -2756 366 ) 
4 1181 1208 (0 -2756 328 ) (0 -2796 328 ) (-212 -2796 328 ) (-212 -2756 328 ) 
4 1181 1186 (-212 -2796 328 ) (0 -2796 328 ) (0 -2796 366 ) (-212 -2796 366 ) 
4 1182 1209 (-220 -2796 328 ) (-356 -2796 328 ) (-356 -2756 328 ) (-220 -2756 328 ) 
4 1182 1187 (-356 -2796 328 ) (-220 -2796 328 ) (-220 -2796 366 ) (-356 -2796 366 ) 
4 1183 1211 (-364 -2796 328 ) (-744 -2796 328 ) (-744 -2756 328 ) (-364 -2756 328 ) 
4 1183 1188 (-744 -2796 328 ) (-364 -2796 328 ) (-364 -2796 366 ) (-744 -2796 366 ) 
4 1185 1823 (-1024 -2796 366 ) (-1024 -2756 366 ) (-1024 -2756 328 ) (-1024 -2796 328 ) 
4 1186 1208 (0 -2796 328 ) (0 -2844 328 ) (-212 -2844 328 ) (-212 -2796 328 ) 
4 1186 1190 (-192 -2844 328 ) (0 -2844 328 ) (0 -2844 366 ) (-192 -2844 366 ) 
4 1187 1209 (-220 -2844 328 ) (-356 -2844 328 ) (-356 -2796 328 ) (-220 -2796 328 ) 
4 1188 1214 (-744 -2804 328 ) (-744 -2796 328 ) (-364 -2796 328 ) (-364 -2804 328 ) 
4 1188 1216 (-364 -2844 328 ) (-744 -2844 328 ) (-744 -2804 328 ) (-364 -2804 328 ) 
4 1188 1191 (-744 -2844 328 ) (-384 -2844 328 ) (-384 -2844 366 ) (-744 -2844 366 ) 
4 1188 1189 (-744 -2804 328 ) (-744 -2844 328 ) (-744 -2844 366 ) (-744 -2804 366 ) 
4 1189 1829 (-1024 -2844 366 ) (-1024 -2804 366 ) (-1024 -2804 328 ) (-1024 -2844 328 ) 
4 1189 1216 (-744 -2844 328 ) (-1024 -2844 328 ) (-1024 -2804 328 ) (-744 -2804 328 ) 
4 1189 1191 (-1024 -2844 328 ) (-744 -2844 328 ) (-744 -2844 366 ) (-1024 -2844 366 ) 
4 1190 1217 (0 -2844 328 ) (0 -2852 328 ) (-192 -2852 328 ) (-192 -2844 328 ) 
4 1190 1192 (-192 -2852 328 ) (0 -2852 328 ) (0 -2852 366 ) (-192 -2852 366 ) 
4 1191 1829 (-1024 -2852 366 ) (-1024 -2844 366 ) (-1024 -2844 328 ) (-1024 -2852 328 ) 
4 1191 1219 (-384 -2852 328 ) (-1024 -2852 328 ) (-1024 -2844 328 ) (-384 -2844 328 ) 
4 1191 1192 (-1024 -2852 328 ) (-384 -2852 328 ) (-384 -2852 366 ) (-1024 -2852 366 ) 
4 1192 1829 (-1024 -3072 328 ) (-1024 -3072 366 ) (-1024 -2852 366 ) (-1024 -2852 328 ) 
4 1192 1309 (0 -3072 328 ) (0 -3072 366 ) (-1024 -3072 366 ) (-1024 -3072 328 ) 
4 1192 1220 (0 -2852 328 ) (0 -3072 328 ) (-1024 -3072 328 ) (-1024 -2852 328 ) 
4 1193 1209 (-220 -2748 328 ) (-356 -2748 328 ) (-356 -2748 320 ) (-220 -2748 320 ) 
4 1193 1205 (-64 -2748 320 ) (-512 -2748 320 ) (-512 -2492 320 ) (-64 -2492 320 ) 
4 1193 1202 (-512 -2492 320 ) (-512 -2484 320 ) (-64 -2484 320 ) (-64 -2492 320 ) 
4 1193 1198 (-512 -2292 320 ) (-512 -2284 320 ) (-64 -2284 320 ) (-64 -2292 320 ) 
4 1193 1201 (-512 -2484 320 ) (-512 -2292 320 ) (-64 -2292 320 ) (-64 -2484 320 ) 
4 1193 1195 (-512 -2284 320 ) (-512 -2048 320 ) (-64 -2048 320 ) (-64 -2284 320 ) 
4 1194 1196 (-696 -2284 320 ) (-696 -2048 320 ) (-616 -2048 320 ) (-616 -2284 320 ) 
4 1195 1221 (0 -2048 230 ) (0 -2284 230 ) (-608 -2284 230 ) (-608 -2048 230 ) 
4 1195 1198 (-608 -2284 230 ) (0 -2284 230 ) (0 -2284 320 ) (-608 -2284 320 ) 
4 1196 1222 (-616 -2284 230 ) (-696 -2284 230 ) (-696 -2145 230 ) (-616 -2145 230 ) 
4 1196 1199 (-680 -2284 230 ) (-632 -2284 230 ) (-632 -2284 300 ) (-680 -2284 300 ) 
4 1197 1830 (-1024 -2048 320 ) (-1024 -2048 230 ) (-1024 -2284 230 ) (-1024 -2284 320 ) 
4 1197 1223 (-704 -2284 230 ) (-1024 -2284 230 ) (-1024 -2048 230 ) (-704 -2048 230 ) 
4 1197 1200 (-1024 -2284 230 ) (-704 -2284 230 ) (-704 -2284 320 ) (-1024 -2284 320 ) 
4 1198 1224 (0 -2284 230 ) (0 -2292 230 ) (-608 -2292 230 ) (-608 -2284 230 ) 
4 1198 1201 (-608 -2292 230 ) (0 -2292 230 ) (0 -2292 320 ) (-608 -2292 320 ) 
4 1199 1225 (-632 -2292 230 ) (-680 -2292 230 ) (-680 -2284 230 ) (-632 -2284 230 ) 
4 1199 1201 (-680 -2292 230 ) (-632 -2292 230 ) (-632 -2292 300 ) (-680 -2292 300 ) 
4 1200 1830 (-1024 -2284 230 ) (-1024 -2292 230 ) (-1024 -2292 320 ) (-1024 -2284 320 ) 
4 1200 1226 (-704 -2292 230 ) (-1024 -2292 230 ) (-1024 -2284 230 ) (-704 -2284 230 ) 
4 1200 1201 (-1024 -2292 230 ) (-704 -2292 230 ) (-704 -2292 320 ) (-1024 -2292 320 ) 
4 1201 1830 (-1024 -2292 230 ) (-1024 -2484 230 ) (-1024 -2484 320 ) (-1024 -2292 320 ) 
4 1201 1227 (0 -2292 230 ) (0 -2484 230 ) (-1024 -2484 230 ) (-1024 -2292 230 ) 
4 1201 1203 (-640 -2484 230 ) (-592 -2484 230 ) (-592 -2484 300 ) (-640 -2484 300 ) 
4 1201 1202 (-512 -2484 230 ) (-64 -2484 230 ) (-64 -2484 320 ) (-512 -2484 320 ) 
4 1202 1228 (-64 -2492 230 ) (-512 -2492 230 ) (-512 -2484 230 ) (-64 -2484 230 ) 
4 1202 1205 (-512 -2492 230 ) (-64 -2492 230 ) (-64 -2492 320 ) (-512 -2492 320 ) 
4 1203 1229 (-592 -2492 230 ) (-640 -2492 230 ) (-640 -2484 230 ) (-592 -2484 230 ) 
4 1203 1206 (-640 -2492 230 ) (-592 -2492 230 ) (-592 -2492 300 ) (-640 -2492 300 ) 
4 1204 1230 (0 -2492 230 ) (0 -2748 230 ) (-56 -2748 230 ) (-56 -2492 230 ) 
4 1205 1231 (-64 -2748 230 ) (-512 -2748 230 ) (-512 -2492 230 ) (-64 -2492 230 ) 
4 1205 1209 (-356 -2748 230 ) (-220 -2748 230 ) (-220 -2748 320 ) (-356 -2748 320 ) 
4 1206 1232 (-520 -2748 230 ) (-908 -2748 230 ) (-908 -2492 230 ) (-520 -2492 230 ) 
4 1206 1212 (-908 -2748 230 ) (-752 -2748 230 ) (-752 -2748 320 ) (-908 -2748 320 ) 
4 1206 1210 (-636 -2748 230 ) (-580 -2748 230 ) (-580 -2748 290 ) (-636 -2748 290 ) 
4 1207 1832 (-1024 -2492 230 ) (-1024 -2748 230 ) (-1024 -2748 320 ) (-1024 -2492 320 ) 
4 1207 1233 (-916 -2748 230 ) (-1024 -2748 230 ) (-1024 -2492 230 ) (-916 -2492 230 ) 
4 1207 1213 (-1024 -2748 230 ) (-916 -2748 230 ) (-916 -2748 320 ) (-1024 -2748 320 ) 
4 1208 1242 (0 -2796 230 ) (0 -2844 230 ) (-212 -2844 230 ) (-212 -2796 230 ) 
4 1208 1237 (0 -2756 230 ) (0 -2796 230 ) (-212 -2796 230 ) (-212 -2756 230 ) 
4 1208 1217 (-192 -2844 230 ) (0 -2844 230 ) (0 -2844 328 ) (-192 -2844 328 ) 
4 1209 1243 (-220 -2844 230 ) (-356 -2844 230 ) (-356 -2796 230 ) (-220 -2796 230 ) 
4 1209 1238 (-356 -2796 230 ) (-356 -2756 230 ) (-220 -2756 230 ) (-220 -2796 230 ) 
4 1209 1234 (-356 -2756 230 ) (-356 -2748 230 ) (-220 -2748 230 ) (-220 -2756 230 ) 
4 1209 1218 (-316 -2844 230 ) (-260 -2844 230 ) (-260 -2844 290 ) (-316 -2844 290 ) 
4 1210 1211 (-636 -2756 230 ) (-580 -2756 230 ) (-580 -2756 290 ) (-636 -2756 290 ) 
4 1211 1239 (-364 -2756 230 ) (-364 -2796 230 ) (-744 -2796 230 ) (-744 -2756 230 ) 
4 1211 1214 (-744 -2796 230 ) (-364 -2796 230 ) (-364 -2796 328 ) (-744 -2796 328 ) 
4 1212 1240 (-752 -2756 230 ) (-752 -2796 230 ) (-908 -2796 230 ) (-908 -2756 230 ) 
4 1212 1235 (-908 -2748 230 ) (-752 -2748 230 ) (-752 -2756 230 ) (-908 -2756 230 ) 
4 1212 1215 (-836 -2796 230 ) (-780 -2796 230 ) (-780 -2796 290 ) (-836 -2796 290 ) 
4 1213 1832 (-1024 -2748 320 ) (-1024 -2748 230 ) (-1024 -2796 230 ) (-1024 -2796 320 ) 
4 1213 1241 (-1024 -2796 230 ) (-1024 -2756 230 ) (-916 -2756 230 ) (-916 -2796 230 ) 
4 1213 1236 (-1024 -2756 230 ) (-1024 -2748 230 ) (-916 -2748 230 ) (-916 -2756 230 ) 
4 1214 1244 (-744 -2796 230 ) (-364 -2796 230 ) (-364 -2804 230 ) (-744 -2804 230 ) 
4 1214 1216 (-744 -2804 230 ) (-364 -2804 230 ) (-364 -2804 328 ) (-744 -2804 328 ) 
4 1215 1216 (-836 -2804 230 ) (-780 -2804 230 ) (-780 -2804 290 ) (-836 -2804 290 ) 
4 1216 1834 (-1024 -2844 328 ) (-1024 -2804 328 ) (-1024 -2804 230 ) (-1024 -2844 230 ) 
4 1216 1245 (-364 -2844 230 ) (-1024 -2844 230 ) (-1024 -2804 230 ) (-364 -2804 230 ) 
4 1216 1219 (-1024 -2844 230 ) (-384 -2844 230 ) (-384 -2844 328 ) (-1024 -2844 328 ) 
4 1217 1246 (0 -2844 230 ) (0 -2852 230 ) (-192 -2852 230 ) (-192 -2844 230 ) 
4 1217 1220 (-192 -2852 230 ) (0 -2852 230 ) (0 -2852 328 ) (-192 -2852 328 ) 
4 1218 1220 (-316 -2852 230 ) (-260 -2852 230 ) (-260 -2852 290 ) (-316 -2852 290 ) 
4 1219 1834 (-1024 -2852 328 ) (-1024 -2844 328 ) (-1024 -2844 230 ) (-1024 -2852 230 ) 
4 1219 1247 (-384 -2852 230 ) (-1024 -2852 230 ) (-1024 -2844 230 ) (-384 -2844 230 ) 
4 1219 1220 (-1024 -2852 230 ) (-384 -2852 230 ) (-384 -2852 328 ) (-1024 -2852 328 ) 
4 1220 1834 (-1024 -3072 230 ) (-1024 -3072 328 ) (-1024 -2852 328 ) (-1024 -2852 230 ) 
4 1220 1309 (0 -3072 230 ) (0 -3072 328 ) (-1024 -3072 328 ) (-1024 -3072 230 ) 
4 1220 1248 (0 -2852 230 ) (0 -3072 230 ) (-1024 -3072 230 ) (-1024 -2852 230 ) 
4 1221 1249 (-512 -2048 192 ) (-64 -2048 192 ) (-64 -2284 192 ) (-512 -2284 192 ) 
4 1221 1224 (-608 -2284 192 ) (0 -2284 192 ) (0 -2284 230 ) (-608 -2284 230 ) 
4 1222 1225 (-680 -2284 192 ) (-632 -2284 192 ) (-632 -2284 230 ) (-680 -2284 230 ) 
4 1223 1845 (-1024 -2284 230 ) (-1024 -2048 230 ) (-1024 -2048 192 ) (-1024 -2284 192 ) 
4 1223 1226 (-1024 -2284 192 ) (-704 -2284 192 ) (-704 -2284 230 ) (-1024 -2284 230 ) 
4 1224 1249 (-512 -2284 192 ) (-64 -2284 192 ) (-64 -2292 192 ) (-512 -2292 192 ) 
4 1224 1227 (-608 -2292 192 ) (0 -2292 192 ) (0 -2292 230 ) (-608 -2292 230 ) 
4 1225 1227 (-680 -2292 192 ) (-632 -2292 192 ) (-632 -2292 230 ) (-680 -2292 230 ) 
4 1226 1845 (-1024 -2292 230 ) (-1024 -2284 230 ) (-1024 -2284 192 ) (-1024 -2292 192 ) 
4 1226 1227 (-1024 -2292 192 ) (-704 -2292 192 ) (-704 -2292 230 ) (-1024 -2292 230 ) 
4 1227 1845 (-1024 -2484 230 ) (-1024 -2292 230 ) (-1024 -2292 192 ) (-1024 -2484 192 ) 
4 1227 1249 (-512 -2292 192 ) (-64 -2292 192 ) (-64 -2484 192 ) (-512 -2484 192 ) 
4 1227 1229 (-640 -2484 192 ) (-592 -2484 192 ) (-592 -2484 230 ) (-640 -2484 230 ) 
4 1227 1228 (-512 -2484 192 ) (-64 -2484 192 ) (-64 -2484 230 ) (-512 -2484 230 ) 
4 1228 1249 (-512 -2484 192 ) (-64 -2484 192 ) (-64 -2492 192 ) (-512 -2492 192 ) 
4 1228 1231 (-512 -2492 192 ) (-64 -2492 192 ) (-64 -2492 230 ) (-512 -2492 230 ) 
4 1229 1232 (-640 -2492 192 ) (-592 -2492 192 ) (-592 -2492 230 ) (-640 -2492 230 ) 
4 1231 1249 (-512 -2492 192 ) (-64 -2492 192 ) (-64 -2748 192 ) (-512 -2748 192 ) 
4 1231 1234 (-356 -2748 192 ) (-220 -2748 192 ) (-220 -2748 230 ) (-356 -2748 230 ) 
4 1232 1235 (-908 -2748 192 ) (-752 -2748 192 ) (-752 -2748 230 ) (-908 -2748 230 ) 
4 1233 1847 (-1024 -2748 230 ) (-1024 -2492 230 ) (-1024 -2492 192 ) (-1024 -2748 192 ) 
4 1233 1236 (-1024 -2748 192 ) (-916 -2748 192 ) (-916 -2748 230 ) (-1024 -2748 230 ) 
4 1234 1261 (-356 -2748 192 ) (-220 -2748 192 ) (-220 -2756 192 ) (-356 -2756 192 ) 
4 1234 1238 (-356 -2756 192 ) (-220 -2756 192 ) (-220 -2756 230 ) (-356 -2756 230 ) 
4 1235 1240 (-908 -2756 192 ) (-752 -2756 192 ) (-752 -2756 230 ) (-908 -2756 230 ) 
4 1236 1847 (-1024 -2756 230 ) (-1024 -2748 230 ) (-1024 -2748 192 ) (-1024 -2756 192 ) 
4 1236 1241 (-1024 -2756 192 ) (-916 -2756 192 ) (-916 -2756 230 ) (-1024 -2756 230 ) 
4 1237 1260 (-212 -2756 192 ) (0 -2756 192 ) (0 -2796 192 ) (-212 -2796 192 ) 
4 1237 1242 (-212 -2796 192 ) (0 -2796 192 ) (0 -2796 230 ) (-212 -2796 230 ) 
4 1238 1261 (-356 -2756 192 ) (-220 -2756 192 ) (-220 -2796 192 ) (-356 -2796 192 ) 
4 1238 1243 (-356 -2796 192 ) (-220 -2796 192 ) (-220 -2796 230 ) (-356 -2796 230 ) 
4 1239 1263 (-744 -2756 192 ) (-364 -2756 192 ) (-364 -2796 192 ) (-744 -2796 192 ) 
4 1239 1244 (-744 -2796 192 ) (-364 -2796 192 ) (-364 -2796 230 ) (-744 -2796 230 ) 
4 1241 1847 (-1024 -2796 230 ) (-1024 -2756 230 ) (-1024 -2756 192 ) (-1024 -2796 192 ) 
4 1242 1260 (-212 -2796 192 ) (0 -2796 192 ) (0 -2844 192 ) (-212 -2844 192 ) 
4 1242 1246 (-192 -2844 192 ) (0 -2844 192 ) (0 -2844 230 ) (-192 -2844 230 ) 
4 1243 1261 (-356 -2796 192 ) (-220 -2796 192 ) (-220 -2844 192 ) (-356 -2844 192 ) 
4 1244 1266 (-744 -2796 192 ) (-364 -2796 192 ) (-364 -2804 192 ) (-744 -2804 192 ) 
4 1244 1245 (-744 -2804 192 ) (-364 -2804 192 ) (-364 -2804 230 ) (-744 -2804 230 ) 
4 1245 1853 (-1024 -2844 230 ) (-1024 -2804 230 ) (-1024 -2804 192 ) (-1024 -2844 192 ) 
4 1245 1268 (-1024 -2844 192 ) (-1024 -2804 192 ) (-364 -2804 192 ) (-364 -2844 192 ) 
4 1245 1247 (-1024 -2844 192 ) (-384 -2844 192 ) (-384 -2844 230 ) (-1024 -2844 230 ) 
4 1246 1269 (-192 -2844 192 ) (0 -2844 192 ) (0 -2852 192 ) (-192 -2852 192 ) 
4 1246 1248 (-192 -2852 192 ) (0 -2852 192 ) (0 -2852 230 ) (-192 -2852 230 ) 
4 1247 1853 (-1024 -2852 230 ) (-1024 -2844 230 ) (-1024 -2844 192 ) (-1024 -2852 192 ) 
4 1247 1271 (-1024 -2852 192 ) (-1024 -2844 192 ) (-384 -2844 192 ) (-384 -2852 192 ) 
4 1247 1248 (-1024 -2852 192 ) (-384 -2852 192 ) (-384 -2852 230 ) (-1024 -2852 230 ) 
4 1248 1853 (-1024 -3072 192 ) (-1024 -3072 230 ) (-1024 -2852 230 ) (-1024 -2852 192 ) 
4 1248 1309 (0 -3072 192 ) (0 -3072 230 ) (-1024 -3072 230 ) (-1024 -3072 192 ) 
4 1248 1272 (0 -3072 192 ) (-1024 -3072 192 ) (-1024 -2852 192 ) (0 -2852 192 ) 
4 1249 1261 (-220 -2748 192 ) (-356 -2748 192 ) (-356 -2748 184 ) (-220 -2748 184 ) 
4 1249 1257 (-64 -2748 184 ) (-512 -2748 184 ) (-512 -2492 184 ) (-64 -2492 184 ) 
4 1249 1254 (-512 -2492 184 ) (-512 -2484 184 ) (-64 -2484 184 ) (-64 -2492 184 ) 
4 1249 1253 (-512 -2484 184 ) (-512 -2284 184 ) (-64 -2284 184 ) (-64 -2484 184 ) 
4 1249 1251 (-512 -2284 184 ) (-512 -2048 184 ) (-64 -2048 184 ) (-64 -2284 184 ) 
4 1250 1273 (0 -2108 94 ) (0 -2284 94 ) (-56 -2284 94 ) (-56 -2108 94 ) 
4 1251 1854 (-1024 -2048 184 ) (-1024 -2048 94 ) (-1024 -2284 94 ) (-1024 -2284 184 ) 
4 1251 1274 (-64 -2284 94 ) (-1024 -2284 94 ) (-1024 -2048 94 ) (-64 -2048 94 ) 
4 1251 1253 (-1024 -2284 94 ) (-64 -2284 94 ) (-64 -2284 184 ) (-1024 -2284 184 ) 
4 1252 1275 (0 -2292 94 ) (0 -2484 94 ) (-64 -2484 94 ) (-64 -2292 94 ) 
4 1252 1253 (-64 -2292 94 ) (-64 -2484 94 ) (-64 -2484 184 ) (-64 -2292 184 ) 
4 1253 1854 (-1024 -2284 94 ) (-1024 -2484 94 ) (-1024 -2484 184 ) (-1024 -2284 184 ) 
4 1253 1276 (-64 -2484 94 ) (-1024 -2484 94 ) (-1024 -2284 94 ) (-64 -2284 94 ) 
4 1253 1255 (-640 -2484 94 ) (-592 -2484 94 ) (-592 -2484 164 ) (-640 -2484 164 ) 
4 1253 1254 (-512 -2484 94 ) (-64 -2484 94 ) (-64 -2484 184 ) (-512 -2484 184 ) 
4 1254 1277 (-64 -2492 94 ) (-512 -2492 94 ) (-512 -2484 94 ) (-64 -2484 94 ) 
4 1254 1257 (-512 -2492 94 ) (-64 -2492 94 ) (-64 -2492 184 ) (-512 -2492 184 ) 
4 1255 1278 (-592 -2492 94 ) (-640 -2492 94 ) (-640 -2484 94 ) (-592 -2484 94 ) 
4 1255 1258 (-640 -2492 94 ) (-592 -2492 94 ) (-592 -2492 164 ) (-640 -2492 164 ) 
4 1256 1279 (0 -2492 94 ) (0 -2748 94 ) (-56 -2748 94 ) (-56 -2492 94 ) 
4 1257 1280 (-64 -2748 94 ) (-512 -2748 94 ) (-512 -2492 94 ) (-64 -2492 94 ) 
4 1257 1261 (-356 -2748 94 ) (-220 -2748 94 ) (-220 -2748 184 ) (-356 -2748 184 ) 
4 1258 1281 (-520 -2748 94 ) (-908 -2748 94 ) (-908 -2492 94 ) (-520 -2492 94 ) 
4 1258 1264 (-908 -2748 94 ) (-752 -2748 94 ) (-752 -2748 184 ) (-908 -2748 184 ) 
4 1258 1262 (-636 -2748 94 ) (-580 -2748 94 ) (-580 -2748 154 ) (-636 -2748 154 ) 
4 1259 1856 (-1024 -2492 94 ) (-1024 -2748 94 ) (-1024 -2748 184 ) (-1024 -2492 184 ) 
4 1259 1282 (-916 -2748 94 ) (-1024 -2748 94 ) (-1024 -2492 94 ) (-916 -2492 94 ) 
4 1259 1265 (-1024 -2748 94 ) (-916 -2748 94 ) (-916 -2748 184 ) (-1024 -2748 184 ) 
4 1260 1291 (0 -2796 94 ) (0 -2844 94 ) (-212 -2844 94 ) (-212 -2796 94 ) 
4 1260 1286 (0 -2756 94 ) (0 -2796 94 ) (-212 -2796 94 ) (-212 -2756 94 ) 
4 1260 1269 (-192 -2844 94 ) (0 -2844 94 ) (0 -2844 192 ) (-192 -2844 192 ) 
4 1261 1292 (-220 -2844 94 ) (-356 -2844 94 ) (-356 -2796 94 ) (-220 -2796 94 ) 
4 1261 1287 (-356 -2796 94 ) (-356 -2756 94 ) (-220 -2756 94 ) (-220 -2796 94 ) 
4 1261 1283 (-356 -2756 94 ) (-356 -2748 94 ) (-220 -2748 94 ) (-220 -2756 94 ) 
4 1261 1270 (-336 -2844 94 ) (-240 -2844 94 ) (-240 -2844 164 ) (-336 -2844 164 ) 
4 1262 1263 (-636 -2756 94 ) (-580 -2756 94 ) (-580 -2756 154 ) (-636 -2756 154 ) 
4 1263 1288 (-364 -2756 94 ) (-364 -2796 94 ) (-744 -2796 94 ) (-744 -2756 94 ) 
4 1263 1266 (-744 -2796 94 ) (-364 -2796 94 ) (-364 -2796 192 ) (-744 -2796 192 ) 
4 1264 1289 (-752 -2756 94 ) (-752 -2796 94 ) (-908 -2796 94 ) (-908 -2756 94 ) 
4 1264 1284 (-908 -2748 94 ) (-752 -2748 94 ) (-752 -2756 94 ) (-908 -2756 94 ) 
4 1264 1267 (-836 -2796 94 ) (-780 -2796 94 ) (-780 -2796 154 ) (-836 -2796 154 ) 
4 1265 1856 (-1024 -2748 184 ) (-1024 -2748 94 ) (-1024 -2796 94 ) (-1024 -2796 184 ) 
4 1265 1290 (-1024 -2796 94 ) (-1024 -2756 94 ) (-916 -2756 94 ) (-916 -2796 94 ) 
4 1265 1285 (-1024 -2756 94 ) (-1024 -2748 94 ) (-916 -2748 94 ) (-916 -2756 94 ) 
4 1266 1293 (-744 -2796 94 ) (-364 -2796 94 ) (-364 -2804 94 ) (-744 -2804 94 ) 
4 1266 1268 (-744 -2804 94 ) (-364 -2804 94 ) (-364 -2804 192 ) (-744 -2804 192 ) 
4 1267 1268 (-836 -2804 94 ) (-780 -2804 94 ) (-780 -2804 154 ) (-836 -2804 154 ) 
4 1268 1858 (-1024 -2844 192 ) (-1024 -2804 192 ) (-1024 -2804 94 ) (-1024 -2844 94 ) 
4 1268 1294 (-364 -2844 94 ) (-1024 -2844 94 ) (-1024 -2804 94 ) (-364 -2804 94 ) 
4 1268 1271 (-1024 -2844 94 ) (-384 -2844 94 ) (-384 -2844 192 ) (-1024 -2844 192 ) 
4 1269 1295 (0 -2844 94 ) (0 -2852 94 ) (-192 -2852 94 ) (-192 -2844 94 ) 
4 1269 1272 (-192 -2852 94 ) (0 -2852 94 ) (0 -2852 192 ) (-192 -2852 192 ) 
4 1270 1296 (-240 -2852 94 ) (-336 -2852 94 ) (-336 -2844 94 ) (-240 -2844 94 ) 
4 1270 1272 (-336 -2852 94 ) (-240 -2852 94 ) (-240 -2852 164 ) (-336 -2852 164 ) 
4 1271 1858 (-1024 -2852 192 ) (-1024 -2844 192 ) (-1024 -2844 94 ) (-1024 -2852 94 ) 
4 1271 1297 (-384 -2852 94 ) (-1024 -2852 94 ) (-1024 -2844 94 ) (-384 -2844 94 ) 
4 1271 1272 (-1024 -2852 94 ) (-384 -2852 94 ) (-384 -2852 192 ) (-1024 -2852 192 ) 
4 1272 1858 (-1024 -3072 94 ) (-1024 -3072 192 ) (-1024 -2852 192 ) (-1024 -2852 94 ) 
4 1272 1309 (0 -3072 94 ) (0 -3072 192 ) (-1024 -3072 192 ) (-1024 -3072 94 ) 
4 1272 1298 (0 -2852 94 ) (0 -3072 94 ) (-1024 -3072 94 ) (-1024 -2852 94 ) 
4 1274 1869 (-1024 -2284 94 ) (-1024 -2048 94 ) (-1024 -2048 56 ) (-1024 -2284 56 ) 
4 1274 1276 (-1024 -2284 56 ) (-64 -2284 56 ) (-64 -2284 94 ) (-1024 -2284 94 ) 
4 1275 1276 (-64 -2292 56 ) (-64 -2484 56 ) (-64 -2484 94 ) (-64 -2292 94 ) 
4 1276 1869 (-1024 -2484 94 ) (-1024 -2284 94 ) (-1024 -2284 56 ) (-1024 -2484 56 ) 
4 1276 1278 (-640 -2484 56 ) (-592 -2484 56 ) (-592 -2484 94 ) (-640 -2484 94 ) 
4 1276 1277 (-512 -2484 56 ) (-64 -2484 56 ) (-64 -2484 94 ) (-512 -2484 94 ) 
4 1277 1280 (-512 -2492 56 ) (-64 -2492 56 ) (-64 -2492 94 ) (-512 -2492 94 ) 
4 1278 1281 (-640 -2492 56 ) (-592 -2492 56 ) (-592 -2492 94 ) (-640 -2492 94 ) 
4 1280 1283 (-356 -2748 56 ) (-220 -2748 56 ) (-220 -2748 94 ) (-356 -2748 94 ) 
4 1281 1284 (-908 -2748 56 ) (-752 -2748 56 ) (-752 -2748 94 ) (-908 -2748 94 ) 
4 1282 1871 (-1024 -2748 94 ) (-1024 -2492 94 ) (-1024 -2492 56 ) (-1024 -2748 56 ) 
4 1282 1285 (-1024 -2748 56 ) (-916 -2748 56 ) (-916 -2748 94 ) (-1024 -2748 94 ) 
4 1283 1287 (-356 -2756 56 ) (-220 -2756 56 ) (-220 -2756 94 ) (-356 -2756 94 ) 
4 1284 1289 (-908 -2756 56 ) (-752 -2756 56 ) (-752 -2756 94 ) (-908 -2756 94 ) 
4 1285 1871 (-1024 -2756 94 ) (-1024 -2748 94 ) (-1024 -2748 56 ) (-1024 -2756 56 ) 
4 1285 1290 (-1024 -2756 56 ) (-916 -2756 56 ) (-916 -2756 94 ) (-1024 -2756 94 ) 
4 1286 1291 (-212 -2796 56 ) (0 -2796 56 ) (0 -2796 94 ) (-212 -2796 94 ) 
4 1287 1292 (-356 -2796 56 ) (-220 -2796 56 ) (-220 -2796 94 ) (-356 -2796 94 ) 
4 1288 1293 (-744 -2796 56 ) (-364 -2796 56 ) (-364 -2796 94 ) (-744 -2796 94 ) 
4 1290 1871 (-1024 -2796 94 ) (-1024 -2756 94 ) (-1024 -2756 56 ) (-1024 -2796 56 ) 
4 1291 1295 (-192 -2844 56 ) (0 -2844 56 ) (0 -2844 94 ) (-192 -2844 94 ) 
4 1292 1296 (-336 -2844 56 ) (-240 -2844 56 ) (-240 -2844 94 ) (-336 -2844 94 ) 
4 1293 1294 (-744 -2804 56 ) (-364 -2804 56 ) (-364 -2804 94 ) (-744 -2804 94 ) 
4 1294 1872 (-1024 -2844 94 ) (-1024 -2804 94 ) (-1024 -2804 56 ) (-1024 -2844 56 ) 
4 1294 1297 (-1024 -2844 56 ) (-384 -2844 56 ) (-384 -2844 94 ) (-1024 -2844 94 ) 
4 1295 1298 (-192 -2852 56 ) (0 -2852 56 ) (0 -2852 94 ) (-192 -2852 94 ) 
4 1296 1298 (-336 -2852 56 ) (-240 -2852 56 ) (-240 -2852 94 ) (-336 -2852 94 ) 
4 1297 1872 (-1024 -2852 94 ) (-1024 -2844 94 ) (-1024 -2844 56 ) (-1024 -2852 56 ) 
4 1297 1298 (-1024 -2852 56 ) (-384 -2852 56 ) (-384 -2852 94 ) (-1024 -2852 94 ) 
4 1298 1872 (-1024 -3072 56 ) (-1024 -3072 94 ) (-1024 -2852 94 ) (-1024 -2852 56 ) 
4 1298 1310 (0 -3072 56 ) (0 -3072 88 ) (-1024 -3072 88 ) (-1024 -3072 56 ) 
4 1298 1309 (0 -3072 88 ) (0 -3072 94 ) (-1024 -3072 94 ) (-1024 -3072 88 ) 
4 1299 1484 (1024 -4096 88 ) (1024 -4096 1104 ) (0 -4096 1104 ) (0 -4096 88 ) 
4 1299 1309 (0 -3072 1104 ) (0 -3072 88 ) (0 -4096 88 ) (0 -4096 1104 ) 
4 1299 1308 (119.172379 -4096 88 ) (0 -4096 88 ) (0 -4000 88 ) (208.551941 -4000 88 ) 
4 1299 1307 (0 -4000 88 ) (0 -3992 88 ) (216 -3992 88 ) (208.551941 -4000 88 ) 
4 1299 1306 (684 -4096 88 ) (126.857239 -4096 88 ) (216 -4000 88 ) (684 -4000 88 ) 
4 1299 1305 (1024 -4096 88 ) (692 -4096 88 ) (692 -3992 88 ) (1024 -3992 88 ) 
5 1299 1302 (0 -3992 88 ) (0 -3072 88 ) (1024 -3072 88 ) (1024 -3504.275635 88 ) (684 -3992 88 ) 
3 1299 1300 (1024 -3515.751953 88 ) (1024 -3696 88 ) (898.346252 -3696 88 ) 
4 1299 1301 (1024 -3704 88 ) (1024 -3992 88 ) (692 -3992 88 ) (892.769348 -3704 88 ) 
4 1301 1305 (692 -3992 -8 ) (1024 -3992 -8 ) (1024 -3992 88 ) (692 -3992 88 ) 
4 1302 1310 (0 -3072 88 ) (0 -3072 56 ) (0 -3992 56 ) (0 -3992 88 ) 
4 1302 1307 (216 -3992 88 ) (0 -3992 88 ) (0 -3992 56 ) (216 -3992 56 ) 
3 1302 1304 (512 -3344 56 ) (0 -3932.800049 56 ) (0 -3344 56 ) 
6 1302 1303 (748.521729 -3072 56 ) (1024 -3072 56 ) (1024 -3504.275635 56 ) (684 -3992 56 ) (0 -3992 56 ) (0 -3932.800049 56 ) 
4 1303 1314 (0 -3932.800049 -8 ) (0 -3992 -8 ) (0 -3992 56 ) (0 -3932.800049 56 ) 
4 1303 1307 (0 -3992 -8 ) (216 -3992 -8 ) (216 -3992 56 ) (0 -3992 56 ) 
4 1303 1304 (0 -3932.802002 56 ) (512.001587 -3344 56 ) (512.001587 -3344 -8 ) (0 -3932.802246 -8 ) 
4 1304 1314 (0 -3344 -8 ) (0 -3932.800049 -8 ) (0 -3932.800049 56 ) (0 -3344 56 ) 
4 1305 1485 (1024 -4096 -8 ) (1024 -4096 88 ) (692 -4096 88 ) (692 -4096 -8 ) 
4 1306 1489 (160 -4096 88 ) (126.857239 -4096 88 ) (126.857246 -4096 -8 ) (160 -4096 -8 ) 
4 1306 1486 (684 -4096 88 ) (160 -4096 88 ) (160 -4096 -8 ) (684 -4096 -8 ) 
4 1307 1317 (0 -3992 -8 ) (0 -4000 -8 ) (0 -4000 56 ) (0 -3992 56 ) 
4 1307 1311 (0 -4000 56 ) (0 -4000 88 ) (0 -3992 88 ) (0 -3992 56 ) 
4 1307 1308 (0 -4000 -8 ) (208.551926 -4000 -8 ) (208.551926 -4000 88 ) (0 -4000 88 ) 
4 1308 1490 (8 -4096 88 ) (0 -4096 88 ) (0 -4096 -8 ) (8 -4096 -8 ) 
4 1308 1488 (119.172379 -4096 88 ) (8 -4096 88 ) (8 -4096 -8 ) (119.172386 -4096 -8 ) 
4 1308 1318 (0 -4000 -8 ) (0 -4096 -8 ) (0 -4096 56 ) (0 -4000 56 ) 
4 1308 1313 (0 -4096 56 ) (0 -4096 88 ) (0 -4000 88 ) (0 -4000 56 ) 
4 1309 1908 (-1024 -4096 88 ) (-1024 -4096 1104 ) (-1024 -3992 1104 ) (-1024 -3992 88 ) 
4 1309 1898 (-1024 -3992 1104 ) (-1024 -3072 1104 ) (-1024 -3072 88 ) (-1024 -3992 88 ) 
4 1309 1516 (0 -4096 88 ) (0 -4096 1104 ) (-1024 -4096 1104 ) (-1024 -4096 88 ) 
4 1309 1313 (0 -4000 88 ) (0 -4096 88 ) (-695.172485 -4096 88 ) (-784.551697 -4000 88 ) 
4 1309 1312 (-702.856995 -4096 88 ) (-1024 -4096 88 ) (-1024 -4000 88 ) (-792 -4000 88 ) 
4 1309 1311 (0 -3992 88 ) (0 -4000 88 ) (-784.551758 -4000 88 ) (-792 -3992 88 ) 
4 1309 1310 (0 -3072 88 ) (0 -3992 88 ) (-1024 -3992 88 ) (-1024 -3072 88 ) 
4 1310 1902 (-1024 -3992 88 ) (-1024 -3072 88 ) (-1024 -3072 56 ) (-1024 -3992 56 ) 
4 1310 1315 (-1024 -3992 56 ) (-1024 -3344 56 ) (-576 -3344 56 ) (-801.642883 -3992 56 ) 
5 1310 1314 (0 -3344 56 ) (0 -3992 56 ) (-801.642883 -3992 56 ) (-498 -3120 56 ) (-78 -3120 56 ) 
4 1310 1311 (-792 -3992 56 ) (0 -3992 56 ) (0 -3992 88 ) (-792 -3992 88 ) 
4 1311 1317 (-792 -3992 56 ) (0 -3992 56 ) (0 -4000 56 ) (-784.551758 -4000 56 ) 
4 1311 1313 (-784.551697 -4000 56 ) (0 -4000 56 ) (0 -4000 88 ) (-784.551758 -4000 88 ) 
4 1312 1909 (-1024 -4096 56 ) (-1024 -4096 88 ) (-1024 -4000 88 ) (-1024 -4000 56 ) 
4 1312 1519 (-702.856995 -4096 88 ) (-1024 -4096 88 ) (-1024 -4096 56 ) (-702.856934 -4096 56 ) 
4 1312 1316 (-702.856995 -4096 56 ) (-1024 -4096 56 ) (-1024 -4000 56 ) (-792 -4000 56 ) 
4 1313 1520 (-584 -4096 88 ) (-695.172485 -4096 88 ) (-695.172424 -4096 56 ) (-584 -4096 56 ) 
4 1313 1518 (-576 -4096 88 ) (-584 -4096 88 ) (-584 -4096 56 ) (-576 -4096 56 ) 
4 1313 1517 (0 -4096 56 ) (0 -4096 88 ) (-576 -4096 88 ) (-576 -4096 56 ) 
4 1313 1318 (0 -4096 56 ) (-695.172485 -4096 56 ) (-784.551697 -4000 56 ) (0 -4000 56 ) 
4 1314 1317 (-792 -3992 -8 ) (0 -3992 -8 ) (0 -3992 56 ) (-792 -3992 56 ) 
4 1314 1315 (-575.998413 -3344 -8 ) (-801.643555 -3992 -8 ) (-801.643555 -3992 56 ) (-576 -3344 56 ) 
4 1315 1904 (-1024 -3992 56 ) (-1024 -3344 56 ) (-1024 -3344 -8 ) (-1024 -3992 -8 ) 
4 1316 1909 (-1024 -4096 -8 ) (-1024 -4096 56 ) (-1024 -4000 56 ) (-1024 -4000 -8 ) 
4 1316 1580 (-1024 -4096 52 ) (-1024 -4096 -8 ) (-702.856934 -4096 -8 ) (-702.856995 -4096 52 ) 
4 1316 1519 (-702.856995 -4096 56 ) (-1024 -4096 56 ) (-1024 -4096 52 ) (-702.856995 -4096 52 ) 
4 1317 1318 (-784.551941 -4000 -8 ) (0 -4000 -8 ) (0 -4000 56 ) (-784.552002 -4000 56 ) 
4 1318 1581 (-584 -4096 52 ) (-695.172485 -4096 52 ) (-695.172424 -4096 -8 ) (-584 -4096 -8 ) 
4 1318 1579 (-576 -4096 52 ) (-584 -4096 52 ) (-584 -4096 -8 ) (-576 -4096 -8 ) 
4 1318 1578 (-432 -4096 52 ) (-576 -4096 52 ) (-576 -4096 -8 ) (-432 -4096 -8 ) 
4 1318 1574 (-144 -4096 52 ) (-432 -4096 52 ) (-432 -4096 -8 ) (-144 -4096 -8 ) 
4 1318 1568 (0 -4096 -8 ) (0 -4096 52 ) (-144 -4096 52 ) (-144 -4096 -8 ) 
4 1318 1520 (-584 -4096 56 ) (-695.172485 -4096 56 ) (-695.172485 -4096 52 ) (-584 -4096 52 ) 
4 1318 1518 (-576 -4096 56 ) (-584 -4096 56 ) (-584 -4096 52 ) (-576 -4096 52 ) 
4 1318 1517 (0 -4096 52 ) (0 -4096 56 ) (-576 -4096 56 ) (-576 -4096 52 ) 
4 1319 1339 (2048 -4096 184 ) (2048 -4096 88 ) (2048 -5120 88 ) (2048 -5120 184 ) 
4 1319 1338 (2048 -4096 1104 ) (2048 -4096 184 ) (2048 -5120 184 ) (2048 -5120 1104 ) 
4 1319 1324 (2772 -5120 1104 ) (2048 -5120 1104 ) (2048 -5120 88 ) (2772 -5120 88 ) 
5 1319 1323 (2048 -5120 88 ) (2048 -4096 88 ) (2070.263916 -4096 88 ) (2160 -4188 88 ) (2160 -5120 88 ) 
3 1319 1322 (2079.386963 -4096 88 ) (2160 -4096 88 ) (2160 -4178.589844 88 ) 
4 1319 1321 (2168 -4096 88 ) (2660 -4096 88 ) (2660 -5120 88 ) (2168 -5120 88 ) 
4 1319 1320 (2668 -4096 88 ) (2772 -4096 88 ) (2772 -5120 88 ) (2668 -5120 88 ) 
4 1320 1325 (2772 -5120 88 ) (2668 -5120 88 ) (2668 -5120 40 ) (2772 -5120 40 ) 
4 1321 1327 (2660 -5120 88 ) (2168 -5120 88 ) (2168 -5120 -8 ) (2660 -5120 -8 ) 
4 1323 1385 (2048 -4096 36 ) (2048 -4096 -8 ) (2048 -5120 -8 ) (2048 -5120 36 ) 
4 1323 1339 (2048 -4096 88 ) (2048 -4096 36 ) (2048 -5120 36 ) (2048 -5120 88 ) 
4 1323 1333 (2160 -5120 88 ) (2048 -5120 88 ) (2048 -5120 -8 ) (2160 -5120 -8 ) 
4 1324 1451 (2048 -5800 184 ) (2048 -5792 184 ) (2048 -5792 88 ) (2048 -5800 88 ) 
4 1324 1450 (2048 -5792 184 ) (2048 -5692 184 ) (2048 -5692 88 ) (2048 -5792 88 ) 
4 1324 1452 (2048 -6144 88 ) (2048 -6144 184 ) (2048 -5800 184 ) (2048 -5800 88 ) 
4 1324 1448 (2048 -5692 184 ) (2048 -5684 184 ) (2048 -5684 88 ) (2048 -5692 88 ) 
4 1324 1445 (2048 -5684 184 ) (2048 -5609 184 ) (2048 -5609 88 ) (2048 -5684 88 ) 
4 1324 1440 (2048 -5609 184 ) (2048 -5479 184 ) (2048 -5479 88 ) (2048 -5609 88 ) 
4 1324 1436 (2048 -5479 184 ) (2048 -5412 184 ) (2048 -5412 88 ) (2048 -5479 88 ) 
4 1324 1431 (2048 -5412 184 ) (2048 -5348 184 ) (2048 -5348 88 ) (2048 -5412 88 ) 
4 1324 1417 (2048 -5348 184 ) (2048 -5120 184 ) (2048 -5120 88 ) (2048 -5348 88 ) 
4 1324 1416 (2048 -6144 184 ) (2048 -6144 1104 ) (2048 -5120 1104 ) (2048 -5120 184 ) 
4 1324 1336 (2558.133545 -6144 1104 ) (2048 -6144 1104 ) (2048 -6144 88 ) (2558.133545 -6144 88 ) 
4 1324 1335 (2772 -6144 1104 ) (2558.133545 -6144 1104 ) (2558.133545 -6144 88 ) (2772 -6144 88 ) 
4 1324 1333 (2048 -5792 88 ) (2048 -5120 88 ) (2160 -5120 88 ) (2160 -5792 88 ) 
4 1324 1334 (2048 -6144 88 ) (2048 -5800 88 ) (2160 -5800 88 ) (2160 -6144 88 ) 
4 1324 1332 (2168 -5800 88 ) (2168 -6144 88 ) (2160 -6144 88 ) (2160 -5800 88 ) 
4 1324 1331 (2316 -6144 88 ) (2168 -6144 88 ) (2168 -5800 88 ) (2316 -5800 88 ) 
4 1324 1330 (2540 -6144 88 ) (2316 -6144 88 ) (2316 -5792 88 ) (2540 -5792 88 ) 
4 1324 1329 (2550.133057 -6144 88 ) (2540 -6144 88 ) (2540 -5800 88 ) (2596 -5800 88 ) 
4 1324 1328 (2660 -5800 88 ) (2660 -6144 88 ) (2558.133545 -6144 88 ) (2604 -5800 88 ) 
4 1324 1327 (2168 -5120 88 ) (2660 -5120 88 ) (2660 -5792 88 ) (2168 -5792 88 ) 
4 1324 1326 (2772 -5800 88 ) (2772 -6144 88 ) (2660 -6144 88 ) (2660 -5800 88 ) 
4 1324 1325 (2668 -5120 88 ) (2772 -5120 88 ) (2772 -5800 88 ) (2668 -5800 88 ) 
4 1325 1326 (2772 -5800 40 ) (2772 -5800 88 ) (2668 -5800 88 ) (2668 -5800 40 ) 
4 1326 1335 (2772 -6144 88 ) (2660 -6144 88 ) (2660 -6144 40 ) (2772 -6144 40 ) 
4 1326 1328 (2660 -6144 40 ) (2660 -6144 88 ) (2660 -5800 88 ) (2660 -5800 40 ) 
4 1327 1330 (2316 -5792 -8 ) (2540 -5792 -8 ) (2540 -5792 88 ) (2316 -5792 88 ) 
4 1328 1335 (2660 -6144 88 ) (2558.133545 -6144 88 ) (2558.133545 -6144 40 ) (2660 -6144 40 ) 
4 1329 1337 (2550.133057 -6144 88 ) (2540 -6144 88 ) (2540 -6144 -8 ) (2550.133057 -6144 -8 ) 
4 1329 1330 (2540 -5800 -8 ) (2540 -6144 -8 ) (2540 -6144 88 ) (2540 -5800 88 ) 
4 1330 1337 (2540 -6144 88 ) (2316 -6144 88 ) (2316 -6144 -8 ) (2540 -6144 -8 ) 
4 1330 1331 (2316 -5800 -8 ) (2316 -6144 -8 ) (2316 -6144 88 ) (2316 -5800 88 ) 
4 1331 1337 (2316 -6144 88 ) (2168 -6144 88 ) (2168 -6144 -8 ) (2316 -6144 -8 ) 
4 1331 1332 (2168 -5800 -8 ) (2168 -6144 -8 ) (2168 -6144 88 ) (2168 -5800 88 ) 
4 1332 1337 (2168 -6144 88 ) (2160 -6144 88 ) (2160 -6144 -8 ) (2168 -6144 -8 ) 
4 1332 1334 (2160 -5800 -8 ) (2160 -6144 -8 ) (2160 -6144 88 ) (2160 -5800 88 ) 
4 1333 1480 (2048 -5684 -8 ) (2048 -5792 -8 ) (2048 -5792 36 ) (2048 -5684 36 ) 
4 1333 1477 (2048 -5609 -8 ) (2048 -5684 -8 ) (2048 -5684 36 ) (2048 -5609 36 ) 
4 1333 1474 (2048 -5479 -8 ) (2048 -5609 -8 ) (2048 -5609 23 ) (2048 -5479 23 ) 
4 1333 1473 (2048 -5609 23 ) (2048 -5609 36 ) (2048 -5479 36 ) (2048 -5479 23 ) 
4 1333 1463 (2048 -5348 -8 ) (2048 -5479 -8 ) (2048 -5479 36 ) (2048 -5348 36 ) 
4 1333 1453 (2048 -5120 36 ) (2048 -5120 -8 ) (2048 -5348 -8 ) (2048 -5348 36 ) 
4 1333 1450 (2048 -5792 88 ) (2048 -5692 88 ) (2048 -5692 36 ) (2048 -5792 36 ) 
4 1333 1448 (2048 -5692 88 ) (2048 -5684 88 ) (2048 -5684 36 ) (2048 -5692 36 ) 
4 1333 1445 (2048 -5684 88 ) (2048 -5609 88 ) (2048 -5609 36 ) (2048 -5684 36 ) 
4 1333 1440 (2048 -5609 88 ) (2048 -5479 88 ) (2048 -5479 36 ) (2048 -5609 36 ) 
4 1333 1436 (2048 -5479 88 ) (2048 -5412 88 ) (2048 -5412 36 ) (2048 -5479 36 ) 
4 1333 1431 (2048 -5412 88 ) (2048 -5348 88 ) (2048 -5348 36 ) (2048 -5412 36 ) 
4 1333 1417 (2048 -5348 88 ) (2048 -5120 88 ) (2048 -5120 36 ) (2048 -5348 36 ) 
4 1334 1483 (2048 -6144 -8 ) (2048 -6144 36 ) (2048 -5800 36 ) (2048 -5800 -8 ) 
4 1334 1452 (2048 -6144 36 ) (2048 -6144 88 ) (2048 -5800 88 ) (2048 -5800 36 ) 
4 1334 1337 (2160 -6144 88 ) (2048 -6144 88 ) (2048 -6144 -8 ) (2160 -6144 -8 ) 
4 1335 1336 (2524 -6400 88 ) (2524 -6400 1104 ) (2558.133301 -6144 1104 ) (2558.133545 -6144 88 ) 
4 1336 1688 (2048 -6400 88 ) (2048 -6400 1104 ) (2048 -6144 1104 ) (2048 -6144 88 ) 
4 1336 1337 (2048 -6144 88 ) (2550.133057 -6144 88 ) (2516 -6400 88 ) (2048 -6400 88 ) 
4 1337 1688 (2048 -6400 -8 ) (2048 -6400 88 ) (2048 -6144 88 ) (2048 -6144 -8 ) 
4 1338 1484 (1024 -4096 1104 ) (1024 -4096 184 ) (1024 -5120 184 ) (1024 -5120 1104 ) 
4 1338 1416 (2048 -5120 184 ) (2048 -5120 1104 ) (1024 -5120 1104 ) (1024 -5120 184 ) 
4 1338 1383 (1064 -5120 184 ) (1056 -5120 184 ) (1056 -4284 184 ) (1064 -4284 184 ) 
4 1338 1384 (1056 -5120 184 ) (1024 -5120 184 ) (1024 -4096 184 ) (1056 -4096 184 ) 
4 1338 1382 (1120 -5120 184 ) (1064 -5120 184 ) (1064 -4284 184 ) (1120 -4284 184 ) 
4 1338 1342 (1720 -5120 184 ) (1664 -5120 184 ) (1664 -4284 184 ) (1720 -4284 184 ) 
4 1338 1340 (1728 -5120 184 ) (1720 -5120 184 ) (1720 -4284 184 ) (1728 -4284 184 ) 
4 1338 1339 (2048 -5120 184 ) (1728 -5120 184 ) (1728 -4096 184 ) (2048 -4096 184 ) 
4 1339 1417 (2048 -5120 36 ) (2048 -5120 184 ) (1728 -5120 184 ) (1728 -5120 36 ) 
4 1339 1385 (1728 -4096 36 ) (2048 -4096 36 ) (2048 -5120 36 ) (1728 -5120 36 ) 
4 1339 1340 (1728 -4284 36 ) (1728 -5120 36 ) (1728 -5120 184 ) (1728 -4284 184 ) 
4 1340 1417 (1728 -5120 184 ) (1720 -5120 184 ) (1720 -5120 36 ) (1728 -5120 36 ) 
4 1340 1386 (1728 -4284 36 ) (1728 -5120 36 ) (1720 -5120 36 ) (1720 -4284 36 ) 
4 1340 1342 (1720 -4284 36 ) (1720 -5120 36 ) (1720 -5120 184 ) (1720 -4284 184 ) 
4 1341 1387 (1664 -4096 36 ) (1720 -4096 36 ) (1720 -4276 36 ) (1664 -4276 36 ) 
4 1341 1343 (1664 -4096 36 ) (1664 -4276 36 ) (1664 -4276 176 ) (1664 -4096 176 ) 
4 1342 1417 (1720 -5120 184 ) (1664 -5120 184 ) (1664 -5120 36 ) (1720 -5120 36 ) 
4 1342 1388 (1720 -4284 36 ) (1720 -5120 36 ) (1664 -5120 36 ) (1664 -4284 36 ) 
4 1342 1351 (1664 -5064 36 ) (1664 -5104 36 ) (1664 -5104 91 ) (1664 -5064 91 ) 
4 1342 1350 (1664 -4984 36 ) (1664 -5024 36 ) (1664 -5024 91 ) (1664 -4984 91 ) 
4 1342 1349 (1664 -4864 36 ) (1664 -4904 36 ) (1664 -4904 91 ) (1664 -4864 91 ) 
4 1342 1348 (1664 -4784 36 ) (1664 -4824 36 ) (1664 -4824 91 ) (1664 -4784 91 ) 
4 1342 1347 (1664 -4664 36 ) (1664 -4704 36 ) (1664 -4704 91 ) (1664 -4664 91 ) 
4 1342 1346 (1664 -4584 36 ) (1664 -4624 36 ) (1664 -4624 91 ) (1664 -4584 91 ) 
4 1342 1345 (1664 -4464 36 ) (1664 -4504 36 ) (1664 -4504 91 ) (1664 -4464 91 ) 
4 1342 1344 (1664 -4384 36 ) (1664 -4424 36 ) (1664 -4424 91 ) (1664 -4384 91 ) 
4 1343 1389 (1656 -4096 36 ) (1664 -4096 36 ) (1664 -4276 36 ) (1656 -4276 36 ) 
4 1343 1352 (1656 -4096 36 ) (1656 -4276 36 ) (1656 -4276 176 ) (1656 -4096 176 ) 
4 1344 1353 (1656 -4384 36 ) (1656 -4424 36 ) (1656 -4424 91 ) (1656 -4384 91 ) 
4 1345 1353 (1656 -4464 36 ) (1656 -4504 36 ) (1656 -4504 91 ) (1656 -4464 91 ) 
4 1346 1354 (1656 -4584 36 ) (1656 -4624 36 ) (1656 -4624 91 ) (1656 -4584 91 ) 
4 1347 1354 (1656 -4664 36 ) (1656 -4704 36 ) (1656 -4704 91 ) (1656 -4664 91 ) 
4 1348 1355 (1656 -4784 36 ) (1656 -4824 36 ) (1656 -4824 91 ) (1656 -4784 91 ) 
4 1349 1355 (1656 -4864 36 ) (1656 -4904 36 ) (1656 -4904 91 ) (1656 -4864 91 ) 
4 1350 1356 (1656 -4984 36 ) (1656 -5024 36 ) (1656 -5024 91 ) (1656 -4984 91 ) 
4 1351 1356 (1656 -5064 36 ) (1656 -5104 36 ) (1656 -5104 91 ) (1656 -5064 91 ) 
4 1352 1390 (1464 -4096 36 ) (1656 -4096 36 ) (1656 -4340 36 ) (1464 -4340 36 ) 
4 1352 1357 (1464 -4096 36 ) (1464 -4340 36 ) (1464 -4340 176 ) (1464 -4096 176 ) 
4 1353 1391 (1656 -4348 36 ) (1656 -4540 36 ) (1464 -4540 36 ) (1464 -4348 36 ) 
4 1353 1358 (1464 -4452 36 ) (1464 -4500 36 ) (1464 -4500 100 ) (1464 -4452 100 ) 
4 1354 1393 (1656 -4548 36 ) (1656 -4740 36 ) (1464 -4740 36 ) (1464 -4548 36 ) 
4 1354 1359 (1464 -4652 36 ) (1464 -4700 36 ) (1464 -4700 100 ) (1464 -4652 100 ) 
4 1355 1395 (1656 -4748 36 ) (1656 -4940 36 ) (1464 -4940 36 ) (1464 -4748 36 ) 
4 1355 1360 (1464 -4852 36 ) (1464 -4900 36 ) (1464 -4900 100 ) (1464 -4852 100 ) 
4 1356 1420 (1464 -5120 112 ) (1464 -5120 36 ) (1656 -5120 36 ) (1656 -5120 112 ) 
4 1356 1397 (1656 -4948 36 ) (1656 -5120 36 ) (1464 -5120 36 ) (1464 -4948 36 ) 
4 1356 1361 (1464 -5052 36 ) (1464 -5100 36 ) (1464 -5100 100 ) (1464 -5052 100 ) 
4 1357 1390 (1456 -4096 36 ) (1464 -4096 36 ) (1464 -4340 36 ) (1456 -4340 36 ) 
4 1357 1362 (1456 -4096 36 ) (1456 -4340 36 ) (1456 -4340 176 ) (1456 -4096 176 ) 
4 1358 1392 (1464 -4452 36 ) (1464 -4500 36 ) (1456 -4500 36 ) (1456 -4452 36 ) 
4 1358 1364 (1456 -4452 36 ) (1456 -4500 36 ) (1456 -4500 100 ) (1456 -4452 100 ) 
4 1359 1394 (1464 -4652 36 ) (1464 -4700 36 ) (1456 -4700 36 ) (1456 -4652 36 ) 
4 1359 1364 (1456 -4652 36 ) (1456 -4700 36 ) (1456 -4700 100 ) (1456 -4652 100 ) 
4 1360 1396 (1464 -4852 36 ) (1464 -4900 36 ) (1456 -4900 36 ) (1456 -4852 36 ) 
4 1360 1364 (1456 -4852 36 ) (1456 -4900 36 ) (1456 -4900 100 ) (1456 -4852 100 ) 
4 1361 1398 (1464 -5052 36 ) (1464 -5100 36 ) (1456 -5100 36 ) (1456 -5052 36 ) 
4 1361 1364 (1456 -5052 36 ) (1456 -5100 36 ) (1456 -5100 100 ) (1456 -5052 100 ) 
4 1362 1399 (1328 -4096 36 ) (1456 -4096 36 ) (1456 -4340 36 ) (1328 -4340 36 ) 
4 1362 1365 (1328 -4096 36 ) (1328 -4340 36 ) (1328 -4340 176 ) (1328 -4096 176 ) 
4 1362 1363 (1344 -4340 36 ) (1440 -4340 36 ) (1440 -4340 100 ) (1344 -4340 100 ) 
4 1363 1400 (1440 -4348 36 ) (1344 -4348 36 ) (1344 -4340 36 ) (1440 -4340 36 ) 
4 1363 1364 (1344 -4348 36 ) (1440 -4348 36 ) (1440 -4348 100 ) (1344 -4348 100 ) 
4 1364 1423 (1328 -5120 112 ) (1328 -5120 36 ) (1456 -5120 36 ) (1456 -5120 112 ) 
4 1364 1401 (1456 -4348 36 ) (1456 -5120 36 ) (1328 -5120 36 ) (1328 -4348 36 ) 
4 1364 1371 (1328 -5052 36 ) (1328 -5100 36 ) (1328 -5100 100 ) (1328 -5052 100 ) 
4 1364 1370 (1328 -4748 36 ) (1328 -4940 36 ) (1328 -4940 112 ) (1328 -4748 112 ) 
4 1364 1368 (1328 -4652 36 ) (1328 -4700 36 ) (1328 -4700 100 ) (1328 -4652 100 ) 
4 1364 1366 (1328 -4452 36 ) (1328 -4500 36 ) (1328 -4500 100 ) (1328 -4452 100 ) 
4 1365 1402 (1128 -4096 36 ) (1328 -4096 36 ) (1328 -4340 36 ) (1128 -4340 36 ) 
4 1365 1373 (1128 -4096 36 ) (1128 -4276 36 ) (1128 -4276 176 ) (1128 -4096 176 ) 
4 1366 1403 (1328 -4452 36 ) (1328 -4500 36 ) (1320 -4500 36 ) (1320 -4452 36 ) 
4 1366 1367 (1320 -4452 36 ) (1320 -4500 36 ) (1320 -4500 100 ) (1320 -4452 100 ) 
4 1367 1404 (1128 -4540 36 ) (1128 -4348 36 ) (1320 -4348 36 ) (1320 -4540 36 ) 
4 1367 1375 (1128 -4464 36 ) (1128 -4504 36 ) (1128 -4504 91 ) (1128 -4464 91 ) 
4 1367 1374 (1128 -4384 36 ) (1128 -4424 36 ) (1128 -4424 91 ) (1128 -4384 91 ) 
4 1368 1405 (1328 -4652 36 ) (1328 -4700 36 ) (1320 -4700 36 ) (1320 -4652 36 ) 
4 1368 1369 (1320 -4652 36 ) (1320 -4700 36 ) (1320 -4700 100 ) (1320 -4652 100 ) 
4 1369 1406 (1320 -4740 36 ) (1128 -4740 36 ) (1128 -4548 36 ) (1320 -4548 36 ) 
4 1369 1377 (1128 -4664 36 ) (1128 -4704 36 ) (1128 -4704 91 ) (1128 -4664 91 ) 
4 1369 1376 (1128 -4584 36 ) (1128 -4624 36 ) (1128 -4624 91 ) (1128 -4584 91 ) 
4 1370 1407 (1328 -4748 36 ) (1328 -4940 36 ) (1128 -4940 36 ) (1128 -4748 36 ) 
4 1370 1378 (1128 -4796 36 ) (1128 -4892 36 ) (1128 -4892 100 ) (1128 -4796 100 ) 
4 1371 1408 (1328 -5052 36 ) (1328 -5100 36 ) (1320 -5100 36 ) (1320 -5052 36 ) 
4 1371 1372 (1320 -5052 36 ) (1320 -5100 36 ) (1320 -5100 100 ) (1320 -5052 100 ) 
4 1372 1425 (1128 -5120 112 ) (1128 -5120 36 ) (1320 -5120 36 ) (1320 -5120 112 ) 
4 1372 1409 (1320 -5120 36 ) (1128 -5120 36 ) (1128 -4948 36 ) (1320 -4948 36 ) 
4 1372 1380 (1128 -5064 36 ) (1128 -5104 36 ) (1128 -5104 91 ) (1128 -5064 91 ) 
4 1372 1379 (1128 -4984 36 ) (1128 -5024 36 ) (1128 -5024 91 ) (1128 -4984 91 ) 
4 1373 1410 (1120 -4096 36 ) (1128 -4096 36 ) (1128 -4276 36 ) (1120 -4276 36 ) 
4 1373 1381 (1120 -4096 36 ) (1120 -4276 36 ) (1120 -4276 176 ) (1120 -4096 176 ) 
4 1374 1382 (1120 -4384 36 ) (1120 -4424 36 ) (1120 -4424 91 ) (1120 -4384 91 ) 
4 1375 1382 (1120 -4464 36 ) (1120 -4504 36 ) (1120 -4504 91 ) (1120 -4464 91 ) 
4 1376 1382 (1120 -4584 36 ) (1120 -4624 36 ) (1120 -4624 91 ) (1120 -4584 91 ) 
4 1377 1382 (1120 -4664 36 ) (1120 -4704 36 ) (1120 -4704 91 ) (1120 -4664 91 ) 
4 1378 1411 (1128 -4796 36 ) (1128 -4892 36 ) (1120 -4892 36 ) (1120 -4796 36 ) 
4 1378 1382 (1120 -4796 36 ) (1120 -4892 36 ) (1120 -4892 100 ) (1120 -4796 100 ) 
4 1379 1382 (1120 -4984 36 ) (1120 -5024 36 ) (1120 -5024 91 ) (1120 -4984 91 ) 
4 1380 1382 (1120 -5064 36 ) (1120 -5104 36 ) (1120 -5104 91 ) (1120 -5064 91 ) 
4 1381 1412 (1064 -4096 36 ) (1120 -4096 36 ) (1120 -4276 36 ) (1064 -4276 36 ) 
4 1382 1430 (1120 -5120 184 ) (1064 -5120 184 ) (1064 -5120 36 ) (1120 -5120 36 ) 
4 1382 1413 (1120 -4284 36 ) (1120 -5120 36 ) (1064 -5120 36 ) (1064 -4284 36 ) 
4 1382 1383 (1064 -4284 36 ) (1064 -5120 36 ) (1064 -5120 184 ) (1064 -4284 184 ) 
4 1383 1430 (1064 -5120 184 ) (1056 -5120 184 ) (1056 -5120 36 ) (1064 -5120 36 ) 
4 1383 1414 (1064 -4284 36 ) (1064 -5120 36 ) (1056 -5120 36 ) (1056 -4284 36 ) 
4 1383 1384 (1056 -4284 36 ) (1056 -5120 36 ) (1056 -5120 184 ) (1056 -4284 184 ) 
4 1384 1505 (1024 -4952 36 ) (1024 -5120 36 ) (1024 -5120 88 ) (1024 -4952 88 ) 
4 1384 1503 (1024 -4760 36 ) (1024 -4952 36 ) (1024 -4952 88 ) (1024 -4760 88 ) 
4 1384 1485 (1024 -4096 88 ) (1024 -4096 36 ) (1024 -4760 36 ) (1024 -4760 88 ) 
4 1384 1484 (1024 -4096 184 ) (1024 -4096 88 ) (1024 -5120 88 ) (1024 -5120 184 ) 
4 1384 1430 (1056 -5120 184 ) (1024 -5120 184 ) (1024 -5120 36 ) (1056 -5120 36 ) 
4 1384 1415 (1024 -5120 36 ) (1024 -4096 36 ) (1056 -4096 36 ) (1056 -5120 36 ) 
4 1385 1453 (2048 -5120 -8 ) (2048 -5120 36 ) (1728 -5120 36 ) (1728 -5120 -8 ) 
4 1385 1386 (1728 -4284 -8 ) (1728 -5120 -8 ) (1728 -5120 36 ) (1728 -4284 36 ) 
4 1386 1453 (1728 -5120 36 ) (1720 -5120 36 ) (1720 -5120 -8 ) (1728 -5120 -8 ) 
4 1386 1388 (1720 -4284 -8 ) (1720 -5120 -8 ) (1720 -5120 36 ) (1720 -4284 36 ) 
4 1387 1389 (1664 -4096 -8 ) (1664 -4276 -8 ) (1664 -4276 36 ) (1664 -4096 36 ) 
4 1388 1453 (1720 -5120 36 ) (1664 -5120 36 ) (1664 -5120 -8 ) (1720 -5120 -8 ) 
4 1389 1390 (1656 -4096 -8 ) (1656 -4276 -8 ) (1656 -4276 36 ) (1656 -4096 36 ) 
4 1390 1399 (1456 -4096 -8 ) (1456 -4340 -8 ) (1456 -4340 36 ) (1456 -4096 36 ) 
4 1391 1392 (1464 -4452 -8 ) (1464 -4500 -8 ) (1464 -4500 36 ) (1464 -4452 36 ) 
4 1392 1401 (1456 -4452 -8 ) (1456 -4500 -8 ) (1456 -4500 36 ) (1456 -4452 36 ) 
4 1393 1394 (1464 -4652 -8 ) (1464 -4700 -8 ) (1464 -4700 36 ) (1464 -4652 36 ) 
4 1394 1401 (1456 -4652 -8 ) (1456 -4700 -8 ) (1456 -4700 36 ) (1456 -4652 36 ) 
4 1395 1396 (1464 -4852 -8 ) (1464 -4900 -8 ) (1464 -4900 36 ) (1464 -4852 36 ) 
4 1396 1401 (1456 -4852 -8 ) (1456 -4900 -8 ) (1456 -4900 36 ) (1456 -4852 36 ) 
4 1397 1454 (1656 -5120 36 ) (1464 -5120 36 ) (1464 -5120 -8 ) (1656 -5120 -8 ) 
4 1397 1398 (1464 -5052 -8 ) (1464 -5100 -8 ) (1464 -5100 36 ) (1464 -5052 36 ) 
4 1398 1401 (1456 -5052 -8 ) (1456 -5100 -8 ) (1456 -5100 36 ) (1456 -5052 36 ) 
4 1399 1402 (1328 -4096 -8 ) (1328 -4340 -8 ) (1328 -4340 36 ) (1328 -4096 36 ) 
4 1399 1400 (1344 -4340 -8 ) (1440 -4340 -8 ) (1440 -4340 36 ) (1344 -4340 36 ) 
4 1400 1401 (1344 -4348 -8 ) (1440 -4348 -8 ) (1440 -4348 36 ) (1344 -4348 36 ) 
4 1401 1457 (1456 -5120 36 ) (1328 -5120 36 ) (1328 -5120 -8 ) (1456 -5120 -8 ) 
4 1401 1408 (1328 -5052 -8 ) (1328 -5100 -8 ) (1328 -5100 36 ) (1328 -5052 36 ) 
4 1401 1407 (1328 -4748 -8 ) (1328 -4940 -8 ) (1328 -4940 36 ) (1328 -4748 36 ) 
4 1401 1405 (1328 -4652 -8 ) (1328 -4700 -8 ) (1328 -4700 36 ) (1328 -4652 36 ) 
4 1401 1403 (1328 -4452 -8 ) (1328 -4500 -8 ) (1328 -4500 36 ) (1328 -4452 36 ) 
4 1402 1410 (1128 -4096 -8 ) (1128 -4276 -8 ) (1128 -4276 36 ) (1128 -4096 36 ) 
4 1403 1404 (1320 -4452 -8 ) (1320 -4500 -8 ) (1320 -4500 36 ) (1320 -4452 36 ) 
4 1405 1406 (1320 -4652 -8 ) (1320 -4700 -8 ) (1320 -4700 36 ) (1320 -4652 36 ) 
4 1407 1411 (1128 -4796 -8 ) (1128 -4892 -8 ) (1128 -4892 36 ) (1128 -4796 36 ) 
4 1408 1409 (1320 -5052 -8 ) (1320 -5100 -8 ) (1320 -5100 36 ) (1320 -5052 36 ) 
4 1409 1459 (1320 -5120 36 ) (1128 -5120 36 ) (1128 -5120 -8 ) (1320 -5120 -8 ) 
4 1410 1412 (1120 -4096 -8 ) (1120 -4276 -8 ) (1120 -4276 36 ) (1120 -4096 36 ) 
4 1411 1413 (1120 -4796 -8 ) (1120 -4892 -8 ) (1120 -4892 36 ) (1120 -4796 36 ) 
4 1413 1462 (1120 -5120 36 ) (1064 -5120 36 ) (1064 -5120 -8 ) (1120 -5120 -8 ) 
4 1413 1414 (1064 -4284 -8 ) (1064 -5120 -8 ) (1064 -5120 36 ) (1064 -4284 36 ) 
4 1414 1462 (1064 -5120 36 ) (1056 -5120 36 ) (1056 -5120 -8 ) (1064 -5120 -8 ) 
4 1414 1415 (1056 -4284 -8 ) (1056 -5120 -8 ) (1056 -5120 36 ) (1056 -4284 36 ) 
4 1415 1505 (1024 -4952 -8 ) (1024 -5120 -8 ) (1024 -5120 36 ) (1024 -4952 36 ) 
4 1415 1504 (1024 -4760 -8 ) (1024 -4952 -8 ) (1024 -4952 32 ) (1024 -4760 32 ) 
4 1415 1503 (1024 -4952 32 ) (1024 -4952 36 ) (1024 -4760 36 ) (1024 -4760 32 ) 
4 1415 1485 (1024 -4096 36 ) (1024 -4096 -8 ) (1024 -4760 -8 ) (1024 -4760 36 ) 
4 1415 1462 (1056 -5120 36 ) (1024 -5120 36 ) (1024 -5120 -8 ) (1056 -5120 -8 ) 
4 1416 1688 (2048 -6144 184 ) (2048 -6144 1104 ) (1024 -6144 1104 ) (1024 -6144 184 ) 
4 1416 1650 (1024 -6144 184 ) (1024 -6144 1104 ) (1024 -5120 1104 ) (1024 -5120 184 ) 
4 1416 1451 (1024 -5800 184 ) (1024 -5792 184 ) (2048 -5792 184 ) (2048 -5800 184 ) 
4 1416 1450 (1024 -5792 184 ) (1024 -5692 184 ) (2048 -5692 184 ) (2048 -5792 184 ) 
4 1416 1452 (2048 -6144 184 ) (1024 -6144 184 ) (1024 -5800 184 ) (2048 -5800 184 ) 
4 1416 1448 (1728 -5684 184 ) (2048 -5684 184 ) (2048 -5692 184 ) (1728 -5692 184 ) 
4 1416 1449 (1024 -5692 184 ) (1024 -5684 184 ) (1056 -5684 184 ) (1056 -5692 184 ) 
4 1416 1447 (1024 -5684 184 ) (1024 -5609 184 ) (1056 -5609 184 ) (1056 -5684 184 ) 
4 1416 1445 (1728 -5609 184 ) (2048 -5609 184 ) (2048 -5684 184 ) (1728 -5684 184 ) 
4 1416 1444 (1024 -5609 184 ) (1024 -5479 184 ) (1056 -5479 184 ) (1056 -5609 184 ) 
4 1416 1440 (1728 -5479 184 ) (2048 -5479 184 ) (2048 -5609 184 ) (1728 -5609 184 ) 
4 1416 1438 (1056 -5348 184 ) (1064 -5348 184 ) (1064 -5404 184 ) (1056 -5404 184 ) 
4 1416 1439 (1024 -5479 184 ) (1024 -5348 184 ) (1056 -5348 184 ) (1056 -5479 184 ) 
4 1416 1436 (2048 -5412 184 ) (2048 -5479 184 ) (1728 -5479 184 ) (1728 -5412 184 ) 
4 1416 1435 (1064 -5348 184 ) (1120 -5348 184 ) (1120 -5404 184 ) (1064 -5404 184 ) 
4 1416 1433 (1664 -5348 184 ) (1720 -5348 184 ) (1720 -5404 184 ) (1664 -5404 184 ) 
4 1416 1432 (1720 -5348 184 ) (1728 -5348 184 ) (1728 -5404 184 ) (1720 -5404 184 ) 
4 1416 1431 (1728 -5348 184 ) (2048 -5348 184 ) (2048 -5412 184 ) (1728 -5412 184 ) 
4 1416 1430 (1024 -5348 184 ) (1024 -5120 184 ) (1120 -5120 184 ) (1120 -5348 184 ) 
4 1416 1417 (1664 -5120 184 ) (2048 -5120 184 ) (2048 -5348 184 ) (1664 -5348 184 ) 
4 1417 1453 (1664 -5120 36 ) (2048 -5120 36 ) (2048 -5348 36 ) (1664 -5348 36 ) 
4 1417 1433 (1664 -5348 36 ) (1720 -5348 36 ) (1720 -5348 184 ) (1664 -5348 184 ) 
4 1417 1432 (1720 -5348 36 ) (1728 -5348 36 ) (1728 -5348 184 ) (1720 -5348 184 ) 
4 1417 1431 (1728 -5348 36 ) (2048 -5348 36 ) (2048 -5348 184 ) (1728 -5348 184 ) 
4 1417 1419 (1664 -5264 36 ) (1664 -5304 36 ) (1664 -5304 91 ) (1664 -5264 91 ) 
4 1417 1418 (1664 -5184 36 ) (1664 -5224 36 ) (1664 -5224 91 ) (1664 -5184 91 ) 
4 1418 1421 (1656 -5184 36 ) (1656 -5224 36 ) (1656 -5224 91 ) (1656 -5184 91 ) 
4 1419 1421 (1656 -5264 36 ) (1656 -5304 36 ) (1656 -5304 91 ) (1656 -5264 91 ) 
4 1420 1454 (1464 -5120 36 ) (1656 -5120 36 ) (1656 -5140 36 ) (1464 -5140 36 ) 
4 1421 1455 (1656 -5148 36 ) (1656 -5340 36 ) (1464 -5340 36 ) (1464 -5148 36 ) 
4 1421 1422 (1464 -5252 36 ) (1464 -5300 36 ) (1464 -5300 100 ) (1464 -5252 100 ) 
4 1422 1456 (1464 -5252 36 ) (1464 -5300 36 ) (1456 -5300 36 ) (1456 -5252 36 ) 
4 1422 1423 (1456 -5252 36 ) (1456 -5300 36 ) (1456 -5300 100 ) (1456 -5252 100 ) 
4 1423 1457 (1328 -5120 36 ) (1456 -5120 36 ) (1456 -5340 36 ) (1328 -5340 36 ) 
4 1423 1426 (1328 -5252 36 ) (1328 -5300 36 ) (1328 -5300 100 ) (1328 -5252 100 ) 
4 1423 1424 (1344 -5340 36 ) (1440 -5340 36 ) (1440 -5340 100 ) (1344 -5340 100 ) 
4 1424 1458 (1440 -5348 36 ) (1344 -5348 36 ) (1344 -5340 36 ) (1440 -5340 36 ) 
4 1424 1434 (1344 -5348 36 ) (1440 -5348 36 ) (1440 -5348 100 ) (1344 -5348 100 ) 
4 1425 1459 (1128 -5120 36 ) (1320 -5120 36 ) (1320 -5140 36 ) (1128 -5140 36 ) 
4 1426 1460 (1328 -5252 36 ) (1328 -5300 36 ) (1320 -5300 36 ) (1320 -5252 36 ) 
4 1426 1427 (1320 -5252 36 ) (1320 -5300 36 ) (1320 -5300 100 ) (1320 -5252 100 ) 
4 1427 1461 (1320 -5340 36 ) (1128 -5340 36 ) (1128 -5148 36 ) (1320 -5148 36 ) 
4 1427 1429 (1128 -5264 36 ) (1128 -5304 36 ) (1128 -5304 91 ) (1128 -5264 91 ) 
4 1427 1428 (1128 -5184 36 ) (1128 -5224 36 ) (1128 -5224 91 ) (1128 -5184 91 ) 
4 1428 1430 (1120 -5184 36 ) (1120 -5224 36 ) (1120 -5224 91 ) (1120 -5184 91 ) 
4 1429 1430 (1120 -5264 36 ) (1120 -5304 36 ) (1120 -5304 91 ) (1120 -5264 91 ) 
4 1430 1654 (1024 -5120 88 ) (1024 -5120 36 ) (1024 -5348 36 ) (1024 -5348 88 ) 
4 1430 1651 (1024 -5348 184 ) (1024 -5120 184 ) (1024 -5120 88 ) (1024 -5348 88 ) 
4 1430 1462 (1024 -5348 36 ) (1024 -5120 36 ) (1120 -5120 36 ) (1120 -5348 36 ) 
4 1430 1438 (1056 -5348 36 ) (1064 -5348 36 ) (1064 -5348 184 ) (1056 -5348 184 ) 
4 1430 1439 (1024 -5348 36 ) (1056 -5348 36 ) (1056 -5348 184 ) (1024 -5348 184 ) 
4 1430 1435 (1064 -5348 36 ) (1120 -5348 36 ) (1120 -5348 184 ) (1064 -5348 184 ) 
4 1431 1463 (1728 -5348 36 ) (2048 -5348 36 ) (2048 -5412 36 ) (1728 -5412 36 ) 
4 1431 1436 (1728 -5412 36 ) (2048 -5412 36 ) (2048 -5412 184 ) (1728 -5412 184 ) 
4 1431 1432 (1728 -5348 184 ) (1728 -5348 36 ) (1728 -5404 36 ) (1728 -5404 184 ) 
4 1432 1464 (1720 -5348 36 ) (1728 -5348 36 ) (1728 -5404 36 ) (1720 -5404 36 ) 
4 1432 1433 (1720 -5348 184 ) (1720 -5348 36 ) (1720 -5404 36 ) (1720 -5404 184 ) 
4 1433 1465 (1664 -5348 36 ) (1720 -5348 36 ) (1720 -5404 36 ) (1664 -5404 36 ) 
4 1434 1467 (1128 -5348 36 ) (1656 -5348 36 ) (1656 -5412 36 ) (1128 -5412 36 ) 
4 1434 1437 (1128 -5412 36 ) (1656 -5412 36 ) (1656 -5412 176 ) (1128 -5412 176 ) 
4 1435 1469 (1064 -5348 36 ) (1120 -5348 36 ) (1120 -5404 36 ) (1064 -5404 36 ) 
4 1435 1438 (1064 -5348 184 ) (1064 -5348 36 ) (1064 -5404 36 ) (1064 -5404 184 ) 
4 1436 1463 (2048 -5412 36 ) (2048 -5479 36 ) (1728 -5479 36 ) (1728 -5412 36 ) 
4 1436 1440 (1728 -5479 36 ) (2048 -5479 36 ) (2048 -5479 184 ) (1728 -5479 184 ) 
4 1437 1470 (1120 -5479 36 ) (1064 -5479 36 ) (1064 -5412 36 ) (1120 -5412 36 ) 
4 1437 1468 (1664 -5479 36 ) (1120 -5479 36 ) (1120 -5412 36 ) (1664 -5412 36 ) 
4 1437 1466 (1720 -5479 36 ) (1664 -5479 36 ) (1664 -5412 36 ) (1720 -5412 36 ) 
4 1437 1442 (1064 -5479 36 ) (1720 -5479 36 ) (1720 -5479 176 ) (1064 -5479 176 ) 
4 1438 1471 (1056 -5348 36 ) (1064 -5348 36 ) (1064 -5404 36 ) (1056 -5404 36 ) 
4 1438 1439 (1056 -5348 184 ) (1056 -5348 36 ) (1056 -5404 36 ) (1056 -5404 184 ) 
4 1439 1654 (1024 -5348 88 ) (1024 -5348 36 ) (1024 -5479 36 ) (1024 -5479 88 ) 
4 1439 1651 (1024 -5479 184 ) (1024 -5348 184 ) (1024 -5348 88 ) (1024 -5479 88 ) 
4 1439 1472 (1024 -5479 36 ) (1024 -5348 36 ) (1056 -5348 36 ) (1056 -5479 36 ) 
4 1439 1444 (1024 -5479 36 ) (1056 -5479 36 ) (1056 -5479 184 ) (1024 -5479 184 ) 
4 1440 1473 (1728 -5479 36 ) (2048 -5479 36 ) (2048 -5609 36 ) (1728 -5609 36 ) 
4 1440 1445 (1728 -5609 36 ) (2048 -5609 36 ) (2048 -5609 184 ) (1728 -5609 184 ) 
4 1440 1441 (1728 -5479 105 ) (1728 -5479 36 ) (1728 -5609 36 ) (1728 -5609 105 ) 
4 1441 1473 (1720 -5479 36 ) (1728 -5479 36 ) (1728 -5609 36 ) (1720 -5609 36 ) 
4 1441 1442 (1720 -5479 105 ) (1720 -5479 36 ) (1720 -5609 36 ) (1720 -5609 105 ) 
4 1442 1473 (1064 -5479 36 ) (1720 -5479 36 ) (1720 -5609 36 ) (1064 -5609 36 ) 
4 1442 1446 (1064 -5609 36 ) (1720 -5609 36 ) (1720 -5609 176 ) (1064 -5609 176 ) 
4 1442 1443 (1064 -5479 105 ) (1064 -5479 36 ) (1064 -5609 36 ) (1064 -5609 105 ) 
4 1443 1473 (1056 -5479 36 ) (1064 -5479 36 ) (1064 -5609 36 ) (1056 -5609 36 ) 
4 1443 1444 (1056 -5479 105 ) (1056 -5479 36 ) (1056 -5609 36 ) (1056 -5609 105 ) 
4 1444 1654 (1024 -5479 88 ) (1024 -5479 36 ) (1024 -5609 36 ) (1024 -5609 88 ) 
4 1444 1651 (1024 -5609 184 ) (1024 -5479 184 ) (1024 -5479 88 ) (1024 -5609 88 ) 
4 1444 1473 (1024 -5609 36 ) (1024 -5479 36 ) (1056 -5479 36 ) (1056 -5609 36 ) 
4 1444 1447 (1024 -5609 36 ) (1056 -5609 36 ) (1056 -5609 184 ) (1024 -5609 184 ) 
4 1445 1477 (1728 -5609 36 ) (2048 -5609 36 ) (2048 -5684 36 ) (1728 -5684 36 ) 
4 1445 1448 (1728 -5684 36 ) (2048 -5684 36 ) (2048 -5684 184 ) (1728 -5684 184 ) 
4 1446 1478 (1064 -5609 36 ) (1720 -5609 36 ) (1720 -5684 36 ) (1064 -5684 36 ) 
4 1447 1654 (1024 -5609 88 ) (1024 -5609 36 ) (1024 -5684 36 ) (1024 -5684 88 ) 
4 1447 1651 (1024 -5684 184 ) (1024 -5609 184 ) (1024 -5609 88 ) (1024 -5684 88 ) 
4 1447 1479 (1024 -5684 36 ) (1024 -5609 36 ) (1056 -5609 36 ) (1056 -5684 36 ) 
4 1447 1449 (1024 -5684 36 ) (1056 -5684 36 ) (1056 -5684 184 ) (1024 -5684 184 ) 
4 1448 1480 (1728 -5684 36 ) (2048 -5684 36 ) (2048 -5692 36 ) (1728 -5692 36 ) 
4 1448 1450 (1728 -5692 36 ) (2048 -5692 36 ) (2048 -5692 184 ) (1728 -5692 184 ) 
4 1449 1654 (1024 -5684 88 ) (1024 -5684 36 ) (1024 -5692 36 ) (1024 -5692 88 ) 
4 1449 1651 (1024 -5692 184 ) (1024 -5684 184 ) (1024 -5684 88 ) (1024 -5692 88 ) 
4 1449 1482 (1024 -5692 36 ) (1024 -5684 36 ) (1056 -5684 36 ) (1056 -5692 36 ) 
4 1449 1450 (1024 -5692 36 ) (1056 -5692 36 ) (1056 -5692 184 ) (1024 -5692 184 ) 
4 1450 1654 (1024 -5692 88 ) (1024 -5692 36 ) (1024 -5792 36 ) (1024 -5792 88 ) 
4 1450 1651 (1024 -5792 184 ) (1024 -5692 184 ) (1024 -5692 88 ) (1024 -5792 88 ) 
4 1450 1481 (1056 -5692 36 ) (1728 -5692 36 ) (1728 -5792 36 ) (1056 -5792 36 ) 
4 1450 1480 (1728 -5692 36 ) (2048 -5692 36 ) (2048 -5792 36 ) (1728 -5792 36 ) 
4 1450 1482 (1024 -5792 36 ) (1024 -5692 36 ) (1056 -5692 36 ) (1056 -5792 36 ) 
4 1450 1451 (2048 -5792 88 ) (2048 -5792 184 ) (1024 -5792 184 ) (1024 -5792 88 ) 
4 1451 1651 (1024 -5800 184 ) (1024 -5792 184 ) (1024 -5792 88 ) (1024 -5800 88 ) 
4 1451 1452 (2048 -5800 88 ) (2048 -5800 184 ) (1024 -5800 184 ) (1024 -5800 88 ) 
4 1452 1688 (2048 -6144 36 ) (2048 -6144 184 ) (1024 -6144 184 ) (1024 -6144 36 ) 
4 1452 1655 (1024 -6144 36 ) (1024 -6144 88 ) (1024 -5800 88 ) (1024 -5800 36 ) 
4 1452 1651 (1024 -6144 88 ) (1024 -6144 184 ) (1024 -5800 184 ) (1024 -5800 88 ) 
4 1452 1483 (1024 -6144 36 ) (1024 -5800 36 ) (2048 -5800 36 ) (2048 -6144 36 ) 
4 1453 1465 (1664 -5348 -8 ) (1720 -5348 -8 ) (1720 -5348 36 ) (1664 -5348 36 ) 
4 1453 1464 (1720 -5348 -8 ) (1728 -5348 -8 ) (1728 -5348 36 ) (1720 -5348 36 ) 
4 1453 1463 (1728 -5348 -8 ) (2048 -5348 -8 ) (2048 -5348 36 ) (1728 -5348 36 ) 
4 1455 1456 (1464 -5252 -8 ) (1464 -5300 -8 ) (1464 -5300 36 ) (1464 -5252 36 ) 
4 1456 1457 (1456 -5252 -8 ) (1456 -5300 -8 ) (1456 -5300 36 ) (1456 -5252 36 ) 
4 1457 1460 (1328 -5252 -8 ) (1328 -5300 -8 ) (1328 -5300 36 ) (1328 -5252 36 ) 
4 1457 1458 (1344 -5340 -8 ) (1440 -5340 -8 ) (1440 -5340 36 ) (1344 -5340 36 ) 
4 1458 1467 (1344 -5348 -8 ) (1440 -5348 -8 ) (1440 -5348 36 ) (1344 -5348 36 ) 
4 1460 1461 (1320 -5252 -8 ) (1320 -5300 -8 ) (1320 -5300 36 ) (1320 -5252 36 ) 
4 1462 1654 (1024 -5348 36 ) (1024 -5120 36 ) (1024 -5120 -8 ) (1024 -5348 -8 ) 
4 1462 1471 (1056 -5348 -8 ) (1064 -5348 -8 ) (1064 -5348 36 ) (1056 -5348 36 ) 
4 1462 1472 (1024 -5348 -8 ) (1056 -5348 -8 ) (1056 -5348 36 ) (1024 -5348 36 ) 
4 1462 1469 (1064 -5348 -8 ) (1120 -5348 -8 ) (1120 -5348 36 ) (1064 -5348 36 ) 
4 1463 1474 (1728 -5479 -8 ) (2048 -5479 -8 ) (2048 -5479 23 ) (1728 -5479 23 ) 
4 1463 1473 (2048 -5479 23 ) (2048 -5479 36 ) (1728 -5479 36 ) (1728 -5479 23 ) 
4 1463 1464 (1728 -5348 36 ) (1728 -5348 -8 ) (1728 -5404 -8 ) (1728 -5404 36 ) 
4 1464 1465 (1720 -5348 36 ) (1720 -5348 -8 ) (1720 -5404 -8 ) (1720 -5404 36 ) 
4 1466 1475 (1664 -5479 -8 ) (1720 -5479 -8 ) (1720 -5479 23 ) (1664 -5479 23 ) 
4 1466 1473 (1720 -5479 23 ) (1720 -5479 36 ) (1664 -5479 36 ) (1664 -5479 23 ) 
4 1466 1468 (1664 -5412 -8 ) (1664 -5479 -8 ) (1664 -5479 36 ) (1664 -5412 36 ) 
4 1467 1468 (1128 -5412 -8 ) (1656 -5412 -8 ) (1656 -5412 36 ) (1128 -5412 36 ) 
4 1468 1475 (1120 -5479 -8 ) (1664 -5479 -8 ) (1664 -5479 23 ) (1120 -5479 23 ) 
4 1468 1473 (1664 -5479 23 ) (1664 -5479 36 ) (1120 -5479 36 ) (1120 -5479 23 ) 
4 1468 1470 (1120 -5412 -8 ) (1120 -5479 -8 ) (1120 -5479 36 ) (1120 -5412 36 ) 
4 1469 1471 (1064 -5348 36 ) (1064 -5348 -8 ) (1064 -5404 -8 ) (1064 -5404 36 ) 
4 1470 1475 (1064 -5479 -8 ) (1120 -5479 -8 ) (1120 -5479 23 ) (1064 -5479 23 ) 
4 1470 1473 (1120 -5479 23 ) (1120 -5479 36 ) (1064 -5479 36 ) (1064 -5479 23 ) 
4 1471 1472 (1056 -5348 36 ) (1056 -5348 -8 ) (1056 -5404 -8 ) (1056 -5404 36 ) 
4 1472 1654 (1024 -5479 36 ) (1024 -5348 36 ) (1024 -5348 -8 ) (1024 -5479 -8 ) 
4 1472 1476 (1024 -5479 -8 ) (1056 -5479 -8 ) (1056 -5479 23 ) (1024 -5479 23 ) 
4 1472 1473 (1056 -5479 23 ) (1056 -5479 36 ) (1024 -5479 36 ) (1024 -5479 23 ) 
4 1473 1654 (1024 -5609 36 ) (1024 -5479 36 ) (1024 -5479 23 ) (1024 -5609 23 ) 
4 1473 1479 (1056 -5609 36 ) (1024 -5609 36 ) (1024 -5609 23 ) (1056 -5609 23 ) 
4 1473 1477 (2048 -5609 23 ) (2048 -5609 36 ) (1728 -5609 36 ) (1728 -5609 23 ) 
4 1473 1478 (1720 -5609 36 ) (1064 -5609 36 ) (1064 -5609 23 ) (1720 -5609 23 ) 
4 1473 1476 (1056 -5609 23 ) (1024 -5609 23 ) (1024 -5479 23 ) (1056 -5479 23 ) 
4 1473 1474 (2048 -5609 23 ) (1728 -5609 23 ) (1728 -5479 23 ) (2048 -5479 23 ) 
4 1473 1475 (1720 -5609 23 ) (1064 -5609 23 ) (1064 -5479 23 ) (1720 -5479 23 ) 
4 1474 1477 (1728 -5609 -8 ) (2048 -5609 -8 ) (2048 -5609 23 ) (1728 -5609 23 ) 
4 1475 1478 (1064 -5609 -8 ) (1720 -5609 -8 ) (1720 -5609 23 ) (1064 -5609 23 ) 
4 1476 1654 (1024 -5479 23 ) (1024 -5479 -8 ) (1024 -5609 -8 ) (1024 -5609 23 ) 
4 1476 1479 (1024 -5609 -8 ) (1056 -5609 -8 ) (1056 -5609 23 ) (1024 -5609 23 ) 
4 1477 1480 (1728 -5684 -8 ) (2048 -5684 -8 ) (2048 -5684 36 ) (1728 -5684 36 ) 
4 1479 1654 (1024 -5684 36 ) (1024 -5609 36 ) (1024 -5609 -8 ) (1024 -5684 -8 ) 
4 1479 1482 (1024 -5684 -8 ) (1056 -5684 -8 ) (1056 -5684 36 ) (1024 -5684 36 ) 
4 1480 1481 (1728 -5692 -8 ) (1728 -5792 -8 ) (1728 -5792 36 ) (1728 -5692 36 ) 
4 1481 1482 (1056 -5692 -8 ) (1056 -5792 -8 ) (1056 -5792 36 ) (1056 -5692 36 ) 
4 1482 1654 (1024 -5792 36 ) (1024 -5684 36 ) (1024 -5684 -8 ) (1024 -5792 -8 ) 
4 1483 1688 (2048 -6144 -8 ) (2048 -6144 36 ) (1024 -6144 36 ) (1024 -6144 -8 ) 
4 1483 1655 (1024 -6144 -8 ) (1024 -6144 36 ) (1024 -5800 36 ) (1024 -5800 -8 ) 
4 1484 1652 (692 -5120 184 ) (0 -5120 184 ) (0 -5120 88 ) (692 -5120 88 ) 
4 1484 1651 (1024 -5120 88 ) (1024 -5120 184 ) (692 -5120 184 ) (692 -5120 88 ) 
4 1484 1650 (1024 -5120 184 ) (1024 -5120 1104 ) (0 -5120 1104 ) (0 -5120 184 ) 
4 1484 1516 (0 -4096 1104 ) (0 -4096 88 ) (0 -5120 88 ) (0 -5120 1104 ) 
4 1484 1514 (0 -5120 88 ) (0 -5088 88 ) (40 -5048 88 ) (40 -5120 88 ) 
4 1484 1512 (32 -4952 88 ) (40 -4952 88 ) (40 -4976 88 ) (32 -4984 88 ) 
4 1484 1513 (0 -5080 88 ) (0 -4952 88 ) (32 -4952 88 ) (32 -5048 88 ) 
3 1484 1511 (160 -4960 88 ) (160 -4984 88 ) (136 -4960 88 ) 
3 1484 1510 (40 -4976 88 ) (40 -4960 88 ) (56 -4960 88 ) 
6 1484 1509 (152 -5120 88 ) (40 -5120 88 ) (40 -4984 88 ) (64 -4960 88 ) (128 -4960 88 ) (152 -4984 88 ) 
4 1484 1508 (40 -4952 88 ) (64 -4952 88 ) (56 -4960 88 ) (40 -4960 88 ) 
4 1484 1507 (128 -4952 88 ) (160 -4952 88 ) (160 -4960 88 ) (136 -4960 88 ) 
4 1484 1505 (692 -4952 88 ) (1024 -4952 88 ) (1024 -5120 88 ) (692 -5120 88 ) 
4 1484 1506 (160 -4952 88 ) (684 -4952 88 ) (684 -5120 88 ) (160 -5120 88 ) 
4 1484 1503 (0 -4952 88 ) (0 -4760 88 ) (1024 -4760 88 ) (1024 -4952 88 ) 
4 1484 1502 (0 -4760 88 ) (0 -4752 88 ) (56 -4752 88 ) (64 -4760 88 ) 
4 1484 1501 (136 -4752 88 ) (160 -4752 88 ) (160 -4760 88 ) (128 -4760 88 ) 
4 1484 1499 (0 -4624 88 ) (0 -4424 88 ) (40 -4424 88 ) (40 -4664 88 ) 
4 1484 1497 (40 -4736 88 ) (40 -4752 88 ) (32 -4752 88 ) (32 -4727.998535 88 ) 
4 1484 1498 (0 -4752 88 ) (0 -4632 88 ) (32 -4664 88 ) (32 -4752 88 ) 
4 1484 1496 (8 -4416 88 ) (40 -4416 88 ) (40 -4424 88 ) (8 -4424 88 ) 
3 1484 1495 (56 -4752 88 ) (40 -4752 88 ) (40 -4736 88 ) 
6 1484 1494 (128 -4752 88 ) (64 -4752 88 ) (40 -4728 88 ) (40 -4560 88 ) (152 -4560 88 ) (152 -4728 88 ) 
3 1484 1493 (152 -4752 88 ) (136 -4752 88 ) (152 -4736 88 ) 
4 1484 1492 (160 -4728 88 ) (160 -4752 88 ) (152 -4752 88 ) (152 -4736 88 ) 
4 1484 1491 (40 -4416 88 ) (160 -4416 88 ) (160 -4560 88 ) (40 -4560 88 ) 
4 1484 1490 (0 -4224 88 ) (0 -4096 88 ) (8 -4096 88 ) (8 -4215.407227 88 ) 
5 1484 1489 (126.857277 -4096 88 ) (160 -4096 88 ) (160 -4416 88 ) (8 -4416 88 ) (8 -4224 88 ) 
3 1484 1488 (8 -4096 88 ) (119.172539 -4096 88 ) (8 -4215.407227 88 ) 
4 1484 1486 (160 -4096 88 ) (684 -4096 88 ) (684 -4560 88 ) (160 -4560 88 ) 
4 1484 1487 (684 -4568 88 ) (684 -4760 88 ) (160 -4760 88 ) (160 -4568 88 ) 
4 1484 1485 (692 -4096 88 ) (1024 -4096 88 ) (1024 -4760 88 ) (692 -4760 88 ) 
4 1485 1504 (692 -4760 -8 ) (1024 -4760 -8 ) (1024 -4760 32 ) (692 -4760 32 ) 
4 1485 1503 (1024 -4760 32 ) (1024 -4760 88 ) (692 -4760 88 ) (692 -4760 32 ) 
4 1486 1491 (160 -4416 -8 ) (160 -4560 -8 ) (160 -4560 88 ) (160 -4416 88 ) 
4 1486 1489 (160 -4096 -8 ) (160 -4416 -8 ) (160 -4416 88 ) (160 -4096 88 ) 
4 1487 1504 (160 -4760 -8 ) (684 -4760 -8 ) (684 -4760 32 ) (160 -4760 32 ) 
4 1487 1503 (684 -4760 32 ) (684 -4760 88 ) (160 -4760 88 ) (160 -4760 32 ) 
4 1487 1501 (160 -4752 -8 ) (160 -4760 -8 ) (160 -4760 88 ) (160 -4752 88 ) 
4 1487 1492 (160 -4728 -8 ) (160 -4752 -8 ) (160 -4752 88 ) (160 -4728 88 ) 
4 1488 1490 (8 -4096 -8 ) (8 -4215.407227 -8 ) (8 -4215.407227 88 ) (8 -4096 88 ) 
4 1489 1496 (8 -4416 -8 ) (40 -4416 -8 ) (40 -4416 88 ) (8 -4416 88 ) 
4 1489 1491 (40 -4416 -8 ) (160 -4416 -8 ) (160 -4416 88 ) (40 -4416 88 ) 
4 1490 1568 (0 -4096 52 ) (0 -4096 -8 ) (0 -4224 -8 ) (0 -4224 52 ) 
4 1490 1517 (0 -4096 88 ) (0 -4096 52 ) (0 -4224 52 ) (0 -4224 88 ) 
4 1491 1500 (40 -4424 -8 ) (40 -4560 -8 ) (40 -4560 32 ) (40 -4424 32 ) 
4 1491 1499 (40 -4560 32 ) (40 -4560 88 ) (40 -4424 88 ) (40 -4424 32 ) 
4 1491 1496 (40 -4416 88 ) (40 -4416 -8 ) (40 -4424 -8 ) (40 -4424 88 ) 
4 1491 1494 (40 -4560 88 ) (40 -4560 -8 ) (152 -4560 -8 ) (152 -4560 88 ) 
4 1492 1501 (152 -4752 -8 ) (160 -4752 -8 ) (160 -4752 88 ) (152 -4752 88 ) 
4 1492 1493 (152 -4736 -8 ) (152 -4752 -8 ) (152 -4752 88 ) (152 -4736 88 ) 
4 1493 1501 (136 -4752 -8 ) (152 -4752 -8 ) (152 -4752 88 ) (136 -4752 88 ) 
4 1494 1500 (40 -4560 -8 ) (40 -4664 -8 ) (40 -4664 32 ) (40 -4560 32 ) 
4 1494 1499 (40 -4664 88 ) (40 -4560 88 ) (40 -4560 32 ) (40 -4664 32 ) 
4 1495 1502 (56 -4752 88 ) (40 -4752 88 ) (40 -4752 32 ) (56 -4752 32 ) 
4 1495 1497 (40 -4752 32 ) (40 -4752 88 ) (40 -4736 88 ) (40 -4736 32 ) 
4 1496 1500 (8 -4424 -8 ) (40 -4424 -8 ) (40 -4424 32 ) (8 -4424 32 ) 
4 1496 1499 (40 -4424 32 ) (40 -4424 88 ) (8 -4424 88 ) (8 -4424 32 ) 
4 1497 1502 (40 -4752 32 ) (40 -4752 88 ) (32 -4752 88 ) (32 -4752 32 ) 
4 1497 1498 (32 -4727.998535 32 ) (32 -4752 32 ) (32 -4752 88 ) (32 -4727.998535 88 ) 
4 1498 1625 (0 -4752 32 ) (0 -4752 52 ) (0 -4632 52 ) (0 -4632 32 ) 
4 1498 1550 (0 -4752 52 ) (0 -4752 88 ) (0 -4632 88 ) (0 -4632 52 ) 
4 1498 1502 (32 -4752 88 ) (0 -4752 88 ) (0 -4752 32 ) (32 -4752 32 ) 
4 1499 1624 (0 -4608 32 ) (0 -4624 32 ) (0 -4624 52 ) (0 -4608 52 ) 
4 1499 1623 (0 -4600 32 ) (0 -4608 32 ) (0 -4608 52 ) (0 -4600 52 ) 
4 1499 1618 (0 -4424 52 ) (0 -4424 32 ) (0 -4600 32 ) (0 -4600 52 ) 
4 1499 1552 (0 -4624 88 ) (0 -4608 88 ) (0 -4608 52 ) (0 -4624 52 ) 
4 1499 1548 (0 -4608 88 ) (0 -4600 88 ) (0 -4600 52 ) (0 -4608 52 ) 
4 1499 1545 (0 -4600 88 ) (0 -4424 88 ) (0 -4424 52 ) (0 -4600 52 ) 
4 1499 1500 (0 -4424 32 ) (40 -4424 32 ) (40 -4664 32 ) (0 -4624 32 ) 
4 1500 1626 (0 -4600 -8 ) (0 -4624 -8 ) (0 -4624 32 ) (0 -4600 32 ) 
4 1500 1618 (0 -4424 -8 ) (0 -4600 -8 ) (0 -4600 32 ) (0 -4424 32 ) 
4 1501 1504 (128 -4760 -8 ) (160 -4760 -8 ) (160 -4760 32 ) (128 -4760 32 ) 
4 1501 1503 (160 -4760 32 ) (160 -4760 88 ) (128 -4760 88 ) (128 -4760 32 ) 
4 1502 1625 (0 -4760 32 ) (0 -4760 52 ) (0 -4752 52 ) (0 -4752 32 ) 
4 1502 1550 (0 -4760 52 ) (0 -4760 88 ) (0 -4752 88 ) (0 -4752 52 ) 
4 1502 1503 (64 -4760 88 ) (0 -4760 88 ) (0 -4760 32 ) (64 -4760 32 ) 
4 1503 1625 (0 -4952 32 ) (0 -4952 52 ) (0 -4760 52 ) (0 -4760 32 ) 
4 1503 1550 (0 -4952 52 ) (0 -4952 88 ) (0 -4760 88 ) (0 -4760 52 ) 
4 1503 1512 (40 -4952 88 ) (32 -4952 88 ) (32 -4952 32 ) (40 -4952 32 ) 
4 1503 1513 (32 -4952 88 ) (0 -4952 88 ) (0 -4952 32 ) (32 -4952 32 ) 
4 1503 1508 (64 -4952 88 ) (40 -4952 88 ) (40 -4952 32 ) (64 -4952 32 ) 
4 1503 1507 (160 -4952 88 ) (128 -4952 88 ) (128 -4952 32 ) (160 -4952 32 ) 
4 1503 1505 (1024 -4952 32 ) (1024 -4952 88 ) (692 -4952 88 ) (692 -4952 32 ) 
4 1503 1506 (684 -4952 88 ) (160 -4952 88 ) (160 -4952 32 ) (684 -4952 32 ) 
4 1503 1504 (1024 -4952 32 ) (64 -4952 32 ) (64 -4760 32 ) (1024 -4760 32 ) 
4 1504 1507 (128 -4952 -8 ) (160 -4952 -8 ) (160 -4952 32 ) (128 -4952 32 ) 
4 1504 1505 (692 -4952 -8 ) (1024 -4952 -8 ) (1024 -4952 32 ) (692 -4952 32 ) 
4 1504 1506 (160 -4952 -8 ) (684 -4952 -8 ) (684 -4952 32 ) (160 -4952 32 ) 
4 1505 1654 (1024 -5120 -8 ) (1024 -5120 88 ) (692 -5120 88 ) (692 -5120 -8 ) 
4 1506 1656 (684 -5120 88 ) (160 -5120 88 ) (160 -5120 -8 ) (684 -5120 -8 ) 
4 1506 1511 (160 -4960 -8 ) (160 -4984 -8 ) (160 -4984 88 ) (160 -4960 88 ) 
4 1506 1507 (160 -4952 88 ) (160 -4952 -8 ) (160 -4960 -8 ) (160 -4960 88 ) 
4 1507 1511 (136 -4960 -8 ) (160 -4960 -8 ) (160 -4960 88 ) (136 -4960 88 ) 
4 1508 1512 (40 -4952 88 ) (40 -4952 32 ) (40 -4960 32 ) (40 -4960 88 ) 
4 1508 1510 (40 -4960 88 ) (40 -4960 32 ) (56 -4960 32 ) (56 -4960 88 ) 
4 1509 1659 (152 -5120 88 ) (40 -5120 88 ) (40 -5120 -8 ) (152 -5120 -8 ) 
4 1509 1515 (40 -5048 -8 ) (40 -5120 -8 ) (40 -5120 32 ) (40 -5048 32 ) 
4 1509 1514 (40 -5120 32 ) (40 -5120 88 ) (40 -5048 88 ) (40 -5048 32 ) 
4 1510 1512 (40 -4976 88 ) (40 -4960 88 ) (40 -4960 32 ) (40 -4976 32 ) 
4 1512 1513 (32 -4952 88 ) (32 -4952 32 ) (32 -4984 32 ) (32 -4984 88 ) 
4 1513 1628 (0 -4984.003906 32 ) (0 -5080 32 ) (0 -5080 52 ) (0 -4984.003906 52 ) 
4 1513 1627 (0 -4982 32 ) (0 -4984.003906 32 ) (0 -4984.003906 52 ) (0 -4982 52 ) 
4 1513 1625 (0 -4952 52 ) (0 -4952 32 ) (0 -4982 32 ) (0 -4982 52 ) 
4 1513 1564 (0 -5080 88 ) (0 -4984.003906 88 ) (0 -4984.003906 52 ) (0 -5080 52 ) 
4 1513 1553 (0 -4984.003906 88 ) (0 -4960 88 ) (0 -4960 52 ) (0 -4984.003906 52 ) 
4 1513 1550 (0 -4960 88 ) (0 -4952 88 ) (0 -4952 52 ) (0 -4960 52 ) 
4 1514 1660 (8 -5120 88 ) (0 -5120 88 ) (0 -5120 32 ) (8 -5120 32 ) 
4 1514 1659 (40 -5120 88 ) (8 -5120 88 ) (8 -5120 32 ) (40 -5120 32 ) 
4 1514 1631 (0 -5120 32 ) (0 -5120 52 ) (0 -5112 52 ) (0 -5112 32 ) 
4 1514 1629 (0 -5112 52 ) (0 -5088 52 ) (0 -5088 32 ) (0 -5112 32 ) 
4 1514 1566 (0 -5112 88 ) (0 -5104 88 ) (0 -5104 52 ) (0 -5112 52 ) 
4 1514 1567 (0 -5120 52 ) (0 -5120 88 ) (0 -5112 88 ) (0 -5112 52 ) 
4 1514 1565 (0 -5104 88 ) (0 -5088 88 ) (0 -5088 52 ) (0 -5104 52 ) 
4 1514 1515 (0 -5120 32 ) (0 -5088 32 ) (40 -5048 32 ) (40 -5120 32 ) 
4 1515 1660 (0 -5120 32 ) (0 -5120 -8 ) (8 -5120 -8 ) (8 -5120 32 ) 
4 1515 1659 (8 -5120 -8 ) (40 -5120 -8 ) (40 -5120 32 ) (8 -5120 32 ) 
4 1515 1633 (0 -5112 -8 ) (0 -5120 -8 ) (0 -5120 32 ) (0 -5112 32 ) 
4 1515 1632 (0 -5088 -8 ) (0 -5112 -8 ) (0 -5112 32 ) (0 -5088 32 ) 
4 1516 1978 (-1024 -5120 88 ) (-1024 -5120 1104 ) (-1024 -4096 1104 ) (-1024 -4096 88 ) 
4 1516 1663 (0 -5120 88 ) (0 -5120 184 ) (-1024 -5120 184 ) (-1024 -5120 88 ) 
4 1516 1662 (0 -5120 184 ) (0 -5120 1104 ) (-1024 -5120 1104 ) (-1024 -5120 184 ) 
4 1516 1566 (-16 -5104 88 ) (0 -5104 88 ) (0 -5112 88 ) (-24 -5112 88 ) 
4 1516 1567 (0 -5120 88 ) (-128 -5120 88 ) (-120 -5112 88 ) (0 -5112 88 ) 
3 1516 1565 (0 -5088 88 ) (0 -5104 88 ) (-16 -5104 88 ) 
4 1516 1564 (-120 -5104 88 ) (0 -4984.003906 88 ) (0 -5080 88 ) (-24 -5104 88 ) 
6 1516 1562 (-616 -5120 88 ) (-728 -5120 88 ) (-728 -4984 88 ) (-704 -4960 88 ) (-640 -4960 88 ) (-616 -4984 88 ) 
3 1516 1561 (-632 -4960 88 ) (-616 -4960 88 ) (-616 -4976 88 ) 
4 1516 1560 (-448 -5120 88 ) (-616 -5120 88 ) (-616 -5112 88 ) (-456 -5112 88 ) 
4 1516 1559 (-136 -5120 88 ) (-440 -5120 88 ) (-448 -5112 88 ) (-128 -5112 88 ) 
4 1516 1558 (-616 -5112 88 ) (-616 -5104 88 ) (-560 -5104 88 ) (-552 -5112 88 ) 
4 1516 1557 (-616 -5104 88 ) (-616 -5048 88 ) (-608 -5056 88 ) (-608 -5104 88 ) 
3 1516 1556 (-560 -5104 88 ) (-608 -5104 88 ) (-608 -5056 88 ) 
4 1516 1555 (-608 -4983.998535 88 ) (-487.995026 -5104 88 ) (-552 -5104 88 ) (-608 -5048 88 ) 
5 1516 1554 (-616 -4976 88 ) (-616 -4960 88 ) (-600.004883 -4960 88 ) (-456 -5104 88 ) (-487.995026 -5104 88 ) 
5 1516 1553 (-600.004883 -4960 88 ) (0 -4960 88 ) (0 -4984.003906 88 ) (-128 -5112 88 ) (-448 -5112 88 ) 
3 1516 1563 (-736 -5120 88 ) (-872.005249 -5120 88 ) (-736 -4984 88 ) 
3 1516 1552 (-16 -4608 88 ) (0 -4608 88 ) (0 -4624 88 ) 
3 1516 1551 (-704 -4952 88 ) (-672 -4920 88 ) (-640 -4952 88 ) 
6 1516 1550 (-672 -4920 88 ) (-359.989563 -4608 88 ) (-24 -4608 88 ) (0 -4632 88 ) (0 -4960 88 ) (-632 -4960 88 ) 
4 1516 1549 (-359.989563 -4608 88 ) (-351.989319 -4600 88 ) (-128 -4600 88 ) (-120 -4608 88 ) 
4 1516 1548 (-24 -4600 88 ) (0 -4600 88 ) (0 -4608 88 ) (-16 -4608 88 ) 
4 1516 1546 (-144 -4600 88 ) (-152 -4600 88 ) (-152 -4576 88 ) (-144 -4584 88 ) 
6 1516 1545 (-120 -4424 88 ) (0 -4424 88 ) (0 -4600 88 ) (-120 -4600 88 ) (-144 -4576 88 ) (-144 -4448 88 ) 
3 1516 1544 (-128 -4600 88 ) (-144 -4600 88 ) (-144 -4584 88 ) 
3 1516 1547 (-152 -4600 88 ) (-304.005768 -4600 88 ) (-152 -4448 88 ) 
4 1516 1543 (-351.989319 -4600 88 ) (-175.983917 -4424 88 ) (-128 -4424 88 ) (-304.005768 -4600 88 ) 
3 1516 1542 (0 -4296.003906 88 ) (0 -4416 88 ) (-120 -4416 88 ) 
4 1516 1541 (-175.983917 -4424 88 ) (0 -4248.021484 88 ) (0 -4296.003906 88 ) (-128 -4424 88 ) 
4 1516 1539 (-1024 -4560 88 ) (-1024 -4416 88 ) (-736 -4416 88 ) (-736 -4560 88 ) 
5 1516 1540 (-872.005249 -5120 88 ) (-1024 -5120 88 ) (-1024 -4568 88 ) (-736 -4568 88 ) (-736 -4984 88 ) 
4 1516 1537 (-728 -4760 88 ) (-736 -4760 88 ) (-736 -4728 88 ) (-728 -4736 88 ) 
3 1516 1536 (-704 -4760 88 ) (-728 -4760 88 ) (-728 -4736 88 ) 
4 1516 1535 (-608 -4752 88 ) (-608 -4760 88 ) (-640 -4760 88 ) (-632 -4752 88 ) 
5 1516 1534 (-640 -4752 88 ) (-704 -4752 88 ) (-704.001160 -4752 88 ) (-616 -4664 88 ) (-616 -4728 88 ) 
5 1516 1533 (-608 -4560 88 ) (-608 -4656 88 ) (-704.001160 -4752 88 ) (-728 -4728 88 ) (-728 -4560 88 ) 
3 1516 1532 (-608 -4728 88 ) (-608 -4752 88 ) (-632 -4752 88 ) 
4 1516 1531 (-736 -4416 88 ) (-608 -4416 88 ) (-608 -4560 88 ) (-736 -4560 88 ) 
4 1516 1538 (-608 -4760 88 ) (-608 -4856.002930 88 ) (-736 -4984 88 ) (-736 -4760 88 ) 
3 1516 1530 (-608 -4656 88 ) (-608 -4600 88 ) (-552 -4600 88 ) 
4 1516 1528 (-351.989258 -4600 88 ) (-359.989502 -4608 88 ) (-456 -4608 88 ) (-448 -4600 88 ) 
4 1516 1529 (-359.989502 -4608 88 ) (-608 -4856.002930 88 ) (-608 -4664 88 ) (-552 -4608 88 ) 
3 1516 1526 (-448 -4424 88 ) (-432 -4424 88 ) (-432 -4440 88 ) 
6 1516 1525 (-456 -4600 88 ) (-584 -4600 88 ) (-584 -4424 88 ) (-456 -4424 88 ) (-432 -4448 88 ) (-432 -4576 88 ) 
3 1516 1524 (-360 -4511.997070 88 ) (-424 -4576 88 ) (-424 -4448 88 ) 
4 1516 1523 (-432 -4424 88 ) (-272.005341 -4424 88 ) (-360 -4511.997070 88 ) (-432 -4440 88 ) 
4 1516 1522 (-175.983917 -4424 88 ) (-351.989258 -4600 88 ) (-448 -4600 88 ) (-272.005341 -4424 88 ) 
4 1516 1521 (-456 -4416 88 ) (-167.983673 -4416 88 ) (-175.983917 -4424 88 ) (-448 -4424 88 ) 
4 1516 1527 (-608 -4416 88 ) (-584 -4416 88 ) (-584 -4600 88 ) (-608 -4600 88 ) 
3 1516 1520 (-695.172485 -4096 88 ) (-584 -4096 88 ) (-584 -4215.407227 88 ) 
5 1516 1519 (-1024 -4416 88 ) (-1024 -4096 88 ) (-702.856995 -4096 88 ) (-584 -4224 88 ) (-584 -4416 88 ) 
4 1516 1518 (-584 -4096 88 ) (-576 -4096 88 ) (-576 -4224 88 ) (-584 -4215.407227 88 ) 
5 1516 1517 (-576 -4096 88 ) (0 -4096 88 ) (0 -4248.021484 88 ) (-167.983673 -4416 88 ) (-576 -4416 88 ) 
4 1517 1578 (-432 -4416 52 ) (-576 -4416 52 ) (-576 -4096 52 ) (-432 -4096 52 ) 
5 1517 1574 (-264.005737 -4416 52 ) (-432 -4416 52 ) (-432 -4096 52 ) (-144 -4096 52 ) (-144 -4295.990234 52 ) 
4 1517 1572 (-144 -4392.017090 52 ) (-167.983673 -4416 52 ) (-264.005737 -4416 52 ) (-144 -4295.990234 52 ) 
4 1517 1568 (0 -4096 52 ) (0 -4248.021484 52 ) (-144 -4392.017090 52 ) (-144 -4096 52 ) 
4 1517 1541 (-167.981873 -4416 52 ) (0 -4248.023438 52 ) (0 -4248.019531 88 ) (-167.985580 -4416 88 ) 
4 1517 1521 (-456 -4416 52 ) (-167.978516 -4416 52 ) (-167.978516 -4416 88 ) (-456 -4416 88 ) 
4 1517 1518 (-576 -4096 52 ) (-576 -4224 52 ) (-576 -4224 88 ) (-576 -4096 88 ) 
4 1518 1579 (-584 -4215.407227 52 ) (-584 -4096 52 ) (-576 -4096 52 ) (-576 -4224 52 ) 
4 1518 1520 (-584 -4096 52 ) (-584 -4215.407227 52 ) (-584 -4215.407227 88 ) (-584 -4096 88 ) 
4 1519 1979 (-1024 -4416 88 ) (-1024 -4096 88 ) (-1024 -4096 52 ) (-1024 -4416 52 ) 
5 1519 1580 (-584 -4416 52 ) (-1024 -4416 52 ) (-1024 -4096 52 ) (-702.856995 -4096 52 ) (-584 -4224 52 ) 
4 1519 1539 (-1024 -4416 52 ) (-736 -4416 52 ) (-736 -4416 88 ) (-1024 -4416 88 ) 
4 1519 1531 (-736 -4416 52 ) (-608 -4416 52 ) (-608 -4416 88 ) (-736 -4416 88 ) 
4 1519 1527 (-608 -4416 52 ) (-584 -4416 52 ) (-584 -4416 88 ) (-608 -4416 88 ) 
3 1520 1581 (-695.172485 -4096 52 ) (-584 -4096 52 ) (-584 -4215.407227 52 ) 
4 1521 1583 (-432 -4424 52 ) (-448 -4424 52 ) (-456 -4416 52 ) (-432 -4416 52 ) 
4 1521 1574 (-272.005371 -4424 52 ) (-432 -4424 52 ) (-432 -4416 52 ) (-264.005737 -4416 52 ) 
4 1521 1572 (-167.983673 -4416 52 ) (-175.983917 -4424 52 ) (-272.005371 -4424 52 ) (-264.005737 -4416 52 ) 
4 1521 1541 (-175.982117 -4424 52 ) (-167.981873 -4416 52 ) (-167.985580 -4416 88 ) (-175.985825 -4424 88 ) 
4 1521 1526 (-448 -4424 52 ) (-432 -4424 52 ) (-432 -4424 88 ) (-448 -4424 88 ) 
4 1521 1523 (-432 -4424 52 ) (-272.005432 -4424 52 ) (-272.005432 -4424 88 ) (-432 -4424 88 ) 
4 1521 1522 (-272.005432 -4424 52 ) (-175.984100 -4424 52 ) (-175.984100 -4424 88 ) (-272.005432 -4424 88 ) 
3 1522 1586 (-432 -4600 52 ) (-448 -4600 52 ) (-432 -4584 52 ) 
5 1522 1572 (-175.983917 -4424 52 ) (-351.989258 -4600 52 ) (-432 -4600 52 ) (-432 -4584 52 ) (-272.005341 -4424 52 ) 
4 1522 1543 (-351.987640 -4600 52 ) (-175.982117 -4424 52 ) (-175.985825 -4424 88 ) (-351.991211 -4600 88 ) 
4 1522 1528 (-448 -4600 52 ) (-351.990723 -4600 52 ) (-351.990723 -4600 88 ) (-448 -4600 88 ) 
4 1522 1524 (-360.001007 -4511.996094 52 ) (-424 -4575.997070 52 ) (-424 -4575.997070 88 ) (-360.001007 -4511.996094 88 ) 
4 1522 1523 (-272.007812 -4424 88 ) (-272.007812 -4424 52 ) (-360.001007 -4511.996094 52 ) (-360.001007 -4511.996094 88 ) 
4 1523 1574 (-432 -4424 52 ) (-272.005341 -4424 52 ) (-360 -4511.997070 52 ) (-432 -4440 52 ) 
4 1523 1526 (-432 -4424 88 ) (-432 -4424 52 ) (-432 -4440 52 ) (-432 -4440 88 ) 
4 1523 1524 (-424 -4448 52 ) (-360 -4511.996582 52 ) (-360 -4511.996582 88 ) (-424 -4448 88 ) 
3 1524 1575 (-360 -4511.997070 52 ) (-424 -4576 52 ) (-424 -4448 52 ) 
5 1525 1585 (-456 -4600 52 ) (-584 -4600 52 ) (-584 -4560 52 ) (-432 -4560 52 ) (-432 -4576 52 ) 
5 1525 1582 (-584 -4560 52 ) (-584 -4424 52 ) (-456 -4424 52 ) (-432 -4448 52 ) (-432 -4560 52 ) 
4 1525 1530 (-584 -4600 52 ) (-552 -4600 52 ) (-552 -4600 88 ) (-584 -4600 88 ) 
4 1525 1527 (-584 -4424 52 ) (-584 -4600 52 ) (-584 -4600 88 ) (-584 -4424 88 ) 
3 1526 1583 (-448 -4424 52 ) (-432 -4424 52 ) (-432 -4440 52 ) 
4 1527 1585 (-584 -4600 52 ) (-608 -4600 52 ) (-608 -4560 52 ) (-584 -4560 52 ) 
4 1527 1584 (-608 -4560 52 ) (-608 -4416 52 ) (-584 -4416 52 ) (-584 -4560 52 ) 
4 1527 1533 (-608 -4560 52 ) (-608 -4600 52 ) (-608 -4600 88 ) (-608 -4560 88 ) 
4 1527 1531 (-608 -4416 88 ) (-608 -4416 52 ) (-608 -4560 52 ) (-608 -4560 88 ) 
4 1527 1530 (-608 -4600 88 ) (-608 -4600 52 ) (-584 -4600 52 ) (-584 -4600 88 ) 
4 1528 1588 (-351.989258 -4600 52 ) (-359.989502 -4608 52 ) (-456 -4608 52 ) (-448 -4600 52 ) 
4 1528 1549 (-359.987885 -4608 52 ) (-351.987640 -4600 52 ) (-351.991211 -4600 88 ) (-359.991455 -4608 88 ) 
4 1528 1529 (-456 -4608 52 ) (-359.990906 -4608 52 ) (-359.990906 -4608 88 ) (-456 -4608 88 ) 
3 1529 1603 (-511.994141 -4760 52 ) (-608 -4856.002930 52 ) (-608 -4760 52 ) 
4 1529 1601 (-503.993896 -4752 52 ) (-511.994141 -4760 52 ) (-608 -4760 52 ) (-608 -4752 52 ) 
5 1529 1589 (-359.989502 -4608 52 ) (-503.993896 -4752 52 ) (-608 -4752 52 ) (-608 -4664 52 ) (-552 -4608 52 ) 
4 1529 1550 (-608 -4856.004395 52 ) (-359.987885 -4608 52 ) (-359.991455 -4608 88 ) (-608 -4856 88 ) 
4 1529 1535 (-608 -4752 52 ) (-608 -4760 52 ) (-608 -4760 88 ) (-608 -4752 88 ) 
4 1529 1532 (-608 -4728 52 ) (-608 -4752 52 ) (-608 -4752 88 ) (-608 -4728 88 ) 
4 1529 1538 (-608 -4760 52 ) (-608 -4856.003418 52 ) (-608 -4856.003418 88 ) (-608 -4760 88 ) 
3 1530 1590 (-608 -4656 52 ) (-608 -4600 52 ) (-552 -4600 52 ) 
4 1530 1533 (-608 -4600 52 ) (-608 -4656 52 ) (-608 -4656 88 ) (-608 -4600 88 ) 
4 1531 1584 (-736 -4560 52 ) (-736 -4416 52 ) (-608 -4416 52 ) (-608 -4560 52 ) 
4 1531 1539 (-736 -4416 88 ) (-736 -4416 52 ) (-736 -4560 52 ) (-736 -4560 88 ) 
4 1531 1533 (-728 -4560 52 ) (-608 -4560 52 ) (-608 -4560 88 ) (-728 -4560 88 ) 
3 1532 1594 (-616 -4752 52 ) (-632 -4752 52 ) (-616 -4736 52 ) 
4 1532 1593 (-608 -4728 52 ) (-608 -4752 52 ) (-616 -4752 52 ) (-616 -4736 52 ) 
4 1532 1535 (-632 -4752 52 ) (-608 -4752 52 ) (-608 -4752 88 ) (-632 -4752 88 ) 
5 1533 1595 (-616 -4664 52 ) (-704.001160 -4752 52 ) (-728 -4728 52 ) (-728 -4600 52 ) (-616 -4600 52 ) 
4 1533 1592 (-608 -4600 52 ) (-608 -4656 52 ) (-616 -4664 52 ) (-616 -4600 52 ) 
4 1533 1585 (-728 -4560 52 ) (-608 -4560 52 ) (-608 -4600 52 ) (-728 -4600 52 ) 
4 1533 1534 (-704 -4752 88 ) (-704 -4752 52 ) (-616 -4664 52 ) (-616 -4664 88 ) 
5 1534 1595 (-640 -4752 52 ) (-704 -4752 52 ) (-704.001160 -4752 52 ) (-616 -4664 52 ) (-616 -4728 52 ) 
4 1535 1601 (-608 -4752 52 ) (-608 -4760 52 ) (-640 -4760 52 ) (-632 -4752 52 ) 
4 1535 1538 (-640 -4760 52 ) (-608 -4760 52 ) (-608 -4760 88 ) (-640 -4760 88 ) 
4 1536 1602 (-704 -4760 52 ) (-728 -4760 52 ) (-728 -4752 52 ) (-712 -4752 52 ) 
3 1536 1598 (-728 -4752 52 ) (-728 -4736 52 ) (-712 -4752 52 ) 
4 1536 1537 (-728 -4736 52 ) (-728 -4760 52 ) (-728 -4760 88 ) (-728 -4736 88 ) 
4 1536 1538 (-728 -4760 52 ) (-704 -4760 52 ) (-704 -4760 88 ) (-728 -4760 88 ) 
4 1537 1602 (-736 -4760 52 ) (-736 -4752 52 ) (-728 -4752 52 ) (-728 -4760 52 ) 
4 1537 1599 (-736 -4752 52 ) (-736 -4728 52 ) (-728 -4736 52 ) (-728 -4752 52 ) 
4 1537 1540 (-736 -4728 52 ) (-736 -4760 52 ) (-736 -4760 88 ) (-736 -4728 88 ) 
4 1537 1538 (-736 -4760 88 ) (-736 -4760 52 ) (-728 -4760 52 ) (-728 -4760 88 ) 
4 1538 1613 (-728 -4976 52 ) (-736 -4984 52 ) (-736 -4960 52 ) (-728 -4960 52 ) 
3 1538 1612 (-712 -4960 52 ) (-728 -4976 52 ) (-728 -4960 52 ) 
4 1538 1605 (-704 -4952 52 ) (-712 -4960 52 ) (-736 -4960 52 ) (-736 -4952 52 ) 
4 1538 1604 (-672 -4920 52 ) (-704 -4952 52 ) (-736 -4952 52 ) (-736 -4856.002441 52 ) 
5 1538 1603 (-608 -4856.002930 52 ) (-672 -4920 52 ) (-736 -4856.002441 52 ) (-736 -4760 52 ) (-608 -4760 52 ) 
4 1538 1551 (-703.998535 -4952 52 ) (-672 -4920.001465 52 ) (-672 -4920 88 ) (-704.001953 -4952 88 ) 
4 1538 1550 (-672 -4920.001465 52 ) (-608 -4856.004395 52 ) (-608 -4856 88 ) (-672 -4920 88 ) 
4 1538 1540 (-736 -4760 52 ) (-736 -4983.997559 52 ) (-736 -4983.997559 88 ) (-736 -4760 88 ) 
4 1539 1979 (-1024 -4560 88 ) (-1024 -4416 88 ) (-1024 -4416 52 ) (-1024 -4560 52 ) 
4 1539 1584 (-1024 -4560 52 ) (-1024 -4416 52 ) (-736 -4416 52 ) (-736 -4560 52 ) 
4 1540 1980 (-1024 -5120 52 ) (-1024 -5120 88 ) (-1024 -4568 88 ) (-1024 -4568 52 ) 
4 1540 1679 (-872.005249 -5120 88 ) (-1024 -5120 88 ) (-1024 -5120 52 ) (-872.005249 -5120 52 ) 
5 1540 1613 (-736 -4984 52 ) (-872.005249 -5120 52 ) (-1024 -5120 52 ) (-1024 -4960 52 ) (-736 -4960 52 ) 
4 1540 1605 (-1024 -4960 52 ) (-1024 -4952 52 ) (-736 -4952 52 ) (-736 -4960 52 ) 
5 1540 1604 (-1024 -4952 52 ) (-1024 -4760 52 ) (-832.005371 -4760 52 ) (-736 -4856.002441 52 ) (-736 -4952 52 ) 
3 1540 1603 (-832.005371 -4760 52 ) (-736 -4760 52 ) (-736 -4856.002441 52 ) 
4 1540 1602 (-1024 -4760 52 ) (-1024 -4752 52 ) (-736 -4752 52 ) (-736 -4760 52 ) 
4 1540 1600 (-1024 -4752 52 ) (-1024 -4600 52 ) (-736 -4600 52 ) (-736 -4752 52 ) 
4 1540 1587 (-1024 -4600 52 ) (-1024 -4568 52 ) (-736 -4568 52 ) (-736 -4600 52 ) 
4 1540 1563 (-872.003906 -5120 52 ) (-736 -4984 52 ) (-736 -4983.997070 88 ) (-872.007019 -5120 88 ) 
3 1541 1572 (-144 -4424 52 ) (-175.983917 -4424 52 ) (-144 -4392.017090 52 ) 
5 1541 1568 (0 -4248.021484 52 ) (0 -4296.003906 52 ) (-128 -4424 52 ) (-144 -4424 52 ) (-144 -4392.017090 52 ) 
4 1541 1543 (-175.984375 -4424 88 ) (-175.984375 -4424 52 ) (-128 -4424 52 ) (-128 -4424 88 ) 
4 1541 1542 (-120.003662 -4416 52 ) (0 -4296 52 ) (0 -4296 88 ) (-120.003662 -4416 88 ) 
3 1542 1616 (0 -4396 52 ) (0 -4416 52 ) (-20 -4416 52 ) 
4 1542 1569 (0 -4296.003906 52 ) (0 -4396 52 ) (-20 -4416 52 ) (-120 -4416 52 ) 
5 1543 1572 (-304.005768 -4600 52 ) (-351.989319 -4600 52 ) (-175.983917 -4424 52 ) (-144 -4424 52 ) (-144 -4440 52 ) 
3 1543 1570 (-144 -4424 52 ) (-128 -4424 52 ) (-144 -4440 52 ) 
4 1543 1549 (-351.990234 -4600 88 ) (-351.990234 -4600 52 ) (-304.005981 -4600 52 ) (-304.005981 -4600 88 ) 
4 1543 1547 (-304.008636 -4600 88 ) (-304.008636 -4600 52 ) (-152 -4447.995605 52 ) (-152 -4447.995605 88 ) 
3 1544 1617 (-128 -4600 52 ) (-144 -4600 52 ) (-144 -4584 52 ) 
4 1544 1549 (-144 -4600 52 ) (-128 -4600 52 ) (-128 -4600 88 ) (-144 -4600 88 ) 
4 1544 1546 (-144 -4584 52 ) (-144 -4600 52 ) (-144 -4600 88 ) (-144 -4584 88 ) 
6 1545 1618 (0 -4424 52 ) (0 -4600 52 ) (-120 -4600 52 ) (-144 -4576 52 ) (-144 -4540 52 ) (-28 -4424 52 ) 
4 1545 1571 (-144 -4540 52 ) (-144 -4448 52 ) (-120 -4424 52 ) (-28 -4424 52 ) 
4 1545 1548 (-24 -4600 52 ) (0 -4600 52 ) (0 -4600 88 ) (-24 -4600 88 ) 
4 1546 1619 (-144 -4600 52 ) (-152 -4600 52 ) (-152 -4576 52 ) (-144 -4584 52 ) 
4 1546 1549 (-152 -4600 52 ) (-144 -4600 52 ) (-144 -4600 88 ) (-152 -4600 88 ) 
4 1546 1547 (-152 -4576 52 ) (-152 -4600 52 ) (-152 -4600 88 ) (-152 -4576 88 ) 
3 1547 1620 (-152 -4600 52 ) (-204 -4600 52 ) (-152 -4548 52 ) 
4 1547 1576 (-204 -4600 52 ) (-304.005768 -4600 52 ) (-152 -4448 52 ) (-152 -4548 52 ) 
4 1547 1549 (-304.005981 -4600 52 ) (-152 -4600 52 ) (-152 -4600 88 ) (-304.005981 -4600 88 ) 
4 1548 1623 (0 -4600 52 ) (0 -4608 52 ) (-16 -4608 52 ) (-24 -4600 52 ) 
4 1548 1552 (-16 -4608 52 ) (0 -4608 52 ) (0 -4608 88 ) (-16 -4608 88 ) 
4 1549 1622 (-120 -4608 52 ) (-212 -4608 52 ) (-204 -4600 52 ) (-128 -4600 52 ) 
4 1549 1588 (-212 -4608 52 ) (-359.989563 -4608 52 ) (-351.989319 -4600 52 ) (-204 -4600 52 ) 
4 1549 1550 (-359.990234 -4608 88 ) (-359.990234 -4608 52 ) (-120 -4608 52 ) (-120 -4608 88 ) 
4 1550 1649 (-224.502960 -4960 52 ) (-353.200134 -4960 52 ) (-362 -4952 52 ) (-214.505219 -4952 52 ) 
8 1550 1647 (-362 -4952 52 ) (-384 -4932 52 ) (-384 -4780 52 ) (-364 -4760 52 ) (-222 -4760 52 ) (-192 -4790 52 ) (-192 -4933.991699 52 ) (-214.505219 -4952 52 ) 
3 1550 1646 (-192 -4790 52 ) (-112.012482 -4869.987305 52 ) (-192 -4933.991699 52 ) 
3 1550 1648 (-384 -4932 52 ) (-463.619080 -4859.619141 52 ) (-384 -4780 52 ) 
3 1550 1645 (-364 -4760 52 ) (-293 -4689 52 ) (-222 -4760 52 ) 
3 1550 1634 (-353.200134 -4960 52 ) (-564 -4960 52 ) (-463.619080 -4859.619141 52 ) 
3 1550 1627 (-22 -4960 52 ) (-224.502960 -4960 52 ) (-112.012482 -4869.987305 52 ) 
6 1550 1625 (0 -4632 52 ) (0 -4960 52 ) (-22 -4960 52 ) (-293 -4689 52 ) (-212 -4608 52 ) (-24 -4608 52 ) 
5 1550 1603 (-564 -4960 52 ) (-632 -4960 52 ) (-672 -4920 52 ) (-511.994110 -4760 52 ) (-364 -4760 52 ) 
4 1550 1601 (-511.994110 -4760 52 ) (-503.993866 -4752 52 ) (-356 -4752 52 ) (-364 -4760 52 ) 
4 1550 1589 (-503.993866 -4752 52 ) (-359.989563 -4608 52 ) (-212 -4608 52 ) (-356 -4752 52 ) 
4 1550 1561 (-632 -4960 52 ) (-616 -4960 52 ) (-616 -4960 88 ) (-632 -4960 88 ) 
4 1550 1554 (-616 -4960 52 ) (-600.004883 -4960 52 ) (-600.004944 -4960 88 ) (-616 -4960 88 ) 
4 1550 1553 (-600.004883 -4960 52 ) (0 -4960 52 ) (0 -4960 88 ) (-600.004944 -4960 88 ) 
4 1550 1551 (-671.997375 -4919.998535 88 ) (-671.997375 -4919.998535 52 ) (-639.994873 -4952 52 ) (-639.994873 -4952 88 ) 
3 1551 1604 (-704 -4952 52 ) (-672 -4920 52 ) (-640 -4952 52 ) 
3 1552 1624 (0 -4608 52 ) (0 -4624 52 ) (-16 -4608 52 ) 
3 1553 1649 (-353.200134 -4960 52 ) (-224.502930 -4960 52 ) (-292.951752 -5014.770996 52 ) 
6 1553 1634 (-414.460907 -5112 52 ) (-448 -5112 52 ) (-582.002075 -4978.002441 52 ) (-564 -4960 52 ) (-353.200134 -4960 52 ) (-292.951752 -5014.770996 52 ) 
6 1553 1627 (0 -4982 52 ) (0 -4984.003906 52 ) (-128 -5112 52 ) (-414.460907 -5112 52 ) (-224.502930 -4960 52 ) (-22 -4960 52 ) 
3 1553 1625 (0 -4960 52 ) (0 -4982 52 ) (-22 -4960 52 ) 
3 1553 1609 (-582.002075 -4978.002441 52 ) (-600.004883 -4960 52 ) (-564 -4960 52 ) 
4 1553 1564 (-120.003448 -5104 52 ) (0 -4984 52 ) (0 -4984 88 ) (-120.004753 -5104 88 ) 
4 1553 1559 (-448 -5112 52 ) (-128 -5112 52 ) (-128 -5112 88 ) (-448 -5112 88 ) 
4 1553 1554 (-600 -4960 88 ) (-600 -4960 52 ) (-455.996307 -5104 52 ) (-455.996307 -5104 88 ) 
4 1554 1635 (-582.002075 -4978.002441 52 ) (-456 -5104 52 ) (-487.995026 -5104 52 ) (-598 -4994 52 ) 
5 1554 1609 (-616 -4976 52 ) (-616 -4960 52 ) (-600.004883 -4960 52 ) (-582.002075 -4978.002441 52 ) (-598 -4994 52 ) 
4 1554 1561 (-616 -4960 88 ) (-616 -4960 52 ) (-616 -4976 52 ) (-616 -4976 88 ) 
4 1554 1555 (-608 -4983.994141 52 ) (-487.990234 -5104 52 ) (-487.990234 -5104 88 ) (-608 -4983.994141 88 ) 
5 1555 1635 (-598 -4994 52 ) (-487.995026 -5104 52 ) (-552 -5104 52 ) (-608 -5048 52 ) (-608 -5004 52 ) 
3 1555 1610 (-608 -4983.998535 52 ) (-598 -4994 52 ) (-608 -5004 52 ) 
3 1556 1636 (-560 -5104 52 ) (-608 -5104 52 ) (-608 -5056 52 ) 
4 1556 1558 (-608 -5104 52 ) (-560 -5104 52 ) (-560 -5104 88 ) (-608 -5104 88 ) 
4 1556 1557 (-608 -5056 52 ) (-608 -5104 52 ) (-608 -5104 88 ) (-608 -5056 88 ) 
4 1557 1640 (-616 -5104 52 ) (-616 -5048 52 ) (-608 -5056 52 ) (-608 -5104 52 ) 
4 1557 1562 (-616 -5048 52 ) (-616 -5104 52 ) (-616 -5104 88 ) (-616 -5048 88 ) 
4 1557 1558 (-616 -5104 88 ) (-616 -5104 52 ) (-608 -5104 52 ) (-608 -5104 88 ) 
4 1558 1640 (-608 -5112 52 ) (-616 -5112 52 ) (-616 -5104 52 ) (-608 -5104 52 ) 
4 1558 1637 (-552 -5112 52 ) (-608 -5112 52 ) (-608 -5104 52 ) (-560 -5104 52 ) 
4 1558 1562 (-616 -5104 52 ) (-616 -5112 52 ) (-616 -5112 88 ) (-616 -5104 88 ) 
4 1558 1560 (-616 -5112 88 ) (-616 -5112 52 ) (-552 -5112 52 ) (-552 -5112 88 ) 
4 1559 1678 (-432 -5120 88 ) (-440 -5120 88 ) (-440 -5120 52 ) (-432 -5120 52 ) 
4 1559 1674 (-144 -5120 88 ) (-295.994507 -5120 88 ) (-295.994537 -5120 52 ) (-144 -5120 52 ) 
4 1559 1670 (-295.994507 -5120 88 ) (-432 -5120 88 ) (-432 -5120 52 ) (-295.994537 -5120 52 ) 
4 1559 1668 (-136 -5120 88 ) (-144 -5120 88 ) (-144 -5120 52 ) (-136 -5120 52 ) 
4 1559 1638 (-424.458344 -5120 52 ) (-440 -5120 52 ) (-448 -5112 52 ) (-414.460907 -5112 52 ) 
4 1559 1630 (-128 -5112 52 ) (-136 -5120 52 ) (-424.458344 -5120 52 ) (-414.460907 -5112 52 ) 
4 1560 1677 (-448 -5120 88 ) (-616 -5120 88 ) (-616 -5120 52 ) (-448 -5120 52 ) 
4 1560 1640 (-608 -5120 52 ) (-616 -5120 52 ) (-616 -5112 52 ) (-608 -5112 52 ) 
4 1560 1639 (-448 -5120 52 ) (-608 -5120 52 ) (-608 -5112 52 ) (-456 -5112 52 ) 
4 1560 1562 (-616 -5112 52 ) (-616 -5120 52 ) (-616 -5120 88 ) (-616 -5112 88 ) 
3 1561 1615 (-632 -4960 52 ) (-616 -4960 52 ) (-616 -4976 52 ) 
4 1562 1677 (-616 -5120 88 ) (-728 -5120 88 ) (-728 -5120 52 ) (-616 -5120 52 ) 
3 1562 1641 (-616 -5120 52 ) (-724 -5120 52 ) (-616 -5012 52 ) 
7 1562 1611 (-724 -5120 52 ) (-728 -5120 52 ) (-728 -4984 52 ) (-704 -4960 52 ) (-640 -4960 52 ) (-616 -4984 52 ) (-616 -5012 52 ) 
4 1563 1679 (-736 -5120 88 ) (-872.005249 -5120 88 ) (-872.005249 -5120 52 ) (-736 -5120 52 ) 
3 1563 1614 (-736 -5120 52 ) (-872.005249 -5120 52 ) (-736 -4984 52 ) 
4 1564 1628 (0 -4984.003906 52 ) (0 -5080 52 ) (-24 -5104 52 ) (-120 -5104 52 ) 
3 1565 1629 (0 -5088 52 ) (0 -5104 52 ) (-16 -5104 52 ) 
4 1565 1566 (-16 -5104 52 ) (0 -5104 52 ) (0 -5104 88 ) (-16 -5104 88 ) 
4 1566 1629 (0 -5104 52 ) (0 -5112 52 ) (-24 -5112 52 ) (-16 -5104 52 ) 
4 1566 1567 (-24 -5112 52 ) (0 -5112 52 ) (0 -5112 88 ) (-24 -5112 88 ) 
4 1567 1667 (0 -5120 52 ) (0 -5120 88 ) (-128 -5120 88 ) (-128 -5120 52 ) 
4 1567 1631 (0 -5112 52 ) (0 -5120 52 ) (-128 -5120 52 ) (-120 -5112 52 ) 
4 1568 1574 (-144 -4096 -8 ) (-144 -4295.990723 -8 ) (-144 -4295.990723 52 ) (-144 -4096 52 ) 
4 1568 1572 (-144 -4295.990723 -8 ) (-144 -4424 -8 ) (-144 -4424 52 ) (-144 -4295.990723 52 ) 
4 1568 1570 (-144 -4424 52 ) (-144 -4424 -8 ) (-128 -4424 -8 ) (-128 -4424 52 ) 
4 1568 1569 (-120.003662 -4416 -8 ) (0 -4296 -8 ) (0 -4296 52 ) (-120.003662 -4416 52 ) 
4 1569 1616 (0 -4396 52 ) (-20 -4416 52 ) (-20 -4416 -8 ) (0 -4396 -8 ) 
4 1570 1572 (-144 -4424 -8 ) (-144 -4440 -8 ) (-144 -4440 52 ) (-144 -4424 52 ) 
4 1571 1618 (-28 -4424 52 ) (-144 -4540 52 ) (-144 -4540 -8 ) (-28 -4424 -8 ) 
4 1572 1588 (-304.005768 -4600 48 ) (-304.005768 -4600 52 ) (-432 -4600 52 ) (-432 -4600 48 ) 
4 1572 1586 (-432 -4600 48 ) (-432 -4600 52 ) (-432 -4584 52 ) (-432 -4584 37.332813 ) 
5 1572 1576 (-304.004730 -4600 52 ) (-304.004730 -4600 48 ) (-220.001862 -4516 -8 ) (-152 -4448 -8 ) (-152 -4448 52 ) 
5 1572 1575 (-360.001160 -4511.996094 -8 ) (-364.004639 -4516 -8 ) (-424 -4575.996582 31.997879 ) (-424 -4575.997070 52 ) (-360.001038 -4511.996094 52 ) 
4 1572 1574 (-144 -4295.988281 52 ) (-144 -4295.988281 -8 ) (-360.001160 -4511.996094 -8 ) (-360.001038 -4511.996094 52 ) 
5 1572 1573 (-432 -4584 37.332031 ) (-424.002106 -4576.001953 32 ) (-280.007233 -4576 32 ) (-304.009033 -4600 48 ) (-432 -4600 47.998840 ) 
4 1573 1588 (-304.005768 -4600 32 ) (-304.005768 -4600 48 ) (-432 -4600 48 ) (-432 -4600 32 ) 
4 1573 1586 (-432 -4600 32 ) (-432 -4600 48 ) (-432 -4584 37.332813 ) (-432 -4584 32 ) 
3 1573 1577 (-304.004730 -4600 48 ) (-304.004730 -4600 32 ) (-280.004120 -4576 32 ) 
4 1574 1583 (-432 -4416 -8 ) (-432 -4440 -8 ) (-432 -4440 52 ) (-432 -4416 52 ) 
4 1574 1578 (-432 -4096 -8 ) (-432 -4416 -8 ) (-432 -4416 52 ) (-432 -4096 52 ) 
4 1574 1575 (-424 -4448 -8 ) (-360 -4512 -8 ) (-360 -4512 52 ) (-424 -4448 52 ) 
4 1576 1620 (-152 -4548 52 ) (-204 -4600 52 ) (-204 -4600 48 ) (-152 -4548 13.333399 ) 
4 1576 1588 (-204 -4600 48 ) (-204 -4600 52 ) (-304.005768 -4600 52 ) (-304.005768 -4600 48 ) 
4 1576 1577 (-303.996429 -4600 48.003197 ) (-279.990784 -4575.995117 32 ) (-179.994995 -4575.995117 32 ) (-204 -4600 48.003162 ) 
3 1577 1621 (-204 -4600 48 ) (-204 -4600 32 ) (-180 -4576 32 ) 
4 1577 1588 (-204 -4600 32 ) (-204 -4600 48 ) (-304.005768 -4600 48 ) (-304.005768 -4600 32 ) 
4 1578 1583 (-456 -4416 -8 ) (-432 -4416 -8 ) (-432 -4416 52 ) (-456 -4416 52 ) 
4 1578 1579 (-576 -4096 -8 ) (-576 -4224 -8 ) (-576 -4224 52 ) (-576 -4096 52 ) 
4 1579 1581 (-584 -4096 -8 ) (-584 -4215.407227 -8 ) (-584 -4215.407227 52 ) (-584 -4096 52 ) 
4 1580 1979 (-1024 -4416 52 ) (-1024 -4096 52 ) (-1024 -4096 -8 ) (-1024 -4416 -8 ) 
4 1580 1584 (-1024 -4416 -8 ) (-584 -4416 -8 ) (-584 -4416 52 ) (-1024 -4416 52 ) 
4 1582 1585 (-584 -4560 -8 ) (-432 -4560 -8 ) (-432 -4560 52 ) (-584 -4560 52 ) 
4 1582 1584 (-584 -4424 -8 ) (-584 -4560 -8 ) (-584 -4560 52 ) (-584 -4424 52 ) 
4 1584 1979 (-1024 -4560 52 ) (-1024 -4416 52 ) (-1024 -4416 -8 ) (-1024 -4560 -8 ) 
4 1584 1585 (-728 -4560 -8 ) (-584 -4560 -8 ) (-584 -4560 52 ) (-728 -4560 52 ) 
4 1585 1596 (-728 -4600 -8 ) (-608 -4600 -8 ) (-608 -4600 32 ) (-728 -4600 32 ) 
4 1585 1595 (-616 -4600 52 ) (-728 -4600 52 ) (-728 -4600 32 ) (-616 -4600 32 ) 
4 1585 1592 (-608 -4600 32 ) (-608 -4600 52 ) (-616 -4600 52 ) (-616 -4600 32 ) 
4 1585 1591 (-608 -4600 -8 ) (-552 -4600 -8 ) (-552 -4600 32 ) (-608 -4600 32 ) 
4 1585 1590 (-552 -4600 52 ) (-608 -4600 52 ) (-608 -4600 32 ) (-552 -4600 32 ) 
4 1586 1588 (-432 -4600 32 ) (-432 -4600 52 ) (-448 -4600 52 ) (-448 -4600 32 ) 
4 1587 1980 (-1024 -4600 52 ) (-1024 -4568 52 ) (-1024 -4568 -8 ) (-1024 -4600 -8 ) 
4 1587 1600 (-1024 -4600 -8 ) (-736 -4600 -8 ) (-736 -4600 52 ) (-1024 -4600 52 ) 
4 1588 1622 (-204 -4600 52 ) (-212 -4608 52 ) (-212 -4608 32 ) (-204 -4600 32 ) 
4 1588 1589 (-456 -4608 32 ) (-212 -4608 32 ) (-212 -4608 52 ) (-456 -4608 52 ) 
4 1589 1645 (-293 -4689 52 ) (-356 -4752 52 ) (-356 -4752 32 ) (-293 -4689 32 ) 
4 1589 1625 (-212 -4608 52 ) (-293 -4689 52 ) (-293 -4689 32 ) (-212 -4608 32 ) 
4 1589 1601 (-356 -4752 32 ) (-356 -4752 52 ) (-608 -4752 52 ) (-608 -4752 32 ) 
4 1589 1593 (-608 -4728 32 ) (-608 -4752 32 ) (-608 -4752 52 ) (-608 -4728 52 ) 
4 1590 1592 (-608 -4600 52 ) (-608 -4600 32 ) (-608 -4656 32 ) (-608 -4656 52 ) 
3 1590 1591 (-608 -4656 32 ) (-608 -4600 32 ) (-552 -4600 32 ) 
4 1591 1596 (-608 -4600 32 ) (-608 -4600 -8 ) (-608 -4656 -8 ) (-608 -4656 32 ) 
4 1592 1596 (-616 -4600 32 ) (-608 -4600 32 ) (-608 -4656 32 ) (-616 -4664 32 ) 
4 1592 1595 (-616 -4600 52 ) (-616 -4600 32 ) (-616 -4664 32 ) (-616 -4664 52 ) 
4 1593 1601 (-608 -4752 32 ) (-608 -4752 52 ) (-616 -4752 52 ) (-616 -4752 32 ) 
4 1593 1594 (-616 -4736 32 ) (-616 -4752 32 ) (-616 -4752 52 ) (-616 -4736 52 ) 
4 1594 1601 (-616 -4752 52 ) (-632 -4752 52 ) (-632 -4752 32 ) (-616 -4752 32 ) 
5 1595 1597 (-703.992981 -4752 32 ) (-703.997620 -4751.995117 32 ) (-616 -4664 32 ) (-616 -4728 32 ) (-640 -4752 32 ) 
5 1595 1596 (-703.997620 -4751.995117 32 ) (-728 -4727.992188 32 ) (-728 -4600 32 ) (-616 -4600 32 ) (-616 -4664 32 ) 
4 1596 1597 (-616 -4664.003418 32 ) (-704 -4752 32 ) (-704 -4752 -8 ) (-616 -4664.003418 -8 ) 
4 1598 1602 (-728 -4752 -8 ) (-712 -4752 -8 ) (-712 -4752 52 ) (-728 -4752 52 ) 
4 1598 1599 (-728 -4736 -8 ) (-728 -4752 -8 ) (-728 -4752 52 ) (-728 -4736 52 ) 
4 1599 1602 (-736 -4752 -8 ) (-728 -4752 -8 ) (-728 -4752 52 ) (-736 -4752 52 ) 
4 1599 1600 (-736 -4728 -8 ) (-736 -4752 -8 ) (-736 -4752 52 ) (-736 -4728 52 ) 
4 1600 1980 (-1024 -4752 52 ) (-1024 -4600 52 ) (-1024 -4600 -8 ) (-1024 -4752 -8 ) 
4 1600 1602 (-1024 -4752 -8 ) (-736 -4752 -8 ) (-736 -4752 52 ) (-1024 -4752 52 ) 
4 1601 1645 (-356 -4752 52 ) (-364 -4760 52 ) (-364 -4760 32 ) (-356 -4752 32 ) 
4 1601 1603 (-364 -4760 32 ) (-364 -4760 52 ) (-640 -4760 52 ) (-640 -4760 32 ) 
4 1602 1980 (-1024 -4760 52 ) (-1024 -4752 52 ) (-1024 -4752 -8 ) (-1024 -4760 -8 ) 
4 1602 1607 (-1024 -4760 -8 ) (-832.005493 -4760 -8 ) (-832.005493 -4760 32 ) (-1024 -4760 32 ) 
4 1602 1606 (-832.005493 -4760 -8 ) (-704 -4760 -8 ) (-704 -4760 32 ) (-832.005493 -4760 32 ) 
4 1602 1604 (-832.005493 -4760 52 ) (-1024 -4760 52 ) (-1024 -4760 32 ) (-832.005493 -4760 32 ) 
4 1602 1603 (-704 -4760 32 ) (-704 -4760 52 ) (-832.005493 -4760 52 ) (-832.005493 -4760 32 ) 
4 1603 1647 (-364 -4760 52 ) (-384 -4780 52 ) (-384 -4780 32 ) (-364 -4760 32 ) 
4 1603 1648 (-384 -4780 52 ) (-463.619080 -4859.619141 52 ) (-463.619080 -4859.619141 32 ) (-384 -4780 32 ) 
4 1603 1634 (-463.619080 -4859.619141 52 ) (-564 -4960 52 ) (-564 -4960 32 ) (-463.619080 -4859.619141 32 ) 
4 1603 1615 (-616 -4960 52 ) (-632 -4960 52 ) (-632 -4960 32 ) (-616 -4960 32 ) 
4 1603 1609 (-564 -4960 32 ) (-564 -4960 52 ) (-616 -4960 52 ) (-616 -4960 32 ) 
3 1603 1606 (-640 -4952 32 ) (-832.005493 -4760 32 ) (-640 -4760 32 ) 
4 1603 1604 (-832.003906 -4760 52 ) (-832.003906 -4760 32 ) (-640 -4952 32 ) (-640 -4952 52 ) 
4 1604 1980 (-1024 -4952 52 ) (-1024 -4760 52 ) (-1024 -4760 32 ) (-1024 -4952 32 ) 
4 1604 1607 (-1024 -4952 32 ) (-1024 -4760 32 ) (-832.005493 -4760 32 ) (-640 -4952 32 ) 
4 1604 1605 (-1024 -4952 32 ) (-704 -4952 32 ) (-704 -4952 52 ) (-1024 -4952 52 ) 
4 1605 1980 (-1024 -4960 52 ) (-1024 -4952 52 ) (-1024 -4952 32 ) (-1024 -4960 32 ) 
4 1605 1613 (-728 -4960 52 ) (-1024 -4960 52 ) (-1024 -4960 32 ) (-728 -4960 32 ) 
4 1605 1612 (-712 -4960 52 ) (-728 -4960 52 ) (-728 -4960 32 ) (-712 -4960 32 ) 
4 1605 1608 (-712 -4960 32 ) (-1024 -4960 32 ) (-1024 -4952 32 ) (-704 -4952 32 ) 
4 1606 1607 (-640 -4951.996582 32 ) (-832.002197 -4760 32 ) (-832.002197 -4760 -8 ) (-700 -4891.998047 -8 ) 
4 1607 1980 (-1024 -4760 32 ) (-1024 -4760 -8 ) (-1024 -4952 -8 ) (-1024 -4952 32 ) 
4 1607 1608 (-1024 -4952 -8 ) (-704 -4952 -8 ) (-704 -4952 32 ) (-1024 -4952 32 ) 
4 1608 1980 (-1024 -4952 -8 ) (-1024 -4960 -8 ) (-1024 -4960 32 ) (-1024 -4952 32 ) 
4 1608 1613 (-1024 -4960 -8 ) (-728 -4960 -8 ) (-728 -4960 32 ) (-1024 -4960 32 ) 
4 1608 1612 (-728 -4960 -8 ) (-712 -4960 -8 ) (-712 -4960 32 ) (-728 -4960 32 ) 
4 1609 1635 (-582.002075 -4978.001953 52 ) (-598 -4994 52 ) (-598 -4994 32 ) (-582.002075 -4978.001953 32 ) 
4 1609 1634 (-564 -4960 52 ) (-582.002075 -4978.001953 52 ) (-582.002075 -4978.001953 32 ) (-564 -4960 32 ) 
4 1609 1615 (-616 -4960 52 ) (-616 -4960 32 ) (-616 -4976 32 ) (-616 -4976 52 ) 
4 1609 1610 (-608 -4983.995605 32 ) (-597.997864 -4993.997559 32 ) (-597.997864 -4993.997559 52 ) (-608 -4983.995605 52 ) 
4 1610 1635 (-598 -4994 52 ) (-608 -5004 52 ) (-608 -5004 32 ) (-598 -4994 32 ) 
4 1611 1677 (-724 -5120 -8 ) (-724 -5120 52 ) (-728 -5120 52 ) (-728 -5120 -8 ) 
4 1611 1644 (-724 -5120 32 ) (-724 -5120 -8 ) (-716 -5112 -8 ) (-716 -5112 32 ) 
4 1611 1643 (-716 -5112 -8 ) (-616 -5012 -8 ) (-616 -5012 32 ) (-716 -5112 32 ) 
4 1611 1641 (-616 -5012 52 ) (-724 -5120 52 ) (-724 -5120 32 ) (-616 -5012 32 ) 
4 1612 1613 (-728 -4960 52 ) (-728 -4960 -8 ) (-728 -4976 -8 ) (-728 -4976 52 ) 
4 1613 1980 (-1024 -5120 -8 ) (-1024 -5120 52 ) (-1024 -4960 52 ) (-1024 -4960 -8 ) 
4 1613 1679 (-872.005188 -5120 52 ) (-1024 -5120 52 ) (-1024 -5120 -8 ) (-872.005188 -5120 -8 ) 
4 1613 1614 (-872.003906 -5120 -8 ) (-736 -4983.998047 -8 ) (-736 -4983.998047 52 ) (-872.006348 -5120 52 ) 
4 1614 1679 (-736 -5120 52 ) (-872.005188 -5120 52 ) (-872.005188 -5120 -8 ) (-736 -5120 -8 ) 
4 1617 1622 (-128 -4600 32 ) (-128 -4600 52 ) (-144 -4600 52 ) (-144 -4600 32 ) 
4 1617 1619 (-144 -4600 32 ) (-144 -4600 52 ) (-144 -4584 52 ) (-144 -4584 32 ) 
4 1618 1626 (-24 -4600 -8 ) (0 -4600 -8 ) (0 -4600 32 ) (-24 -4600 32 ) 
4 1618 1623 (0 -4600 32 ) (0 -4600 52 ) (-24 -4600 52 ) (-24 -4600 32 ) 
4 1619 1622 (-144 -4600 32 ) (-144 -4600 52 ) (-152 -4600 52 ) (-152 -4600 32 ) 
3 1619 1621 (-152 -4576 32 ) (-152 -4600 32 ) (-152 -4600 48 ) 
4 1619 1620 (-152 -4576 32 ) (-152 -4600 48 ) (-152 -4600 52 ) (-152 -4576 52 ) 
4 1620 1622 (-204 -4600 52 ) (-204 -4600 48 ) (-152 -4600 48 ) (-152 -4600 52 ) 
4 1620 1621 (-152 -4575.993652 32 ) (-152 -4600 48.003906 ) (-204 -4600 48.003902 ) (-179.993515 -4575.993652 32 ) 
4 1621 1622 (-204 -4600 48 ) (-204 -4600 32 ) (-152 -4600 32 ) (-152 -4600 48 ) 
4 1622 1625 (-212 -4608 52 ) (-212 -4608 32 ) (-120 -4608 32 ) (-120 -4608 52 ) 
4 1623 1626 (-24 -4600 32 ) (0 -4600 32 ) (0 -4608 32 ) (-16 -4608 32 ) 
4 1623 1624 (-16 -4608 32 ) (0 -4608 32 ) (0 -4608 52 ) (-16 -4608 52 ) 
3 1624 1626 (-16 -4608 32 ) (0 -4608 32 ) (0 -4624 32 ) 
4 1625 1647 (-222 -4760 32 ) (-192 -4790 32 ) (-192 -4790 52 ) (-222 -4760 52 ) 
4 1625 1646 (-192 -4790 32 ) (-112.008652 -4869.991211 32 ) (-112.012474 -4869.987305 52 ) (-192 -4790 52 ) 
4 1625 1645 (-292.998047 -4689.001953 52 ) (-292.998047 -4689.001953 32 ) (-222 -4760 32 ) (-222 -4760 52 ) 
4 1625 1627 (-112.008652 -4869.991211 32 ) (0 -4982 32 ) (0 -4982 52 ) (-112.012474 -4869.987305 52 ) 
4 1627 1649 (-214.498917 -4952 32 ) (-292.948853 -5014.773926 32 ) (-292.952820 -5014.770020 52 ) (-214.507660 -4952 52 ) 
4 1627 1647 (-192 -4933.997070 32 ) (-214.498917 -4952 32 ) (-214.507660 -4952 52 ) (-192 -4933.989746 52 ) 
4 1627 1646 (-112.011414 -4869.984863 52 ) (-112.007706 -4869.988770 32 ) (-192 -4933.997070 32 ) (-192 -4933.989746 52 ) 
4 1627 1634 (-292.948853 -5014.773926 32 ) (-414.454712 -5112 32 ) (-414.463043 -5112 52 ) (-292.952820 -5014.770020 52 ) 
4 1627 1630 (-414.453644 -5112 52 ) (-414.445312 -5112 32 ) (-128 -5112 32 ) (-128 -5112 52 ) 
4 1627 1628 (-120.003662 -5104 32 ) (0 -4984 32 ) (0 -4984 52 ) (-120.003662 -5104 52 ) 
3 1629 1632 (0 -5088 32 ) (0 -5112 32 ) (-24 -5112 32 ) 
4 1629 1631 (-24 -5112 32 ) (0 -5112 32 ) (0 -5112 52 ) (-24 -5112 52 ) 
4 1630 1674 (-144 -5120 52 ) (-295.994568 -5120 52 ) (-295.994507 -5120 32 ) (-144 -5120 32 ) 
4 1630 1670 (-295.994568 -5120 52 ) (-424.458466 -5120 52 ) (-424.450134 -5120 32 ) (-295.994507 -5120 32 ) 
4 1630 1668 (-136 -5120 52 ) (-144 -5120 52 ) (-144 -5120 32 ) (-136 -5120 32 ) 
4 1630 1638 (-414.454712 -5112 32 ) (-424.452484 -5120 32 ) (-424.460815 -5120 52 ) (-414.463043 -5112 52 ) 
4 1631 1667 (0 -5120 32 ) (0 -5120 52 ) (-128 -5120 52 ) (-128 -5120 32 ) 
4 1631 1633 (-120 -5112 32 ) (0 -5112 32 ) (0 -5120 32 ) (-128 -5120 32 ) 
4 1632 1633 (0 -5112 32 ) (-24 -5112 32 ) (-24 -5112 -8 ) (0 -5112 -8 ) 
4 1633 1667 (0 -5120 -8 ) (0 -5120 32 ) (-128 -5120 32 ) (-128 -5120 -8 ) 
4 1634 1649 (-292.953522 -5014.770020 52 ) (-292.949615 -5014.773438 32 ) (-362 -4952 32 ) (-362 -4952 52 ) 
4 1634 1647 (-362 -4952 32 ) (-384 -4932 32 ) (-384 -4932 52 ) (-362 -4952 52 ) 
4 1634 1648 (-384 -4932 32 ) (-463.620087 -4859.618164 32 ) (-463.620087 -4859.618164 52 ) (-384 -4932 52 ) 
4 1634 1638 (-448 -5112 32 ) (-414.452209 -5112 32 ) (-414.460541 -5112 52 ) (-448 -5112 52 ) 
4 1634 1635 (-582 -4978 52 ) (-582 -4978 32 ) (-455.996399 -5104 32 ) (-455.996399 -5104 52 ) 
3 1636 1642 (-608 -5104 32 ) (-608 -5056 32 ) (-560 -5104 32 ) 
4 1636 1640 (-608 -5056 32 ) (-608 -5104 32 ) (-608 -5104 52 ) (-608 -5056 52 ) 
4 1636 1637 (-608 -5104 52 ) (-608 -5104 32 ) (-560 -5104 32 ) (-560 -5104 52 ) 
4 1637 1642 (-552 -5112 32 ) (-608 -5112 32 ) (-608 -5104 32 ) (-560 -5104 32 ) 
4 1637 1640 (-608 -5104 32 ) (-608 -5112 32 ) (-608 -5112 52 ) (-608 -5104 52 ) 
4 1637 1639 (-608 -5112 52 ) (-608 -5112 32 ) (-552 -5112 32 ) (-552 -5112 52 ) 
4 1638 1678 (-432 -5120 52 ) (-440 -5120 52 ) (-440 -5120 32 ) (-432 -5120 32 ) 
4 1638 1670 (-424.450134 -5120 32 ) (-424.458466 -5120 52 ) (-432 -5120 52 ) (-432 -5120 32 ) 
4 1639 1677 (-448 -5120 52 ) (-608 -5120 52 ) (-608 -5120 32 ) (-448 -5120 32 ) 
4 1639 1644 (-448 -5120 32 ) (-608 -5120 32 ) (-608 -5112 32 ) (-456 -5112 32 ) 
4 1639 1640 (-608 -5112 32 ) (-608 -5120 32 ) (-608 -5120 52 ) (-608 -5112 52 ) 
4 1640 1677 (-608 -5120 52 ) (-616 -5120 52 ) (-616 -5120 32 ) (-608 -5120 32 ) 
4 1640 1644 (-608 -5120 32 ) (-616 -5120 32 ) (-616 -5112 32 ) (-608 -5112 32 ) 
4 1640 1642 (-616 -5112 32 ) (-616 -5048 32 ) (-608 -5056 32 ) (-608 -5112 32 ) 
4 1640 1641 (-616 -5048 32 ) (-616 -5120 32 ) (-616 -5120 52 ) (-616 -5048 52 ) 
4 1641 1677 (-616 -5120 52 ) (-724 -5120 52 ) (-724 -5120 32 ) (-616 -5120 32 ) 
4 1641 1644 (-616 -5120 32 ) (-724 -5120 32 ) (-716 -5112 32 ) (-616 -5112 32 ) 
3 1641 1643 (-716 -5112 32 ) (-616 -5012 32 ) (-616 -5112 32 ) 
4 1642 1644 (-616 -5112 -8 ) (-552 -5112 -8 ) (-552 -5112 32 ) (-616 -5112 32 ) 
4 1642 1643 (-616 -5048 -8 ) (-616 -5112 -8 ) (-616 -5112 32 ) (-616 -5048 32 ) 
4 1643 1644 (-716.003906 -5112 -8 ) (-616 -5112 -8 ) (-616 -5112 32 ) (-716 -5112 32 ) 
4 1644 1677 (-448 -5120 32 ) (-724 -5120 32 ) (-724 -5120 -8 ) (-448 -5120 -8 ) 
4 1645 1647 (-364 -4760 52 ) (-364 -4760 32 ) (-222 -4760 32 ) (-222 -4760 52 ) 
4 1646 1647 (-192 -4790 52 ) (-192 -4790 32 ) (-192 -4933.998535 32 ) (-192 -4933.991699 52 ) 
4 1647 1649 (-362 -4952 52 ) (-362 -4952 32 ) (-214.494446 -4952 32 ) (-214.502792 -4952 52 ) 
4 1647 1648 (-384 -4780 52 ) (-384 -4780 32 ) (-384 -4932 32 ) (-384 -4932 52 ) 
4 1650 1689 (1024 -6144 184 ) (1024 -6144 1104 ) (0 -6144 1104 ) (0 -6144 184 ) 
4 1650 1662 (0 -5120 1104 ) (0 -5120 184 ) (0 -6144 184 ) (0 -6144 1104 ) 
4 1650 1652 (0 -5120 184 ) (692 -5120 184 ) (692 -5920 184 ) (0 -5920 184 ) 
4 1650 1653 (692 -5984 184 ) (692 -6144 184 ) (0 -6144 184 ) (0 -5984 184 ) 
4 1650 1651 (692 -5120 184 ) (1024 -5120 184 ) (1024 -6144 184 ) (692 -6144 184 ) 
4 1651 1689 (1024 -6144 88 ) (1024 -6144 184 ) (692 -6144 184 ) (692 -6144 88 ) 
4 1651 1654 (692 -5792 88 ) (692 -5120 88 ) (1024 -5120 88 ) (1024 -5792 88 ) 
4 1651 1655 (1024 -6144 88 ) (692 -6144 88 ) (692 -5800 88 ) (1024 -5800 88 ) 
4 1651 1652 (692 -5120 88 ) (692 -5920 88 ) (692 -5920 184 ) (692 -5120 184 ) 
4 1651 1653 (692 -5984 88 ) (692 -6144 88 ) (692 -6144 184 ) (692 -5984 184 ) 
4 1652 1663 (0 -5120 184 ) (0 -5120 88 ) (0 -5920 88 ) (0 -5920 184 ) 
4 1652 1660 (0 -5288 88 ) (0 -5120 88 ) (8 -5120 88 ) (8 -5288 88 ) 
4 1652 1658 (160 -5152 88 ) (160 -5920 88 ) (152 -5920 88 ) (152 -5152 88 ) 
4 1652 1659 (8 -5120 88 ) (152 -5120 88 ) (152 -5920 88 ) (8 -5920 88 ) 
4 1652 1656 (160 -5120 88 ) (684 -5120 88 ) (684 -5144 88 ) (160 -5144 88 ) 
4 1652 1657 (684 -5152 88 ) (684 -5920 88 ) (160 -5920 88 ) (160 -5152 88 ) 
4 1653 1689 (692 -6144 184 ) (0 -6144 184 ) (0 -6144 88 ) (692 -6144 88 ) 
4 1653 1665 (0 -5984 88 ) (0 -6144 88 ) (0 -6144 184 ) (0 -5984 184 ) 
4 1653 1661 (692 -6144 88 ) (0 -6144 88 ) (0 -5984 88 ) (692 -5984 88 ) 
4 1655 1689 (1024 -6144 -8 ) (1024 -6144 88 ) (692 -6144 88 ) (692 -6144 -8 ) 
4 1655 1661 (692 -5984 -8 ) (692 -6144 -8 ) (692 -6144 88 ) (692 -5984 88 ) 
4 1657 1658 (160 -5152 -8 ) (160 -5920 -8 ) (160 -5920 88 ) (160 -5152 88 ) 
4 1658 1659 (152 -5152 -8 ) (152 -5920 -8 ) (152 -5920 88 ) (152 -5152 88 ) 
4 1659 1660 (8 -5120 -8 ) (8 -5288 -8 ) (8 -5288 88 ) (8 -5120 88 ) 
4 1660 1667 (0 -5120 88 ) (0 -5120 -8 ) (0 -5288 -8 ) (0 -5288 88 ) 
4 1661 1689 (692 -6144 88 ) (0 -6144 88 ) (0 -6144 -8 ) (692 -6144 -8 ) 
4 1661 1687 (0 -5984 -8 ) (0 -6144 -8 ) (0 -6144 88 ) (0 -5984 88 ) 
4 1662 2015 (-1024 -6144 184 ) (-1024 -6144 1104 ) (-1024 -5984 1104 ) (-1024 -5984 184 ) 
4 1662 2014 (-1024 -5984 1104 ) (-1024 -5120 1104 ) (-1024 -5120 184 ) (-1024 -5984 184 ) 
4 1662 1690 (0 -6144 184 ) (0 -6144 1104 ) (-1024 -6144 1104 ) (-1024 -6144 184 ) 
4 1662 1663 (0 -5120 184 ) (0 -5920 184 ) (-1024 -5920 184 ) (-1024 -5120 184 ) 
4 1662 1665 (0 -5984 184 ) (0 -6144 184 ) (-1024 -6144 184 ) (-1024 -5984 184 ) 
4 1663 2017 (-1024 -5152 184 ) (-1024 -5144 184 ) (-1024 -5144 88 ) (-1024 -5152 88 ) 
4 1663 2016 (-1024 -5144 184 ) (-1024 -5120 184 ) (-1024 -5120 88 ) (-1024 -5144 88 ) 
4 1663 2018 (-1024 -5920 184 ) (-1024 -5152 184 ) (-1024 -5152 88 ) (-1024 -5920 88 ) 
4 1663 1684 (-576 -5296 88 ) (0 -5296 88 ) (0 -5920 88 ) (-576 -5920 88 ) 
4 1663 1685 (-1024 -5920 88 ) (-1024 -5296 88 ) (-584 -5296 88 ) (-584 -5920 88 ) 
4 1663 1682 (-432 -5288 88 ) (-432 -5296 88 ) (-456 -5296 88 ) (-448 -5288 88 ) 
3 1663 1681 (-432 -5272 88 ) (-432 -5288 88 ) (-448 -5288 88 ) 
5 1663 1680 (-584 -5152 88 ) (-432 -5152 88 ) (-432 -5264 88 ) (-456 -5288 88 ) (-584 -5288 88 ) 
4 1663 1683 (-1024 -5296 88 ) (-1024 -5152 88 ) (-584 -5152 88 ) (-584 -5296 88 ) 
4 1663 1679 (-1024 -5144 88 ) (-1024 -5120 88 ) (-736 -5120 88 ) (-736 -5144 88 ) 
3 1663 1678 (-440 -5120 88 ) (-432 -5120 88 ) (-432 -5128 88 ) 
5 1663 1677 (-728 -5120 88 ) (-448 -5120 88 ) (-432 -5136 88 ) (-432 -5152 88 ) (-728 -5152 88 ) 
3 1663 1676 (-152 -5264 88 ) (-216 -5199.997070 88 ) (-152 -5136 88 ) 
4 1663 1674 (-295.994537 -5120 88 ) (-144 -5120 88 ) (-144 -5128 88 ) (-216 -5199.997070 88 ) 
4 1663 1673 (-424 -5296 88 ) (-432 -5296 88 ) (-432 -5272 88 ) (-424 -5264 88 ) 
3 1663 1672 (-263.993896 -5296 88 ) (-424 -5296 88 ) (-424 -5136 88 ) 
6 1663 1670 (-432 -5120 88 ) (-295.994537 -5120 88 ) (-144 -5272 88 ) (-144 -5296 88 ) (-263.993896 -5296 88 ) (-432 -5128 88 ) 
4 1663 1669 (-120 -5296 88 ) (-144 -5296 88 ) (-144 -5288 88 ) (-128 -5288 88 ) 
3 1663 1668 (-144 -5120 88 ) (-136 -5120 88 ) (-144 -5128 88 ) 
6 1663 1667 (-128 -5120 88 ) (0 -5120 88 ) (0 -5288 88 ) (-120 -5288 88 ) (-144 -5264 88 ) (-144 -5136 88 ) 
3 1663 1666 (-128 -5288 88 ) (-144 -5288 88 ) (-144 -5272 88 ) 
4 1663 1664 (-368 -5920 88 ) (-208 -5920 88 ) (-208 -5920 136 ) (-368 -5920 136 ) 
4 1664 1686 (-368 -5920 88 ) (-208 -5920 88 ) (-208 -5984 88 ) (-368 -5984 88 ) 
4 1664 1665 (-368 -5984 88 ) (-208 -5984 88 ) (-208 -5984 136 ) (-368 -5984 136 ) 
4 1665 2033 (-1024 -6144 88 ) (-1024 -6144 184 ) (-1024 -5984 184 ) (-1024 -5984 88 ) 
4 1665 1690 (0 -6144 88 ) (0 -6144 184 ) (-1024 -6144 184 ) (-1024 -6144 88 ) 
4 1665 1687 (0 -6144 88 ) (-1024 -6144 88 ) (-1024 -5984 88 ) (0 -5984 88 ) 
4 1666 1671 (-144 -5272 -8 ) (-144 -5288 -8 ) (-144 -5288 32 ) (-144 -5272 32 ) 
4 1666 1670 (-144 -5288 32 ) (-144 -5288 88 ) (-144 -5272 88 ) (-144 -5272 32 ) 
4 1666 1669 (-144 -5288 88 ) (-144 -5288 -8 ) (-128 -5288 -8 ) (-128 -5288 88 ) 
4 1668 1674 (-144 -5128 88 ) (-144 -5120 88 ) (-144 -5120 32 ) (-144 -5128 32 ) 
4 1669 1684 (-144 -5296 -8 ) (-120 -5296 -8 ) (-120 -5296 88 ) (-144 -5296 88 ) 
4 1669 1671 (-144 -5288 -8 ) (-144 -5296 -8 ) (-144 -5296 32 ) (-144 -5288 32 ) 
4 1669 1670 (-144 -5296 32 ) (-144 -5296 88 ) (-144 -5288 88 ) (-144 -5288 32 ) 
4 1670 1684 (-144 -5296 32 ) (-144 -5296 88 ) (-263.993896 -5296 88 ) (-263.993896 -5296 32 ) 
4 1670 1678 (-432 -5128 32 ) (-432 -5128 88 ) (-432 -5120 88 ) (-432 -5120 32 ) 
4 1670 1676 (-152 -5264 32 ) (-216 -5199.997559 32 ) (-216 -5199.997559 88 ) (-152 -5264 88 ) 
4 1670 1674 (-216 -5199.997559 32 ) (-295.995605 -5120 32 ) (-295.995605 -5120 88 ) (-216 -5199.997559 88 ) 
4 1670 1672 (-424 -5135.996582 32 ) (-263.991760 -5296 32 ) (-263.991760 -5296 88 ) (-424 -5135.996582 88 ) 
5 1670 1671 (-263.995850 -5296 32 ) (-424 -5136 32 ) (-279.996246 -5136 32 ) (-144 -5272 32 ) (-144 -5296 32 ) 
4 1671 1684 (-263.993896 -5296 -8 ) (-144 -5296 -8 ) (-144 -5296 32 ) (-263.993896 -5296 32 ) 
4 1671 1676 (-152 -5264 -8 ) (-216 -5199.997559 -8 ) (-216 -5199.997559 32 ) (-152 -5264 32 ) 
4 1671 1675 (-216 -5199.997559 -8 ) (-219.997803 -5196 -8 ) (-279.996002 -5136 32 ) (-216 -5199.997559 32 ) 
4 1671 1672 (-363.994690 -5196 -8 ) (-263.991760 -5296 -8 ) (-263.991760 -5296 32 ) (-423.996429 -5136 32 ) 
4 1672 1684 (-424 -5296 -8 ) (-263.993896 -5296 -8 ) (-263.993896 -5296 88 ) (-424 -5296 88 ) 
4 1672 1673 (-424 -5264 -8 ) (-424 -5296 -8 ) (-424 -5296 88 ) (-424 -5264 88 ) 
4 1673 1684 (-432 -5296 -8 ) (-424 -5296 -8 ) (-424 -5296 88 ) (-432 -5296 88 ) 
4 1673 1682 (-432 -5288 -8 ) (-432 -5296 -8 ) (-432 -5296 88 ) (-432 -5288 88 ) 
4 1673 1681 (-432 -5272 -8 ) (-432 -5288 -8 ) (-432 -5288 88 ) (-432 -5272 88 ) 
4 1674 1676 (-216 -5199.996094 88 ) (-216 -5199.996094 32 ) (-152 -5136 32 ) (-152 -5136 88 ) 
3 1674 1675 (-151.989243 -5136 32 ) (-216 -5200.003906 32 ) (-280.001801 -5136 32 ) 
4 1675 1676 (-216 -5199.996094 32 ) (-216 -5199.996094 -8 ) (-212.003418 -5196 -8 ) (-152 -5136 32 ) 
4 1677 1680 (-584 -5152 -8 ) (-432 -5152 -8 ) (-432 -5152 88 ) (-584 -5152 88 ) 
4 1677 1683 (-728 -5152 -8 ) (-584 -5152 -8 ) (-584 -5152 88 ) (-728 -5152 88 ) 
4 1679 2016 (-1024 -5144 88 ) (-1024 -5120 88 ) (-1024 -5120 -8 ) (-1024 -5144 -8 ) 
4 1680 1683 (-584 -5152 88 ) (-584 -5152 -8 ) (-584 -5288 -8 ) (-584 -5288 88 ) 
4 1681 1682 (-448 -5288 -8 ) (-432 -5288 -8 ) (-432 -5288 88 ) (-448 -5288 88 ) 
4 1682 1684 (-456 -5296 -8 ) (-432 -5296 -8 ) (-432 -5296 88 ) (-456 -5296 88 ) 
4 1683 2018 (-1024 -5296 88 ) (-1024 -5152 88 ) (-1024 -5152 -8 ) (-1024 -5296 -8 ) 
4 1683 1685 (-1024 -5296 -8 ) (-584 -5296 -8 ) (-584 -5296 88 ) (-1024 -5296 88 ) 
4 1684 1686 (-368 -5920 -8 ) (-208 -5920 -8 ) (-208 -5920 88 ) (-368 -5920 88 ) 
4 1685 2018 (-1024 -5920 88 ) (-1024 -5296 88 ) (-1024 -5296 -8 ) (-1024 -5920 -8 ) 
4 1686 1687 (-368 -5984 -8 ) (-208 -5984 -8 ) (-208 -5984 88 ) (-368 -5984 88 ) 
4 1687 2033 (-1024 -6144 -8 ) (-1024 -6144 88 ) (-1024 -5984 88 ) (-1024 -5984 -8 ) 
4 1687 1690 (0 -6144 -8 ) (0 -6144 88 ) (-1024 -6144 88 ) (-1024 -6144 -8 ) 
4 1688 1689 (1024 -6144 1104 ) (1024 -6144 -8 ) (1024 -6400 -8 ) (1024 -6400 1104 ) 
4 1689 1690 (0 -6144 1104 ) (0 -6144 -8 ) (0 -6400 -8 ) (0 -6400 1104 ) 
4 1690 2179 (-1024 -6400 -8 ) (-1024 -6400 184 ) (-1024 -6144 184 ) (-1024 -6144 -8 ) 
4 1690 2178 (-1024 -6400 184 ) (-1024 -6400 1104 ) (-1024 -6144 1104 ) (-1024 -6144 184 ) 
4 1691 1696 (-1848 -100 40 ) (-1848 -100 136 ) (-1848 0 136 ) (-1848 0 40 ) 
4 1691 1695 (-1848 -100 136 ) (-1848 -100 1104 ) (-1848 0 1104 ) (-1848 0 136 ) 
4 1691 1693 (-1848 -100 88 ) (-1848 -100 40 ) (-1100 -100 40 ) (-1100 -100 88 ) 
4 1691 1692 (-1848 -100 1104 ) (-1848 -100 88 ) (-1024 -100 88 ) (-1024 -100 1104 ) 
4 1692 1739 (-1320 -1024 1104 ) (-1848 -1024 1104 ) (-1848 -1024 88 ) (-1320 -1024 88 ) 
4 1692 1737 (-1320 -1024 94 ) (-1320 -1024 88 ) (-1312 -1024 88 ) (-1312 -1024 94 ) 
4 1692 1734 (-1320 -1024 230 ) (-1320 -1024 94 ) (-1312 -1024 94 ) (-1312 -1024 230 ) 
4 1692 1731 (-1320 -1024 366 ) (-1320 -1024 230 ) (-1312 -1024 230 ) (-1312 -1024 366 ) 
4 1692 1728 (-1320 -1024 426 ) (-1320 -1024 366 ) (-1312 -1024 366 ) (-1312 -1024 426 ) 
4 1692 1727 (-1320 -1024 464 ) (-1320 -1024 426 ) (-1312 -1024 426 ) (-1312 -1024 464 ) 
4 1692 1726 (-1312 -1024 1104 ) (-1320 -1024 1104 ) (-1320 -1024 464 ) (-1312 -1024 464 ) 
4 1692 1703 (-1024 -1024 88 ) (-1024 -1024 1104 ) (-1312 -1024 1104 ) (-1312 -1024 88 ) 
4 1692 1700 (-1848 -936 136 ) (-1848 -928 136 ) (-1848 -928 88 ) (-1848 -936 88 ) 
4 1692 1701 (-1848 -1024 88 ) (-1848 -1024 136 ) (-1848 -936 136 ) (-1848 -936 88 ) 
4 1692 1698 (-1848 -928 136 ) (-1848 -556 136 ) (-1848 -556 88 ) (-1848 -928 88 ) 
4 1692 1696 (-1848 -556 136 ) (-1848 -100 136 ) (-1848 -100 88 ) (-1848 -556 88 ) 
4 1692 1695 (-1848 -1024 136 ) (-1848 -1024 1104 ) (-1848 -100 1104 ) (-1848 -100 136 ) 
5 1692 1694 (-1024 -1024 88 ) (-1840 -1024 88 ) (-1840 -768 88 ) (-1100 -108 88 ) (-1024 -108 88 ) 
3 1692 1693 (-1848 -768 88 ) (-1848 -100 88 ) (-1100 -100 88 ) 
4 1693 1698 (-1848 -768 40 ) (-1848 -768 88 ) (-1848 -556 88 ) (-1848 -556 40 ) 
4 1693 1696 (-1848 -556 88 ) (-1848 -100 88 ) (-1848 -100 40 ) (-1848 -556 40 ) 
4 1694 1746 (-1840 -1024 56 ) (-1840 -1024 -8 ) (-1408 -1024 -8 ) (-1408 -1024 56 ) 
4 1694 1744 (-1408 -1024 -8 ) (-1320 -1024 -8 ) (-1320 -1024 56 ) (-1408 -1024 56 ) 
4 1694 1740 (-1320 -1024 88 ) (-1840 -1024 88 ) (-1840 -1024 56 ) (-1320 -1024 56 ) 
4 1694 1738 (-1320 -1024 56 ) (-1320 -1024 -8 ) (-1312 -1024 -8 ) (-1312 -1024 56 ) 
4 1694 1737 (-1312 -1024 88 ) (-1320 -1024 88 ) (-1320 -1024 56 ) (-1312 -1024 56 ) 
4 1694 1703 (-1024 -1024 -8 ) (-1024 -1024 88 ) (-1312 -1024 88 ) (-1312 -1024 -8 ) 
4 1695 1756 (-2048 -936 136 ) (-2048 -1024 136 ) (-2048 -1024 1104 ) (-2048 -936 1104 ) 
4 1695 1754 (-2048 -928 136 ) (-2048 -936 136 ) (-2048 -936 1104 ) (-2048 -928 1104 ) 
4 1695 1753 (-2048 -564 136 ) (-2048 -928 136 ) (-2048 -928 1104 ) (-2048 -564 1104 ) 
4 1695 1750 (-2048 0 1104 ) (-2048 0 136 ) (-2048 -564 136 ) (-2048 -564 1104 ) 
4 1695 1739 (-2048 -1024 1104 ) (-2048 -1024 136 ) (-1848 -1024 136 ) (-1848 -1024 1104 ) 
4 1695 1700 (-1848 -928 136 ) (-1848 -936 136 ) (-2048 -936 136 ) (-2048 -928 136 ) 
4 1695 1701 (-1848 -936 136 ) (-1848 -1024 136 ) (-2048 -1024 136 ) (-2048 -936 136 ) 
4 1695 1699 (-1872 -928 136 ) (-2048 -928 136 ) (-2048 -564 136 ) (-1872 -564 136 ) 
4 1695 1698 (-1848 -556 136 ) (-1848 -928 136 ) (-1872 -928 136 ) (-1872 -556 136 ) 
4 1695 1696 (-1872 0 136 ) (-1848 0 136 ) (-1848 -556 136 ) (-1872 -556 136 ) 
4 1695 1697 (-2048 0 136 ) (-1880 0 136 ) (-1880 -556 136 ) (-2048 -556 136 ) 
4 1696 1698 (-1872 -556 40 ) (-1848 -556 40 ) (-1848 -556 136 ) (-1872 -556 136 ) 
4 1697 1751 (-2048 0 136 ) (-2048 0 40 ) (-2048 -556 40 ) (-2048 -556 136 ) 
4 1698 1700 (-1848 -928 88 ) (-1848 -928 136 ) (-1872 -928 136 ) (-1872 -928 88 ) 
4 1698 1699 (-1872 -564 40 ) (-1872 -928 40 ) (-1872 -928 136 ) (-1872 -564 136 ) 
4 1699 1753 (-2048 -564 40 ) (-2048 -928 40 ) (-2048 -928 136 ) (-2048 -564 136 ) 
4 1699 1700 (-1872 -928 88 ) (-1872 -928 136 ) (-2048 -928 136 ) (-2048 -928 88 ) 
4 1700 1754 (-2048 -936 88 ) (-2048 -936 136 ) (-2048 -928 136 ) (-2048 -928 88 ) 
4 1700 1701 (-1848 -936 88 ) (-1848 -936 136 ) (-2048 -936 136 ) (-2048 -936 88 ) 
4 1701 1756 (-2048 -936 40 ) (-2048 -1024 40 ) (-2048 -1024 136 ) (-2048 -936 136 ) 
4 1701 1748 (-2048 -1024 56 ) (-2048 -1024 40 ) (-1848 -1024 40 ) (-1848 -1024 56 ) 
4 1701 1742 (-2048 -1024 88 ) (-2048 -1024 56 ) (-1848 -1024 56 ) (-1848 -1024 88 ) 
4 1701 1739 (-2048 -1024 136 ) (-2048 -1024 88 ) (-1848 -1024 88 ) (-1848 -1024 136 ) 
4 1701 1702 (-2048 -1024 40 ) (-2048 -936 40 ) (-1848 -936 40 ) (-1848 -1024 40 ) 
4 1702 1756 (-2048 -936 -8 ) (-2048 -1024 -8 ) (-2048 -1024 40 ) (-2048 -936 40 ) 
4 1702 1748 (-2048 -1024 40 ) (-2048 -1024 -8 ) (-1848 -1024 -8 ) (-1848 -1024 40 ) 
4 1703 1738 (-1312 -1024 56 ) (-1312 -1024 -8 ) (-1312 -1084 -8 ) (-1312 -1084 56 ) 
4 1703 1737 (-1312 -1024 94 ) (-1312 -1024 56 ) (-1312 -1084 56 ) (-1312 -1084 94 ) 
4 1703 1734 (-1312 -1024 230 ) (-1312 -1024 94 ) (-1312 -1084 94 ) (-1312 -1084 230 ) 
4 1703 1731 (-1312 -1024 366 ) (-1312 -1024 230 ) (-1312 -1084 230 ) (-1312 -1084 366 ) 
4 1703 1728 (-1312 -1024 426 ) (-1312 -1024 366 ) (-1312 -1084 366 ) (-1312 -1084 426 ) 
4 1703 1727 (-1312 -1024 464 ) (-1312 -1024 426 ) (-1312 -1084 426 ) (-1312 -1084 464 ) 
4 1703 1726 (-1312 -1024 1104 ) (-1312 -1024 464 ) (-1312 -1084 464 ) (-1312 -1084 1104 ) 
4 1703 1709 (-1312 -1084 1104 ) (-1312 -1084 464 ) (-1196 -1084 464 ) (-1196 -1084 1104 ) 
4 1703 1707 (-1140 -1084 230 ) (-1140 -1084 290 ) (-1196 -1084 290 ) (-1196 -1084 230 ) 
4 1703 1708 (-1140 -1084 94 ) (-1140 -1084 154 ) (-1196 -1084 154 ) (-1196 -1084 94 ) 
4 1703 1706 (-1140 -1084 366 ) (-1140 -1084 426 ) (-1196 -1084 426 ) (-1196 -1084 366 ) 
4 1703 1705 (-1140 -1084 464 ) (-1140 -1084 1104 ) (-1196 -1084 1104 ) (-1196 -1084 464 ) 
4 1703 1704 (-1024 -1084 464 ) (-1024 -1084 1104 ) (-1140 -1084 1104 ) (-1140 -1084 464 ) 
4 1704 1710 (-1024 -1092 464 ) (-1024 -1092 1104 ) (-1140 -1092 1104 ) (-1140 -1092 464 ) 
4 1704 1705 (-1140 -1084 1104 ) (-1140 -1084 464 ) (-1140 -1092 464 ) (-1140 -1092 1104 ) 
4 1705 1710 (-1140 -1092 464 ) (-1140 -1092 1104 ) (-1196 -1092 1104 ) (-1196 -1092 464 ) 
4 1705 1709 (-1196 -1084 1104 ) (-1196 -1084 464 ) (-1196 -1092 464 ) (-1196 -1092 1104 ) 
4 1706 1711 (-1140 -1092 366 ) (-1140 -1092 426 ) (-1196 -1092 426 ) (-1196 -1092 366 ) 
4 1707 1712 (-1140 -1092 230 ) (-1140 -1092 290 ) (-1196 -1092 290 ) (-1196 -1092 230 ) 
4 1708 1713 (-1140 -1092 94 ) (-1140 -1092 154 ) (-1196 -1092 154 ) (-1196 -1092 94 ) 
4 1709 1726 (-1312 -1092 464 ) (-1312 -1092 1104 ) (-1312 -1084 1104 ) (-1312 -1084 464 ) 
4 1709 1710 (-1312 -1092 1104 ) (-1312 -1092 464 ) (-1196 -1092 464 ) (-1196 -1092 1104 ) 
4 1710 1726 (-1312 -1708 464 ) (-1312 -1708 1104 ) (-1312 -1092 1104 ) (-1312 -1092 464 ) 
4 1710 1714 (-1312 -1708 1104 ) (-1312 -1708 464 ) (-1024 -1708 464 ) (-1024 -1708 1104 ) 
4 1711 1730 (-1312 -1480 426 ) (-1312 -1424 426 ) (-1312 -1424 366 ) (-1312 -1480 366 ) 
4 1711 1729 (-1312 -1256 426 ) (-1312 -1200 426 ) (-1312 -1200 366 ) (-1312 -1256 366 ) 
4 1711 1715 (-1056 -1708 328 ) (-1024 -1708 328 ) (-1024 -1708 436 ) (-1056 -1708 436 ) 
4 1712 1733 (-1312 -1424 290 ) (-1312 -1424 230 ) (-1312 -1480 230 ) (-1312 -1480 290 ) 
4 1712 1732 (-1312 -1200 290 ) (-1312 -1200 230 ) (-1312 -1256 230 ) (-1312 -1256 290 ) 
4 1712 1716 (-1056 -1708 192 ) (-1024 -1708 192 ) (-1024 -1708 300 ) (-1056 -1708 300 ) 
4 1713 1736 (-1312 -1424 154 ) (-1312 -1424 94 ) (-1312 -1480 94 ) (-1312 -1480 154 ) 
4 1713 1735 (-1312 -1200 154 ) (-1312 -1200 94 ) (-1312 -1256 94 ) (-1312 -1256 154 ) 
4 1713 1717 (-1056 -1708 56 ) (-1024 -1708 56 ) (-1024 -1708 164 ) (-1056 -1708 164 ) 
4 1714 1726 (-1312 -1716 464 ) (-1312 -1716 1104 ) (-1312 -1708 1104 ) (-1312 -1708 464 ) 
4 1714 1718 (-1312 -1716 1104 ) (-1312 -1716 464 ) (-1024 -1716 464 ) (-1024 -1716 1104 ) 
4 1715 1719 (-1024 -1716 328 ) (-1024 -1716 436 ) (-1056 -1716 436 ) (-1056 -1716 328 ) 
4 1716 1720 (-1024 -1716 192 ) (-1024 -1716 300 ) (-1056 -1716 300 ) (-1056 -1716 192 ) 
4 1717 1721 (-1056 -1716 56 ) (-1024 -1716 56 ) (-1024 -1716 164 ) (-1056 -1716 164 ) 
4 1718 1726 (-1312 -1908 464 ) (-1312 -1908 1104 ) (-1312 -1716 1104 ) (-1312 -1716 464 ) 
4 1718 1722 (-1312 -1908 1104 ) (-1312 -1908 464 ) (-1024 -1908 464 ) (-1024 -1908 1104 ) 
4 1719 1723 (-1312 -1908 456 ) (-1312 -1908 328 ) (-1024 -1908 328 ) (-1024 -1908 456 ) 
4 1720 1724 (-1312 -1908 320 ) (-1312 -1908 192 ) (-1024 -1908 192 ) (-1024 -1908 320 ) 
4 1721 1725 (-1312 -1908 184 ) (-1312 -1908 56 ) (-1024 -1908 56 ) (-1024 -1908 184 ) 
4 1722 1796 (-1024 -2048 464 ) (-1024 -2048 1104 ) (-1312 -2048 1104 ) (-1312 -2048 464 ) 
4 1722 1726 (-1312 -2048 464 ) (-1312 -2048 1104 ) (-1312 -1908 1104 ) (-1312 -1908 464 ) 
4 1723 1821 (-1024 -2048 328 ) (-1024 -2048 366 ) (-1312 -2048 366 ) (-1312 -2048 328 ) 
4 1723 1807 (-1024 -2048 366 ) (-1024 -2048 426 ) (-1312 -2048 426 ) (-1312 -2048 366 ) 
4 1723 1797 (-1024 -2048 426 ) (-1024 -2048 456 ) (-1312 -2048 456 ) (-1312 -2048 426 ) 
4 1724 1845 (-1024 -2048 192 ) (-1024 -2048 230 ) (-1312 -2048 230 ) (-1312 -2048 192 ) 
4 1724 1830 (-1024 -2048 230 ) (-1024 -2048 320 ) (-1312 -2048 320 ) (-1312 -2048 230 ) 
4 1725 1869 (-1024 -2048 56 ) (-1024 -2048 94 ) (-1312 -2048 94 ) (-1312 -2048 56 ) 
4 1725 1854 (-1024 -2048 94 ) (-1024 -2048 184 ) (-1312 -2048 184 ) (-1312 -2048 94 ) 
4 1726 1796 (-1312 -2048 464 ) (-1312 -2048 1104 ) (-1320 -2048 1104 ) (-1320 -2048 464 ) 
4 1726 1739 (-1320 -2048 464 ) (-1320 -2048 1104 ) (-1320 -1024 1104 ) (-1320 -1024 464 ) 
4 1726 1727 (-1320 -1084 464 ) (-1320 -1024 464 ) (-1312 -1024 464 ) (-1312 -1084 464 ) 
4 1727 1739 (-1320 -1084 464 ) (-1320 -1024 464 ) (-1320 -1024 426 ) (-1320 -1084 426 ) 
4 1727 1728 (-1320 -1084 426 ) (-1320 -1024 426 ) (-1312 -1024 426 ) (-1312 -1084 426 ) 
4 1728 1739 (-1320 -1084 426 ) (-1320 -1024 426 ) (-1320 -1024 366 ) (-1320 -1084 366 ) 
4 1728 1731 (-1320 -1084 366 ) (-1320 -1024 366 ) (-1312 -1024 366 ) (-1312 -1084 366 ) 
4 1729 1739 (-1320 -1256 426 ) (-1320 -1200 426 ) (-1320 -1200 366 ) (-1320 -1256 366 ) 
4 1730 1739 (-1320 -1480 426 ) (-1320 -1424 426 ) (-1320 -1424 366 ) (-1320 -1480 366 ) 
4 1731 1739 (-1320 -1084 366 ) (-1320 -1024 366 ) (-1320 -1024 230 ) (-1320 -1084 230 ) 
4 1731 1734 (-1320 -1084 230 ) (-1320 -1024 230 ) (-1312 -1024 230 ) (-1312 -1084 230 ) 
4 1732 1739 (-1320 -1200 290 ) (-1320 -1200 230 ) (-1320 -1256 230 ) (-1320 -1256 290 ) 
4 1733 1739 (-1320 -1424 290 ) (-1320 -1424 230 ) (-1320 -1480 230 ) (-1320 -1480 290 ) 
4 1734 1739 (-1320 -1084 230 ) (-1320 -1024 230 ) (-1320 -1024 94 ) (-1320 -1084 94 ) 
4 1734 1737 (-1320 -1084 94 ) (-1320 -1024 94 ) (-1312 -1024 94 ) (-1312 -1084 94 ) 
4 1735 1739 (-1320 -1200 154 ) (-1320 -1200 94 ) (-1320 -1256 94 ) (-1320 -1256 154 ) 
4 1736 1739 (-1320 -1424 154 ) (-1320 -1424 94 ) (-1320 -1480 94 ) (-1320 -1480 154 ) 
4 1737 1740 (-1320 -1024 88 ) (-1320 -1024 56 ) (-1320 -1084 56 ) (-1320 -1084 88 ) 
4 1737 1739 (-1320 -1084 94 ) (-1320 -1024 94 ) (-1320 -1024 88 ) (-1320 -1084 88 ) 
4 1737 1738 (-1320 -1084 56 ) (-1320 -1024 56 ) (-1312 -1024 56 ) (-1312 -1084 56 ) 
4 1738 1744 (-1320 -1084 -8 ) (-1320 -1084 56 ) (-1320 -1024 56 ) (-1320 -1024 -8 ) 
4 1739 1883 (-1848 -2048 94 ) (-2048 -2048 94 ) (-2048 -2048 88 ) (-1848 -2048 88 ) 
4 1739 1881 (-1840 -2048 94 ) (-1848 -2048 94 ) (-1848 -2048 88 ) (-1840 -2048 88 ) 
4 1739 1878 (-1456 -2048 94 ) (-1464 -2048 94 ) (-1464 -2048 88 ) (-1456 -2048 88 ) 
4 1739 1880 (-1464 -2048 94 ) (-1840 -2048 94 ) (-1840 -2048 88 ) (-1464 -2048 88 ) 
4 1739 1875 (-1320 -2048 88 ) (-1320 -2048 94 ) (-1456 -2048 94 ) (-1456 -2048 88 ) 
4 1739 1866 (-1456 -2048 192 ) (-1464 -2048 192 ) (-1464 -2048 94 ) (-1456 -2048 94 ) 
4 1739 1868 (-1464 -2048 192 ) (-2048 -2048 192 ) (-2048 -2048 94 ) (-1464 -2048 94 ) 
4 1739 1862 (-1320 -2048 94 ) (-1320 -2048 192 ) (-1456 -2048 192 ) (-1456 -2048 94 ) 
4 1739 1851 (-1456 -2048 230 ) (-1464 -2048 230 ) (-1464 -2048 192 ) (-1456 -2048 192 ) 
4 1739 1852 (-1464 -2048 230 ) (-2048 -2048 230 ) (-2048 -2048 192 ) (-1464 -2048 192 ) 
4 1739 1849 (-1320 -2048 192 ) (-1320 -2048 230 ) (-1456 -2048 230 ) (-1456 -2048 192 ) 
4 1739 1842 (-1456 -2048 328 ) (-1464 -2048 328 ) (-1464 -2048 230 ) (-1456 -2048 230 ) 
4 1739 1844 (-1464 -2048 328 ) (-2048 -2048 328 ) (-2048 -2048 230 ) (-1464 -2048 230 ) 
4 1739 1838 (-1320 -2048 230 ) (-1320 -2048 328 ) (-1456 -2048 328 ) (-1456 -2048 230 ) 
4 1739 1827 (-1456 -2048 366 ) (-1464 -2048 366 ) (-1464 -2048 328 ) (-1456 -2048 328 ) 
4 1739 1828 (-1464 -2048 366 ) (-2048 -2048 366 ) (-2048 -2048 328 ) (-1464 -2048 328 ) 
4 1739 1825 (-1320 -2048 328 ) (-1320 -2048 366 ) (-1456 -2048 366 ) (-1456 -2048 328 ) 
4 1739 1809 (-1320 -2048 366 ) (-1320 -2048 426 ) (-2048 -2048 426 ) (-2048 -2048 366 ) 
4 1739 1798 (-1320 -2048 426 ) (-1320 -2048 464 ) (-2048 -2048 464 ) (-2048 -2048 426 ) 
4 1739 1796 (-1320 -2048 464 ) (-1320 -2048 1104 ) (-2048 -2048 1104 ) (-2048 -2048 464 ) 
4 1739 1776 (-2048 -2048 88 ) (-2048 -2048 1104 ) (-2048 -1776 1104 ) (-2048 -1776 88 ) 
4 1739 1770 (-2048 -1512 88 ) (-2048 -1776 88 ) (-2048 -1776 136 ) (-2048 -1512 136 ) 
4 1739 1769 (-2048 -1024 136 ) (-2048 -1024 88 ) (-2048 -1512 88 ) (-2048 -1512 136 ) 
4 1739 1768 (-2048 -1776 1104 ) (-2048 -1024 1104 ) (-2048 -1024 136 ) (-2048 -1776 136 ) 
4 1739 1742 (-2048 -1512 88 ) (-2048 -1024 88 ) (-1848 -1024 88 ) (-1848 -1512 88 ) 
4 1739 1743 (-2048 -2048 88 ) (-2048 -1520 88 ) (-1848 -1520 88 ) (-1848 -2048 88 ) 
4 1739 1741 (-1840 -1520 88 ) (-1840 -2048 88 ) (-1848 -2048 88 ) (-1848 -1520 88 ) 
4 1739 1740 (-1840 -1024 88 ) (-1320 -1024 88 ) (-1320 -2048 88 ) (-1840 -2048 88 ) 
4 1740 1878 (-1456 -2048 88 ) (-1464 -2048 88 ) (-1464 -2048 56 ) (-1456 -2048 56 ) 
4 1740 1880 (-1464 -2048 88 ) (-1840 -2048 88 ) (-1840 -2048 56 ) (-1464 -2048 56 ) 
4 1740 1875 (-1320 -2048 56 ) (-1320 -2048 88 ) (-1456 -2048 88 ) (-1456 -2048 56 ) 
4 1740 1746 (-1408 -2048 56 ) (-1840 -2048 56 ) (-1840 -1024 56 ) (-1408 -1024 56 ) 
3 1740 1745 (-1408 -1636 56 ) (-1408 -1596 56 ) (-1360 -1596 56 ) 
4 1740 1744 (-1320 -1024 56 ) (-1320 -1596 56 ) (-1408 -1596 56 ) (-1408 -1024 56 ) 
4 1740 1741 (-1840 -1520 56 ) (-1840 -2048 56 ) (-1840 -2048 88 ) (-1840 -1520 88 ) 
4 1741 1881 (-1840 -2048 88 ) (-1848 -2048 88 ) (-1848 -2048 56 ) (-1840 -2048 56 ) 
4 1741 1747 (-1840 -2048 56 ) (-1848 -2048 56 ) (-1848 -1520 56 ) (-1840 -1520 56 ) 
4 1741 1743 (-1848 -1520 56 ) (-1848 -2048 56 ) (-1848 -2048 88 ) (-1848 -1520 88 ) 
4 1742 1769 (-2048 -1512 88 ) (-2048 -1024 88 ) (-2048 -1024 56 ) (-2048 -1512 56 ) 
4 1742 1748 (-2048 -1512 56 ) (-2048 -1024 56 ) (-1848 -1024 56 ) (-1848 -1512 56 ) 
4 1743 1884 (-1848 -2048 88 ) (-2048 -2048 88 ) (-2048 -2048 56 ) (-1848 -2048 56 ) 
4 1743 1776 (-2048 -2048 56 ) (-2048 -2048 88 ) (-2048 -1776 88 ) (-2048 -1776 56 ) 
4 1743 1773 (-2048 -1776 88 ) (-2048 -1520 88 ) (-2048 -1520 56 ) (-2048 -1776 56 ) 
4 1743 1749 (-1848 -2048 56 ) (-2048 -2048 56 ) (-2048 -1520 56 ) (-1848 -1520 56 ) 
4 1744 1746 (-1408 -1024 -8 ) (-1408 -1596 -8 ) (-1408 -1596 56 ) (-1408 -1024 56 ) 
4 1744 1745 (-1408 -1596 56 ) (-1408 -1596 -8 ) (-1360 -1596 -8 ) (-1360 -1596 56 ) 
4 1745 1746 (-1408 -1596 -8 ) (-1408 -1636 -8 ) (-1408 -1636 56 ) (-1408 -1596 56 ) 
4 1746 1888 (-1408 -2048 56 ) (-1840 -2048 56 ) (-1840 -2048 -8 ) (-1408 -2048 -8 ) 
4 1746 1747 (-1840 -1520 -8 ) (-1840 -2048 -8 ) (-1840 -2048 56 ) (-1840 -1520 56 ) 
4 1747 1888 (-1840 -2048 56 ) (-1848 -2048 56 ) (-1848 -2048 -8 ) (-1840 -2048 -8 ) 
4 1747 1749 (-1848 -1520 -8 ) (-1848 -2048 -8 ) (-1848 -2048 56 ) (-1848 -1520 56 ) 
4 1748 1769 (-2048 -1512 56 ) (-2048 -1024 56 ) (-2048 -1024 -8 ) (-2048 -1512 -8 ) 
4 1749 1888 (-1848 -2048 56 ) (-2048 -2048 56 ) (-2048 -2048 -8 ) (-1848 -2048 -8 ) 
4 1749 1776 (-2048 -2048 -8 ) (-2048 -2048 56 ) (-2048 -1776 56 ) (-2048 -1776 -8 ) 
4 1749 1773 (-2048 -1776 56 ) (-2048 -1520 56 ) (-2048 -1520 -8 ) (-2048 -1776 -8 ) 
4 1750 1759 (-3072 0 1104 ) (-3072 0 136 ) (-3072 -564 136 ) (-3072 -564 1104 ) 
4 1750 1753 (-2048 -564 136 ) (-2048 -564 1104 ) (-3072 -564 1104 ) (-3072 -564 136 ) 
4 1750 1752 (-2660 -564 136 ) (-3072 -564 136 ) (-3072 -192 136 ) (-2660 -192 136 ) 
4 1750 1751 (-2652 0 136 ) (-2048 0 136 ) (-2048 -556 136 ) (-2652 -556 136 ) 
4 1752 1760 (-3072 -192 40 ) (-3072 -564 40 ) (-3072 -564 136 ) (-3072 -192 136 ) 
4 1752 1753 (-2660 -564 136 ) (-3072 -564 136 ) (-3072 -564 40 ) (-2660 -564 40 ) 
4 1753 1760 (-3072 -928 40 ) (-3072 -928 136 ) (-3072 -564 136 ) (-3072 -564 40 ) 
4 1753 1759 (-3072 -928 136 ) (-3072 -928 1104 ) (-3072 -564 1104 ) (-3072 -564 136 ) 
4 1753 1755 (-2544 -928 1104 ) (-3072 -928 1104 ) (-3072 -928 136 ) (-2544 -928 136 ) 
4 1753 1754 (-2048 -928 88 ) (-2048 -928 1104 ) (-2544 -928 1104 ) (-2544 -928 88 ) 
4 1754 1756 (-2048 -936 88 ) (-2048 -936 1104 ) (-2544 -936 1104 ) (-2544 -936 88 ) 
4 1754 1755 (-2544 -928 1104 ) (-2544 -928 136 ) (-2544 -936 136 ) (-2544 -936 1104 ) 
4 1755 1759 (-3072 -936 136 ) (-3072 -936 1104 ) (-3072 -928 1104 ) (-3072 -928 136 ) 
4 1755 1758 (-3072 -936 1104 ) (-3072 -936 136 ) (-2552 -936 136 ) (-2552 -936 1104 ) 
4 1755 1757 (-2552 -936 136 ) (-2544 -936 136 ) (-2544 -936 1104 ) (-2552 -936 1104 ) 
4 1756 1769 (-2048 -1024 -8 ) (-2048 -1024 136 ) (-2544 -1024 136 ) (-2544 -1024 -8 ) 
4 1756 1768 (-2048 -1024 136 ) (-2048 -1024 1104 ) (-2544 -1024 1104 ) (-2544 -1024 136 ) 
4 1756 1757 (-2544 -936 1104 ) (-2544 -936 136 ) (-2544 -1024 136 ) (-2544 -1024 1104 ) 
4 1757 1768 (-2544 -1024 136 ) (-2544 -1024 1104 ) (-2552 -1024 1104 ) (-2552 -1024 136 ) 
4 1757 1758 (-2552 -936 1104 ) (-2552 -936 136 ) (-2552 -1024 136 ) (-2552 -1024 1104 ) 
4 1758 1777 (-2552 -1024 40 ) (-2552 -1024 1104 ) (-3072 -1024 1104 ) (-3072 -1024 40 ) 
4 1758 1761 (-3072 -1024 40 ) (-3072 -1024 136 ) (-3072 -936 136 ) (-3072 -936 40 ) 
4 1758 1759 (-3072 -1024 136 ) (-3072 -1024 1104 ) (-3072 -936 1104 ) (-3072 -936 136 ) 
4 1759 1963 (-4096 -564 136 ) (-4096 -1024 136 ) (-4096 -1024 1104 ) (-4096 -564 1104 ) 
4 1759 1962 (-4096 0 1104 ) (-4096 0 136 ) (-4096 -564 136 ) (-4096 -564 1104 ) 
4 1759 1778 (-3072 -1024 136 ) (-3072 -1024 1104 ) (-4096 -1024 1104 ) (-4096 -1024 136 ) 
4 1759 1766 (-4012 -1024 136 ) (-4096 -1024 136 ) (-4096 -928 136 ) (-4012 -928 136 ) 
4 1759 1765 (-3232 -1024 136 ) (-4004 -1024 136 ) (-4004 -936 136 ) (-3232 -936 136 ) 
4 1759 1763 (-3232 -564 136 ) (-3232 -928 136 ) (-3600 -928 136 ) (-3600 -564 136 ) 
4 1759 1764 (-4096 -928 136 ) (-4096 -192 136 ) (-3600 -192 136 ) (-3600 -928 136 ) 
4 1759 1762 (-4096 -192 136 ) (-4096 0 136 ) (-3600 0 136 ) (-3600 -192 136 ) 
4 1759 1761 (-3072 -1024 136 ) (-3224 -1024 136 ) (-3224 -936 136 ) (-3072 -936 136 ) 
4 1759 1760 (-3232 -928 136 ) (-3232 -192 136 ) (-3072 -192 136 ) (-3072 -928 136 ) 
4 1760 1763 (-3232 -564 40 ) (-3232 -928 40 ) (-3232 -928 136 ) (-3232 -564 136 ) 
4 1761 1779 (-3072 -1024 40 ) (-3072 -1024 136 ) (-3224 -1024 136 ) (-3224 -1024 40 ) 
4 1762 1962 (-4096 0 136 ) (-4096 0 40 ) (-4096 -192 40 ) (-4096 -192 136 ) 
4 1762 1767 (-4096 0 40 ) (-3600 0 40 ) (-3600 -192 40 ) (-4096 -192 40 ) 
4 1762 1764 (-4096 -192 40 ) (-3600 -192 40 ) (-3600 -192 136 ) (-4096 -192 136 ) 
4 1763 1764 (-3600 -564 40 ) (-3600 -928 40 ) (-3600 -928 136 ) (-3600 -564 136 ) 
4 1764 1963 (-4096 -564 40 ) (-4096 -928 40 ) (-4096 -928 136 ) (-4096 -564 136 ) 
4 1764 1962 (-4096 -192 40 ) (-4096 -564 40 ) (-4096 -564 136 ) (-4096 -192 136 ) 
4 1764 1767 (-4096 -564 40 ) (-4096 -192 40 ) (-3600 -192 40 ) (-3600 -564 40 ) 
4 1764 1766 (-4096 -928 40 ) (-4012 -928 40 ) (-4012 -928 136 ) (-4096 -928 136 ) 
4 1765 1780 (-3232 -1024 136 ) (-4004 -1024 136 ) (-4004 -1024 40 ) (-3232 -1024 40 ) 
4 1766 1963 (-4096 -928 40 ) (-4096 -1024 40 ) (-4096 -1024 136 ) (-4096 -928 136 ) 
4 1766 1781 (-4012 -1024 136 ) (-4096 -1024 136 ) (-4096 -1024 40 ) (-4012 -1024 40 ) 
4 1767 1962 (-4096 0 40 ) (-4096 0 32 ) (-4096 -564 32 ) (-4096 -564 40 ) 
4 1768 1777 (-2552 -1024 1104 ) (-2552 -1024 136 ) (-2552 -1776 136 ) (-2552 -1776 1104 ) 
4 1768 1776 (-2552 -1776 1104 ) (-2552 -1776 136 ) (-2048 -1776 136 ) (-2048 -1776 1104 ) 
4 1768 1775 (-2232 -1776 136 ) (-2552 -1776 136 ) (-2552 -1768 136 ) (-2240 -1768 136 ) 
4 1768 1774 (-2544 -1512 136 ) (-2496 -1512 136 ) (-2240 -1768 136 ) (-2544 -1768 136 ) 
4 1768 1770 (-2048 -1776 136 ) (-2232 -1776 136 ) (-2496 -1512 136 ) (-2048 -1512 136 ) 
4 1768 1769 (-2544 -1024 136 ) (-2048 -1024 136 ) (-2048 -1512 136 ) (-2544 -1512 136 ) 
4 1769 1774 (-2496 -1512 136 ) (-2544 -1512 136 ) (-2544 -1512 -8 ) (-2496 -1512 -8 ) 
4 1769 1771 (-2496 -1512 88 ) (-2496 -1512 -8 ) (-2104 -1512 -8 ) (-2104 -1512 88 ) 
4 1769 1770 (-2048 -1512 136 ) (-2496 -1512 136 ) (-2496 -1512 88 ) (-2048 -1512 88 ) 
4 1770 1776 (-2048 -1776 88 ) (-2048 -1776 136 ) (-2232 -1776 136 ) (-2232 -1776 88 ) 
4 1770 1775 (-2240.003906 -1768 88 ) (-2232.003906 -1776 88 ) (-2232.003906 -1776 136 ) (-2240.003906 -1768 136 ) 
4 1770 1774 (-2496.001953 -1512 136 ) (-2496.001953 -1512 88 ) (-2240.003906 -1768 88 ) (-2240.003906 -1768 136 ) 
5 1770 1773 (-2048 -1776 88 ) (-2231.996094 -1776 88 ) (-2231.998535 -1775.997437 88 ) (-2096 -1520 88 ) (-2048 -1520 88 ) 
3 1770 1772 (-2239.998779 -1767.997437 88 ) (-2487.996094 -1520 88 ) (-2108.250000 -1520 88 ) 
4 1770 1771 (-2487.996094 -1520 88 ) (-2495.996094 -1512 88 ) (-2104 -1512 88 ) (-2108.250000 -1520 88 ) 
4 1771 1774 (-2496.001953 -1512 88 ) (-2496.001953 -1512 -8 ) (-2488.001953 -1520 -8 ) (-2488.001953 -1520 88 ) 
4 1771 1772 (-2108.250000 -1520 88 ) (-2488.007812 -1520 88 ) (-2488.007812 -1520 -8 ) (-2108.250000 -1520 -8 ) 
4 1772 1774 (-2488.001953 -1520 -8 ) (-2240.001465 -1768.002441 -8 ) (-2240.001465 -1768.002441 88 ) (-2488.001953 -1520 88 ) 
4 1773 1776 (-2232 -1776 -8 ) (-2048 -1776 -8 ) (-2048 -1776 88 ) (-2232 -1776 88 ) 
4 1774 1775 (-2240 -1768 88 ) (-2240 -1768 136 ) (-2544 -1768 136 ) (-2544 -1768 134.769226 ) 
3 1775 1776 (-2552 -1776 136 ) (-2232 -1776 86.769211 ) (-2232 -1776 136 ) 
5 1776 1916 (-2048 -2048 -8 ) (-2048 -2048 1104 ) (-2552 -2048 1104 ) (-2552 -2048 40 ) (-2480 -2048 -8 ) 
4 1776 1777 (-2552 -2048 40 ) (-2552 -2048 1104 ) (-2552 -1776 1104 ) (-2552 -1776 40 ) 
4 1777 1925 (-3072 -2048 1104 ) (-3072 -2048 40 ) (-2552 -2048 40 ) (-2552 -2048 1104 ) 
4 1777 1784 (-3072 -1280 40 ) (-3072 -2048 40 ) (-3072 -2048 1104 ) (-3072 -1280 1104 ) 
4 1777 1782 (-3072 -1272 40 ) (-3072 -1280 40 ) (-3072 -1280 1104 ) (-3072 -1272 1104 ) 
4 1777 1779 (-3072 -1024 136 ) (-3072 -1024 40 ) (-3072 -1272 40 ) (-3072 -1272 136 ) 
4 1777 1778 (-3072 -1024 1104 ) (-3072 -1024 136 ) (-3072 -1272 136 ) (-3072 -1272 1104 ) 
4 1778 1967 (-4096 -1272 136 ) (-4096 -1272 1104 ) (-4096 -1024 1104 ) (-4096 -1024 136 ) 
4 1778 1783 (-4096 -1272 1104 ) (-4096 -1272 328 ) (-3224 -1272 328 ) (-3224 -1272 1104 ) 
4 1778 1782 (-3224 -1272 136 ) (-3072 -1272 136 ) (-3072 -1272 1104 ) (-3224 -1272 1104 ) 
4 1778 1780 (-3232 -1272 136 ) (-4004 -1272 136 ) (-4004 -1024 136 ) (-3232 -1024 136 ) 
4 1778 1781 (-4012 -1272 136 ) (-4096 -1272 136 ) (-4096 -1024 136 ) (-4012 -1024 136 ) 
4 1778 1779 (-3072 -1272 136 ) (-3224 -1272 136 ) (-3224 -1024 136 ) (-3072 -1024 136 ) 
4 1779 1782 (-3072 -1272 40 ) (-3072 -1272 136 ) (-3224 -1272 136 ) (-3224 -1272 40 ) 
4 1781 1967 (-4096 -1272 40 ) (-4096 -1272 136 ) (-4096 -1024 136 ) (-4096 -1024 40 ) 
4 1782 1785 (-3222 -1280 1104 ) (-3224 -1280 1104 ) (-3224 -1280 40 ) (-3222 -1280 40 ) 
4 1782 1784 (-3072 -1280 40 ) (-3072 -1280 1104 ) (-3222 -1280 1104 ) (-3222 -1280 40 ) 
4 1782 1783 (-3224 -1272 1104 ) (-3224 -1272 328 ) (-3224 -1280 328 ) (-3224 -1280 1104 ) 
4 1783 1968 (-4096 -1280 328 ) (-4096 -1280 1104 ) (-4096 -1272 1104 ) (-4096 -1272 328 ) 
4 1783 1789 (-3232 -1280 1104 ) (-4096 -1280 1104 ) (-4096 -1280 328 ) (-3232 -1280 328 ) 
4 1783 1788 (-3224 -1280 328 ) (-3224 -1280 1104 ) (-3232 -1280 1104 ) (-3232 -1280 328 ) 
4 1784 1934 (-3072 -2048 40 ) (-3072 -2048 196 ) (-3222 -2048 196 ) (-3222 -2048 40 ) 
4 1784 1929 (-3072 -2048 196 ) (-3072 -2048 1104 ) (-3222 -2048 1104 ) (-3222 -2048 196 ) 
4 1784 1786 (-3222 -1662 328 ) (-3222 -1662 1104 ) (-3222 -1534 1104 ) (-3222 -1534 328 ) 
4 1784 1785 (-3222 -1280 40 ) (-3222 -1534 40 ) (-3222 -1534 1104 ) (-3222 -1280 1104 ) 
4 1784 1787 (-3222 -1662 40 ) (-3222 -2048 40 ) (-3222 -2048 1104 ) (-3222 -1662 1104 ) 
4 1785 1788 (-3224 -1280 1104 ) (-3224 -1280 328 ) (-3224 -1534 328 ) (-3224 -1534 1104 ) 
4 1785 1786 (-3222 -1534 328 ) (-3222 -1534 1104 ) (-3224 -1534 1104 ) (-3224 -1534 328 ) 
4 1786 1788 (-3224 -1662 328 ) (-3224 -1662 1104 ) (-3224 -1534 1104 ) (-3224 -1534 328 ) 
4 1786 1787 (-3222 -1662 328 ) (-3222 -1662 1104 ) (-3224 -1662 1104 ) (-3224 -1662 328 ) 
4 1787 1934 (-3224 -2048 196 ) (-3224 -2048 40 ) (-3222 -2048 40 ) (-3222 -2048 196 ) 
4 1787 1929 (-3222 -2048 1104 ) (-3224 -2048 1104 ) (-3224 -2048 196 ) (-3222 -2048 196 ) 
4 1787 1792 (-3224 -1916 172 ) (-3224 -1916 64 ) (-3224 -2012 64 ) (-3224 -2012 172 ) 
4 1787 1788 (-3224 -2048 328 ) (-3224 -2048 1104 ) (-3224 -1662 1104 ) (-3224 -1662 328 ) 
4 1788 1930 (-3224 -2048 328 ) (-3224 -2048 1104 ) (-3232 -2048 1104 ) (-3232 -2048 328 ) 
4 1788 1789 (-3232 -1280 1104 ) (-3232 -1280 328 ) (-3232 -2048 328 ) (-3232 -2048 1104 ) 
4 1789 1969 (-4096 -2048 328 ) (-4096 -2048 1104 ) (-4096 -1280 1104 ) (-4096 -1280 328 ) 
4 1789 1931 (-4096 -2048 1104 ) (-4096 -2048 328 ) (-3232 -2048 328 ) (-3232 -2048 1104 ) 
4 1790 1932 (-3416 -2048 196 ) (-3232 -2048 196 ) (-3232 -2048 320 ) (-3416 -2048 320 ) 
4 1790 1793 (-3416 -1280 196 ) (-3232 -1280 196 ) (-3232 -2048 196 ) (-3416 -2048 196 ) 
4 1791 1970 (-4096 -2048 196 ) (-4096 -2048 320 ) (-4096 -1280 320 ) (-4096 -1280 196 ) 
4 1791 1933 (-4096 -2048 320 ) (-4096 -2048 196 ) (-3424 -2048 196 ) (-3424 -2048 320 ) 
4 1791 1795 (-4096 -1280 196 ) (-3424 -1280 196 ) (-3424 -2048 196 ) (-4096 -2048 196 ) 
4 1792 1793 (-3232 -1916 172 ) (-3232 -1916 64 ) (-3232 -2012 64 ) (-3232 -2012 172 ) 
4 1793 1935 (-3232 -2048 64 ) (-3232 -2048 196 ) (-3416 -2048 196 ) (-3416 -2048 64 ) 
4 1793 1794 (-3416 -1916 64 ) (-3416 -2012 64 ) (-3416 -2012 196 ) (-3416 -1916 196 ) 
4 1794 1795 (-3424 -1916 64 ) (-3424 -2012 64 ) (-3424 -2012 196 ) (-3424 -1916 196 ) 
4 1795 1970 (-4096 -2048 64 ) (-4096 -2048 196 ) (-4096 -1280 196 ) (-4096 -1280 64 ) 
4 1795 1936 (-3424 -2048 196 ) (-4096 -2048 196 ) (-4096 -2048 64 ) (-3424 -2048 64 ) 
4 1796 1928 (-2048 -3000 464 ) (-2048 -3072 464 ) (-2048 -3072 1104 ) (-2048 -3000 1104 ) 
4 1796 1926 (-2048 -2992 464 ) (-2048 -3000 464 ) (-2048 -3000 1104 ) (-2048 -2992 1104 ) 
4 1796 1917 (-2048 -2152 464 ) (-2048 -2992 464 ) (-2048 -2992 1104 ) (-2048 -2152 1104 ) 
4 1796 1916 (-2048 -2048 1104 ) (-2048 -2048 464 ) (-2048 -2152 464 ) (-2048 -2152 1104 ) 
4 1796 1898 (-1024 -3072 464 ) (-1024 -3072 1104 ) (-2048 -3072 1104 ) (-2048 -3072 464 ) 
4 1796 1805 (-2048 -2804 464 ) (-2048 -2796 464 ) (-1464 -2796 464 ) (-1464 -2804 464 ) 
4 1796 1806 (-2048 -3072 464 ) (-2048 -2804 464 ) (-1024 -2804 464 ) (-1024 -3072 464 ) 
4 1796 1803 (-1464 -2484 464 ) (-1456 -2484 464 ) (-1456 -2676 464 ) (-1464 -2676 464 ) 
4 1796 1804 (-2048 -2796 464 ) (-2048 -2484 464 ) (-1464 -2484 464 ) (-1464 -2796 464 ) 
4 1796 1801 (-1456 -2484 464 ) (-1320 -2484 464 ) (-1320 -2676 464 ) (-1456 -2676 464 ) 
4 1796 1798 (-2048 -2484 464 ) (-2048 -2048 464 ) (-1320 -2048 464 ) (-1320 -2484 464 ) 
4 1797 1807 (-1312 -2048 426 ) (-1024 -2048 426 ) (-1024 -2484 426 ) (-1312 -2484 426 ) 
4 1797 1799 (-1232 -2484 426 ) (-1184 -2484 426 ) (-1184 -2484 436 ) (-1232 -2484 436 ) 
4 1798 1917 (-2048 -2152 426 ) (-2048 -2484 426 ) (-2048 -2484 464 ) (-2048 -2152 464 ) 
4 1798 1916 (-2048 -2048 464 ) (-2048 -2048 426 ) (-2048 -2152 426 ) (-2048 -2152 464 ) 
4 1798 1809 (-2048 -2484 426 ) (-2048 -2048 426 ) (-1320 -2048 426 ) (-1320 -2484 426 ) 
4 1798 1803 (-1464 -2484 426 ) (-1456 -2484 426 ) (-1456 -2484 464 ) (-1464 -2484 464 ) 
4 1798 1804 (-2048 -2484 426 ) (-1464 -2484 426 ) (-1464 -2484 464 ) (-2048 -2484 464 ) 
4 1798 1801 (-1456 -2484 426 ) (-1320 -2484 426 ) (-1320 -2484 464 ) (-1456 -2484 464 ) 
4 1799 1810 (-1232 -2484 426 ) (-1184 -2484 426 ) (-1184 -2492 426 ) (-1232 -2492 426 ) 
4 1799 1800 (-1232 -2492 436 ) (-1232 -2492 426 ) (-1184 -2492 426 ) (-1184 -2492 436 ) 
4 1800 1811 (-1024 -2492 426 ) (-1024 -2796 426 ) (-1312 -2796 426 ) (-1312 -2492 426 ) 
4 1800 1802 (-1312 -2684 426 ) (-1312 -2796 426 ) (-1312 -2796 456 ) (-1312 -2684 456 ) 
4 1801 1813 (-1456 -2484 426 ) (-1320 -2484 426 ) (-1320 -2676 426 ) (-1456 -2676 426 ) 
4 1801 1803 (-1456 -2484 464 ) (-1456 -2484 426 ) (-1456 -2676 426 ) (-1456 -2676 464 ) 
4 1802 1814 (-1320 -2796 426 ) (-1456 -2796 426 ) (-1456 -2684 426 ) (-1320 -2684 426 ) 
4 1802 1812 (-1312 -2684 426 ) (-1312 -2796 426 ) (-1320 -2796 426 ) (-1320 -2684 426 ) 
4 1803 1815 (-1464 -2484 426 ) (-1456 -2484 426 ) (-1456 -2676 426 ) (-1464 -2676 426 ) 
4 1803 1804 (-1464 -2484 464 ) (-1464 -2484 426 ) (-1464 -2676 426 ) (-1464 -2676 464 ) 
4 1804 1917 (-2048 -2484 426 ) (-2048 -2796 426 ) (-2048 -2796 464 ) (-2048 -2484 464 ) 
4 1804 1816 (-2048 -2796 426 ) (-2048 -2484 426 ) (-1464 -2484 426 ) (-1464 -2796 426 ) 
4 1804 1805 (-2048 -2796 426 ) (-1464 -2796 426 ) (-1464 -2796 464 ) (-2048 -2796 464 ) 
4 1805 1917 (-2048 -2796 426 ) (-2048 -2804 426 ) (-2048 -2804 464 ) (-2048 -2796 464 ) 
4 1805 1819 (-2048 -2804 426 ) (-2048 -2796 426 ) (-1464 -2796 426 ) (-1464 -2804 426 ) 
4 1805 1806 (-2048 -2804 426 ) (-1464 -2804 426 ) (-1464 -2804 464 ) (-2048 -2804 464 ) 
4 1806 1928 (-2048 -3000 426 ) (-2048 -3072 426 ) (-2048 -3072 464 ) (-2048 -3000 464 ) 
4 1806 1926 (-2048 -2992 426 ) (-2048 -3000 426 ) (-2048 -3000 464 ) (-2048 -2992 464 ) 
4 1806 1917 (-2048 -2804 426 ) (-2048 -2992 426 ) (-2048 -2992 464 ) (-2048 -2804 464 ) 
4 1806 1898 (-1024 -3072 426 ) (-1024 -3072 464 ) (-2048 -3072 464 ) (-2048 -3072 426 ) 
4 1806 1820 (-1024 -3072 426 ) (-2048 -3072 426 ) (-2048 -2804 426 ) (-1024 -2804 426 ) 
4 1807 1821 (-1312 -2048 366 ) (-1024 -2048 366 ) (-1024 -2484 366 ) (-1312 -2484 366 ) 
4 1807 1810 (-1232 -2484 366 ) (-1184 -2484 366 ) (-1184 -2484 426 ) (-1232 -2484 426 ) 
4 1807 1808 (-1312 -2360 366 ) (-1312 -2416 366 ) (-1312 -2416 426 ) (-1312 -2360 426 ) 
4 1808 1809 (-1320 -2360 366 ) (-1320 -2416 366 ) (-1320 -2416 426 ) (-1320 -2360 426 ) 
4 1809 1917 (-2048 -2152 366 ) (-2048 -2484 366 ) (-2048 -2484 426 ) (-2048 -2152 426 ) 
4 1809 1916 (-2048 -2048 426 ) (-2048 -2048 366 ) (-2048 -2152 366 ) (-2048 -2152 426 ) 
4 1809 1827 (-1464 -2048 366 ) (-1456 -2048 366 ) (-1456 -2484 366 ) (-1464 -2484 366 ) 
4 1809 1828 (-2048 -2484 366 ) (-2048 -2048 366 ) (-1464 -2048 366 ) (-1464 -2484 366 ) 
4 1809 1825 (-1456 -2048 366 ) (-1320 -2048 366 ) (-1320 -2484 366 ) (-1456 -2484 366 ) 
4 1809 1815 (-1464 -2484 366 ) (-1456 -2484 366 ) (-1456 -2484 426 ) (-1464 -2484 426 ) 
4 1809 1816 (-2048 -2484 366 ) (-1464 -2484 366 ) (-1464 -2484 426 ) (-2048 -2484 426 ) 
4 1809 1813 (-1456 -2484 366 ) (-1320 -2484 366 ) (-1320 -2484 426 ) (-1456 -2484 426 ) 
4 1810 1822 (-1232 -2484 366 ) (-1184 -2484 366 ) (-1184 -2492 366 ) (-1232 -2492 366 ) 
4 1810 1811 (-1232 -2492 366 ) (-1184 -2492 366 ) (-1184 -2492 426 ) (-1232 -2492 426 ) 
4 1811 1823 (-1024 -2492 366 ) (-1024 -2796 366 ) (-1312 -2796 366 ) (-1312 -2492 366 ) 
4 1811 1817 (-1184 -2796 366 ) (-1128 -2796 366 ) (-1128 -2796 426 ) (-1184 -2796 426 ) 
4 1811 1812 (-1312 -2684 366 ) (-1312 -2796 366 ) (-1312 -2796 426 ) (-1312 -2684 426 ) 
4 1812 1824 (-1312 -2684 366 ) (-1312 -2796 366 ) (-1320 -2796 366 ) (-1320 -2684 366 ) 
4 1812 1814 (-1320 -2684 366 ) (-1320 -2796 366 ) (-1320 -2796 426 ) (-1320 -2684 426 ) 
4 1813 1825 (-1456 -2484 366 ) (-1320 -2484 366 ) (-1320 -2676 366 ) (-1456 -2676 366 ) 
4 1813 1815 (-1456 -2484 426 ) (-1456 -2484 366 ) (-1456 -2676 366 ) (-1456 -2676 426 ) 
4 1814 1826 (-1320 -2684 366 ) (-1320 -2796 366 ) (-1456 -2796 366 ) (-1456 -2684 366 ) 
4 1814 1818 (-1408 -2796 366 ) (-1352 -2796 366 ) (-1352 -2796 426 ) (-1408 -2796 426 ) 
4 1815 1827 (-1464 -2484 366 ) (-1456 -2484 366 ) (-1456 -2676 366 ) (-1464 -2676 366 ) 
4 1815 1816 (-1464 -2484 426 ) (-1464 -2484 366 ) (-1464 -2676 366 ) (-1464 -2676 426 ) 
4 1816 1917 (-2048 -2484 366 ) (-2048 -2796 366 ) (-2048 -2796 426 ) (-2048 -2484 426 ) 
4 1816 1828 (-2048 -2796 366 ) (-2048 -2484 366 ) (-1464 -2484 366 ) (-1464 -2796 366 ) 
4 1816 1819 (-2048 -2796 366 ) (-1464 -2796 366 ) (-1464 -2796 426 ) (-2048 -2796 426 ) 
4 1817 1820 (-1184 -2804 366 ) (-1128 -2804 366 ) (-1128 -2804 426 ) (-1184 -2804 426 ) 
4 1818 1820 (-1408 -2804 366 ) (-1352 -2804 366 ) (-1352 -2804 426 ) (-1408 -2804 426 ) 
4 1819 1917 (-2048 -2796 366 ) (-2048 -2804 366 ) (-2048 -2804 426 ) (-2048 -2796 426 ) 
4 1819 1828 (-2048 -2804 366 ) (-2048 -2796 366 ) (-1464 -2796 366 ) (-1464 -2804 366 ) 
4 1819 1820 (-2048 -2804 366 ) (-1464 -2804 366 ) (-1464 -2804 426 ) (-2048 -2804 426 ) 
4 1820 1928 (-2048 -3000 366 ) (-2048 -3072 366 ) (-2048 -3072 426 ) (-2048 -3000 426 ) 
4 1820 1926 (-2048 -2992 366 ) (-2048 -3000 366 ) (-2048 -3000 426 ) (-2048 -2992 426 ) 
4 1820 1917 (-2048 -2804 366 ) (-2048 -2992 366 ) (-2048 -2992 426 ) (-2048 -2804 426 ) 
4 1820 1898 (-1024 -3072 366 ) (-1024 -3072 426 ) (-2048 -3072 426 ) (-2048 -3072 366 ) 
4 1820 1829 (-2048 -3072 366 ) (-2048 -2804 366 ) (-1024 -2804 366 ) (-1024 -3072 366 ) 
4 1821 1822 (-1232 -2484 328 ) (-1184 -2484 328 ) (-1184 -2484 366 ) (-1232 -2484 366 ) 
4 1822 1823 (-1232 -2492 328 ) (-1184 -2492 328 ) (-1184 -2492 366 ) (-1232 -2492 366 ) 
4 1823 1824 (-1312 -2684 328 ) (-1312 -2796 328 ) (-1312 -2796 366 ) (-1312 -2684 366 ) 
4 1824 1826 (-1320 -2684 328 ) (-1320 -2796 328 ) (-1320 -2796 366 ) (-1320 -2684 366 ) 
4 1825 1838 (-1456 -2048 328 ) (-1320 -2048 328 ) (-1320 -2676 328 ) (-1456 -2676 328 ) 
4 1825 1827 (-1456 -2048 328 ) (-1456 -2676 328 ) (-1456 -2676 366 ) (-1456 -2048 366 ) 
4 1827 1842 (-1464 -2048 328 ) (-1456 -2048 328 ) (-1456 -2676 328 ) (-1464 -2676 328 ) 
4 1827 1828 (-1464 -2048 328 ) (-1464 -2676 328 ) (-1464 -2676 366 ) (-1464 -2048 366 ) 
4 1828 1917 (-2048 -2152 328 ) (-2048 -2804 328 ) (-2048 -2804 366 ) (-2048 -2152 366 ) 
4 1828 1916 (-2048 -2048 366 ) (-2048 -2048 328 ) (-2048 -2152 328 ) (-2048 -2152 366 ) 
4 1828 1844 (-2048 -2804 328 ) (-2048 -2048 328 ) (-1464 -2048 328 ) (-1464 -2804 328 ) 
4 1828 1829 (-2048 -2804 328 ) (-1464 -2804 328 ) (-1464 -2804 366 ) (-2048 -2804 366 ) 
4 1829 1928 (-2048 -3000 328 ) (-2048 -3072 328 ) (-2048 -3072 366 ) (-2048 -3000 366 ) 
4 1829 1926 (-2048 -2992 328 ) (-2048 -3000 328 ) (-2048 -3000 366 ) (-2048 -2992 366 ) 
4 1829 1917 (-2048 -2804 328 ) (-2048 -2992 328 ) (-2048 -2992 366 ) (-2048 -2804 366 ) 
4 1829 1898 (-1024 -3072 328 ) (-1024 -3072 366 ) (-2048 -3072 366 ) (-2048 -3072 328 ) 
4 1829 1843 (-1456 -3072 328 ) (-1464 -3072 328 ) (-1464 -2804 328 ) (-1456 -2804 328 ) 
4 1829 1844 (-1464 -3072 328 ) (-2048 -3072 328 ) (-2048 -2804 328 ) (-1464 -2804 328 ) 
4 1829 1841 (-1320 -3072 328 ) (-1456 -3072 328 ) (-1456 -2804 328 ) (-1320 -2804 328 ) 
4 1829 1837 (-1312 -3072 328 ) (-1320 -3072 328 ) (-1320 -2804 328 ) (-1312 -2804 328 ) 
4 1829 1834 (-1024 -3072 328 ) (-1312 -3072 328 ) (-1312 -2804 328 ) (-1024 -2804 328 ) 
4 1830 1845 (-1312 -2048 230 ) (-1024 -2048 230 ) (-1024 -2484 230 ) (-1312 -2484 230 ) 
4 1830 1835 (-1312 -2360 230 ) (-1312 -2416 230 ) (-1312 -2416 290 ) (-1312 -2360 290 ) 
4 1830 1831 (-1232 -2484 300 ) (-1232 -2484 230 ) (-1184 -2484 230 ) (-1184 -2484 300 ) 
4 1831 1846 (-1184 -2492 230 ) (-1232 -2492 230 ) (-1232 -2484 230 ) (-1184 -2484 230 ) 
4 1831 1832 (-1232 -2492 300 ) (-1232 -2492 230 ) (-1184 -2492 230 ) (-1184 -2492 300 ) 
4 1832 1847 (-1024 -2492 230 ) (-1024 -2796 230 ) (-1312 -2796 230 ) (-1312 -2492 230 ) 
4 1832 1836 (-1312 -2684 230 ) (-1312 -2796 230 ) (-1312 -2796 320 ) (-1312 -2684 320 ) 
4 1832 1833 (-1184 -2796 230 ) (-1128 -2796 230 ) (-1128 -2796 290 ) (-1184 -2796 290 ) 
4 1833 1834 (-1184 -2804 230 ) (-1128 -2804 230 ) (-1128 -2804 290 ) (-1184 -2804 290 ) 
4 1834 1898 (-1024 -3072 230 ) (-1024 -3072 328 ) (-1312 -3072 328 ) (-1312 -3072 230 ) 
4 1834 1853 (-1024 -2804 230 ) (-1024 -3072 230 ) (-1312 -3072 230 ) (-1312 -2804 230 ) 
4 1834 1837 (-1312 -2804 230 ) (-1312 -3072 230 ) (-1312 -3072 328 ) (-1312 -2804 328 ) 
4 1835 1838 (-1320 -2360 230 ) (-1320 -2416 230 ) (-1320 -2416 290 ) (-1320 -2360 290 ) 
4 1836 1848 (-1312 -2684 230 ) (-1312 -2796 230 ) (-1320 -2796 230 ) (-1320 -2684 230 ) 
4 1836 1839 (-1320 -2684 230 ) (-1320 -2796 230 ) (-1320 -2796 320 ) (-1320 -2684 320 ) 
4 1837 1898 (-1312 -3072 328 ) (-1320 -3072 328 ) (-1320 -3072 230 ) (-1312 -3072 230 ) 
4 1837 1853 (-1312 -2804 230 ) (-1312 -3072 230 ) (-1320 -3072 230 ) (-1320 -2804 230 ) 
4 1837 1841 (-1320 -2804 230 ) (-1320 -3072 230 ) (-1320 -3072 328 ) (-1320 -2804 328 ) 
4 1838 1849 (-1456 -2048 230 ) (-1320 -2048 230 ) (-1320 -2676 230 ) (-1456 -2676 230 ) 
4 1838 1842 (-1456 -2048 230 ) (-1456 -2676 230 ) (-1456 -2676 328 ) (-1456 -2048 328 ) 
4 1839 1850 (-1320 -2684 230 ) (-1320 -2796 230 ) (-1456 -2796 230 ) (-1456 -2684 230 ) 
4 1839 1840 (-1408 -2796 230 ) (-1352 -2796 230 ) (-1352 -2796 290 ) (-1408 -2796 290 ) 
4 1840 1841 (-1408 -2804 230 ) (-1352 -2804 230 ) (-1352 -2804 290 ) (-1408 -2804 290 ) 
4 1841 1898 (-1320 -3072 328 ) (-1456 -3072 328 ) (-1456 -3072 230 ) (-1320 -3072 230 ) 
4 1841 1853 (-1320 -2804 230 ) (-1320 -3072 230 ) (-1456 -3072 230 ) (-1456 -2804 230 ) 
4 1841 1843 (-1456 -2804 230 ) (-1456 -3072 230 ) (-1456 -3072 328 ) (-1456 -2804 328 ) 
4 1842 1851 (-1464 -2048 230 ) (-1456 -2048 230 ) (-1456 -2676 230 ) (-1464 -2676 230 ) 
4 1842 1844 (-1464 -2048 230 ) (-1464 -2676 230 ) (-1464 -2676 328 ) (-1464 -2048 328 ) 
4 1843 1898 (-1456 -3072 328 ) (-1464 -3072 328 ) (-1464 -3072 230 ) (-1456 -3072 230 ) 
4 1843 1853 (-1456 -2804 230 ) (-1456 -3072 230 ) (-1464 -3072 230 ) (-1464 -2804 230 ) 
4 1843 1844 (-1464 -2804 230 ) (-1464 -3072 230 ) (-1464 -3072 328 ) (-1464 -2804 328 ) 
4 1844 1928 (-2048 -3000 230 ) (-2048 -3072 230 ) (-2048 -3072 328 ) (-2048 -3000 328 ) 
4 1844 1926 (-2048 -2992 230 ) (-2048 -3000 230 ) (-2048 -3000 328 ) (-2048 -2992 328 ) 
4 1844 1917 (-2048 -2152 230 ) (-2048 -2992 230 ) (-2048 -2992 328 ) (-2048 -2152 328 ) 
4 1844 1916 (-2048 -2048 328 ) (-2048 -2048 230 ) (-2048 -2152 230 ) (-2048 -2152 328 ) 
4 1844 1898 (-1464 -3072 328 ) (-2048 -3072 328 ) (-2048 -3072 230 ) (-1464 -3072 230 ) 
4 1844 1852 (-2048 -2804 230 ) (-2048 -2048 230 ) (-1464 -2048 230 ) (-1464 -2804 230 ) 
4 1844 1853 (-2048 -3072 230 ) (-2048 -2804 230 ) (-1464 -2804 230 ) (-1464 -3072 230 ) 
4 1845 1846 (-1232 -2484 192 ) (-1184 -2484 192 ) (-1184 -2484 230 ) (-1232 -2484 230 ) 
4 1846 1847 (-1232 -2492 192 ) (-1184 -2492 192 ) (-1184 -2492 230 ) (-1232 -2492 230 ) 
4 1847 1848 (-1312 -2684 192 ) (-1312 -2796 192 ) (-1312 -2796 230 ) (-1312 -2684 230 ) 
4 1848 1850 (-1320 -2684 192 ) (-1320 -2796 192 ) (-1320 -2796 230 ) (-1320 -2684 230 ) 
4 1849 1862 (-1456 -2048 192 ) (-1320 -2048 192 ) (-1320 -2676 192 ) (-1456 -2676 192 ) 
4 1849 1851 (-1456 -2048 192 ) (-1456 -2676 192 ) (-1456 -2676 230 ) (-1456 -2048 230 ) 
4 1851 1866 (-1464 -2048 192 ) (-1456 -2048 192 ) (-1456 -2676 192 ) (-1464 -2676 192 ) 
4 1851 1852 (-1464 -2048 192 ) (-1464 -2676 192 ) (-1464 -2676 230 ) (-1464 -2048 230 ) 
4 1852 1917 (-2048 -2152 192 ) (-2048 -2804 192 ) (-2048 -2804 230 ) (-2048 -2152 230 ) 
4 1852 1916 (-2048 -2048 230 ) (-2048 -2048 192 ) (-2048 -2152 192 ) (-2048 -2152 230 ) 
4 1852 1868 (-2048 -2804 192 ) (-2048 -2048 192 ) (-1464 -2048 192 ) (-1464 -2804 192 ) 
4 1852 1853 (-2048 -2804 192 ) (-1464 -2804 192 ) (-1464 -2804 230 ) (-2048 -2804 230 ) 
4 1853 1928 (-2048 -3000 192 ) (-2048 -3072 192 ) (-2048 -3072 230 ) (-2048 -3000 230 ) 
4 1853 1926 (-2048 -2992 192 ) (-2048 -3000 192 ) (-2048 -3000 230 ) (-2048 -2992 230 ) 
4 1853 1917 (-2048 -2804 192 ) (-2048 -2992 192 ) (-2048 -2992 230 ) (-2048 -2804 230 ) 
4 1853 1898 (-1024 -3072 192 ) (-1024 -3072 230 ) (-2048 -3072 230 ) (-2048 -3072 192 ) 
4 1853 1867 (-1464 -2804 192 ) (-1456 -2804 192 ) (-1456 -3072 192 ) (-1464 -3072 192 ) 
4 1853 1868 (-2048 -3072 192 ) (-2048 -2804 192 ) (-1464 -2804 192 ) (-1464 -3072 192 ) 
4 1853 1865 (-1456 -2804 192 ) (-1320 -2804 192 ) (-1320 -3072 192 ) (-1456 -3072 192 ) 
4 1853 1861 (-1320 -2804 192 ) (-1312 -2804 192 ) (-1312 -3072 192 ) (-1320 -3072 192 ) 
4 1853 1858 (-1312 -2804 192 ) (-1024 -2804 192 ) (-1024 -3072 192 ) (-1312 -3072 192 ) 
4 1854 1869 (-1312 -2048 94 ) (-1024 -2048 94 ) (-1024 -2484 94 ) (-1312 -2484 94 ) 
4 1854 1859 (-1312 -2360 94 ) (-1312 -2416 94 ) (-1312 -2416 154 ) (-1312 -2360 154 ) 
4 1854 1855 (-1232 -2484 164 ) (-1232 -2484 94 ) (-1184 -2484 94 ) (-1184 -2484 164 ) 
4 1855 1870 (-1184 -2492 94 ) (-1232 -2492 94 ) (-1232 -2484 94 ) (-1184 -2484 94 ) 
4 1855 1856 (-1232 -2492 164 ) (-1232 -2492 94 ) (-1184 -2492 94 ) (-1184 -2492 164 ) 
4 1856 1871 (-1024 -2492 94 ) (-1024 -2796 94 ) (-1312 -2796 94 ) (-1312 -2492 94 ) 
4 1856 1860 (-1312 -2684 94 ) (-1312 -2796 94 ) (-1312 -2796 184 ) (-1312 -2684 184 ) 
4 1856 1857 (-1184 -2796 94 ) (-1128 -2796 94 ) (-1128 -2796 154 ) (-1184 -2796 154 ) 
4 1857 1858 (-1184 -2804 94 ) (-1128 -2804 94 ) (-1128 -2804 154 ) (-1184 -2804 154 ) 
4 1858 1898 (-1024 -3072 94 ) (-1024 -3072 192 ) (-1312 -3072 192 ) (-1312 -3072 94 ) 
4 1858 1872 (-1024 -2804 94 ) (-1024 -3072 94 ) (-1312 -3072 94 ) (-1312 -2804 94 ) 
4 1858 1861 (-1312 -2804 94 ) (-1312 -3072 94 ) (-1312 -3072 192 ) (-1312 -2804 192 ) 
4 1859 1862 (-1320 -2360 94 ) (-1320 -2416 94 ) (-1320 -2416 154 ) (-1320 -2360 154 ) 
4 1860 1873 (-1312 -2684 94 ) (-1312 -2796 94 ) (-1320 -2796 94 ) (-1320 -2684 94 ) 
4 1860 1863 (-1320 -2684 94 ) (-1320 -2796 94 ) (-1320 -2796 184 ) (-1320 -2684 184 ) 
4 1861 1898 (-1312 -3072 192 ) (-1320 -3072 192 ) (-1320 -3072 94 ) (-1312 -3072 94 ) 
4 1861 1874 (-1312 -2804 94 ) (-1312 -3072 94 ) (-1320 -3072 94 ) (-1320 -2804 94 ) 
4 1861 1865 (-1320 -2804 94 ) (-1320 -3072 94 ) (-1320 -3072 192 ) (-1320 -2804 192 ) 
4 1862 1875 (-1456 -2048 94 ) (-1320 -2048 94 ) (-1320 -2676 94 ) (-1456 -2676 94 ) 
4 1862 1866 (-1456 -2048 94 ) (-1456 -2676 94 ) (-1456 -2676 192 ) (-1456 -2048 192 ) 
4 1863 1876 (-1320 -2684 94 ) (-1320 -2796 94 ) (-1456 -2796 94 ) (-1456 -2684 94 ) 
4 1863 1864 (-1408 -2796 94 ) (-1352 -2796 94 ) (-1352 -2796 154 ) (-1408 -2796 154 ) 
4 1864 1865 (-1408 -2804 94 ) (-1352 -2804 94 ) (-1352 -2804 154 ) (-1408 -2804 154 ) 
4 1865 1898 (-1320 -3072 192 ) (-1456 -3072 192 ) (-1456 -3072 94 ) (-1320 -3072 94 ) 
4 1865 1877 (-1320 -2804 94 ) (-1320 -3072 94 ) (-1456 -3072 94 ) (-1456 -2804 94 ) 
4 1865 1867 (-1456 -2804 94 ) (-1456 -3072 94 ) (-1456 -3072 192 ) (-1456 -2804 192 ) 
4 1866 1878 (-1464 -2048 94 ) (-1456 -2048 94 ) (-1456 -2676 94 ) (-1464 -2676 94 ) 
4 1866 1868 (-1464 -2048 94 ) (-1464 -2676 94 ) (-1464 -2676 192 ) (-1464 -2048 192 ) 
4 1867 1898 (-1456 -3072 192 ) (-1464 -3072 192 ) (-1464 -3072 94 ) (-1456 -3072 94 ) 
4 1867 1879 (-1456 -2804 94 ) (-1456 -3072 94 ) (-1464 -3072 94 ) (-1464 -2804 94 ) 
4 1867 1868 (-1464 -2804 94 ) (-1464 -3072 94 ) (-1464 -3072 192 ) (-1464 -2804 192 ) 
4 1868 1928 (-2048 -3000 94 ) (-2048 -3072 94 ) (-2048 -3072 192 ) (-2048 -3000 192 ) 
4 1868 1926 (-2048 -2992 94 ) (-2048 -3000 94 ) (-2048 -3000 192 ) (-2048 -2992 192 ) 
4 1868 1924 (-2048 -2416 94 ) (-2048 -2992 94 ) (-2048 -2992 136 ) (-2048 -2416 136 ) 
4 1868 1920 (-2048 -2152 94 ) (-2048 -2416 94 ) (-2048 -2416 136 ) (-2048 -2152 136 ) 
4 1868 1917 (-2048 -2992 136 ) (-2048 -2992 192 ) (-2048 -2152 192 ) (-2048 -2152 136 ) 
4 1868 1916 (-2048 -2048 192 ) (-2048 -2048 94 ) (-2048 -2152 94 ) (-2048 -2152 192 ) 
4 1868 1898 (-1464 -3072 192 ) (-2048 -3072 192 ) (-2048 -3072 94 ) (-1464 -3072 94 ) 
4 1868 1883 (-2048 -3072 94 ) (-2048 -2048 94 ) (-1848 -2048 94 ) (-1848 -3072 94 ) 
4 1868 1882 (-1840 -2408 94 ) (-1840 -3072 94 ) (-1848 -3072 94 ) (-1848 -2408 94 ) 
4 1868 1881 (-1848 -2048 94 ) (-1840 -2048 94 ) (-1840 -2408 94 ) (-1848 -2408 94 ) 
4 1868 1880 (-1840 -2048 94 ) (-1464 -2048 94 ) (-1464 -3072 94 ) (-1840 -3072 94 ) 
4 1869 1870 (-1232 -2484 56 ) (-1184 -2484 56 ) (-1184 -2484 94 ) (-1232 -2484 94 ) 
4 1870 1871 (-1232 -2492 56 ) (-1184 -2492 56 ) (-1184 -2492 94 ) (-1232 -2492 94 ) 
4 1871 1873 (-1312 -2684 56 ) (-1312 -2796 56 ) (-1312 -2796 94 ) (-1312 -2684 94 ) 
4 1872 1902 (-1024 -3072 56 ) (-1024 -3072 88 ) (-1312 -3072 88 ) (-1312 -3072 56 ) 
4 1872 1898 (-1024 -3072 88 ) (-1024 -3072 94 ) (-1312 -3072 94 ) (-1312 -3072 88 ) 
4 1872 1874 (-1312 -2804 56 ) (-1312 -3072 56 ) (-1312 -3072 94 ) (-1312 -2804 94 ) 
4 1873 1876 (-1320 -2684 56 ) (-1320 -2796 56 ) (-1320 -2796 94 ) (-1320 -2684 94 ) 
4 1874 1902 (-1320 -3072 88 ) (-1320 -3072 56 ) (-1312 -3072 56 ) (-1312 -3072 88 ) 
4 1874 1898 (-1312 -3072 94 ) (-1320 -3072 94 ) (-1320 -3072 88 ) (-1312 -3072 88 ) 
4 1874 1877 (-1320 -2804 56 ) (-1320 -3072 56 ) (-1320 -3072 94 ) (-1320 -2804 94 ) 
4 1875 1889 (-1456 -2676 56 ) (-1456 -2236 56 ) (-1320 -2236 56 ) (-1320 -2676 56 ) 
3 1875 1887 (-1360 -2236 56 ) (-1408 -2236 56 ) (-1408 -2196 56 ) 
4 1875 1888 (-1456 -2236 56 ) (-1456 -2048 56 ) (-1408 -2048 56 ) (-1408 -2236 56 ) 
4 1875 1878 (-1456 -2048 56 ) (-1456 -2676 56 ) (-1456 -2676 94 ) (-1456 -2048 94 ) 
4 1877 1902 (-1456 -3072 88 ) (-1456 -3072 56 ) (-1320 -3072 56 ) (-1320 -3072 88 ) 
4 1877 1898 (-1320 -3072 94 ) (-1456 -3072 94 ) (-1456 -3072 88 ) (-1320 -3072 88 ) 
4 1877 1895 (-1408 -3072 56 ) (-1456 -3072 56 ) (-1456 -2804 56 ) (-1408 -2804 56 ) 
3 1877 1894 (-1324.521729 -3072 56 ) (-1408 -3072 56 ) (-1408 -2976 56 ) 
4 1877 1879 (-1456 -2804 56 ) (-1456 -3072 56 ) (-1456 -3072 94 ) (-1456 -2804 94 ) 
4 1878 1889 (-1464 -2676 56 ) (-1464 -2236 56 ) (-1456 -2236 56 ) (-1456 -2676 56 ) 
4 1878 1888 (-1464 -2236 56 ) (-1464 -2048 56 ) (-1456 -2048 56 ) (-1456 -2236 56 ) 
4 1878 1880 (-1464 -2048 56 ) (-1464 -2676 56 ) (-1464 -2676 94 ) (-1464 -2048 94 ) 
4 1879 1902 (-1464 -3072 88 ) (-1464 -3072 56 ) (-1456 -3072 56 ) (-1456 -3072 88 ) 
4 1879 1898 (-1456 -3072 94 ) (-1464 -3072 94 ) (-1464 -3072 88 ) (-1456 -3072 88 ) 
4 1879 1895 (-1456 -3072 56 ) (-1464 -3072 56 ) (-1464 -2804 56 ) (-1456 -2804 56 ) 
4 1879 1880 (-1464 -2804 56 ) (-1464 -3072 56 ) (-1464 -3072 94 ) (-1464 -2804 94 ) 
4 1880 1902 (-1732.975952 -3072 56 ) (-1464 -3072 56 ) (-1464 -3072 88 ) (-1732.975952 -3072 88 ) 
4 1880 1900 (-1840 -3072 88 ) (-1840 -3072 56 ) (-1732.975952 -3072 56 ) (-1732.975952 -3072 88 ) 
4 1880 1898 (-1464 -3072 94 ) (-1840 -3072 94 ) (-1840 -3072 88 ) (-1464 -3072 88 ) 
4 1880 1895 (-1464 -3072 56 ) (-1840 -3072 56 ) (-1840 -2804 56 ) (-1464 -2804 56 ) 
4 1880 1890 (-1840 -2804 56 ) (-1840 -2236 56 ) (-1464 -2236 56 ) (-1464 -2804 56 ) 
4 1880 1888 (-1840 -2236 56 ) (-1840 -2048 56 ) (-1464 -2048 56 ) (-1464 -2236 56 ) 
4 1880 1882 (-1840 -3072 88 ) (-1840 -3072 94 ) (-1840 -2408 94 ) (-1840 -2408 88 ) 
4 1880 1881 (-1840 -2048 56 ) (-1840 -2408 56 ) (-1840 -2408 94 ) (-1840 -2048 94 ) 
4 1881 1891 (-1848 -2408 56 ) (-1848 -2236 56 ) (-1840 -2236 56 ) (-1840 -2408 56 ) 
4 1881 1888 (-1848 -2236 56 ) (-1848 -2048 56 ) (-1840 -2048 56 ) (-1840 -2236 56 ) 
4 1881 1884 (-1848 -2048 56 ) (-1848 -2408 56 ) (-1848 -2408 88 ) (-1848 -2048 88 ) 
4 1881 1883 (-1848 -2408 88 ) (-1848 -2408 94 ) (-1848 -2048 94 ) (-1848 -2048 88 ) 
4 1881 1882 (-1848 -2408 94 ) (-1848 -2408 88 ) (-1840 -2408 88 ) (-1840 -2408 94 ) 
4 1882 1898 (-1840 -3072 94 ) (-1848 -3072 94 ) (-1848 -3072 88 ) (-1840 -3072 88 ) 
4 1882 1883 (-1848 -3072 88 ) (-1848 -3072 94 ) (-1848 -2408 94 ) (-1848 -2408 88 ) 
4 1883 1928 (-2048 -3000 88 ) (-2048 -3072 88 ) (-2048 -3072 94 ) (-2048 -3000 94 ) 
4 1883 1926 (-2048 -2992 88 ) (-2048 -3000 88 ) (-2048 -3000 94 ) (-2048 -2992 94 ) 
4 1883 1924 (-2048 -2416 88 ) (-2048 -2992 88 ) (-2048 -2992 94 ) (-2048 -2416 94 ) 
4 1883 1920 (-2048 -2152 88 ) (-2048 -2416 88 ) (-2048 -2416 94 ) (-2048 -2152 94 ) 
4 1883 1916 (-2048 -2048 94 ) (-2048 -2048 88 ) (-2048 -2152 88 ) (-2048 -2152 94 ) 
4 1883 1898 (-1848 -3072 94 ) (-2048 -3072 94 ) (-2048 -3072 88 ) (-1848 -3072 88 ) 
4 1883 1886 (-2048 -3072 88 ) (-2048 -3000 88 ) (-1848 -3000 88 ) (-1848 -3072 88 ) 
4 1883 1884 (-2048 -2408 88 ) (-2048 -2048 88 ) (-1848 -2048 88 ) (-1848 -2408 88 ) 
4 1883 1885 (-2048 -2992 88 ) (-2048 -2416 88 ) (-1848 -2416 88 ) (-1848 -2992 88 ) 
4 1884 1921 (-2048 -2152 56 ) (-2048 -2408 56 ) (-2048 -2408 88 ) (-2048 -2152 88 ) 
4 1884 1916 (-2048 -2048 88 ) (-2048 -2048 56 ) (-2048 -2152 56 ) (-2048 -2152 88 ) 
4 1884 1892 (-2048 -2408 56 ) (-2048 -2236 56 ) (-1848 -2236 56 ) (-1848 -2408 56 ) 
4 1884 1888 (-2048 -2236 56 ) (-2048 -2048 56 ) (-1848 -2048 56 ) (-1848 -2236 56 ) 
4 1885 1924 (-2048 -2416 56 ) (-2048 -2992 56 ) (-2048 -2992 88 ) (-2048 -2416 88 ) 
4 1885 1896 (-2048 -2992 56 ) (-2048 -2804 56 ) (-1848 -2804 56 ) (-1848 -2992 56 ) 
4 1885 1893 (-2048 -2804 56 ) (-2048 -2416 56 ) (-1848 -2416 56 ) (-1848 -2804 56 ) 
4 1886 1928 (-2048 -3000 56 ) (-2048 -3072 56 ) (-2048 -3072 88 ) (-2048 -3000 88 ) 
4 1886 1901 (-2048 -3072 88 ) (-2048 -3072 56 ) (-1848 -3072 56 ) (-1848 -3072 88 ) 
4 1886 1897 (-1848 -3072 56 ) (-2048 -3072 56 ) (-2048 -3000 56 ) (-1848 -3000 56 ) 
4 1887 1889 (-1408 -2236 -8 ) (-1360 -2236 -8 ) (-1360 -2236 56 ) (-1408 -2236 56 ) 
4 1887 1888 (-1408 -2196 -8 ) (-1408 -2236 -8 ) (-1408 -2236 56 ) (-1408 -2196 56 ) 
4 1888 1921 (-2048 -2152 -8 ) (-2048 -2236 -8 ) (-2048 -2236 56 ) (-2048 -2152 56 ) 
4 1888 1916 (-2048 -2048 56 ) (-2048 -2048 -8 ) (-2048 -2152 -8 ) (-2048 -2152 56 ) 
4 1888 1892 (-2048 -2236 -8 ) (-1848 -2236 -8 ) (-1848 -2236 56 ) (-2048 -2236 56 ) 
4 1888 1891 (-1848 -2236 -8 ) (-1840 -2236 -8 ) (-1840 -2236 56 ) (-1848 -2236 56 ) 
4 1888 1890 (-1840 -2236 -8 ) (-1464 -2236 -8 ) (-1464 -2236 56 ) (-1840 -2236 56 ) 
4 1888 1889 (-1464 -2236 -8 ) (-1408 -2236 -8 ) (-1408 -2236 56 ) (-1464 -2236 56 ) 
4 1889 1890 (-1464 -2236 56 ) (-1464 -2236 -8 ) (-1464 -2676 -8 ) (-1464 -2676 56 ) 
4 1890 1895 (-1840 -2804 -8 ) (-1464 -2804 -8 ) (-1464 -2804 56 ) (-1840 -2804 56 ) 
4 1890 1891 (-1840 -2236 56 ) (-1840 -2236 -8 ) (-1840 -2408 -8 ) (-1840 -2408 56 ) 
4 1891 1892 (-1848 -2236 56 ) (-1848 -2236 -8 ) (-1848 -2408 -8 ) (-1848 -2408 56 ) 
4 1892 1921 (-2048 -2236 -8 ) (-2048 -2408 -8 ) (-2048 -2408 56 ) (-2048 -2236 56 ) 
4 1893 1924 (-2048 -2416 -8 ) (-2048 -2804 -8 ) (-2048 -2804 56 ) (-2048 -2416 56 ) 
4 1893 1896 (-2048 -2804 -8 ) (-1848 -2804 -8 ) (-1848 -2804 56 ) (-2048 -2804 56 ) 
4 1894 1903 (-1324.521729 -3072 56 ) (-1408 -3072 56 ) (-1408 -3072 -8 ) (-1324.521729 -3072 -8 ) 
4 1894 1895 (-1408 -2976 -8 ) (-1408 -3072 -8 ) (-1408 -3072 56 ) (-1408 -2976 56 ) 
4 1895 1903 (-1408 -3072 56 ) (-1732.976074 -3072 56 ) (-1732.975952 -3072 -8 ) (-1408 -3072 -8 ) 
4 1895 1900 (-1732.976074 -3072 56 ) (-1840 -3072 56 ) (-1840 -3072 -8 ) (-1732.975952 -3072 -8 ) 
4 1896 1924 (-2048 -2804 -8 ) (-2048 -2992 -8 ) (-2048 -2992 56 ) (-2048 -2804 56 ) 
4 1897 1928 (-2048 -3072 40 ) (-2048 -3072 56 ) (-2048 -3000 56 ) (-2048 -3000 40 ) 
4 1897 1901 (-1848 -3072 56 ) (-2048 -3072 56 ) (-2048 -3072 40 ) (-1848 -3072 40 ) 
4 1898 1944 (-2048 -3072 184 ) (-2048 -3072 88 ) (-2048 -3992 88 ) (-2048 -3992 184 ) 
4 1898 1943 (-2048 -3072 1104 ) (-2048 -3072 184 ) (-2048 -3992 184 ) (-2048 -3992 1104 ) 
4 1898 1912 (-2048 -3992 184 ) (-2048 -3992 88 ) (-1872 -3992 88 ) (-1872 -3992 184 ) 
4 1898 1911 (-1872 -3992 1104 ) (-2048 -3992 1104 ) (-2048 -3992 184 ) (-1872 -3992 184 ) 
4 1898 1908 (-1024 -3992 88 ) (-1024 -3992 1104 ) (-1872 -3992 1104 ) (-1872 -3992 88 ) 
4 1898 1907 (-1500 -3992 88 ) (-2048 -3992 88 ) (-2048 -3660 88 ) (-1500 -3660 88 ) 
3 1898 1906 (-1268 -3992 88 ) (-1500 -3992 88 ) (-1500 -3659.199463 88 ) 
4 1898 1905 (-2048 -3652 88 ) (-2048 -3450.740967 88 ) (-1826.423706 -3190.950439 88 ) (-1505.019043 -3652 88 ) 
5 1898 1902 (-1024 -3992 88 ) (-1260 -3992 88 ) (-1825.621948 -3180.625000 88 ) (-1732.976074 -3072 88 ) (-1024 -3072 88 ) 
4 1898 1901 (-2048 -3441.357910 88 ) (-2048 -3072 88 ) (-1848 -3072 88 ) (-1848 -3206.862793 88 ) 
4 1898 1900 (-1840 -3072 88 ) (-1732.976074 -3072 88 ) (-1825.621948 -3180.625000 88 ) (-1840 -3160 88 ) 
3 1898 1899 (-1830.023804 -3185.786133 88 ) (-1848 -3206.862793 88 ) (-1848 -3160 88 ) 
4 1899 1901 (-1848 -3206.859375 40 ) (-1848 -3206.859375 88 ) (-1848 -3160 88 ) (-1848 -3160 40 ) 
4 1900 1903 (-1825.622070 -3180.625000 56 ) (-1825.622070 -3180.624756 -8 ) (-1732.976562 -3072 -8 ) (-1732.976440 -3072 56 ) 
4 1900 1902 (-1732.976318 -3072 88 ) (-1825.622070 -3180.625000 88 ) (-1825.622070 -3180.625000 56 ) (-1732.976440 -3072 56 ) 
4 1901 1947 (-2048 -3072 88 ) (-2048 -3072 40 ) (-2048 -3441.357910 40 ) (-2048 -3441.357910 88 ) 
5 1902 1903 (-1711.734009 -3344 56 ) (-1825.625000 -3180.625000 56 ) (-1732.979248 -3072 56 ) (-1324.521851 -3072 56 ) (-1088 -3344 56 ) 
4 1902 1904 (-1024 -3992 56 ) (-1260.003906 -3992 56 ) (-1711.734009 -3344 56 ) (-1024 -3344 56 ) 
4 1903 1904 (-1088 -3344 56 ) (-1711.726562 -3344 56 ) (-1711.726562 -3344 -8 ) (-1088 -3344 -8 ) 
4 1905 1951 (-2048 -3450.740967 -8 ) (-2048 -3652 -8 ) (-2048 -3652 40 ) (-2048 -3450.740967 40 ) 
4 1905 1946 (-2048 -3652 40 ) (-2048 -3652 88 ) (-2048 -3450.740967 88 ) (-2048 -3450.740967 40 ) 
4 1906 1910 (-1500 -3992 -8 ) (-1268 -3992 -8 ) (-1268 -3992 88 ) (-1500 -3992 88 ) 
4 1906 1907 (-1500 -3660 -8 ) (-1500 -3992 -8 ) (-1500 -3992 88 ) (-1500 -3660 88 ) 
4 1907 1955 (-2048 -3840 -8 ) (-2048 -3992 -8 ) (-2048 -3992 88 ) (-2048 -3840 88 ) 
4 1907 1954 (-2048 -3832 -8 ) (-2048 -3840 -8 ) (-2048 -3840 88 ) (-2048 -3832 88 ) 
4 1907 1952 (-2048 -3660 -8 ) (-2048 -3832 -8 ) (-2048 -3832 40 ) (-2048 -3660 40 ) 
4 1907 1948 (-2048 -3832 40 ) (-2048 -3832 88 ) (-2048 -3660 88 ) (-2048 -3660 40 ) 
4 1907 1912 (-2048 -3992 -8 ) (-1872 -3992 -8 ) (-1872 -3992 88 ) (-2048 -3992 88 ) 
4 1907 1910 (-1872 -3992 -8 ) (-1500 -3992 -8 ) (-1500 -3992 88 ) (-1872 -3992 88 ) 
4 1908 1978 (-1024 -4096 88 ) (-1024 -4096 1104 ) (-1872 -4096 1104 ) (-1872 -4096 88 ) 
4 1908 1913 (-1872 -4096 184 ) (-1872 -4096 1104 ) (-1872 -4024 1104 ) (-1872 -4024 184 ) 
4 1908 1912 (-1872 -3992 184 ) (-1872 -3992 88 ) (-1872 -4016 88 ) (-1872 -4016 184 ) 
4 1908 1911 (-1872 -3992 1104 ) (-1872 -3992 184 ) (-1872 -4024 184 ) (-1872 -4024 1104 ) 
4 1908 1910 (-1268 -4096 88 ) (-1872 -4096 88 ) (-1872 -3992 88 ) (-1268 -3992 88 ) 
4 1908 1909 (-1024 -4096 88 ) (-1260 -4096 88 ) (-1260 -4000 88 ) (-1024 -4000 88 ) 
4 1909 1979 (-1024 -4096 -8 ) (-1024 -4096 88 ) (-1260 -4096 88 ) (-1260 -4096 -8 ) 
4 1910 1982 (-1268 -4096 88 ) (-1872 -4096 88 ) (-1872 -4096 -8 ) (-1268 -4096 -8 ) 
4 1910 1912 (-1872 -3992 88 ) (-1872 -3992 -8 ) (-1872 -4016 -8 ) (-1872 -4016 88 ) 
4 1911 1943 (-2048 -3992 1104 ) (-2048 -3992 184 ) (-2048 -4024 184 ) (-2048 -4024 1104 ) 
4 1911 1914 (-1880 -4024 1104 ) (-2048 -4024 1104 ) (-2048 -4024 184 ) (-1880 -4024 184 ) 
4 1911 1913 (-1872 -4024 184 ) (-1872 -4024 1104 ) (-1880 -4024 1104 ) (-1880 -4024 184 ) 
4 1911 1912 (-2048 -4016 184 ) (-2048 -3992 184 ) (-1872 -3992 184 ) (-1872 -4016 184 ) 
4 1912 1955 (-2048 -3992 88 ) (-2048 -3992 -8 ) (-2048 -4016 -8 ) (-2048 -4016 88 ) 
4 1912 1944 (-2048 -3992 184 ) (-2048 -3992 88 ) (-2048 -4016 88 ) (-2048 -4016 184 ) 
4 1913 1983 (-1880 -4096 1104 ) (-1880 -4096 184 ) (-1872 -4096 184 ) (-1872 -4096 1104 ) 
4 1913 1914 (-1880 -4024 1104 ) (-1880 -4024 184 ) (-1880 -4096 184 ) (-1880 -4096 1104 ) 
4 1914 2001 (-2048 -4096 1104 ) (-2048 -4096 184 ) (-1944 -4096 184 ) (-1944 -4096 1104 ) 
4 1914 1992 (-1944 -4096 184 ) (-1936 -4096 184 ) (-1936 -4096 1104 ) (-1944 -4096 1104 ) 
4 1914 1988 (-1936 -4096 184 ) (-1880 -4096 184 ) (-1880 -4096 1104 ) (-1936 -4096 1104 ) 
4 1914 1957 (-2048 -4096 184 ) (-2048 -4096 1104 ) (-2048 -4024 1104 ) (-2048 -4024 184 ) 
4 1915 2009 (-2048 -4096 36 ) (-2048 -4096 -8 ) (-1944 -4096 -8 ) (-1944 -4096 36 ) 
4 1915 2007 (-1944 -4096 -8 ) (-1936 -4096 -8 ) (-1936 -4096 36 ) (-1944 -4096 36 ) 
4 1915 2002 (-2048 -4096 176 ) (-2048 -4096 36 ) (-1944 -4096 36 ) (-1944 -4096 176 ) 
4 1915 1993 (-1944 -4096 36 ) (-1936 -4096 36 ) (-1936 -4096 176 ) (-1944 -4096 176 ) 
4 1915 1989 (-1936 -4096 -8 ) (-1880 -4096 -8 ) (-1880 -4096 176 ) (-1936 -4096 176 ) 
4 1915 1958 (-2048 -4096 -8 ) (-2048 -4096 176 ) (-2048 -4024 176 ) (-2048 -4024 -8 ) 
4 1916 1925 (-2552 -2048 1104 ) (-2552 -2048 40 ) (-2552 -2152 40 ) (-2552 -2152 1104 ) 
4 1916 1921 (-2232 -2152 -8 ) (-2048 -2152 -8 ) (-2048 -2152 88 ) (-2232 -2152 88 ) 
4 1916 1920 (-2048 -2152 88 ) (-2048 -2152 136 ) (-2232 -2152 136 ) (-2232 -2152 88 ) 
3 1916 1918 (-2552 -2152 136 ) (-2232 -2152 88 ) (-2232 -2152 136 ) 
4 1916 1917 (-2552 -2152 1104 ) (-2552 -2152 136 ) (-2048 -2152 136 ) (-2048 -2152 1104 ) 
4 1917 1927 (-2544 -2992 1104 ) (-2552 -2992 1104 ) (-2552 -2992 136 ) (-2544 -2992 136 ) 
4 1917 1926 (-2048 -2992 136 ) (-2048 -2992 1104 ) (-2544 -2992 1104 ) (-2544 -2992 136 ) 
4 1917 1925 (-2552 -2992 136 ) (-2552 -2992 1104 ) (-2552 -2152 1104 ) (-2552 -2152 136 ) 
4 1917 1924 (-2048 -2992 136 ) (-2544 -2992 136 ) (-2544 -2416 136 ) (-2048 -2416 136 ) 
4 1917 1920 (-2232 -2152 136 ) (-2048 -2152 136 ) (-2048 -2416 136 ) (-2496 -2416 136 ) 
4 1917 1919 (-2544 -2160 136 ) (-2240 -2160 136 ) (-2496 -2416 136 ) (-2544 -2416 136 ) 
4 1917 1918 (-2552 -2160 136 ) (-2552 -2152 136 ) (-2232 -2152 136 ) (-2240 -2160 136 ) 
4 1918 1920 (-2231.996094 -2152 88 ) (-2231.996094 -2152 136 ) (-2239.996094 -2160 136 ) (-2239.996094 -2160 89.199417 ) 
4 1918 1919 (-2240.001953 -2160 89.200310 ) (-2240.001953 -2160 136 ) (-2544 -2160 136 ) (-2544 -2160 134.800003 ) 
4 1919 1924 (-2496 -2416 136 ) (-2544 -2416 136 ) (-2544 -2416 -8 ) (-2496 -2416 -8 ) 
4 1919 1923 (-2495.998047 -2416 88 ) (-2495.998047 -2416 -8 ) (-2487.998047 -2408 -8 ) (-2487.998047 -2408 88 ) 
4 1919 1922 (-2487.998047 -2408 -8 ) (-2239.996094 -2160 -8 ) (-2239.996094 -2160 88 ) (-2487.998047 -2408 88 ) 
4 1919 1920 (-2495.998047 -2416 136 ) (-2495.998047 -2416 88 ) (-2239.996094 -2160 88 ) (-2239.996094 -2160 136 ) 
4 1920 1924 (-2048 -2416 136 ) (-2496 -2416 136 ) (-2496 -2416 88 ) (-2048 -2416 88 ) 
4 1920 1923 (-2104 -2416 88 ) (-2496 -2416 88 ) (-2488 -2408 88 ) (-2108.250000 -2408 88 ) 
3 1920 1922 (-2488 -2408 88 ) (-2240 -2160 88 ) (-2108.250000 -2408 88 ) 
4 1920 1921 (-2232 -2152 88 ) (-2048 -2152 88 ) (-2048 -2408 88 ) (-2096 -2408 88 ) 
4 1922 1923 (-2108.250000 -2408 88 ) (-2488.007812 -2408 88 ) (-2488.007812 -2408 -8 ) (-2108.250000 -2408 -8 ) 
4 1923 1924 (-2496 -2416 88 ) (-2496 -2416 -8 ) (-2104 -2416 -8 ) (-2104 -2416 88 ) 
4 1924 1926 (-2048 -2992 88 ) (-2048 -2992 136 ) (-2544 -2992 136 ) (-2544 -2992 88 ) 
4 1925 1939 (-3072 -2656 40 ) (-3072 -2992 40 ) (-3072 -2992 1104 ) (-3072 -2656 1104 ) 
4 1925 1937 (-3072 -2648 40 ) (-3072 -2656 40 ) (-3072 -2656 1104 ) (-3072 -2648 1104 ) 
4 1925 1934 (-3072 -2048 196 ) (-3072 -2048 40 ) (-3072 -2648 40 ) (-3072 -2648 196 ) 
4 1925 1929 (-3072 -2048 1104 ) (-3072 -2048 196 ) (-3072 -2648 196 ) (-3072 -2648 1104 ) 
4 1925 1927 (-2552 -2992 136 ) (-2552 -2992 1104 ) (-3072 -2992 1104 ) (-3072 -2992 136 ) 
4 1926 1928 (-2048 -3000 88 ) (-2048 -3000 1104 ) (-2544 -3000 1104 ) (-2544 -3000 88 ) 
4 1926 1927 (-2544 -2992 1104 ) (-2544 -2992 136 ) (-2544 -3000 136 ) (-2544 -3000 1104 ) 
4 1927 1941 (-3072 -3000 136 ) (-3072 -3000 1104 ) (-3072 -2992 1104 ) (-3072 -2992 136 ) 
4 1927 1928 (-2644 -3000 136 ) (-2544 -3000 136 ) (-2544 -3000 1104 ) (-2644 -3000 1104 ) 
4 1928 1950 (-2228 -3072 88 ) (-2644 -3072 88 ) (-2644 -3072 40 ) (-2228 -3072 40 ) 
4 1928 1947 (-2048 -3072 40 ) (-2048 -3072 88 ) (-2228 -3072 88 ) (-2228 -3072 40 ) 
4 1928 1944 (-2048 -3072 88 ) (-2048 -3072 184 ) (-2544 -3072 184 ) (-2544 -3072 88 ) 
4 1928 1945 (-2544 -3072 184 ) (-2644 -3072 184 ) (-2644 -3072 88 ) (-2544 -3072 88 ) 
4 1928 1943 (-2048 -3072 184 ) (-2048 -3072 1104 ) (-2644 -3072 1104 ) (-2644 -3072 184 ) 
4 1929 1937 (-3072 -2648 196 ) (-3072 -2648 1104 ) (-3224 -2648 1104 ) (-3224 -2648 196 ) 
4 1929 1934 (-3072 -2648 196 ) (-3224 -2648 196 ) (-3224 -2048 196 ) (-3072 -2048 196 ) 
4 1929 1930 (-3224 -2648 328 ) (-3224 -2648 1104 ) (-3224 -2048 1104 ) (-3224 -2048 328 ) 
4 1930 1938 (-3224 -2648 1104 ) (-3232 -2648 1104 ) (-3232 -2648 328 ) (-3224 -2648 328 ) 
4 1930 1931 (-3232 -2648 328 ) (-3232 -2648 1104 ) (-3232 -2048 1104 ) (-3232 -2048 328 ) 
4 1931 1973 (-4096 -2648 328 ) (-4096 -2648 1104 ) (-4096 -2048 1104 ) (-4096 -2048 328 ) 
4 1931 1938 (-4096 -2648 1104 ) (-4096 -2648 328 ) (-3232 -2648 328 ) (-3232 -2648 1104 ) 
4 1932 1935 (-3232 -2648 196 ) (-3416 -2648 196 ) (-3416 -2048 196 ) (-3232 -2048 196 ) 
4 1933 1974 (-4096 -2648 196 ) (-4096 -2648 320 ) (-4096 -2048 320 ) (-4096 -2048 196 ) 
4 1933 1936 (-3424 -2648 196 ) (-4096 -2648 196 ) (-4096 -2048 196 ) (-3424 -2048 196 ) 
4 1934 1937 (-3072 -2648 40 ) (-3072 -2648 196 ) (-3224 -2648 196 ) (-3224 -2648 40 ) 
4 1936 1974 (-4096 -2648 64 ) (-4096 -2648 196 ) (-4096 -2048 196 ) (-4096 -2048 64 ) 
4 1937 1939 (-3072 -2656 40 ) (-3072 -2656 1104 ) (-3224 -2656 1104 ) (-3224 -2656 40 ) 
4 1937 1938 (-3224 -2648 1104 ) (-3224 -2648 328 ) (-3224 -2656 328 ) (-3224 -2656 1104 ) 
4 1938 1976 (-4096 -2656 328 ) (-4096 -2656 1104 ) (-4096 -2648 1104 ) (-4096 -2648 328 ) 
4 1938 1942 (-4096 -2656 1104 ) (-4096 -2656 328 ) (-3232 -2656 328 ) (-3232 -2656 1104 ) 
4 1938 1940 (-3232 -2656 328 ) (-3224 -2656 328 ) (-3224 -2656 1104 ) (-3232 -2656 1104 ) 
4 1939 1941 (-3072 -2992 136 ) (-3072 -2992 1104 ) (-3224 -2992 1104 ) (-3224 -2992 136 ) 
4 1939 1940 (-3224 -2992 136 ) (-3224 -2992 1104 ) (-3224 -2656 1104 ) (-3224 -2656 136 ) 
4 1940 1942 (-3232 -2660 1104 ) (-3232 -2656 1104 ) (-3232 -2656 136 ) (-3232 -2660 136 ) 
4 1940 1941 (-3232 -2992 1104 ) (-3232 -2992 136 ) (-3224 -2992 136 ) (-3224 -2992 1104 ) 
4 1942 1977 (-4096 -2660 64 ) (-4096 -2660 1104 ) (-4096 -2656 1104 ) (-4096 -2656 64 ) 
4 1943 1961 (-2636 -4024 1104 ) (-2644 -4024 1104 ) (-2644 -4024 184 ) (-2636 -4024 184 ) 
4 1943 1960 (-2544 -4024 1104 ) (-2636 -4024 1104 ) (-2636 -4024 184 ) (-2544 -4024 184 ) 
4 1943 1959 (-2536 -4024 1104 ) (-2544 -4024 1104 ) (-2544 -4024 184 ) (-2536 -4024 184 ) 
4 1943 1957 (-2048 -4024 184 ) (-2048 -4024 1104 ) (-2536 -4024 1104 ) (-2536 -4024 184 ) 
4 1943 1944 (-2544 -4016 184 ) (-2544 -3072 184 ) (-2048 -3072 184 ) (-2048 -4016 184 ) 
4 1943 1945 (-2544 -4024 184 ) (-2644 -4024 184 ) (-2644 -3072 184 ) (-2544 -3072 184 ) 
4 1944 1955 (-2544 -4016 88 ) (-2544 -3840 88 ) (-2048 -3840 88 ) (-2048 -4016 88 ) 
4 1944 1954 (-2373.177002 -3832 88 ) (-2048 -3832 88 ) (-2048 -3840 88 ) (-2380 -3840 88 ) 
5 1944 1950 (-2544 -3832 88 ) (-2544 -3072 88 ) (-2228 -3072 88 ) (-2228 -3652.403564 88 ) (-2381.176758 -3832 88 ) 
3 1944 1949 (-2228 -3661.784912 88 ) (-2228 -3832 88 ) (-2373.177002 -3832 88 ) 
5 1944 1948 (-2048 -3660 88 ) (-2048 -3832 88 ) (-2228 -3832 88 ) (-2228 -3661.784912 88 ) (-2226.477539 -3660 88 ) 
5 1944 1947 (-2228 -3072 88 ) (-2048 -3072 88 ) (-2048 -3441.357910 88 ) (-2227.655518 -3652 88 ) (-2228 -3652 88 ) 
3 1944 1946 (-2048 -3450.741211 88 ) (-2048 -3652 88 ) (-2219.654297 -3652 88 ) 
4 1944 1945 (-2544 -3072 88 ) (-2544 -4016 88 ) (-2544 -4016 184 ) (-2544 -3072 184 ) 
4 1945 1961 (-2636 -4024 184 ) (-2644 -4024 184 ) (-2644 -4024 88 ) (-2636 -4024 88 ) 
4 1945 1960 (-2544 -4024 184 ) (-2636 -4024 184 ) (-2636 -4024 88 ) (-2544 -4024 88 ) 
4 1945 1956 (-2544 -4024 88 ) (-2636 -4024 88 ) (-2636 -3840 88 ) (-2544 -3840 88 ) 
4 1945 1950 (-2644 -3832 88 ) (-2644 -3072 88 ) (-2544 -3072 88 ) (-2544 -3832 88 ) 
3 1946 1951 (-2048 -3450.741211 40 ) (-2048 -3652 40 ) (-2219.654297 -3652 40 ) 
4 1947 1950 (-2228 -3072 40 ) (-2228 -3652 40 ) (-2228 -3652 88 ) (-2228 -3072 88 ) 
4 1948 1954 (-2048 -3832 88 ) (-2228 -3832 88 ) (-2228 -3832 40 ) (-2048 -3832 40 ) 
5 1948 1952 (-2048 -3832 40 ) (-2228 -3832 40 ) (-2228 -3661.784912 40 ) (-2226.477539 -3660 40 ) (-2048 -3660 40 ) 
4 1948 1949 (-2228 -3661.784912 40 ) (-2228 -3832 40 ) (-2228 -3832 88 ) (-2228 -3661.784912 88 ) 
4 1949 1954 (-2228 -3832 88 ) (-2373.177002 -3832 88 ) (-2373.177002 -3832 40 ) (-2228 -3832 40 ) 
3 1949 1953 (-2228 -3832 40 ) (-2373.177002 -3832 40 ) (-2228 -3661.784912 40 ) 
4 1952 1954 (-2228 -3832 -8 ) (-2048 -3832 -8 ) (-2048 -3832 40 ) (-2228 -3832 40 ) 
4 1952 1953 (-2228 -3661.784912 -8 ) (-2228 -3832 -8 ) (-2228 -3832 40 ) (-2228 -3661.784912 40 ) 
4 1953 1954 (-2373.177002 -3832 -8 ) (-2228 -3832 -8 ) (-2228 -3832 40 ) (-2373.177002 -3832 40 ) 
4 1954 1955 (-2380 -3840 -8 ) (-2048 -3840 -8 ) (-2048 -3840 88 ) (-2380 -3840 88 ) 
4 1955 1956 (-2544 -3840 88 ) (-2544 -3840 -8 ) (-2544 -4016 -8 ) (-2544 -4016 88 ) 
4 1956 1960 (-2636 -4024 -8 ) (-2544 -4024 -8 ) (-2544 -4024 88 ) (-2636 -4024 88 ) 
4 1957 2093 (-2472 -4096 1104 ) (-2536 -4096 1104 ) (-2536 -4096 184 ) (-2472 -4096 184 ) 
4 1957 2077 (-2272 -4096 1104 ) (-2472 -4096 1104 ) (-2472 -4096 184 ) (-2272 -4096 184 ) 
4 1957 2073 (-2144 -4096 1104 ) (-2272 -4096 1104 ) (-2272 -4096 184 ) (-2144 -4096 184 ) 
4 1957 2049 (-2048 -4096 184 ) (-2048 -4096 1104 ) (-2144 -4096 1104 ) (-2144 -4096 184 ) 
4 1957 1959 (-2536 -4024 1104 ) (-2536 -4024 184 ) (-2536 -4096 184 ) (-2536 -4096 1104 ) 
4 1958 2130 (-2480 -4096 36 ) (-2536 -4096 36 ) (-2536 -4096 -8 ) (-2480 -4096 -8 ) 
4 1958 2129 (-2472 -4096 36 ) (-2480 -4096 36 ) (-2480 -4096 -8 ) (-2472 -4096 -8 ) 
4 1958 2120 (-2272 -4096 36 ) (-2472 -4096 36 ) (-2472 -4096 -8 ) (-2272 -4096 -8 ) 
4 1958 2117 (-2144 -4096 36 ) (-2272 -4096 36 ) (-2272 -4096 -8 ) (-2144 -4096 -8 ) 
4 1958 2109 (-2048 -4096 -8 ) (-2048 -4096 36 ) (-2144 -4096 36 ) (-2144 -4096 -8 ) 
4 1958 2103 (-2480 -4096 176 ) (-2536 -4096 176 ) (-2536 -4096 36 ) (-2480 -4096 36 ) 
4 1958 2094 (-2472 -4096 176 ) (-2480 -4096 176 ) (-2480 -4096 36 ) (-2472 -4096 36 ) 
4 1958 2078 (-2272 -4096 176 ) (-2472 -4096 176 ) (-2472 -4096 36 ) (-2272 -4096 36 ) 
4 1958 2074 (-2144 -4096 176 ) (-2272 -4096 176 ) (-2272 -4096 36 ) (-2144 -4096 36 ) 
4 1958 2050 (-2048 -4096 36 ) (-2048 -4096 176 ) (-2144 -4096 176 ) (-2144 -4096 36 ) 
4 1959 2093 (-2536 -4096 184 ) (-2536 -4096 1104 ) (-2544 -4096 1104 ) (-2544 -4096 184 ) 
4 1959 1960 (-2544 -4096 1104 ) (-2544 -4024 1104 ) (-2544 -4024 184 ) (-2544 -4096 184 ) 
4 1960 2134 (-2636 -4096 -8 ) (-2544 -4096 -8 ) (-2544 -4096 36 ) (-2636 -4096 36 ) 
4 1960 2107 (-2544 -4096 36 ) (-2544 -4096 184 ) (-2636 -4096 184 ) (-2636 -4096 36 ) 
4 1960 2093 (-2544 -4096 184 ) (-2544 -4096 1104 ) (-2636 -4096 1104 ) (-2636 -4096 184 ) 
4 1960 1961 (-2636 -4096 1104 ) (-2636 -4024 1104 ) (-2636 -4024 88 ) (-2636 -4096 88 ) 
4 1961 2108 (-2636 -4096 88 ) (-2636 -4096 184 ) (-2644 -4096 184 ) (-2644 -4096 88 ) 
4 1961 2093 (-2636 -4096 184 ) (-2636 -4096 1104 ) (-2644 -4096 1104 ) (-2644 -4096 184 ) 
4 1962 1965 (-5120 0 1104 ) (-5120 0 32 ) (-5120 -564 32 ) (-5120 -564 1104 ) 
4 1962 1964 (-4240 -564 1104 ) (-4904 -564 1104 ) (-4904 -564 32 ) (-4240 -564 32 ) 
4 1962 1963 (-4096 -564 40 ) (-4096 -564 1104 ) (-4240 -564 1104 ) (-4240 -564 40 ) 
4 1963 1967 (-4096 -1024 40 ) (-4096 -1024 1104 ) (-4240 -1024 1104 ) (-4240 -1024 40 ) 
4 1963 1964 (-4240 -1024 1104 ) (-4240 -564 1104 ) (-4240 -564 40 ) (-4240 -1024 40 ) 
4 1964 1972 (-4240 -1024 32 ) (-4240 -1024 1104 ) (-4904 -1024 1104 ) (-4904 -1024 32 ) 
4 1965 1966 (-5180 -476 1104 ) (-5180 0 1104 ) (-5180 0 32 ) (-5180 -476 32 ) 
4 1967 1972 (-4240 -1272 40 ) (-4240 -1272 1104 ) (-4240 -1024 1104 ) (-4240 -1024 40 ) 
4 1967 1968 (-4240 -1272 1104 ) (-4240 -1272 328 ) (-4096 -1272 328 ) (-4096 -1272 1104 ) 
4 1968 1971 (-4240 -1280 1104 ) (-4240 -1280 328 ) (-4232 -1280 328 ) (-4232 -1280 1104 ) 
4 1968 1969 (-4232 -1280 328 ) (-4096 -1280 328 ) (-4096 -1280 1104 ) (-4232 -1280 1104 ) 
4 1969 1973 (-4096 -2048 328 ) (-4096 -2048 1104 ) (-4232 -2048 1104 ) (-4232 -2048 328 ) 
4 1969 1971 (-4232 -1280 1104 ) (-4232 -1280 328 ) (-4232 -2048 328 ) (-4232 -2048 1104 ) 
4 1970 1974 (-4096 -2048 64 ) (-4096 -2048 320 ) (-4232 -2048 320 ) (-4232 -2048 64 ) 
4 1971 1975 (-4232 -2048 328 ) (-4232 -2048 1104 ) (-4240 -2048 1104 ) (-4240 -2048 328 ) 
4 1973 1976 (-4096 -2648 328 ) (-4096 -2648 1104 ) (-4232 -2648 1104 ) (-4232 -2648 328 ) 
4 1973 1975 (-4232 -2648 328 ) (-4232 -2648 1104 ) (-4232 -2048 1104 ) (-4232 -2048 328 ) 
4 1975 1976 (-4240 -2648 1104 ) (-4240 -2648 328 ) (-4232 -2648 328 ) (-4232 -2648 1104 ) 
4 1976 1977 (-4240 -2656 1104 ) (-4240 -2656 328 ) (-4096 -2656 328 ) (-4096 -2656 1104 ) 
4 1978 2023 (-1788 -5120 184 ) (-1872 -5120 184 ) (-1872 -5120 88 ) (-1788 -5120 88 ) 
4 1978 2020 (-1268 -5120 184 ) (-1788 -5120 184 ) (-1788 -5120 88 ) (-1268 -5120 88 ) 
4 1978 2019 (-1260 -5120 184 ) (-1268 -5120 184 ) (-1268 -5120 88 ) (-1260 -5120 88 ) 
4 1978 2016 (-1024 -5120 88 ) (-1024 -5120 184 ) (-1260 -5120 184 ) (-1260 -5120 88 ) 
4 1978 2014 (-1024 -5120 184 ) (-1024 -5120 1104 ) (-1872 -5120 1104 ) (-1872 -5120 184 ) 
4 1978 1986 (-1872 -4304 1104 ) (-1872 -4229 1104 ) (-1872 -4229 184 ) (-1872 -4304 184 ) 
4 1978 1987 (-1872 -5120 88 ) (-1872 -5120 1104 ) (-1872 -4304 1104 ) (-1872 -4304 88 ) 
4 1978 1984 (-1872 -4229 1104 ) (-1872 -4099 1104 ) (-1872 -4099 184 ) (-1872 -4229 184 ) 
4 1978 1985 (-1872 -4099 105 ) (-1872 -4099 88 ) (-1872 -4229 88 ) (-1872 -4229 105 ) 
4 1978 1983 (-1872 -4099 1104 ) (-1872 -4096 1104 ) (-1872 -4096 184 ) (-1872 -4099 184 ) 
4 1978 1981 (-1260 -4760 88 ) (-1260 -4952 88 ) (-1268 -4952 88 ) (-1268 -4760 88 ) 
4 1978 1982 (-1872 -5120 88 ) (-1872 -4096 88 ) (-1268 -4096 88 ) (-1268 -5120 88 ) 
4 1978 1979 (-1260 -4096 88 ) (-1024 -4096 88 ) (-1024 -4560 88 ) (-1260 -4560 88 ) 
4 1978 1980 (-1024 -4568 88 ) (-1024 -5120 88 ) (-1260 -5120 88 ) (-1260 -4568 88 ) 
4 1980 2016 (-1024 -5120 -8 ) (-1024 -5120 88 ) (-1260 -5120 88 ) (-1260 -5120 -8 ) 
4 1980 1981 (-1260 -4760 -8 ) (-1260 -4952 -8 ) (-1260 -4952 88 ) (-1260 -4760 88 ) 
4 1981 1982 (-1268 -4760 -8 ) (-1268 -4952 -8 ) (-1268 -4952 88 ) (-1268 -4760 88 ) 
4 1982 2023 (-1788 -5120 88 ) (-1872 -5120 88 ) (-1872 -5120 -8 ) (-1788 -5120 -8 ) 
4 1982 2020 (-1268 -5120 88 ) (-1788 -5120 88 ) (-1788 -5120 -8 ) (-1268 -5120 -8 ) 
4 1982 1987 (-1872 -4304 -8 ) (-1872 -5120 -8 ) (-1872 -5120 88 ) (-1872 -4304 88 ) 
4 1982 1985 (-1872 -4229 23 ) (-1872 -4229 88 ) (-1872 -4099 88 ) (-1872 -4099 23 ) 
4 1983 1988 (-1880 -4096 1104 ) (-1880 -4096 184 ) (-1880 -4099 184 ) (-1880 -4099 1104 ) 
4 1983 1984 (-1880 -4099 1104 ) (-1880 -4099 184 ) (-1872 -4099 184 ) (-1872 -4099 1104 ) 
4 1984 1988 (-1880 -4229 184 ) (-1880 -4229 1104 ) (-1880 -4099 1104 ) (-1880 -4099 184 ) 
4 1984 1986 (-1880 -4229 1104 ) (-1880 -4229 184 ) (-1872 -4229 184 ) (-1872 -4229 1104 ) 
4 1985 1989 (-1880 -4229 23 ) (-1880 -4229 105 ) (-1880 -4099 105 ) (-1880 -4099 23 ) 
4 1986 1990 (-1880 -4304 184 ) (-1880 -4304 1104 ) (-1880 -4296 1104 ) (-1880 -4296 184 ) 
4 1986 1988 (-1880 -4296 1104 ) (-1880 -4229 1104 ) (-1880 -4229 184 ) (-1880 -4296 184 ) 
4 1986 1987 (-1872 -4304 184 ) (-1872 -4304 1104 ) (-1880 -4304 1104 ) (-1880 -4304 184 ) 
4 1987 2024 (-1880 -5120 184 ) (-1880 -5120 -8 ) (-1872 -5120 -8 ) (-1872 -5120 184 ) 
4 1987 2014 (-1880 -5120 1104 ) (-1880 -5120 184 ) (-1872 -5120 184 ) (-1872 -5120 1104 ) 
4 1987 1991 (-1880 -4304 -8 ) (-1880 -5120 -8 ) (-1880 -5120 184 ) (-1880 -4304 184 ) 
4 1987 1990 (-1880 -5120 184 ) (-1880 -5120 1104 ) (-1880 -4304 1104 ) (-1880 -4304 184 ) 
4 1988 1992 (-1936 -4096 1104 ) (-1936 -4096 184 ) (-1936 -4296 184 ) (-1936 -4296 1104 ) 
4 1988 1990 (-1936 -4296 1104 ) (-1936 -4296 184 ) (-1880 -4296 184 ) (-1880 -4296 1104 ) 
4 1989 2007 (-1936 -4096 36 ) (-1936 -4096 -8 ) (-1936 -4296 -8 ) (-1936 -4296 36 ) 
4 1989 1993 (-1936 -4096 176 ) (-1936 -4096 36 ) (-1936 -4296 36 ) (-1936 -4296 176 ) 
4 1990 2014 (-1936 -5120 1104 ) (-1936 -5120 184 ) (-1880 -5120 184 ) (-1880 -5120 1104 ) 
4 1990 1992 (-1936 -5120 184 ) (-1936 -5120 1104 ) (-1936 -4296 1104 ) (-1936 -4296 184 ) 
4 1990 1991 (-1936 -5120 184 ) (-1936 -4304 184 ) (-1880 -4304 184 ) (-1880 -5120 184 ) 
4 1991 2025 (-1936 -5120 184 ) (-1936 -5120 -8 ) (-1880 -5120 -8 ) (-1880 -5120 184 ) 
4 1991 2008 (-1936 -4816 -8 ) (-1936 -4912 -8 ) (-1936 -4912 36 ) (-1936 -4816 36 ) 
4 1991 2000 (-1936 -5120 36 ) (-1936 -5120 91 ) (-1936 -5084 91 ) (-1936 -5084 36 ) 
4 1991 1999 (-1936 -5004 91 ) (-1936 -5004 36 ) (-1936 -5044 36 ) (-1936 -5044 91 ) 
4 1991 1998 (-1936 -4816 100 ) (-1936 -4816 36 ) (-1936 -4912 36 ) (-1936 -4912 100 ) 
4 1991 1997 (-1936 -4684 91 ) (-1936 -4684 36 ) (-1936 -4724 36 ) (-1936 -4724 91 ) 
4 1991 1996 (-1936 -4604 91 ) (-1936 -4604 36 ) (-1936 -4644 36 ) (-1936 -4644 91 ) 
4 1991 1995 (-1936 -4484 91 ) (-1936 -4484 36 ) (-1936 -4524 36 ) (-1936 -4524 91 ) 
4 1991 1994 (-1936 -4404 91 ) (-1936 -4404 36 ) (-1936 -4444 36 ) (-1936 -4444 91 ) 
4 1992 2014 (-1936 -5120 184 ) (-1936 -5120 1104 ) (-1944 -5120 1104 ) (-1944 -5120 184 ) 
4 1992 2001 (-1944 -4096 1104 ) (-1944 -4096 184 ) (-1944 -5120 184 ) (-1944 -5120 1104 ) 
4 1993 2007 (-1944 -4096 36 ) (-1936 -4096 36 ) (-1936 -4296 36 ) (-1944 -4296 36 ) 
4 1993 2002 (-1944 -4096 176 ) (-1944 -4096 36 ) (-1944 -4296 36 ) (-1944 -4296 176 ) 
4 1994 2003 (-1944 -4404 36 ) (-1944 -4444 36 ) (-1944 -4444 91 ) (-1944 -4404 91 ) 
4 1995 2003 (-1944 -4484 36 ) (-1944 -4524 36 ) (-1944 -4524 91 ) (-1944 -4484 91 ) 
4 1996 2004 (-1944 -4604 36 ) (-1944 -4644 36 ) (-1944 -4644 91 ) (-1944 -4604 91 ) 
4 1997 2004 (-1944 -4684 36 ) (-1944 -4724 36 ) (-1944 -4724 91 ) (-1944 -4684 91 ) 
4 1998 2008 (-1936 -4816 36 ) (-1936 -4912 36 ) (-1944 -4912 36 ) (-1944 -4816 36 ) 
4 1998 2005 (-1944 -4816 36 ) (-1944 -4912 36 ) (-1944 -4912 100 ) (-1944 -4816 100 ) 
4 1999 2006 (-1944 -5004 36 ) (-1944 -5044 36 ) (-1944 -5044 91 ) (-1944 -5004 91 ) 
4 2000 2034 (-1936 -5120 36 ) (-1936 -5120 91 ) (-1944 -5120 91 ) (-1944 -5120 36 ) 
4 2000 2006 (-1944 -5084 36 ) (-1944 -5120 36 ) (-1944 -5120 91 ) (-1944 -5084 91 ) 
4 2001 2067 (-2048 -4968 184 ) (-2048 -5120 184 ) (-2048 -5120 1104 ) (-2048 -4968 1104 ) 
4 2001 2066 (-2048 -4960 184 ) (-2048 -4968 184 ) (-2048 -4968 1104 ) (-2048 -4960 1104 ) 
4 2001 2064 (-2048 -4768 184 ) (-2048 -4960 184 ) (-2048 -4960 1104 ) (-2048 -4768 1104 ) 
4 2001 2063 (-2048 -4760 184 ) (-2048 -4768 184 ) (-2048 -4768 1104 ) (-2048 -4760 1104 ) 
4 2001 2059 (-2048 -4568 184 ) (-2048 -4760 184 ) (-2048 -4760 1104 ) (-2048 -4568 1104 ) 
4 2001 2053 (-2048 -4560 184 ) (-2048 -4568 184 ) (-2048 -4568 1104 ) (-2048 -4560 1104 ) 
4 2001 2051 (-2048 -4368 184 ) (-2048 -4560 184 ) (-2048 -4560 1104 ) (-2048 -4368 1104 ) 
4 2001 2049 (-2048 -4096 1104 ) (-2048 -4096 184 ) (-2048 -4368 184 ) (-2048 -4368 1104 ) 
4 2001 2014 (-2048 -5120 1104 ) (-2048 -5120 184 ) (-1944 -5120 184 ) (-1944 -5120 1104 ) 
4 2002 2050 (-2048 -4096 176 ) (-2048 -4096 36 ) (-2048 -4360 36 ) (-2048 -4360 176 ) 
4 2002 2009 (-2048 -4096 36 ) (-1944 -4096 36 ) (-1944 -4360 36 ) (-2048 -4360 36 ) 
4 2003 2052 (-2048 -4368 36 ) (-2048 -4560 36 ) (-2048 -4560 112 ) (-2048 -4368 112 ) 
4 2003 2010 (-1944 -4368 36 ) (-1944 -4560 36 ) (-2048 -4560 36 ) (-2048 -4368 36 ) 
4 2004 2060 (-2048 -4568 36 ) (-2048 -4760 36 ) (-2048 -4760 112 ) (-2048 -4568 112 ) 
4 2004 2011 (-1944 -4568 36 ) (-1944 -4760 36 ) (-2048 -4760 36 ) (-2048 -4568 36 ) 
4 2005 2065 (-2048 -4768 36 ) (-2048 -4960 36 ) (-2048 -4960 112 ) (-2048 -4768 112 ) 
4 2005 2012 (-1944 -4768 36 ) (-1944 -4960 36 ) (-2048 -4960 36 ) (-2048 -4768 36 ) 
4 2006 2068 (-2048 -4968 36 ) (-2048 -5120 36 ) (-2048 -5120 112 ) (-2048 -4968 112 ) 
4 2006 2043 (-2048 -5120 112 ) (-2048 -5120 36 ) (-1944 -5120 36 ) (-1944 -5120 112 ) 
4 2006 2013 (-1944 -4968 36 ) (-1944 -5120 36 ) (-2048 -5120 36 ) (-2048 -4968 36 ) 
4 2007 2009 (-1944 -4096 -8 ) (-1944 -4296 -8 ) (-1944 -4296 36 ) (-1944 -4096 36 ) 
4 2008 2012 (-1944 -4816 -8 ) (-1944 -4912 -8 ) (-1944 -4912 36 ) (-1944 -4816 36 ) 
4 2009 2109 (-2048 -4096 36 ) (-2048 -4096 -8 ) (-2048 -4360 -8 ) (-2048 -4360 36 ) 
4 2010 2110 (-2048 -4368 -8 ) (-2048 -4560 -8 ) (-2048 -4560 36 ) (-2048 -4368 36 ) 
4 2011 2112 (-2048 -4568 -8 ) (-2048 -4760 -8 ) (-2048 -4760 36 ) (-2048 -4568 36 ) 
4 2012 2114 (-2048 -4768 -8 ) (-2048 -4960 -8 ) (-2048 -4960 36 ) (-2048 -4768 36 ) 
4 2013 2115 (-2048 -4968 -8 ) (-2048 -5120 -8 ) (-2048 -5120 36 ) (-2048 -4968 36 ) 
4 2013 2043 (-1944 -5120 36 ) (-2048 -5120 36 ) (-2048 -5120 -8 ) (-1944 -5120 -8 ) 
4 2014 2135 (-2048 -5984 1104 ) (-2048 -5120 1104 ) (-2048 -5120 184 ) (-2048 -5984 184 ) 
4 2014 2048 (-2048 -5984 184 ) (-2048 -5820 184 ) (-1944 -5820 184 ) (-1944 -5984 184 ) 
4 2014 2047 (-2048 -5820 184 ) (-2048 -5812 184 ) (-1944 -5812 184 ) (-1944 -5820 184 ) 
4 2014 2046 (-2048 -5812 184 ) (-2048 -5712 184 ) (-1944 -5712 184 ) (-1944 -5812 184 ) 
4 2014 2040 (-1936 -5820 184 ) (-1936 -5984 184 ) (-1944 -5984 184 ) (-1944 -5820 184 ) 
4 2014 2039 (-1936 -5812 184 ) (-1936 -5820 184 ) (-1944 -5820 184 ) (-1944 -5812 184 ) 
4 2014 2038 (-1936 -5712 184 ) (-1936 -5812 184 ) (-1944 -5812 184 ) (-1944 -5712 184 ) 
4 2014 2031 (-1788 -5820 184 ) (-1788 -5984 184 ) (-1936 -5984 184 ) (-1936 -5820 184 ) 
4 2014 2030 (-1788 -5812 184 ) (-1788 -5820 184 ) (-1936 -5820 184 ) (-1936 -5812 184 ) 
4 2014 2028 (-1788 -5712 184 ) (-1788 -5812 184 ) (-1796 -5812 184 ) (-1796 -5712 184 ) 
4 2014 2029 (-1796 -5812 184 ) (-1936 -5812 184 ) (-1936 -5712 184 ) (-1796 -5712 184 ) 
4 2014 2027 (-1788 -5704 184 ) (-1788 -5712 184 ) (-1872 -5712 184 ) (-1872 -5704 184 ) 
4 2014 2025 (-1936 -5120 184 ) (-1880 -5120 184 ) (-1880 -5424 184 ) (-1936 -5424 184 ) 
4 2014 2024 (-1880 -5120 184 ) (-1872 -5120 184 ) (-1872 -5424 184 ) (-1880 -5424 184 ) 
4 2014 2023 (-1872 -5120 184 ) (-1788 -5120 184 ) (-1788 -5704 184 ) (-1872 -5704 184 ) 
4 2014 2022 (-1268 -5720 184 ) (-1268 -5984 184 ) (-1788 -5984 184 ) (-1788 -5720 184 ) 
4 2014 2021 (-1268 -5712 184 ) (-1268 -5720 184 ) (-1788 -5720 184 ) (-1788 -5712 184 ) 
4 2014 2020 (-1788 -5120 184 ) (-1268 -5120 184 ) (-1268 -5712 184 ) (-1788 -5712 184 ) 
4 2014 2019 (-1268 -5120 184 ) (-1260 -5120 184 ) (-1260 -5920 184 ) (-1268 -5920 184 ) 
4 2014 2017 (-1024 -5144 184 ) (-1024 -5152 184 ) (-1260 -5152 184 ) (-1260 -5144 184 ) 
4 2014 2016 (-1260 -5120 184 ) (-1024 -5120 184 ) (-1024 -5144 184 ) (-1260 -5144 184 ) 
4 2014 2018 (-1024 -5152 184 ) (-1024 -5920 184 ) (-1260 -5920 184 ) (-1260 -5152 184 ) 
4 2014 2015 (-1580 -5984 184 ) (-1024 -5984 184 ) (-1024 -5984 1104 ) (-1580 -5984 1104 ) 
4 2015 2178 (-1024 -6144 184 ) (-1024 -6144 1104 ) (-1325 -6144 1104 ) (-1325 -6144 184 ) 
4 2015 2177 (-1325 -6144 1104 ) (-1580 -6144 1104 ) (-1580 -6144 184 ) (-1325 -6144 184 ) 
4 2015 2033 (-1024 -6144 184 ) (-1236 -6144 184 ) (-1076 -5984 184 ) (-1024 -5984 184 ) 
4 2015 2032 (-1325 -6144 184 ) (-1580 -6144 184 ) (-1580 -5984 184 ) (-1165 -5984 184 ) 
4 2016 2019 (-1260 -5144 88 ) (-1260 -5144 184 ) (-1260 -5120 184 ) (-1260 -5120 88 ) 
4 2016 2017 (-1260 -5144 184 ) (-1260 -5144 88 ) (-1024 -5144 88 ) (-1024 -5144 184 ) 
4 2017 2019 (-1260 -5152 88 ) (-1260 -5152 184 ) (-1260 -5144 184 ) (-1260 -5144 88 ) 
4 2017 2018 (-1260 -5152 184 ) (-1260 -5152 88 ) (-1024 -5152 88 ) (-1024 -5152 184 ) 
4 2018 2019 (-1260 -5920 88 ) (-1260 -5920 184 ) (-1260 -5152 184 ) (-1260 -5152 88 ) 
4 2019 2022 (-1268 -5920 88 ) (-1268 -5920 184 ) (-1268 -5720 184 ) (-1268 -5720 88 ) 
4 2019 2021 (-1268 -5720 184 ) (-1268 -5712 184 ) (-1268 -5712 88 ) (-1268 -5720 88 ) 
4 2019 2020 (-1268 -5712 184 ) (-1268 -5120 184 ) (-1268 -5120 88 ) (-1268 -5712 88 ) 
4 2020 2027 (-1788 -5704 -8 ) (-1788 -5712 -8 ) (-1788 -5712 184 ) (-1788 -5704 184 ) 
4 2020 2023 (-1788 -5120 -8 ) (-1788 -5704 -8 ) (-1788 -5704 184 ) (-1788 -5120 184 ) 
4 2020 2021 (-1788 -5712 184 ) (-1788 -5712 88 ) (-1268 -5712 88 ) (-1268 -5712 184 ) 
4 2021 2028 (-1788 -5720 88 ) (-1788 -5720 184 ) (-1788 -5712 184 ) (-1788 -5712 88 ) 
4 2021 2022 (-1788 -5720 184 ) (-1788 -5720 88 ) (-1268 -5720 88 ) (-1268 -5720 184 ) 
4 2022 2032 (-1268 -5984 40 ) (-1268 -5984 184 ) (-1580 -5984 184 ) (-1580 -5984 40 ) 
4 2022 2031 (-1788 -5984 40 ) (-1788 -5984 184 ) (-1788 -5820 184 ) (-1788 -5820 40 ) 
4 2022 2030 (-1788 -5820 184 ) (-1788 -5812 184 ) (-1788 -5812 88 ) (-1788 -5820 88 ) 
4 2022 2028 (-1788 -5812 184 ) (-1788 -5720 184 ) (-1788 -5720 88 ) (-1788 -5812 88 ) 
4 2023 2027 (-1872 -5704 -8 ) (-1788 -5704 -8 ) (-1788 -5704 184 ) (-1872 -5704 184 ) 
4 2023 2024 (-1872 -5120 -8 ) (-1872 -5424 -8 ) (-1872 -5424 184 ) (-1872 -5120 184 ) 
4 2024 2025 (-1880 -5120 -8 ) (-1880 -5424 -8 ) (-1880 -5424 184 ) (-1880 -5120 184 ) 
4 2025 2036 (-1936 -5284 91 ) (-1936 -5284 36 ) (-1936 -5324 36 ) (-1936 -5324 91 ) 
4 2025 2035 (-1936 -5204 91 ) (-1936 -5204 36 ) (-1936 -5244 36 ) (-1936 -5244 91 ) 
4 2025 2034 (-1936 -5120 91 ) (-1936 -5120 36 ) (-1936 -5124 36 ) (-1936 -5124 91 ) 
4 2026 2041 (-1936 -5432 -8 ) (-1936 -5704 -8 ) (-1936 -5704 36 ) (-1936 -5432 36 ) 
4 2026 2037 (-1936 -5704 36 ) (-1936 -5704 176 ) (-1936 -5432 176 ) (-1936 -5432 36 ) 
4 2027 2028 (-1788 -5712 88 ) (-1788 -5712 184 ) (-1796 -5712 184 ) (-1796 -5712 88 ) 
4 2027 2029 (-1872 -5712 -8 ) (-1796 -5712 -8 ) (-1796 -5712 184 ) (-1872 -5712 184 ) 
4 2028 2030 (-1788 -5812 88 ) (-1788 -5812 184 ) (-1796 -5812 184 ) (-1796 -5812 88 ) 
4 2028 2029 (-1796 -5712 184 ) (-1796 -5712 88 ) (-1796 -5812 88 ) (-1796 -5812 184 ) 
4 2029 2042 (-1936 -5712 -8 ) (-1936 -5812 -8 ) (-1936 -5812 36 ) (-1936 -5712 36 ) 
4 2029 2038 (-1936 -5812 36 ) (-1936 -5812 184 ) (-1936 -5712 184 ) (-1936 -5712 36 ) 
4 2029 2030 (-1936 -5812 184 ) (-1936 -5812 88 ) (-1796 -5812 88 ) (-1796 -5812 184 ) 
4 2030 2039 (-1936 -5820 88 ) (-1936 -5820 184 ) (-1936 -5812 184 ) (-1936 -5812 88 ) 
4 2030 2031 (-1936 -5820 184 ) (-1936 -5820 88 ) (-1788 -5820 88 ) (-1788 -5820 184 ) 
4 2031 2040 (-1936 -5984 40 ) (-1936 -5984 184 ) (-1936 -5820 184 ) (-1936 -5820 40 ) 
4 2032 2177 (-1325 -6144 184 ) (-1580 -6144 184 ) (-1580 -6144 40 ) (-1325 -6144 40 ) 
4 2033 2179 (-1024 -6144 -8 ) (-1024 -6144 184 ) (-1236 -6144 184 ) (-1236 -6144 -8 ) 
4 2034 2043 (-1944 -5120 91 ) (-1944 -5120 36 ) (-1944 -5124 36 ) (-1944 -5124 91 ) 
4 2035 2044 (-1944 -5204 91 ) (-1944 -5204 36 ) (-1944 -5244 36 ) (-1944 -5244 91 ) 
4 2036 2044 (-1944 -5284 91 ) (-1944 -5284 36 ) (-1944 -5324 36 ) (-1944 -5324 91 ) 
4 2037 2045 (-1944 -5432 176 ) (-1944 -5432 36 ) (-1944 -5704 36 ) (-1944 -5704 176 ) 
4 2037 2041 (-1944 -5704 36 ) (-1944 -5432 36 ) (-1936 -5432 36 ) (-1936 -5704 36 ) 
4 2038 2046 (-1944 -5812 184 ) (-1944 -5712 184 ) (-1944 -5712 36 ) (-1944 -5812 36 ) 
4 2038 2042 (-1944 -5812 36 ) (-1944 -5712 36 ) (-1936 -5712 36 ) (-1936 -5812 36 ) 
4 2038 2039 (-1944 -5812 184 ) (-1944 -5812 88 ) (-1936 -5812 88 ) (-1936 -5812 184 ) 
4 2039 2047 (-1944 -5820 184 ) (-1944 -5812 184 ) (-1944 -5812 88 ) (-1944 -5820 88 ) 
4 2039 2040 (-1944 -5820 184 ) (-1944 -5820 88 ) (-1936 -5820 88 ) (-1936 -5820 184 ) 
4 2040 2048 (-1944 -5984 184 ) (-1944 -5820 184 ) (-1944 -5820 40 ) (-1944 -5984 40 ) 
4 2041 2045 (-1944 -5432 -8 ) (-1944 -5704 -8 ) (-1944 -5704 36 ) (-1944 -5432 36 ) 
4 2042 2046 (-1944 -5712 -8 ) (-1944 -5812 -8 ) (-1944 -5812 36 ) (-1944 -5712 36 ) 
4 2043 2160 (-2048 -5120 36 ) (-2048 -5120 -8 ) (-2048 -5160 -8 ) (-2048 -5160 36 ) 
4 2043 2136 (-2048 -5120 112 ) (-2048 -5120 36 ) (-2048 -5160 36 ) (-2048 -5160 112 ) 
4 2044 2161 (-2048 -5168 36 ) (-2048 -5168 -8 ) (-2048 -5360 -8 ) (-2048 -5360 36 ) 
4 2044 2137 (-2048 -5168 112 ) (-2048 -5168 36 ) (-2048 -5360 36 ) (-2048 -5360 112 ) 
4 2045 2168 (-2048 -5368 36 ) (-2048 -5368 -8 ) (-2048 -5704 -8 ) (-2048 -5704 36 ) 
4 2045 2154 (-2048 -5432 36 ) (-2048 -5704 36 ) (-2048 -5704 176 ) (-2048 -5432 176 ) 
4 2045 2151 (-2048 -5368 176 ) (-2048 -5368 36 ) (-2048 -5432 36 ) (-2048 -5432 176 ) 
4 2046 2169 (-2048 -5712 36 ) (-2048 -5712 -8 ) (-2048 -5812 -8 ) (-2048 -5812 36 ) 
4 2046 2155 (-2048 -5812 184 ) (-2048 -5712 184 ) (-2048 -5712 36 ) (-2048 -5812 36 ) 
4 2046 2047 (-1944 -5812 88 ) (-1944 -5812 184 ) (-2048 -5812 184 ) (-2048 -5812 88 ) 
4 2047 2158 (-2048 -5820 184 ) (-2048 -5812 184 ) (-2048 -5812 88 ) (-2048 -5820 88 ) 
4 2047 2048 (-1944 -5820 88 ) (-1944 -5820 184 ) (-2048 -5820 184 ) (-2048 -5820 88 ) 
4 2048 2159 (-2048 -5984 184 ) (-2048 -5820 184 ) (-2048 -5820 40 ) (-2048 -5984 40 ) 
4 2049 2073 (-2144 -4096 1104 ) (-2144 -4096 184 ) (-2144 -4368 184 ) (-2144 -4368 1104 ) 
4 2049 2054 (-2144 -4368 1104 ) (-2144 -4368 184 ) (-2136 -4368 184 ) (-2136 -4368 1104 ) 
4 2049 2051 (-2136 -4368 184 ) (-2048 -4368 184 ) (-2048 -4368 1104 ) (-2136 -4368 1104 ) 
4 2050 2109 (-2144 -4360 36 ) (-2144 -4096 36 ) (-2048 -4096 36 ) (-2048 -4360 36 ) 
4 2050 2074 (-2144 -4096 176 ) (-2144 -4096 36 ) (-2144 -4360 36 ) (-2144 -4360 176 ) 
4 2051 2057 (-2136 -4456 184 ) (-2136 -4560 184 ) (-2136 -4560 1104 ) (-2136 -4456 1104 ) 
4 2051 2055 (-2136 -4408 184 ) (-2136 -4456 184 ) (-2136 -4456 1104 ) (-2136 -4408 1104 ) 
4 2051 2054 (-2136 -4368 1104 ) (-2136 -4368 184 ) (-2136 -4408 184 ) (-2136 -4408 1104 ) 
4 2051 2053 (-2048 -4560 1104 ) (-2136 -4560 1104 ) (-2136 -4560 184 ) (-2048 -4560 184 ) 
4 2052 2110 (-2136 -4368 36 ) (-2048 -4368 36 ) (-2048 -4560 36 ) (-2136 -4560 36 ) 
4 2052 2056 (-2136 -4408 36 ) (-2136 -4456 36 ) (-2136 -4456 100 ) (-2136 -4408 100 ) 
4 2053 2059 (-2048 -4568 184 ) (-2048 -4568 1104 ) (-2136 -4568 1104 ) (-2136 -4568 184 ) 
4 2053 2058 (-2136 -4568 184 ) (-2136 -4568 1104 ) (-2136 -4560 1104 ) (-2136 -4560 184 ) 
4 2054 2073 (-2144 -4408 184 ) (-2144 -4408 1104 ) (-2144 -4368 1104 ) (-2144 -4368 184 ) 
4 2054 2055 (-2136 -4408 184 ) (-2136 -4408 1104 ) (-2144 -4408 1104 ) (-2144 -4408 184 ) 
4 2055 2073 (-2144 -4456 184 ) (-2144 -4456 1104 ) (-2144 -4408 1104 ) (-2144 -4408 184 ) 
4 2055 2057 (-2136 -4456 184 ) (-2136 -4456 1104 ) (-2144 -4456 1104 ) (-2144 -4456 184 ) 
4 2056 2111 (-2144 -4456 36 ) (-2144 -4408 36 ) (-2136 -4408 36 ) (-2136 -4456 36 ) 
4 2056 2076 (-2144 -4408 36 ) (-2144 -4456 36 ) (-2144 -4456 100 ) (-2144 -4408 100 ) 
4 2057 2073 (-2144 -4560 184 ) (-2144 -4560 1104 ) (-2144 -4456 1104 ) (-2144 -4456 184 ) 
4 2057 2058 (-2136 -4560 184 ) (-2136 -4560 1104 ) (-2144 -4560 1104 ) (-2144 -4560 184 ) 
4 2058 2073 (-2144 -4568 184 ) (-2144 -4568 1104 ) (-2144 -4560 1104 ) (-2144 -4560 184 ) 
4 2058 2061 (-2144 -4568 1104 ) (-2144 -4568 184 ) (-2136 -4568 184 ) (-2136 -4568 1104 ) 
4 2059 2063 (-2048 -4760 184 ) (-2048 -4760 1104 ) (-2136 -4760 1104 ) (-2136 -4760 184 ) 
4 2059 2061 (-2136 -4568 1104 ) (-2136 -4568 184 ) (-2136 -4760 184 ) (-2136 -4760 1104 ) 
4 2060 2112 (-2136 -4568 36 ) (-2048 -4568 36 ) (-2048 -4760 36 ) (-2136 -4760 36 ) 
4 2060 2062 (-2136 -4608 36 ) (-2136 -4656 36 ) (-2136 -4656 100 ) (-2136 -4608 100 ) 
4 2061 2073 (-2144 -4760 184 ) (-2144 -4760 1104 ) (-2144 -4568 1104 ) (-2144 -4568 184 ) 
4 2061 2063 (-2144 -4760 1104 ) (-2144 -4760 184 ) (-2136 -4760 184 ) (-2136 -4760 1104 ) 
4 2062 2113 (-2144 -4656 36 ) (-2144 -4608 36 ) (-2136 -4608 36 ) (-2136 -4656 36 ) 
4 2062 2076 (-2144 -4608 36 ) (-2144 -4656 36 ) (-2144 -4656 100 ) (-2144 -4608 100 ) 
4 2063 2073 (-2144 -4768 184 ) (-2144 -4768 1104 ) (-2144 -4760 1104 ) (-2144 -4760 184 ) 
4 2063 2064 (-2048 -4768 1104 ) (-2144 -4768 1104 ) (-2144 -4768 184 ) (-2048 -4768 184 ) 
4 2064 2073 (-2144 -4960 184 ) (-2144 -4960 1104 ) (-2144 -4768 1104 ) (-2144 -4768 184 ) 
4 2064 2066 (-2048 -4960 1104 ) (-2144 -4960 1104 ) (-2144 -4960 184 ) (-2048 -4960 184 ) 
4 2065 2114 (-2144 -4960 36 ) (-2144 -4768 36 ) (-2048 -4768 36 ) (-2048 -4960 36 ) 
4 2065 2076 (-2144 -4768 36 ) (-2144 -4960 36 ) (-2144 -4960 112 ) (-2144 -4768 112 ) 
4 2066 2073 (-2144 -4968 184 ) (-2144 -4968 1104 ) (-2144 -4960 1104 ) (-2144 -4960 184 ) 
4 2066 2069 (-2144 -4968 1104 ) (-2144 -4968 184 ) (-2136 -4968 184 ) (-2136 -4968 1104 ) 
4 2066 2067 (-2136 -4968 184 ) (-2048 -4968 184 ) (-2048 -4968 1104 ) (-2136 -4968 1104 ) 
4 2067 2135 (-2048 -5120 184 ) (-2048 -5120 1104 ) (-2136 -5120 1104 ) (-2136 -5120 184 ) 
4 2067 2072 (-2136 -5056 184 ) (-2136 -5120 184 ) (-2136 -5120 1104 ) (-2136 -5056 1104 ) 
4 2067 2070 (-2136 -5008 184 ) (-2136 -5056 184 ) (-2136 -5056 1104 ) (-2136 -5008 1104 ) 
4 2067 2069 (-2136 -4968 1104 ) (-2136 -4968 184 ) (-2136 -5008 184 ) (-2136 -5008 1104 ) 
4 2068 2136 (-2048 -5120 36 ) (-2048 -5120 112 ) (-2136 -5120 112 ) (-2136 -5120 36 ) 
4 2068 2115 (-2048 -5120 36 ) (-2136 -5120 36 ) (-2136 -4968 36 ) (-2048 -4968 36 ) 
4 2068 2071 (-2136 -5008 36 ) (-2136 -5056 36 ) (-2136 -5056 100 ) (-2136 -5008 100 ) 
4 2069 2073 (-2144 -5008 184 ) (-2144 -5008 1104 ) (-2144 -4968 1104 ) (-2144 -4968 184 ) 
4 2069 2070 (-2136 -5008 184 ) (-2136 -5008 1104 ) (-2144 -5008 1104 ) (-2144 -5008 184 ) 
4 2070 2073 (-2144 -5056 184 ) (-2144 -5056 1104 ) (-2144 -5008 1104 ) (-2144 -5008 184 ) 
4 2070 2072 (-2136 -5056 184 ) (-2136 -5056 1104 ) (-2144 -5056 1104 ) (-2144 -5056 184 ) 
4 2071 2116 (-2144 -5056 36 ) (-2144 -5008 36 ) (-2136 -5008 36 ) (-2136 -5056 36 ) 
4 2071 2076 (-2144 -5008 36 ) (-2144 -5056 36 ) (-2144 -5056 100 ) (-2144 -5008 100 ) 
4 2072 2135 (-2144 -5120 1104 ) (-2144 -5120 184 ) (-2136 -5120 184 ) (-2136 -5120 1104 ) 
4 2072 2073 (-2144 -5120 184 ) (-2144 -5120 1104 ) (-2144 -5056 1104 ) (-2144 -5056 184 ) 
4 2073 2135 (-2272 -5120 1104 ) (-2272 -5120 184 ) (-2144 -5120 184 ) (-2144 -5120 1104 ) 
4 2073 2085 (-2272 -5120 184 ) (-2272 -5120 1104 ) (-2272 -4960 1104 ) (-2272 -4960 184 ) 
4 2073 2083 (-2272 -4960 1104 ) (-2272 -4760 1104 ) (-2272 -4760 184 ) (-2272 -4960 184 ) 
4 2073 2077 (-2272 -4760 1104 ) (-2272 -4096 1104 ) (-2272 -4096 184 ) (-2272 -4760 184 ) 
4 2074 2117 (-2272 -4360 36 ) (-2272 -4096 36 ) (-2144 -4096 36 ) (-2144 -4360 36 ) 
4 2074 2078 (-2272 -4096 36 ) (-2272 -4360 36 ) (-2272 -4360 176 ) (-2272 -4096 176 ) 
4 2074 2075 (-2256 -4360 100 ) (-2256 -4360 36 ) (-2160 -4360 36 ) (-2160 -4360 100 ) 
4 2075 2118 (-2256 -4360 36 ) (-2160 -4360 36 ) (-2160 -4368 36 ) (-2256 -4368 36 ) 
4 2075 2076 (-2256 -4368 100 ) (-2256 -4368 36 ) (-2160 -4368 36 ) (-2160 -4368 100 ) 
4 2076 2139 (-2272 -5120 112 ) (-2272 -5120 36 ) (-2144 -5120 36 ) (-2144 -5120 112 ) 
4 2076 2119 (-2144 -5120 36 ) (-2272 -5120 36 ) (-2272 -4368 36 ) (-2144 -4368 36 ) 
4 2076 2086 (-2272 -5008 36 ) (-2272 -5056 36 ) (-2272 -5056 100 ) (-2272 -5008 100 ) 
4 2076 2084 (-2272 -4808 36 ) (-2272 -4856 36 ) (-2272 -4856 100 ) (-2272 -4808 100 ) 
4 2076 2081 (-2272 -4608 36 ) (-2272 -4656 36 ) (-2272 -4656 100 ) (-2272 -4608 100 ) 
4 2076 2079 (-2272 -4408 36 ) (-2272 -4456 36 ) (-2272 -4456 100 ) (-2272 -4408 100 ) 
4 2077 2093 (-2472 -4096 1104 ) (-2472 -4096 184 ) (-2472 -4760 184 ) (-2472 -4760 1104 ) 
4 2077 2087 (-2472 -4760 1104 ) (-2472 -4760 184 ) (-2280 -4760 184 ) (-2280 -4760 1104 ) 
4 2077 2083 (-2280 -4760 184 ) (-2272 -4760 184 ) (-2272 -4760 1104 ) (-2280 -4760 1104 ) 
4 2078 2120 (-2472 -4360 36 ) (-2472 -4096 36 ) (-2272 -4096 36 ) (-2272 -4360 36 ) 
4 2078 2094 (-2472 -4096 176 ) (-2472 -4096 36 ) (-2472 -4296 36 ) (-2472 -4296 176 ) 
4 2079 2121 (-2272 -4408 36 ) (-2272 -4456 36 ) (-2280 -4456 36 ) (-2280 -4408 36 ) 
4 2079 2080 (-2280 -4408 36 ) (-2280 -4456 36 ) (-2280 -4456 100 ) (-2280 -4408 100 ) 
4 2080 2122 (-2472 -4560 36 ) (-2472 -4368 36 ) (-2280 -4368 36 ) (-2280 -4560 36 ) 
4 2080 2096 (-2472 -4484 36 ) (-2472 -4524 36 ) (-2472 -4524 91 ) (-2472 -4484 91 ) 
4 2080 2095 (-2472 -4404 36 ) (-2472 -4444 36 ) (-2472 -4444 91 ) (-2472 -4404 91 ) 
4 2081 2123 (-2272 -4608 36 ) (-2272 -4656 36 ) (-2280 -4656 36 ) (-2280 -4608 36 ) 
4 2081 2082 (-2280 -4608 36 ) (-2280 -4656 36 ) (-2280 -4656 100 ) (-2280 -4608 100 ) 
4 2082 2124 (-2472 -4760 36 ) (-2472 -4568 36 ) (-2280 -4568 36 ) (-2280 -4760 36 ) 
4 2082 2098 (-2472 -4684 36 ) (-2472 -4724 36 ) (-2472 -4724 91 ) (-2472 -4684 91 ) 
4 2082 2097 (-2472 -4604 36 ) (-2472 -4644 36 ) (-2472 -4644 91 ) (-2472 -4604 91 ) 
4 2083 2088 (-2280 -4768 184 ) (-2280 -4960 184 ) (-2280 -4960 1104 ) (-2280 -4768 1104 ) 
4 2083 2087 (-2280 -4760 1104 ) (-2280 -4760 184 ) (-2280 -4768 184 ) (-2280 -4768 1104 ) 
4 2083 2085 (-2280 -4960 1104 ) (-2280 -4960 184 ) (-2272 -4960 184 ) (-2272 -4960 1104 ) 
4 2084 2125 (-2280 -4856 36 ) (-2280 -4808 36 ) (-2272 -4808 36 ) (-2272 -4856 36 ) 
4 2084 2089 (-2280 -4808 36 ) (-2280 -4856 36 ) (-2280 -4856 100 ) (-2280 -4808 100 ) 
4 2085 2135 (-2280 -5120 1104 ) (-2280 -5120 184 ) (-2272 -5120 184 ) (-2272 -5120 1104 ) 
4 2085 2091 (-2280 -5120 184 ) (-2280 -5120 1104 ) (-2280 -4968 1104 ) (-2280 -4968 184 ) 
4 2085 2090 (-2280 -4968 1104 ) (-2280 -4960 1104 ) (-2280 -4960 184 ) (-2280 -4968 184 ) 
4 2086 2127 (-2280 -5056 36 ) (-2280 -5008 36 ) (-2272 -5008 36 ) (-2272 -5056 36 ) 
4 2086 2092 (-2280 -5008 36 ) (-2280 -5056 36 ) (-2280 -5056 100 ) (-2280 -5008 100 ) 
4 2087 2093 (-2472 -4768 184 ) (-2472 -4768 1104 ) (-2472 -4760 1104 ) (-2472 -4760 184 ) 
4 2087 2088 (-2280 -4768 184 ) (-2280 -4768 1104 ) (-2472 -4768 1104 ) (-2472 -4768 184 ) 
4 2088 2093 (-2472 -4960 184 ) (-2472 -4960 1104 ) (-2472 -4768 1104 ) (-2472 -4768 184 ) 
4 2088 2090 (-2280 -4960 184 ) (-2280 -4960 1104 ) (-2472 -4960 1104 ) (-2472 -4960 184 ) 
4 2089 2126 (-2472 -4960 36 ) (-2472 -4768 36 ) (-2280 -4768 36 ) (-2280 -4960 36 ) 
4 2089 2100 (-2472 -4884 36 ) (-2472 -4924 36 ) (-2472 -4924 91 ) (-2472 -4884 91 ) 
4 2089 2099 (-2472 -4804 36 ) (-2472 -4844 36 ) (-2472 -4844 91 ) (-2472 -4804 91 ) 
4 2090 2093 (-2472 -4968 184 ) (-2472 -4968 1104 ) (-2472 -4960 1104 ) (-2472 -4960 184 ) 
4 2090 2091 (-2280 -4968 184 ) (-2280 -4968 1104 ) (-2472 -4968 1104 ) (-2472 -4968 184 ) 
4 2091 2135 (-2472 -5120 1104 ) (-2472 -5120 184 ) (-2280 -5120 184 ) (-2280 -5120 1104 ) 
4 2091 2093 (-2472 -5120 184 ) (-2472 -5120 1104 ) (-2472 -4968 1104 ) (-2472 -4968 184 ) 
4 2092 2141 (-2472 -5120 112 ) (-2472 -5120 36 ) (-2280 -5120 36 ) (-2280 -5120 112 ) 
4 2092 2128 (-2280 -5120 36 ) (-2472 -5120 36 ) (-2472 -4968 36 ) (-2280 -4968 36 ) 
4 2092 2102 (-2472 -5084 36 ) (-2472 -5120 36 ) (-2472 -5120 91 ) (-2472 -5084 91 ) 
4 2092 2101 (-2472 -5004 36 ) (-2472 -5044 36 ) (-2472 -5044 91 ) (-2472 -5004 91 ) 
4 2093 2135 (-2644 -5120 184 ) (-2472 -5120 184 ) (-2472 -5120 1104 ) (-2644 -5120 1104 ) 
4 2093 2108 (-2644 -4096 184 ) (-2636 -4096 184 ) (-2636 -5120 184 ) (-2644 -5120 184 ) 
4 2093 2107 (-2636 -4096 184 ) (-2544 -4096 184 ) (-2544 -5120 184 ) (-2636 -5120 184 ) 
4 2093 2106 (-2536 -4304 184 ) (-2536 -5120 184 ) (-2544 -5120 184 ) (-2544 -4304 184 ) 
4 2093 2104 (-2480 -4304 184 ) (-2480 -5120 184 ) (-2536 -5120 184 ) (-2536 -4304 184 ) 
4 2094 2129 (-2480 -4296 36 ) (-2480 -4096 36 ) (-2472 -4096 36 ) (-2472 -4296 36 ) 
4 2094 2103 (-2480 -4096 36 ) (-2480 -4296 36 ) (-2480 -4296 176 ) (-2480 -4096 176 ) 
4 2095 2104 (-2480 -4404 36 ) (-2480 -4444 36 ) (-2480 -4444 91 ) (-2480 -4404 91 ) 
4 2096 2104 (-2480 -4484 36 ) (-2480 -4524 36 ) (-2480 -4524 91 ) (-2480 -4484 91 ) 
4 2097 2104 (-2480 -4604 36 ) (-2480 -4644 36 ) (-2480 -4644 91 ) (-2480 -4604 91 ) 
4 2098 2104 (-2480 -4684 36 ) (-2480 -4724 36 ) (-2480 -4724 91 ) (-2480 -4684 91 ) 
4 2099 2104 (-2480 -4804 36 ) (-2480 -4844 36 ) (-2480 -4844 91 ) (-2480 -4804 91 ) 
4 2100 2104 (-2480 -4884 36 ) (-2480 -4924 36 ) (-2480 -4924 91 ) (-2480 -4884 91 ) 
4 2101 2104 (-2480 -5004 36 ) (-2480 -5044 36 ) (-2480 -5044 91 ) (-2480 -5004 91 ) 
4 2102 2143 (-2480 -5120 36 ) (-2472 -5120 36 ) (-2472 -5120 91 ) (-2480 -5120 91 ) 
4 2102 2104 (-2480 -5084 36 ) (-2480 -5120 36 ) (-2480 -5120 91 ) (-2480 -5084 91 ) 
4 2103 2130 (-2536 -4296 36 ) (-2536 -4096 36 ) (-2480 -4096 36 ) (-2480 -4296 36 ) 
4 2103 2105 (-2536 -4099 36 ) (-2536 -4229 36 ) (-2536 -4229 105 ) (-2536 -4099 105 ) 
4 2104 2146 (-2536 -5120 36 ) (-2480 -5120 36 ) (-2480 -5120 184 ) (-2536 -5120 184 ) 
4 2104 2131 (-2480 -5120 36 ) (-2536 -5120 36 ) (-2536 -4304 36 ) (-2480 -4304 36 ) 
4 2104 2106 (-2536 -4304 36 ) (-2536 -5120 36 ) (-2536 -5120 184 ) (-2536 -4304 184 ) 
4 2105 2132 (-2544 -4229 36 ) (-2544 -4099 36 ) (-2536 -4099 36 ) (-2536 -4229 36 ) 
4 2105 2107 (-2544 -4099 36 ) (-2544 -4229 36 ) (-2544 -4229 105 ) (-2544 -4099 105 ) 
4 2106 2146 (-2544 -5120 36 ) (-2536 -5120 36 ) (-2536 -5120 184 ) (-2544 -5120 184 ) 
4 2106 2133 (-2536 -5120 36 ) (-2544 -5120 36 ) (-2544 -4304 36 ) (-2536 -4304 36 ) 
4 2106 2107 (-2544 -4304 36 ) (-2544 -5120 36 ) (-2544 -5120 184 ) (-2544 -4304 184 ) 
4 2107 2146 (-2636 -5120 36 ) (-2544 -5120 36 ) (-2544 -5120 184 ) (-2636 -5120 184 ) 
4 2107 2134 (-2544 -5120 36 ) (-2636 -5120 36 ) (-2636 -4096 36 ) (-2544 -4096 36 ) 
4 2107 2108 (-2636 -5120 88 ) (-2636 -5120 184 ) (-2636 -4096 184 ) (-2636 -4096 88 ) 
4 2108 2147 (-2636 -5120 88 ) (-2636 -5120 184 ) (-2644 -5120 184 ) (-2644 -5120 88 ) 
4 2109 2117 (-2144 -4096 -8 ) (-2144 -4360 -8 ) (-2144 -4360 36 ) (-2144 -4096 36 ) 
4 2110 2111 (-2136 -4408 -8 ) (-2136 -4456 -8 ) (-2136 -4456 36 ) (-2136 -4408 36 ) 
4 2111 2119 (-2144 -4408 -8 ) (-2144 -4456 -8 ) (-2144 -4456 36 ) (-2144 -4408 36 ) 
4 2112 2113 (-2136 -4608 -8 ) (-2136 -4656 -8 ) (-2136 -4656 36 ) (-2136 -4608 36 ) 
4 2113 2119 (-2144 -4608 -8 ) (-2144 -4656 -8 ) (-2144 -4656 36 ) (-2144 -4608 36 ) 
4 2114 2119 (-2144 -4768 -8 ) (-2144 -4960 -8 ) (-2144 -4960 36 ) (-2144 -4768 36 ) 
4 2115 2160 (-2048 -5120 -8 ) (-2048 -5120 36 ) (-2136 -5120 36 ) (-2136 -5120 -8 ) 
4 2115 2116 (-2136 -5008 -8 ) (-2136 -5056 -8 ) (-2136 -5056 36 ) (-2136 -5008 36 ) 
4 2116 2119 (-2144 -5008 -8 ) (-2144 -5056 -8 ) (-2144 -5056 36 ) (-2144 -5008 36 ) 
4 2117 2120 (-2272 -4096 -8 ) (-2272 -4360 -8 ) (-2272 -4360 36 ) (-2272 -4096 36 ) 
4 2117 2118 (-2256 -4360 -8 ) (-2160 -4360 -8 ) (-2160 -4360 36 ) (-2256 -4360 36 ) 
4 2118 2119 (-2256 -4368 -8 ) (-2160 -4368 -8 ) (-2160 -4368 36 ) (-2256 -4368 36 ) 
4 2119 2163 (-2144 -5120 36 ) (-2272 -5120 36 ) (-2272 -5120 -8 ) (-2144 -5120 -8 ) 
4 2119 2127 (-2272 -5008 -8 ) (-2272 -5056 -8 ) (-2272 -5056 36 ) (-2272 -5008 36 ) 
4 2119 2125 (-2272 -4808 -8 ) (-2272 -4856 -8 ) (-2272 -4856 36 ) (-2272 -4808 36 ) 
4 2119 2123 (-2272 -4608 -8 ) (-2272 -4656 -8 ) (-2272 -4656 36 ) (-2272 -4608 36 ) 
4 2119 2121 (-2272 -4408 -8 ) (-2272 -4456 -8 ) (-2272 -4456 36 ) (-2272 -4408 36 ) 
4 2120 2129 (-2472 -4096 -8 ) (-2472 -4296 -8 ) (-2472 -4296 36 ) (-2472 -4096 36 ) 
4 2121 2122 (-2280 -4408 -8 ) (-2280 -4456 -8 ) (-2280 -4456 36 ) (-2280 -4408 36 ) 
4 2123 2124 (-2280 -4608 -8 ) (-2280 -4656 -8 ) (-2280 -4656 36 ) (-2280 -4608 36 ) 
4 2125 2126 (-2280 -4808 -8 ) (-2280 -4856 -8 ) (-2280 -4856 36 ) (-2280 -4808 36 ) 
4 2127 2128 (-2280 -5008 -8 ) (-2280 -5056 -8 ) (-2280 -5056 36 ) (-2280 -5008 36 ) 
4 2128 2164 (-2280 -5120 36 ) (-2472 -5120 36 ) (-2472 -5120 -8 ) (-2280 -5120 -8 ) 
4 2129 2130 (-2480 -4096 -8 ) (-2480 -4296 -8 ) (-2480 -4296 36 ) (-2480 -4096 36 ) 
4 2130 2132 (-2536 -4229 23 ) (-2536 -4229 36 ) (-2536 -4099 36 ) (-2536 -4099 23 ) 
4 2131 2172 (-2480 -5120 36 ) (-2536 -5120 36 ) (-2536 -5120 -8 ) (-2480 -5120 -8 ) 
4 2131 2133 (-2536 -4304 -8 ) (-2536 -5120 -8 ) (-2536 -5120 36 ) (-2536 -4304 36 ) 
4 2132 2134 (-2544 -4229 23 ) (-2544 -4229 36 ) (-2544 -4099 36 ) (-2544 -4099 23 ) 
4 2133 2174 (-2536 -5120 36 ) (-2544 -5120 36 ) (-2544 -5120 -8 ) (-2536 -5120 -8 ) 
4 2133 2134 (-2544 -4304 -8 ) (-2544 -5120 -8 ) (-2544 -5120 36 ) (-2544 -4304 36 ) 
4 2134 2176 (-2544 -5120 36 ) (-2636 -5120 36 ) (-2636 -5120 -8 ) (-2544 -5120 -8 ) 
4 2135 2159 (-2644 -5984 184 ) (-2644 -5820 184 ) (-2048 -5820 184 ) (-2048 -5984 184 ) 
4 2135 2158 (-2644 -5820 184 ) (-2644 -5812 184 ) (-2048 -5812 184 ) (-2048 -5820 184 ) 
4 2135 2157 (-2644 -5812 184 ) (-2644 -5368 184 ) (-2636 -5368 184 ) (-2636 -5812 184 ) 
4 2135 2156 (-2636 -5368 184 ) (-2544 -5368 184 ) (-2544 -5812 184 ) (-2636 -5812 184 ) 
4 2135 2155 (-2048 -5712 184 ) (-2048 -5812 184 ) (-2544 -5812 184 ) (-2544 -5712 184 ) 
4 2135 2153 (-2544 -5368 184 ) (-2536 -5368 184 ) (-2536 -5424 184 ) (-2544 -5424 184 ) 
4 2135 2152 (-2536 -5368 184 ) (-2480 -5368 184 ) (-2480 -5424 184 ) (-2536 -5424 184 ) 
4 2135 2150 (-2644 -5368 184 ) (-2644 -5360 184 ) (-2636 -5360 184 ) (-2636 -5368 184 ) 
4 2135 2149 (-2636 -5360 184 ) (-2480 -5360 184 ) (-2480 -5368 184 ) (-2636 -5368 184 ) 
4 2135 2147 (-2644 -5360 184 ) (-2644 -5120 184 ) (-2636 -5120 184 ) (-2636 -5360 184 ) 
4 2135 2146 (-2636 -5120 184 ) (-2480 -5120 184 ) (-2480 -5360 184 ) (-2636 -5360 184 ) 
4 2136 2160 (-2136 -5120 36 ) (-2048 -5120 36 ) (-2048 -5160 36 ) (-2136 -5160 36 ) 
4 2137 2161 (-2048 -5168 36 ) (-2048 -5360 36 ) (-2136 -5360 36 ) (-2136 -5168 36 ) 
4 2137 2138 (-2136 -5208 36 ) (-2136 -5256 36 ) (-2136 -5256 100 ) (-2136 -5208 100 ) 
4 2138 2162 (-2136 -5208 36 ) (-2136 -5256 36 ) (-2144 -5256 36 ) (-2144 -5208 36 ) 
4 2138 2139 (-2144 -5208 36 ) (-2144 -5256 36 ) (-2144 -5256 100 ) (-2144 -5208 100 ) 
4 2139 2163 (-2272 -5120 36 ) (-2144 -5120 36 ) (-2144 -5360 36 ) (-2272 -5360 36 ) 
4 2139 2148 (-2256 -5360 36 ) (-2160 -5360 36 ) (-2160 -5360 100 ) (-2256 -5360 100 ) 
4 2139 2140 (-2272 -5208 36 ) (-2272 -5256 36 ) (-2272 -5256 100 ) (-2272 -5208 100 ) 
4 2140 2165 (-2272 -5208 36 ) (-2272 -5256 36 ) (-2280 -5256 36 ) (-2280 -5208 36 ) 
4 2140 2142 (-2280 -5208 36 ) (-2280 -5256 36 ) (-2280 -5256 100 ) (-2280 -5208 100 ) 
4 2141 2164 (-2472 -5120 36 ) (-2280 -5120 36 ) (-2280 -5160 36 ) (-2472 -5160 36 ) 
4 2141 2143 (-2472 -5120 36 ) (-2472 -5124 36 ) (-2472 -5124 91 ) (-2472 -5120 91 ) 
4 2142 2166 (-2280 -5168 36 ) (-2280 -5360 36 ) (-2472 -5360 36 ) (-2472 -5168 36 ) 
4 2142 2145 (-2472 -5284 36 ) (-2472 -5324 36 ) (-2472 -5324 91 ) (-2472 -5284 91 ) 
4 2142 2144 (-2472 -5204 36 ) (-2472 -5244 36 ) (-2472 -5244 91 ) (-2472 -5204 91 ) 
4 2143 2146 (-2480 -5120 36 ) (-2480 -5124 36 ) (-2480 -5124 91 ) (-2480 -5120 91 ) 
4 2144 2146 (-2480 -5204 36 ) (-2480 -5244 36 ) (-2480 -5244 91 ) (-2480 -5204 91 ) 
4 2145 2146 (-2480 -5284 36 ) (-2480 -5324 36 ) (-2480 -5324 91 ) (-2480 -5284 91 ) 
4 2146 2176 (-2636 -5120 36 ) (-2544 -5120 36 ) (-2544 -5360 36 ) (-2636 -5360 36 ) 
4 2146 2174 (-2544 -5120 36 ) (-2536 -5120 36 ) (-2536 -5360 36 ) (-2544 -5360 36 ) 
4 2146 2172 (-2536 -5120 36 ) (-2480 -5120 36 ) (-2480 -5360 36 ) (-2536 -5360 36 ) 
4 2146 2149 (-2636 -5360 36 ) (-2480 -5360 36 ) (-2480 -5360 184 ) (-2636 -5360 184 ) 
4 2146 2147 (-2636 -5360 88 ) (-2636 -5360 184 ) (-2636 -5120 184 ) (-2636 -5120 88 ) 
4 2147 2150 (-2636 -5360 88 ) (-2636 -5360 184 ) (-2644 -5360 184 ) (-2644 -5360 88 ) 
4 2148 2167 (-2160 -5368 36 ) (-2256 -5368 36 ) (-2256 -5360 36 ) (-2160 -5360 36 ) 
4 2148 2151 (-2256 -5368 36 ) (-2160 -5368 36 ) (-2160 -5368 100 ) (-2256 -5368 100 ) 
4 2149 2176 (-2544 -5368 36 ) (-2636 -5368 36 ) (-2636 -5360 36 ) (-2544 -5360 36 ) 
4 2149 2174 (-2536 -5368 36 ) (-2544 -5368 36 ) (-2544 -5360 36 ) (-2536 -5360 36 ) 
4 2149 2172 (-2480 -5368 36 ) (-2536 -5368 36 ) (-2536 -5360 36 ) (-2480 -5360 36 ) 
4 2149 2156 (-2636 -5368 36 ) (-2544 -5368 36 ) (-2544 -5368 184 ) (-2636 -5368 184 ) 
4 2149 2153 (-2544 -5368 36 ) (-2536 -5368 36 ) (-2536 -5368 184 ) (-2544 -5368 184 ) 
4 2149 2152 (-2536 -5368 36 ) (-2480 -5368 36 ) (-2480 -5368 184 ) (-2536 -5368 184 ) 
4 2149 2150 (-2636 -5360 184 ) (-2636 -5360 88 ) (-2636 -5368 88 ) (-2636 -5368 184 ) 
4 2150 2157 (-2636 -5368 88 ) (-2636 -5368 184 ) (-2644 -5368 184 ) (-2644 -5368 88 ) 
4 2151 2168 (-2048 -5368 36 ) (-2048 -5432 36 ) (-2472 -5432 36 ) (-2472 -5368 36 ) 
4 2151 2154 (-2472 -5432 36 ) (-2048 -5432 36 ) (-2048 -5432 176 ) (-2472 -5432 176 ) 
4 2152 2172 (-2536 -5424 36 ) (-2536 -5368 36 ) (-2480 -5368 36 ) (-2480 -5424 36 ) 
4 2152 2153 (-2536 -5368 184 ) (-2536 -5368 36 ) (-2536 -5424 36 ) (-2536 -5424 184 ) 
4 2153 2174 (-2544 -5424 36 ) (-2544 -5368 36 ) (-2536 -5368 36 ) (-2536 -5424 36 ) 
4 2153 2156 (-2544 -5368 184 ) (-2544 -5368 36 ) (-2544 -5424 36 ) (-2544 -5424 184 ) 
4 2154 2173 (-2480 -5704 36 ) (-2536 -5704 36 ) (-2536 -5432 36 ) (-2480 -5432 36 ) 
4 2154 2170 (-2472 -5704 36 ) (-2480 -5704 36 ) (-2480 -5432 36 ) (-2472 -5432 36 ) 
4 2154 2168 (-2048 -5432 36 ) (-2048 -5704 36 ) (-2472 -5704 36 ) (-2472 -5432 36 ) 
4 2155 2175 (-2480 -5812 36 ) (-2544 -5812 36 ) (-2544 -5712 36 ) (-2480 -5712 36 ) 
4 2155 2171 (-2472 -5812 36 ) (-2480 -5812 36 ) (-2480 -5712 36 ) (-2472 -5712 36 ) 
4 2155 2169 (-2048 -5712 36 ) (-2048 -5812 36 ) (-2472 -5812 36 ) (-2472 -5712 36 ) 
4 2155 2158 (-2048 -5812 88 ) (-2048 -5812 184 ) (-2544 -5812 184 ) (-2544 -5812 88 ) 
4 2155 2156 (-2544 -5712 36 ) (-2544 -5812 36 ) (-2544 -5812 184 ) (-2544 -5712 184 ) 
4 2156 2176 (-2544 -5812 36 ) (-2636 -5812 36 ) (-2636 -5368 36 ) (-2544 -5368 36 ) 
4 2156 2158 (-2544 -5812 88 ) (-2544 -5812 184 ) (-2636 -5812 184 ) (-2636 -5812 88 ) 
4 2156 2157 (-2636 -5368 184 ) (-2636 -5368 88 ) (-2636 -5812 88 ) (-2636 -5812 184 ) 
4 2157 2158 (-2644 -5812 184 ) (-2644 -5812 88 ) (-2636 -5812 88 ) (-2636 -5812 184 ) 
4 2158 2159 (-2644 -5820 184 ) (-2644 -5820 88 ) (-2048 -5820 88 ) (-2048 -5820 184 ) 
4 2161 2162 (-2136 -5208 -8 ) (-2136 -5256 -8 ) (-2136 -5256 36 ) (-2136 -5208 36 ) 
4 2162 2163 (-2144 -5208 -8 ) (-2144 -5256 -8 ) (-2144 -5256 36 ) (-2144 -5208 36 ) 
4 2163 2167 (-2256 -5360 -8 ) (-2160 -5360 -8 ) (-2160 -5360 36 ) (-2256 -5360 36 ) 
4 2163 2165 (-2272 -5208 -8 ) (-2272 -5256 -8 ) (-2272 -5256 36 ) (-2272 -5208 36 ) 
4 2165 2166 (-2280 -5208 -8 ) (-2280 -5256 -8 ) (-2280 -5256 36 ) (-2280 -5208 36 ) 
4 2167 2168 (-2256 -5368 -8 ) (-2160 -5368 -8 ) (-2160 -5368 36 ) (-2256 -5368 36 ) 
4 2168 2170 (-2472 -5432 -8 ) (-2472 -5704 -8 ) (-2472 -5704 36 ) (-2472 -5432 36 ) 
4 2169 2171 (-2472 -5712 -8 ) (-2472 -5812 -8 ) (-2472 -5812 36 ) (-2472 -5712 36 ) 
4 2170 2173 (-2480 -5432 -8 ) (-2480 -5704 -8 ) (-2480 -5704 36 ) (-2480 -5432 36 ) 
4 2171 2175 (-2480 -5712 -8 ) (-2480 -5812 -8 ) (-2480 -5812 36 ) (-2480 -5712 36 ) 
4 2172 2174 (-2536 -5120 -8 ) (-2536 -5424 -8 ) (-2536 -5424 36 ) (-2536 -5120 36 ) 
4 2174 2176 (-2544 -5120 -8 ) (-2544 -5424 -8 ) (-2544 -5424 36 ) (-2544 -5120 36 ) 
4 2175 2176 (-2544 -5712 -8 ) (-2544 -5812 -8 ) (-2544 -5812 36 ) (-2544 -5712 36 ) 
4 2177 2178 (-1325 -6144 184 ) (-1325 -6144 1104 ) (-1580 -6399 1104 ) (-1580 -6399 184 ) 
4 2178 2179 (-1024 -6400 184 ) (-1492 -6400 184 ) (-1236 -6144 184 ) (-1024 -6144 184 ) 
