PRT1
2169
5656
4 0 4 (3408 6144 136 ) (3408 6144 1104 ) (3308 6144 1104 ) (3308 6144 136 ) 
4 0 5 (3308 6144 1104 ) (3072 6144 1104 ) (3072 6144 136 ) (3308 6144 136 ) 
4 0 2 (3072 6238 1104 ) (3072 6336 1104 ) (3072 6336 136 ) (3072 6238 136 ) 
4 0 3 (3072 6144 136 ) (3072 6144 1104 ) (3072 6238 1104 ) (3072 6238 136 ) 
4 0 1 (3072 6144 136 ) (3072 6238 136 ) (3308 6238 136 ) (3308 6144 136 ) 
4 1 5 (3308 6144 136 ) (3072 6144 136 ) (3072 6144 -8 ) (3308 6144 -8 ) 
4 1 3 (3072 6144 -8 ) (3072 6144 136 ) (3072 6238 136 ) (3072 6238 -8 ) 
4 2 10 (2048 6238 1104 ) (2048 6336 1104 ) (2048 6336 136 ) (2048 6238 136 ) 
4 2 3 (3072 6238 136 ) (3072 6238 1104 ) (2048 6238 1104 ) (2048 6238 136 ) 
4 3 11 (2048 6144 -8 ) (2048 6144 1104 ) (2048 6238 1104 ) (2048 6238 -8 ) 
4 3 6 (3072 6144 -8 ) (3072 6144 1104 ) (2048 6144 1104 ) (2048 6144 -8 ) 
4 4 7 (3408 5120 136 ) (3408 5120 1104 ) (3308 5120 1104 ) (3308 5120 136 ) 
4 4 5 (3308 5120 136 ) (3308 5120 1104 ) (3308 6144 1104 ) (3308 6144 136 ) 
4 5 8 (3308 5120 1104 ) (3072 5120 1104 ) (3072 5120 -8 ) (3308 5120 -8 ) 
4 5 6 (3072 6144 1104 ) (3072 6144 -8 ) (3072 5120 -8 ) (3072 5120 1104 ) 
4 6 20 (2048 5120 -8 ) (2048 5120 1104 ) (2048 6144 1104 ) (2048 6144 -8 ) 
4 6 9 (3072 5120 -8 ) (3072 5120 1104 ) (2048 5120 1104 ) (2048 5120 -8 ) 
4 7 50 (3408 4096 136 ) (3408 4096 1104 ) (3308 4096 1104 ) (3308 4096 136 ) 
4 7 8 (3308 4096 136 ) (3308 4096 1104 ) (3308 5120 1104 ) (3308 5120 136 ) 
4 8 51 (3308 4096 1104 ) (3072 4096 1104 ) (3072 4096 -8 ) (3308 4096 -8 ) 
4 8 9 (3072 5120 1104 ) (3072 5120 -8 ) (3072 4096 -8 ) (3072 4096 1104 ) 
4 9 52 (3072 4096 -8 ) (3072 4096 1104 ) (2048 4096 1104 ) (2048 4096 -8 ) 
4 9 21 (2048 4096 -8 ) (2048 4096 1104 ) (2048 5120 1104 ) (2048 5120 -8 ) 
4 10 12 (1024 6238 1104 ) (1024 6336 1104 ) (1024 6336 136 ) (1024 6238 136 ) 
4 10 11 (2048 6238 136 ) (2048 6238 1104 ) (1024 6238 1104 ) (1024 6238 136 ) 
4 11 20 (2048 6144 -8 ) (2048 6144 1104 ) (1024 6144 1104 ) (1024 6144 -8 ) 
4 11 13 (1024 6144 -8 ) (1024 6144 136 ) (1024 6238 136 ) (1024 6238 -8 ) 
4 11 12 (1024 6144 136 ) (1024 6144 1104 ) (1024 6238 1104 ) (1024 6238 136 ) 
4 12 22 (1024 6144 136 ) (1024 6144 1104 ) (0 6144 1104 ) (0 6144 136 ) 
4 12 16 (0 6144 136 ) (0 6144 1104 ) (0 6236 1104 ) (0 6236 136 ) 
4 12 15 (0 6236 1104 ) (0 6336 1104 ) (0 6336 136 ) (0 6236 136 ) 
4 12 14 (880 6236 136 ) (880 6144 136 ) (0 6144 136 ) (0 6236 136 ) 
4 12 13 (1024 6238 136 ) (1024 6144 136 ) (980 6144 136 ) (980 6238 136 ) 
4 13 23 (1024 6144 -8 ) (1024 6144 136 ) (980 6144 136 ) (980 6144 -8 ) 
4 14 24 (880 6144 136 ) (0 6144 136 ) (0 6144 -8 ) (880 6144 -8 ) 
4 14 17 (0 6144 -8 ) (0 6144 136 ) (0 6236 136 ) (0 6236 -8 ) 
4 15 226 (-1024 6236 136 ) (-1024 6236 1104 ) (-1024 6336 1104 ) (-1024 6336 136 ) 
4 15 16 (-1024 6236 1104 ) (-1024 6236 136 ) (0 6236 136 ) (0 6236 1104 ) 
4 16 226 (-1024 6144 136 ) (-1024 6144 1104 ) (-1024 6236 1104 ) (-1024 6236 136 ) 
4 16 25 (0 6144 136 ) (0 6144 1104 ) (-1024 6144 1104 ) (-1024 6144 136 ) 
4 16 19 (-1024 6236 136 ) (-428 6236 136 ) (-428 6144 136 ) (-1024 6144 136 ) 
4 16 17 (-20 6236 136 ) (0 6236 136 ) (0 6144 136 ) (-20 6144 136 ) 
4 16 18 (-328 6236 136 ) (-120 6236 136 ) (-120 6144 136 ) (-328 6144 136 ) 
4 17 26 (0 6144 -8 ) (0 6144 136 ) (-20 6144 136 ) (-20 6144 -8 ) 
4 18 28 (-120 6144 136 ) (-328 6144 136 ) (-328 6144 -8 ) (-120 6144 -8 ) 
4 19 227 (-1024 6144 -8 ) (-1024 6144 136 ) (-1024 6236 136 ) (-1024 6236 -8 ) 
4 19 30 (-428 6144 136 ) (-1024 6144 136 ) (-1024 6144 -8 ) (-428 6144 -8 ) 
4 20 23 (1024 6144 136 ) (1024 6144 -8 ) (1024 5120 -8 ) (1024 5120 136 ) 
4 20 22 (1024 6144 1104 ) (1024 6144 136 ) (1024 5120 136 ) (1024 5120 1104 ) 
4 20 21 (2048 5120 -8 ) (2048 5120 1104 ) (1024 5120 1104 ) (1024 5120 -8 ) 
4 21 102 (2048 4096 -8 ) (2048 4096 1104 ) (1024 4096 1104 ) (1024 4096 -8 ) 
4 21 37 (1024 4096 -8 ) (1024 4096 248 ) (1024 4176 248 ) (1024 4176 -8 ) 
4 21 35 (1024 4096 248 ) (1024 4096 1104 ) (1024 4176 1104 ) (1024 4176 248 ) 
4 21 32 (1024 5120 136 ) (1024 5120 -8 ) (1024 4176 -8 ) (1024 4176 136 ) 
4 21 31 (1024 4176 1104 ) (1024 5120 1104 ) (1024 5120 136 ) (1024 4176 136 ) 
4 22 31 (1024 5120 136 ) (1024 5120 1104 ) (0 5120 1104 ) (0 5120 136 ) 
4 22 25 (0 6144 1104 ) (0 6144 136 ) (0 5120 136 ) (0 5120 1104 ) 
4 22 23 (980 6144 136 ) (1024 6144 136 ) (1024 5120 136 ) (980 5120 136 ) 
4 22 24 (0 5120 136 ) (0 6144 136 ) (880 6144 136 ) (880 5120 136 ) 
4 23 32 (1024 5120 -8 ) (1024 5120 136 ) (980 5120 136 ) (980 5120 -8 ) 
4 24 34 (880 5120 136 ) (0 5120 136 ) (0 5120 -8 ) (880 5120 -8 ) 
4 24 26 (0 6144 136 ) (0 6144 -8 ) (0 5120 -8 ) (0 5120 136 ) 
4 25 234 (-1024 5120 136 ) (-1024 5120 1104 ) (-1024 6144 1104 ) (-1024 6144 136 ) 
4 25 39 (0 5120 136 ) (0 5120 1104 ) (-1024 5120 1104 ) (-1024 5120 136 ) 
4 25 29 (-428 5264 136 ) (-428 5373 136 ) (-328 5373 136 ) (-328 5264 136 ) 
4 25 28 (-120 5120 136 ) (-328 5120 136 ) (-328 6144 136 ) (-120 6144 136 ) 
4 25 30 (-428 5120 136 ) (-1024 5120 136 ) (-1024 6144 136 ) (-428 6144 136 ) 
4 25 27 (-120 5264 136 ) (-120 5373 136 ) (-20 5373 136 ) (-20 5264 136 ) 
4 25 26 (0 5120 136 ) (-20 5120 136 ) (-20 6144 136 ) (0 6144 136 ) 
4 26 40 (0 5120 -8 ) (0 5120 136 ) (-20 5120 136 ) (-20 5120 -8 ) 
4 26 27 (-20 5373 -8 ) (-20 5264 -8 ) (-20 5264 136 ) (-20 5373 136 ) 
4 27 28 (-120 5373 -8 ) (-120 5264 -8 ) (-120 5264 136 ) (-120 5373 136 ) 
4 28 41 (-120 5120 136 ) (-328 5120 136 ) (-328 5120 -8 ) (-120 5120 -8 ) 
4 28 29 (-328 5373 -8 ) (-328 5264 -8 ) (-328 5264 136 ) (-328 5373 136 ) 
4 29 30 (-428 5373 -8 ) (-428 5264 -8 ) (-428 5264 136 ) (-428 5373 136 ) 
4 30 235 (-1024 5120 -8 ) (-1024 5120 136 ) (-1024 6144 136 ) (-1024 6144 -8 ) 
4 30 42 (-428 5120 136 ) (-1024 5120 136 ) (-1024 5120 -8 ) (-428 5120 -8 ) 
4 31 39 (0 5120 1104 ) (0 5120 136 ) (0 4176 136 ) (0 4176 1104 ) 
4 31 37 (880 4176 136 ) (1024 4176 136 ) (1024 4176 248 ) (880 4176 248 ) 
4 31 36 (0 4176 1104 ) (0 4176 256 ) (880 4176 256 ) (880 4176 1104 ) 
4 31 35 (880 4176 248 ) (1024 4176 248 ) (1024 4176 1104 ) (880 4176 1104 ) 
4 31 34 (0 4276 136 ) (0 5120 136 ) (880 5120 136 ) (880 4276 136 ) 
4 31 33 (980 4176 136 ) (880 4176 136 ) (880 4576 136 ) (980 4576 136 ) 
4 31 32 (1024 4176 136 ) (980 4176 136 ) (980 5120 136 ) (1024 5120 136 ) 
4 32 37 (980 4176 -8 ) (1024 4176 -8 ) (1024 4176 136 ) (980 4176 136 ) 
4 32 33 (980 4576 -8 ) (980 4176 -8 ) (980 4176 136 ) (980 4576 136 ) 
4 33 37 (880 4176 -8 ) (980 4176 -8 ) (980 4176 136 ) (880 4176 136 ) 
4 33 34 (880 4576 -8 ) (880 4276 -8 ) (880 4276 136 ) (880 4576 136 ) 
4 34 43 (0 4576 -8 ) (0 4276 -8 ) (0 4276 136 ) (0 4576 136 ) 
4 34 40 (0 5120 136 ) (0 5120 -8 ) (0 4576 -8 ) (0 4576 136 ) 
4 35 106 (1024 4096 248 ) (1024 4096 256 ) (880 4096 256 ) (880 4096 248 ) 
4 35 105 (1024 4096 256 ) (1024 4096 1104 ) (880 4096 1104 ) (880 4096 256 ) 
4 35 37 (880 4176 248 ) (1024 4176 248 ) (1024 4096 248 ) (880 4096 248 ) 
4 35 36 (880 4096 256 ) (880 4096 1104 ) (880 4176 1104 ) (880 4176 256 ) 
4 36 105 (880 4096 1104 ) (0 4096 1104 ) (0 4096 256 ) (880 4096 256 ) 
4 36 45 (0 4096 256 ) (0 4096 1104 ) (0 4176 1104 ) (0 4176 256 ) 
4 37 107 (1024 4096 -8 ) (1024 4096 248 ) (880 4096 248 ) (880 4096 -8 ) 
4 38 108 (872 4096 248 ) (0 4096 248 ) (0 4096 -8 ) (872 4096 -8 ) 
4 38 47 (0 4168 -8 ) (0 4096 -8 ) (0 4096 248 ) (0 4168 248 ) 
4 39 240 (-1024 5120 1104 ) (-1024 5120 136 ) (-1024 4176 136 ) (-1024 4176 1104 ) 
4 39 48 (-432 4176 136 ) (-16 4176 136 ) (-16 4176 248 ) (-432 4176 248 ) 
4 39 46 (-432 4176 248 ) (-16 4176 248 ) (-16 4176 256 ) (-432 4176 256 ) 
4 39 45 (-1024 4176 1104 ) (-1024 4176 256 ) (0 4176 256 ) (0 4176 1104 ) 
4 39 44 (-16 4176 136 ) (-428 4176 136 ) (-428 4276 136 ) (-16 4276 136 ) 
4 39 43 (-1024 4276 136 ) (-1024 4576 136 ) (0 4576 136 ) (0 4276 136 ) 
4 39 41 (-328 5120 136 ) (-120 5120 136 ) (-120 4576 136 ) (-328 4576 136 ) 
4 39 42 (-1024 4576 136 ) (-1024 5120 136 ) (-428 5120 136 ) (-428 4576 136 ) 
4 39 40 (-20 5120 136 ) (0 5120 136 ) (0 4576 136 ) (-20 4576 136 ) 
4 40 43 (-20 4576 -8 ) (0 4576 -8 ) (0 4576 136 ) (-20 4576 136 ) 
4 41 43 (-328 4576 -8 ) (-120 4576 -8 ) (-120 4576 136 ) (-328 4576 136 ) 
4 42 241 (-1024 5120 136 ) (-1024 5120 -8 ) (-1024 4576 -8 ) (-1024 4576 136 ) 
4 42 43 (-1024 4576 -8 ) (-428 4576 -8 ) (-428 4576 136 ) (-1024 4576 136 ) 
4 43 241 (-1024 4576 -8 ) (-1024 4276 -8 ) (-1024 4276 136 ) (-1024 4576 136 ) 
4 43 44 (-428 4276 -8 ) (-16 4276 -8 ) (-16 4276 136 ) (-428 4276 136 ) 
4 44 48 (-428 4176 -8 ) (-16 4176 -8 ) (-16 4176 136 ) (-428 4176 136 ) 
4 45 242 (-1024 4096 256 ) (-1024 4096 1104 ) (-1024 4176 1104 ) (-1024 4176 256 ) 
4 45 110 (0 4096 256 ) (0 4096 1104 ) (-1024 4096 1104 ) (-1024 4096 256 ) 
4 45 46 (-16 4096 256 ) (-432 4096 256 ) (-432 4176 256 ) (-16 4176 256 ) 
4 46 111 (-16 4096 256 ) (-432 4096 256 ) (-432 4096 248 ) (-16 4096 248 ) 
4 46 48 (-432 4176 248 ) (-16 4176 248 ) (-16 4096 248 ) (-432 4096 248 ) 
4 47 112 (0 4096 -8 ) (0 4096 248 ) (-8 4096 248 ) (-8 4096 -8 ) 
4 48 113 (-16 4096 248 ) (-432 4096 248 ) (-432 4096 -8 ) (-16 4096 -8 ) 
4 49 244 (-1024 4096 -8 ) (-1024 4096 248 ) (-1024 4168 248 ) (-1024 4168 -8 ) 
4 49 114 (-440 4096 248 ) (-1024 4096 248 ) (-1024 4096 -8 ) (-440 4096 -8 ) 
4 50 53 (3408 3072 136 ) (3408 3072 1104 ) (3308 3072 1104 ) (3308 3072 136 ) 
4 50 51 (3308 3072 136 ) (3308 3072 1104 ) (3308 4096 1104 ) (3308 4096 136 ) 
4 51 54 (3308 3072 1104 ) (3072 3072 1104 ) (3072 3072 -8 ) (3308 3072 -8 ) 
4 51 52 (3072 4096 1104 ) (3072 4096 -8 ) (3072 3072 -8 ) (3072 3072 1104 ) 
4 52 102 (2048 4096 1104 ) (2048 4096 -8 ) (2048 3072 -8 ) (2048 3072 1104 ) 
4 52 55 (3072 3072 -8 ) (3072 3072 1104 ) (2048 3072 1104 ) (2048 3072 -8 ) 
4 53 56 (3408 2048 136 ) (3408 2048 1104 ) (3308 2048 1104 ) (3308 2048 136 ) 
4 53 54 (3308 2048 136 ) (3308 2048 1104 ) (3308 3072 1104 ) (3308 3072 136 ) 
4 54 57 (3072 2048 136 ) (3072 2048 -8 ) (3308 2048 -8 ) (3308 2048 136 ) 
4 54 56 (3308 2048 1104 ) (3072 2048 1104 ) (3072 2048 136 ) (3308 2048 136 ) 
4 54 55 (3072 3072 1104 ) (3072 3072 -8 ) (3072 2048 -8 ) (3072 2048 1104 ) 
4 55 104 (2048 2048 -8 ) (2048 2048 1104 ) (2048 3072 1104 ) (2048 3072 -8 ) 
4 55 60 (3072 2048 -8 ) (3072 2048 1104 ) (2048 2048 1104 ) (2048 2048 -8 ) 
4 56 60 (3072 2048 1104 ) (3072 2048 136 ) (3072 1032 136 ) (3072 1032 1104 ) 
4 56 59 (3072 1032 184 ) (3072 1032 136 ) (3308 1032 136 ) (3308 1032 184 ) 
4 56 58 (3072 1032 1104 ) (3072 1032 184 ) (3408 1032 184 ) (3408 1032 1104 ) 
4 56 57 (3308 1032 136 ) (3072 1032 136 ) (3072 2048 136 ) (3308 2048 136 ) 
4 57 60 (3072 2048 136 ) (3072 2048 -8 ) (3072 1032 -8 ) (3072 1032 136 ) 
4 57 59 (3072 1032 136 ) (3072 1032 40 ) (3308 1032 40 ) (3308 1032 136 ) 
4 58 62 (3408 1024 184 ) (3408 1024 1104 ) (3072 1024 1104 ) (3072 1024 184 ) 
4 58 61 (3072 1024 184 ) (3072 1024 1104 ) (3072 1032 1104 ) (3072 1032 184 ) 
4 58 59 (3072 1024 184 ) (3072 1032 184 ) (3308 1032 184 ) (3308 1024 184 ) 
4 59 66 (3072 1024 88 ) (3072 1024 40 ) (3280 1024 40 ) (3280 1024 88 ) 
4 59 65 (3280 1024 40 ) (3296 1024 40 ) (3296 1024 88 ) (3280 1024 88 ) 
4 59 64 (3296 1024 40 ) (3308 1024 40 ) (3308 1024 88 ) (3296 1024 88 ) 
4 59 63 (3308 1024 184 ) (3072 1024 184 ) (3072 1024 88 ) (3308 1024 88 ) 
4 59 61 (3072 1024 40 ) (3072 1024 184 ) (3072 1032 184 ) (3072 1032 40 ) 
4 60 149 (2048 1032 -8 ) (2048 1032 1104 ) (2048 2048 1104 ) (2048 2048 -8 ) 
4 60 61 (3072 1032 40 ) (3072 1032 1104 ) (2048 1032 1104 ) (2048 1032 40 ) 
4 61 150 (2048 1024 40 ) (2048 1024 1104 ) (2048 1032 1104 ) (2048 1032 40 ) 
4 61 71 (3072 1024 40 ) (3072 1024 192 ) (2048 1024 192 ) (2048 1024 40 ) 
4 61 70 (3072 1024 192 ) (3072 1024 1104 ) (2048 1024 1104 ) (2048 1024 192 ) 
4 62 601 (3072 0 1104 ) (3072 0 184 ) (3408 0 184 ) (3408 0 1104 ) 
4 62 83 (3072 208 184 ) (3072 0 184 ) (3072 0 192 ) (3072 208 192 ) 
4 62 72 (3072 688 184 ) (3072 208 184 ) (3072 208 192 ) (3072 688 192 ) 
4 62 71 (3072 1024 192 ) (3072 1024 184 ) (3072 688 184 ) (3072 688 192 ) 
4 62 70 (3072 1024 1104 ) (3072 1024 192 ) (3072 0 192 ) (3072 0 1104 ) 
4 62 63 (3072 0 184 ) (3072 1024 184 ) (3308 1024 184 ) (3308 0 184 ) 
4 63 602 (3072 0 184 ) (3072 0 88 ) (3308 0 88 ) (3308 0 184 ) 
4 63 83 (3072 208 88 ) (3072 0 88 ) (3072 0 184 ) (3072 208 184 ) 
4 63 72 (3072 688 88 ) (3072 208 88 ) (3072 208 184 ) (3072 688 184 ) 
4 63 71 (3072 1024 184 ) (3072 1024 88 ) (3072 688 88 ) (3072 688 184 ) 
4 63 68 (3184 32 88 ) (3072 32 88 ) (3072 48 88 ) (3168 48 88 ) 
4 63 69 (3280 32 88 ) (3280 0 88 ) (3072 0 88 ) (3072 32 88 ) 
3 63 67 (3168 48 88 ) (3072 48 88 ) (3072 144 88 ) 
5 63 66 (3072 1024 88 ) (3280 1024 88 ) (3280 48 88 ) (3184 48 88 ) (3072 160 88 ) 
4 63 65 (3280 1024 88 ) (3296 1024 88 ) (3296 48 88 ) (3280 48 88 ) 
4 63 64 (3296 1024 88 ) (3308 1024 88 ) (3308 0 88 ) (3296 0 88 ) 
4 64 603 (3308 0 88 ) (3296 0 88 ) (3296 0 40 ) (3308 0 40 ) 
4 64 65 (3296 1024 40 ) (3296 48 40 ) (3296 48 88 ) (3296 1024 88 ) 
4 65 66 (3280 48 88 ) (3280 1024 88 ) (3280 1024 40 ) (3280 48 40 ) 
4 66 84 (3072 208 40 ) (3072 160 40 ) (3072 160 88 ) (3072 208 88 ) 
4 66 72 (3072 688 40 ) (3072 208 40 ) (3072 208 88 ) (3072 688 88 ) 
4 66 71 (3072 1024 88 ) (3072 1024 40 ) (3072 688 40 ) (3072 688 88 ) 
4 67 99 (3072 144 -8 ) (3072 48 -8 ) (3072 48 40 ) (3072 144 40 ) 
4 67 85 (3072 48 40 ) (3072 48 88 ) (3072 144 88 ) (3072 144 40 ) 
4 67 68 (3072 48 -8 ) (3168 48 -8 ) (3168 48 88 ) (3072 48 88 ) 
4 68 99 (3072 48 -8 ) (3072 32 -8 ) (3072 32 40 ) (3072 48 40 ) 
4 68 85 (3072 32 40 ) (3072 32 88 ) (3072 48 88 ) (3072 48 40 ) 
4 68 69 (3072 32 -8 ) (3184 32 -8 ) (3184 32 88 ) (3072 32 88 ) 
4 69 605 (3072 0 88 ) (3072 0 -8 ) (3136 0 -8 ) (3136 0 88 ) 
4 69 604 (3136 0 -8 ) (3280 0 -8 ) (3280 0 88 ) (3136 0 88 ) 
4 69 99 (3072 32 -8 ) (3072 0 -8 ) (3072 0 40 ) (3072 32 40 ) 
4 69 85 (3072 0 40 ) (3072 0 88 ) (3072 32 88 ) (3072 32 40 ) 
4 70 618 (2312 0 1104 ) (2048 0 1104 ) (2048 0 192 ) (2312 0 192 ) 
4 70 616 (2320 0 1104 ) (2312 0 1104 ) (2312 0 192 ) (2320 0 192 ) 
4 70 609 (3072 0 192 ) (3072 0 1104 ) (2320 0 1104 ) (2320 0 192 ) 
4 70 151 (2048 0 192 ) (2048 0 1104 ) (2048 1024 1104 ) (2048 1024 192 ) 
4 70 87 (2264 208 192 ) (2312 208 192 ) (2312 176 192 ) (2264 176 192 ) 
4 70 88 (2168 176 192 ) (2168 208 192 ) (2264 208 192 ) (2264 176 192 ) 
4 70 86 (2312 176 192 ) (2312 208 192 ) (2320 208 192 ) (2320 176 192 ) 
4 70 83 (3072 208 192 ) (3072 0 192 ) (2320 0 192 ) (2320 208 192 ) 
4 70 81 (2264 208 192 ) (2168 208 192 ) (2168 688 192 ) (2264 688 192 ) 
4 70 76 (2864 272 192 ) (2864 288 192 ) (3008 288 192 ) (3008 272 192 ) 
4 70 75 (2864 288 192 ) (2864 688 192 ) (3008 688 192 ) (3008 288 192 ) 
4 70 77 (3008 208 192 ) (2864 208 192 ) (2864 272 192 ) (3008 272 192 ) 
4 70 74 (3024 208 192 ) (3008 208 192 ) (3008 288 192 ) (3024 288 192 ) 
4 70 73 (3008 288 192 ) (3008 688 192 ) (3024 688 192 ) (3024 288 192 ) 
4 70 72 (3072 688 192 ) (3072 208 192 ) (3024 208 192 ) (3024 688 192 ) 
4 70 71 (3072 1024 192 ) (3072 688 192 ) (2048 688 192 ) (2048 1024 192 ) 
4 71 152 (2048 688 192 ) (2048 1024 192 ) (2048 1024 40 ) (2048 688 40 ) 
4 71 91 (2048 936 40 ) (2048 944 40 ) (2600 944 40 ) (2600 936 40 ) 
4 71 92 (2048 688 40 ) (2048 936 40 ) (2600 936 40 ) (2600 688 40 ) 
4 71 90 (2048 944 40 ) (2048 1024 40 ) (2472 1024 40 ) (2472 944 40 ) 
4 71 81 (2168 688 40 ) (2264 688 40 ) (2264 688 192 ) (2168 688 192 ) 
4 71 78 (2296 688 40 ) (2552 688 40 ) (2552 688 120 ) (2296 688 120 ) 
4 71 75 (2864 688 40 ) (3008 688 40 ) (3008 688 192 ) (2864 688 192 ) 
4 71 73 (3008 688 40 ) (3024 688 40 ) (3024 688 192 ) (3008 688 192 ) 
4 71 72 (3024 688 40 ) (3072 688 40 ) (3072 688 192 ) (3024 688 192 ) 
4 72 84 (3024 208 40 ) (3072 208 40 ) (3072 208 88 ) (3024 208 88 ) 
4 72 83 (3072 208 88 ) (3072 208 192 ) (3024 208 192 ) (3024 208 88 ) 
4 72 74 (3024 208 88 ) (3024 208 192 ) (3024 288 192 ) (3024 288 88 ) 
4 72 73 (3024 688 192 ) (3024 688 40 ) (3024 288 40 ) (3024 288 192 ) 
4 73 75 (3008 688 192 ) (3008 688 40 ) (3008 288 40 ) (3008 288 192 ) 
4 73 74 (3008 288 192 ) (3008 288 88 ) (3024 288 88 ) (3024 288 192 ) 
4 74 83 (3024 208 88 ) (3024 208 192 ) (3008 208 192 ) (3008 208 88 ) 
4 74 76 (3008 272 192 ) (3008 288 192 ) (3008 288 88 ) (3008 272 88 ) 
4 74 77 (3008 208 88 ) (3008 208 192 ) (3008 272 192 ) (3008 272 88 ) 
4 75 76 (2864 288 192 ) (2864 288 88 ) (3008 288 88 ) (3008 288 192 ) 
4 76 77 (2864 272 192 ) (2864 272 88 ) (3008 272 88 ) (3008 272 192 ) 
4 77 93 (3008 272 40 ) (3008 208 40 ) (2864 208 40 ) (2864 272 40 ) 
4 77 85 (2864 208 40 ) (3008 208 40 ) (3008 208 88 ) (2864 208 88 ) 
4 77 83 (3008 208 88 ) (3008 208 192 ) (2864 208 192 ) (2864 208 88 ) 
4 78 94 (2296 688 40 ) (2552 688 40 ) (2552 680 40 ) (2296 680 40 ) 
4 78 79 (2296 680 40 ) (2552 680 40 ) (2552 680 120 ) (2296 680 120 ) 
4 79 95 (2856 680 40 ) (2856 216 40 ) (2272 216 40 ) (2272 680 40 ) 
4 79 80 (2548 216 40 ) (2804 216 40 ) (2804 216 120 ) (2548 216 120 ) 
4 80 96 (2804 208 40 ) (2548 208 40 ) (2548 216 40 ) (2804 216 40 ) 
4 80 85 (2548 208 40 ) (2804 208 40 ) (2804 208 88 ) (2548 208 88 ) 
4 80 83 (2804 208 88 ) (2804 208 120 ) (2548 208 120 ) (2548 208 88 ) 
4 81 97 (2168 688 40 ) (2264 688 40 ) (2264 208 40 ) (2168 208 40 ) 
4 81 88 (2168 208 40 ) (2264 208 40 ) (2264 208 192 ) (2168 208 192 ) 
4 82 154 (2048 680 184 ) (2048 680 40 ) (2048 208 40 ) (2048 208 184 ) 
4 82 98 (2048 208 40 ) (2048 680 40 ) (2160 680 40 ) (2160 208 40 ) 
4 82 89 (2048 208 40 ) (2160 208 40 ) (2160 208 184 ) (2048 208 184 ) 
4 83 609 (3072 0 88 ) (3072 0 192 ) (2320 0 192 ) (2320 0 88 ) 
4 83 86 (2320 208 192 ) (2320 208 88 ) (2320 176 88 ) (2320 176 192 ) 
3 83 84 (3024 208 88 ) (3072 208 88 ) (3072 160 88 ) 
5 83 85 (2512 208 88 ) (3008 208 88 ) (3072 144 88 ) (3072 0 88 ) (2512 0 88 ) 
4 85 610 (3072 0 40 ) (3072 0 88 ) (2512 0 88 ) (2512 0 40 ) 
5 85 99 (3072 0 40 ) (2512 0 40 ) (2512 208 40 ) (3008 208 40 ) (3072 144 40 ) 
4 86 87 (2312 208 192 ) (2312 208 88 ) (2312 176 88 ) (2312 176 192 ) 
4 87 88 (2264 208 192 ) (2264 208 88 ) (2264 176 88 ) (2264 176 192 ) 
4 88 100 (2168 176 40 ) (2168 208 40 ) (2264 208 40 ) (2264 176 40 ) 
4 89 154 (2048 176 184 ) (2048 208 184 ) (2048 208 40 ) (2048 176 40 ) 
4 89 101 (2048 176 40 ) (2048 208 40 ) (2160 208 40 ) (2160 176 40 ) 
4 90 159 (2048 944 40 ) (2048 1024 40 ) (2048 1024 -8 ) (2048 944 -8 ) 
4 90 91 (2472 944 12 ) (2472 944 40 ) (2048 944 40 ) (2048 944 12 ) 
4 91 160 (2048 936 40 ) (2048 944 40 ) (2048 944 12 ) (2048 936 12 ) 
4 91 92 (2600 936 12 ) (2600 936 40 ) (2048 936 40 ) (2048 936 12 ) 
4 92 163 (2048 936 12 ) (2048 936 -8 ) (2048 688 -8 ) (2048 688 12 ) 
4 92 160 (2048 688 40 ) (2048 936 40 ) (2048 936 12 ) (2048 688 12 ) 
4 92 97 (2168 688 -8 ) (2264 688 -8 ) (2264 688 40 ) (2168 688 40 ) 
4 92 94 (2296 688 -8 ) (2552 688 -8 ) (2552 688 40 ) (2296 688 40 ) 
4 93 99 (2864 208 -8 ) (3008 208 -8 ) (3008 208 40 ) (2864 208 40 ) 
4 94 95 (2296 680 -8 ) (2552 680 -8 ) (2552 680 40 ) (2296 680 40 ) 
4 95 96 (2548 216 -8 ) (2804 216 -8 ) (2804 216 40 ) (2548 216 40 ) 
4 96 99 (2548 208 -8 ) (2804 208 -8 ) (2804 208 40 ) (2548 208 40 ) 
4 97 100 (2168 208 -8 ) (2264 208 -8 ) (2264 208 40 ) (2168 208 40 ) 
4 98 165 (2048 208 40 ) (2048 680 40 ) (2048 680 -8 ) (2048 208 -8 ) 
4 98 101 (2048 208 -8 ) (2160 208 -8 ) (2160 208 40 ) (2048 208 40 ) 
4 99 610 (3072 0 -8 ) (3072 0 40 ) (2512 0 40 ) (2512 0 -8 ) 
4 101 165 (2048 176 40 ) (2048 208 40 ) (2048 208 -8 ) (2048 176 -8 ) 
4 102 107 (1024 4096 248 ) (1024 4096 -8 ) (1024 3072 -8 ) (1024 3072 248 ) 
4 102 106 (1024 4096 256 ) (1024 4096 248 ) (1024 3072 248 ) (1024 3072 256 ) 
4 102 105 (1024 4096 1104 ) (1024 4096 256 ) (1024 3072 256 ) (1024 3072 1104 ) 
4 102 104 (2048 3072 -8 ) (2048 3072 1104 ) (1024 3072 1104 ) (1024 3072 -8 ) 
4 104 149 (2048 2048 -8 ) (2048 2048 1104 ) (1024 2048 1104 ) (1024 2048 -8 ) 
4 104 134 (1024 2048 -8 ) (1024 2048 1104 ) (1024 2768 1104 ) (1024 2768 -8 ) 
4 104 131 (1024 3072 100 ) (1024 3072 -8 ) (1024 2768 -8 ) (1024 2768 100 ) 
4 104 129 (1024 3072 248 ) (1024 3072 100 ) (1024 2768 100 ) (1024 2768 248 ) 
4 104 128 (1024 3072 256 ) (1024 3072 248 ) (1024 2768 248 ) (1024 2768 256 ) 
4 104 127 (1024 2768 1104 ) (1024 3072 1104 ) (1024 3072 256 ) (1024 2768 256 ) 
4 105 127 (1024 3072 256 ) (1024 3072 1104 ) (0 3072 1104 ) (0 3072 256 ) 
4 105 110 (0 4096 1104 ) (0 4096 256 ) (0 3072 256 ) (0 3072 1104 ) 
4 105 106 (1024 3072 256 ) (880 3072 256 ) (880 4096 256 ) (1024 4096 256 ) 
4 106 128 (1024 3072 248 ) (1024 3072 256 ) (880 3072 256 ) (880 3072 248 ) 
4 106 107 (880 4096 248 ) (1024 4096 248 ) (1024 3072 248 ) (880 3072 248 ) 
4 107 131 (1024 3072 -8 ) (1024 3072 100 ) (880 3072 100 ) (880 3072 -8 ) 
4 107 129 (1024 3072 100 ) (1024 3072 248 ) (880 3072 248 ) (880 3072 100 ) 
4 108 132 (0 3072 100 ) (0 3072 -8 ) (872 3072 -8 ) (872 3072 100 ) 
4 108 130 (872 3072 248 ) (0 3072 248 ) (0 3072 100 ) (872 3072 100 ) 
4 108 112 (0 4096 248 ) (0 4096 -8 ) (0 3072 -8 ) (0 3072 248 ) 
4 108 109 (0 3376 -8 ) (0 3568 -8 ) (360 3568 -8 ) (360 3376 -8 ) 
4 109 120 (0 3376 -144 ) (0 3376 -16 ) (0 3568 -16 ) (0 3568 -144 ) 
4 109 116 (0 3376 -16 ) (0 3376 -8 ) (0 3568 -8 ) (0 3568 -16 ) 
4 110 275 (-1024 3072 256 ) (-1024 3072 1104 ) (-1024 4096 1104 ) (-1024 4096 256 ) 
4 110 137 (0 3072 256 ) (0 3072 1104 ) (-1024 3072 1104 ) (-1024 3072 256 ) 
4 110 111 (-16 3072 256 ) (-432 3072 256 ) (-432 4096 256 ) (-16 4096 256 ) 
4 111 138 (-16 3072 256 ) (-432 3072 256 ) (-432 3072 248 ) (-16 3072 248 ) 
4 111 113 (-16 3072 248 ) (-432 3072 248 ) (-432 4096 248 ) (-16 4096 248 ) 
4 112 142 (0 3072 -8 ) (0 3072 100 ) (-8 3072 100 ) (-8 3072 -8 ) 
4 112 139 (0 3072 100 ) (0 3072 248 ) (-8 3072 248 ) (-8 3072 100 ) 
4 112 116 (-8 3376 -8 ) (-8 3568 -8 ) (0 3568 -8 ) (0 3376 -8 ) 
4 113 143 (-432 3072 100 ) (-432 3072 -8 ) (-16 3072 -8 ) (-16 3072 100 ) 
4 113 140 (-16 3072 248 ) (-432 3072 248 ) (-432 3072 100 ) (-16 3072 100 ) 
4 114 276 (-1024 3072 -8 ) (-1024 3072 248 ) (-1024 4096 248 ) (-1024 4096 -8 ) 
4 114 144 (-1024 3072 100 ) (-1024 3072 -8 ) (-440 3072 -8 ) (-440 3072 100 ) 
4 114 141 (-440 3072 248 ) (-1024 3072 248 ) (-1024 3072 100 ) (-440 3072 100 ) 
4 114 119 (-864 3072 -8 ) (-1024 3072 -8 ) (-1024 3376 -8 ) (-864 3376 -8 ) 
4 114 117 (-736 3568 -8 ) (-448 3568 -8 ) (-448 3376 -8 ) (-736 3376 -8 ) 
4 114 118 (-1024 3376 -8 ) (-1024 3568 -8 ) (-864 3568 -8 ) (-864 3376 -8 ) 
4 114 115 (-1024 3568 -8 ) (-1024 3968 -8 ) (-864 3968 -8 ) (-864 3568 -8 ) 
4 115 277 (-1024 3568 -8 ) (-1024 3968 -8 ) (-1024 3968 -16 ) (-1024 3568 -16 ) 
4 115 118 (-1024 3568 -16 ) (-864 3568 -16 ) (-864 3568 -8 ) (-1024 3568 -8 ) 
4 116 120 (0 3568 -16 ) (0 3376 -16 ) (-8 3376 -16 ) (-8 3568 -16 ) 
4 117 126 (-448 3376 -16 ) (-724 3376 -16 ) (-724 3568 -16 ) (-448 3568 -16 ) 
4 118 277 (-1024 3376 -8 ) (-1024 3568 -8 ) (-1024 3568 -16 ) (-1024 3376 -16 ) 
4 118 119 (-1024 3376 -16 ) (-864 3376 -16 ) (-864 3376 -8 ) (-1024 3376 -8 ) 
4 119 277 (-1024 3072 -16 ) (-1024 3072 -8 ) (-1024 3376 -8 ) (-1024 3376 -16 ) 
4 119 147 (-864 3072 -8 ) (-1024 3072 -8 ) (-1024 3072 -16 ) (-864 3072 -16 ) 
4 120 123 (-16 3568 -144 ) (-16 3376 -144 ) (-16 3376 -16 ) (-16 3568 -16 ) 
4 121 122 (-248 3576 -144 ) (-200 3576 -144 ) (-200 3576 -36 ) (-248 3576 -36 ) 
4 122 123 (-248 3568 -144 ) (-200 3568 -144 ) (-200 3568 -36 ) (-248 3568 -36 ) 
4 123 126 (-432 3568 -144 ) (-432 3376 -144 ) (-432 3376 -16 ) (-432 3568 -16 ) 
4 123 124 (-248 3376 -144 ) (-200 3376 -144 ) (-200 3376 -36 ) (-248 3376 -36 ) 
4 124 125 (-248 3368 -144 ) (-200 3368 -144 ) (-200 3368 -36 ) (-248 3368 -36 ) 
4 125 148 (-16 3072 -16 ) (-432 3072 -16 ) (-432 3072 -144 ) (-16 3072 -144 ) 
4 127 137 (0 3072 1104 ) (0 3072 256 ) (0 2768 256 ) (0 2768 1104 ) 
4 127 135 (632 2768 1104 ) (624 2768 1104 ) (624 2768 256 ) (632 2768 256 ) 
4 127 134 (1024 2768 256 ) (1024 2768 1104 ) (632 2768 1104 ) (632 2768 256 ) 
4 127 136 (624 2768 1104 ) (0 2768 1104 ) (0 2768 256 ) (624 2768 256 ) 
4 127 128 (1024 2768 256 ) (880 2768 256 ) (880 3072 256 ) (1024 3072 256 ) 
4 128 134 (1024 2768 248 ) (1024 2768 256 ) (880 2768 256 ) (880 2768 248 ) 
4 128 129 (1024 2768 248 ) (880 2768 248 ) (880 3072 248 ) (1024 3072 248 ) 
4 129 134 (1024 2768 100 ) (1024 2768 248 ) (880 2768 248 ) (880 2768 100 ) 
4 129 131 (1024 2768 100 ) (880 2768 100 ) (880 3072 100 ) (1024 3072 100 ) 
4 130 139 (0 3072 248 ) (0 3072 100 ) (0 2776 100 ) (0 2776 248 ) 
4 130 132 (0 2776 100 ) (0 3072 100 ) (872 3072 100 ) (872 2776 100 ) 
4 131 134 (1024 2768 -8 ) (1024 2768 100 ) (880 2768 100 ) (880 2768 -8 ) 
4 132 142 (0 3072 100 ) (0 3072 -8 ) (0 2776 -8 ) (0 2776 100 ) 
4 132 133 (432 2776 -8 ) (528 2776 -8 ) (528 2776 100 ) (432 2776 100 ) 
4 133 136 (528 2768 100 ) (432 2768 100 ) (432 2768 -8 ) (528 2768 -8 ) 
4 134 176 (1024 2048 -8 ) (1024 2048 88 ) (632 2048 88 ) (632 2048 -8 ) 
4 134 174 (1024 2048 88 ) (1024 2048 136 ) (632 2048 136 ) (632 2048 88 ) 
4 134 173 (1024 2048 136 ) (1024 2048 1104 ) (632 2048 1104 ) (632 2048 136 ) 
4 134 135 (632 2048 136 ) (632 2048 1104 ) (632 2768 1104 ) (632 2768 136 ) 
4 135 173 (632 2048 1104 ) (624 2048 1104 ) (624 2048 136 ) (632 2048 136 ) 
4 135 136 (624 2048 136 ) (624 2048 1104 ) (624 2768 1104 ) (624 2768 136 ) 
4 136 173 (624 2048 1104 ) (0 2048 1104 ) (0 2048 136 ) (624 2048 136 ) 
4 136 146 (0 2048 -8 ) (0 2048 1104 ) (0 2768 1104 ) (0 2768 -8 ) 
4 137 283 (-1024 3072 1104 ) (-1024 3072 256 ) (-1024 2768 256 ) (-1024 2768 1104 ) 
4 137 146 (-1024 2768 1104 ) (-1024 2768 256 ) (0 2768 256 ) (0 2768 1104 ) 
4 137 138 (-16 2768 256 ) (-432 2768 256 ) (-432 3072 256 ) (-16 3072 256 ) 
4 138 146 (-432 2768 248 ) (-16 2768 248 ) (-16 2768 256 ) (-432 2768 256 ) 
4 138 140 (-16 2768 248 ) (-432 2768 248 ) (-432 3072 248 ) (-16 3072 248 ) 
4 139 142 (-8 2776 100 ) (-8 3072 100 ) (0 3072 100 ) (0 2776 100 ) 
4 140 146 (-432 2768 100 ) (-16 2768 100 ) (-16 2768 248 ) (-432 2768 248 ) 
4 140 143 (-16 2768 100 ) (-432 2768 100 ) (-432 3072 100 ) (-16 3072 100 ) 
4 141 284 (-1024 3072 248 ) (-1024 3072 100 ) (-1024 2776 100 ) (-1024 2776 248 ) 
4 141 144 (-1024 2776 100 ) (-1024 3072 100 ) (-440 3072 100 ) (-440 2776 100 ) 
4 143 146 (-432 2768 -8 ) (-16 2768 -8 ) (-16 2768 100 ) (-432 2768 100 ) 
4 144 284 (-1024 3072 100 ) (-1024 3072 -8 ) (-1024 2776 -8 ) (-1024 2776 100 ) 
4 144 147 (-1024 2976 -8 ) (-1024 3072 -8 ) (-864 3072 -8 ) (-864 2976 -8 ) 
4 144 145 (-976 2776 -8 ) (-880 2776 -8 ) (-880 2776 100 ) (-976 2776 100 ) 
4 145 146 (-976 2768 -8 ) (-880 2768 -8 ) (-880 2768 100 ) (-976 2768 100 ) 
4 146 297 (-1024 2048 -8 ) (-1024 2048 40 ) (-1024 2768 40 ) (-1024 2768 -8 ) 
4 146 290 (-1024 2048 40 ) (-1024 2048 138 ) (-1024 2768 138 ) (-1024 2768 40 ) 
4 146 289 (-1024 2048 138 ) (-1024 2048 1104 ) (-1024 2768 1104 ) (-1024 2768 138 ) 
4 146 188 (-112 2048 136 ) (-400 2048 136 ) (-400 2048 -8 ) (-112 2048 -8 ) 
4 146 187 (0 2048 136 ) (0 2048 1104 ) (-1024 2048 1104 ) (-1024 2048 136 ) 
4 147 285 (-1024 2976 -8 ) (-1024 3072 -8 ) (-1024 3072 -16 ) (-1024 2976 -16 ) 
4 149 177 (1024 2040 -8 ) (1024 1032 -8 ) (1024 1032 88 ) (1024 2040 88 ) 
4 149 176 (1024 2048 88 ) (1024 2048 -8 ) (1024 2040 -8 ) (1024 2040 88 ) 
4 149 174 (1024 2048 136 ) (1024 2048 88 ) (1024 1032 88 ) (1024 1032 136 ) 
4 149 173 (1024 2048 1104 ) (1024 2048 136 ) (1024 1032 136 ) (1024 1032 1104 ) 
4 149 150 (2048 1032 40 ) (2048 1032 1104 ) (1024 1032 1104 ) (1024 1032 40 ) 
4 150 178 (1024 1024 40 ) (1024 1024 88 ) (1024 1032 88 ) (1024 1032 40 ) 
4 150 174 (1024 1024 88 ) (1024 1024 136 ) (1024 1032 136 ) (1024 1032 88 ) 
4 150 173 (1024 1024 136 ) (1024 1024 1104 ) (1024 1032 1104 ) (1024 1032 136 ) 
4 150 158 (1024 1024 88 ) (1024 1024 40 ) (1648 1024 40 ) (1648 1024 88 ) 
4 150 156 (1648 1024 192 ) (1024 1024 192 ) (1024 1024 88 ) (1648 1024 88 ) 
4 150 155 (1656 1024 192 ) (1648 1024 192 ) (1648 1024 40 ) (1656 1024 40 ) 
4 150 152 (2048 1024 40 ) (2048 1024 192 ) (1656 1024 192 ) (1656 1024 40 ) 
4 150 151 (2048 1024 192 ) (2048 1024 1104 ) (1024 1024 1104 ) (1024 1024 192 ) 
4 151 675 (2048 0 192 ) (2048 0 1104 ) (1024 0 1104 ) (1024 0 192 ) 
4 151 207 (1024 0 192 ) (1024 0 1104 ) (1024 1024 1104 ) (1024 1024 192 ) 
4 151 156 (1648 0 192 ) (1024 0 192 ) (1024 1024 192 ) (1648 1024 192 ) 
4 151 155 (1648 688 192 ) (1648 1024 192 ) (1656 1024 192 ) (1656 688 192 ) 
4 151 152 (2048 1024 192 ) (2048 688 192 ) (1656 688 192 ) (1656 1024 192 ) 
4 152 160 (1656 688 40 ) (1656 944 40 ) (2048 944 40 ) (2048 688 40 ) 
4 152 159 (1656 944 40 ) (1656 1024 40 ) (2048 1024 40 ) (2048 944 40 ) 
4 152 155 (1656 1024 40 ) (1656 688 40 ) (1656 688 192 ) (1656 1024 192 ) 
4 152 153 (1812 688 40 ) (2004 688 40 ) (2004 688 120 ) (1812 688 120 ) 
4 153 164 (1812 688 40 ) (2004 688 40 ) (2004 680 40 ) (1812 680 40 ) 
4 153 154 (1812 680 40 ) (2004 680 40 ) (2004 680 120 ) (1812 680 120 ) 
4 154 165 (1656 176 40 ) (1656 680 40 ) (2048 680 40 ) (2048 176 40 ) 
4 155 160 (1648 688 40 ) (1648 944 40 ) (1656 944 40 ) (1656 688 40 ) 
4 155 159 (1648 944 40 ) (1648 1024 40 ) (1656 1024 40 ) (1656 944 40 ) 
4 155 158 (1648 1024 40 ) (1648 688 40 ) (1648 688 88 ) (1648 1024 88 ) 
4 155 156 (1648 688 88 ) (1648 688 192 ) (1648 1024 192 ) (1648 1024 88 ) 
4 156 687 (1424 0 192 ) (1024 0 192 ) (1024 0 88 ) (1424 0 88 ) 
4 156 682 (1648 0 192 ) (1424 0 192 ) (1424 0 88 ) (1648 0 88 ) 
4 156 207 (1024 0 88 ) (1024 0 192 ) (1024 1024 192 ) (1024 1024 88 ) 
5 156 158 (1648 1024 88 ) (1648 0 88 ) (1072.682983 0 88 ) (1024 55.444489 88 ) (1024 1024 88 ) 
3 156 157 (1064.682983 0 88 ) (1024 0 88 ) (1024 46.333355 88 ) 
4 157 694 (1024 0 88 ) (1024 0 40 ) (1064.682983 0 40 ) (1064.682983 0 88 ) 
4 157 208 (1024 0 40 ) (1024 0 88 ) (1024 46.333355 88 ) (1024 46.333374 40 ) 
4 158 696 (1072.682983 0 40 ) (1164 0 40 ) (1164 0 88 ) (1072.682983 0 88 ) 
4 158 691 (1164 0 40 ) (1424 0 40 ) (1424 0 88 ) (1164 0 88 ) 
4 158 682 (1424 0 40 ) (1648 0 40 ) (1648 0 88 ) (1424 0 88 ) 
4 158 209 (1024 55.444489 88 ) (1024 1024 88 ) (1024 1024 40 ) (1024 55.444519 40 ) 
5 158 170 (1452 0 40 ) (1072.682983 0 40 ) (1024 55.444489 40 ) (1024 1024 40 ) (1452 1024 40 ) 
4 158 168 (1452 216 40 ) (1452 696 40 ) (1460 696 40 ) (1460 216 40 ) 
4 158 167 (1452 696 40 ) (1452 1024 40 ) (1460 1024 40 ) (1460 696 40 ) 
4 158 169 (1460 0 40 ) (1452 0 40 ) (1452 216 40 ) (1460 216 40 ) 
4 158 166 (1648 0 40 ) (1460 0 40 ) (1460 688 40 ) (1648 688 40 ) 
4 158 160 (1460 688 40 ) (1460 944 40 ) (1648 944 40 ) (1648 688 40 ) 
4 158 159 (1460 944 40 ) (1460 1024 40 ) (1648 1024 40 ) (1648 944 40 ) 
4 159 167 (1460 1024 -8 ) (1460 944 -8 ) (1460 944 40 ) (1460 1024 40 ) 
4 159 161 (1460 944 12 ) (1460 944 -8 ) (1712 944 -8 ) (1712 944 12 ) 
4 159 160 (1460 944 40 ) (1460 944 12 ) (2048 944 12 ) (2048 944 40 ) 
4 160 168 (1460 688 12 ) (1460 688 40 ) (1460 696 40 ) (1460 696 12 ) 
4 160 167 (1460 696 40 ) (1460 944 40 ) (1460 944 12 ) (1460 696 12 ) 
4 160 166 (1460 688 40 ) (1460 688 12 ) (1648 688 12 ) (1648 688 40 ) 
4 160 164 (1812 688 12 ) (2004 688 12 ) (2004 688 40 ) (1812 688 40 ) 
4 160 163 (2048 688 12 ) (1460 688 12 ) (1712 936 12 ) (2048 936 12 ) 
3 160 162 (1460 696 12 ) (1460 936 12 ) (1703.870972 936 12 ) 
4 160 161 (1460 936 12 ) (1460 944 12 ) (1712 944 12 ) (1703.870972 936 12 ) 
4 161 167 (1460 944 -8 ) (1460 936 -8 ) (1460 936 12 ) (1460 944 12 ) 
4 161 162 (1703.870972 936 12 ) (1460 936 12 ) (1460 936 -8 ) (1703.870972 936 -8 ) 
4 162 167 (1460 936 -8 ) (1460 696 -8 ) (1460 696 12 ) (1460 936 12 ) 
4 163 166 (1460 688 12 ) (1460 688 -8 ) (1648 688 -8 ) (1648 688 12 ) 
4 163 164 (1812 688 -8 ) (2004 688 -8 ) (2004 688 12 ) (1812 688 12 ) 
4 164 165 (1812 680 -8 ) (2004 680 -8 ) (2004 680 40 ) (1812 680 40 ) 
4 166 686 (1648 0 40 ) (1460 0 40 ) (1460 0 -8 ) (1648 0 -8 ) 
4 166 168 (1460 216 12 ) (1460 216 40 ) (1460 688 40 ) (1460 688 12 ) 
4 166 169 (1460 216 -8 ) (1460 0 -8 ) (1460 0 40 ) (1460 216 40 ) 
4 167 172 (1452 1024 -8 ) (1452 696 -8 ) (1452 696 12 ) (1452 1024 12 ) 
4 167 170 (1452 696 12 ) (1452 696 40 ) (1452 1024 40 ) (1452 1024 12 ) 
4 167 168 (1452 696 40 ) (1452 696 12 ) (1460 696 12 ) (1460 696 40 ) 
4 168 170 (1452 216 12 ) (1452 216 40 ) (1452 696 40 ) (1452 696 12 ) 
4 168 169 (1452 216 40 ) (1452 216 12 ) (1460 216 12 ) (1460 216 40 ) 
4 169 686 (1460 0 40 ) (1452 0 40 ) (1452 0 -8 ) (1460 0 -8 ) 
4 169 171 (1452 216 -8 ) (1452 0 -8 ) (1452 0 12 ) (1452 216 12 ) 
4 169 170 (1452 0 12 ) (1452 0 40 ) (1452 216 40 ) (1452 216 12 ) 
4 170 696 (1164 0 40 ) (1072.682983 0 40 ) (1072.682983 0 12 ) (1164 0 12 ) 
4 170 691 (1424 0 40 ) (1164 0 40 ) (1164 0 12 ) (1424 0 12 ) 
4 170 686 (1452 0 40 ) (1424 0 40 ) (1424 0 12 ) (1452 0 12 ) 
4 170 209 (1024 55.444489 40 ) (1024 1024 40 ) (1024 1024 12 ) (1024 55.444508 12 ) 
4 170 172 (1024 1020.962952 12 ) (1024 1024 12 ) (1452 1024 12 ) (1452 696 12 ) 
5 170 171 (1072.682861 0 12 ) (1024 55.444370 12 ) (1024 1012.971375 12 ) (1452 688.007446 12 ) (1452 0 12 ) 
4 171 696 (1072.682983 0 12 ) (1072.682983 0 -8 ) (1164 0 -8 ) (1164 0 12 ) 
4 171 691 (1164 0 -8 ) (1424 0 -8 ) (1424 0 12 ) (1164 0 12 ) 
4 171 686 (1424 0 -8 ) (1452 0 -8 ) (1452 0 12 ) (1424 0 12 ) 
4 171 210 (1024 1012.971375 -8 ) (1024 55.444519 -8 ) (1024 55.444508 12 ) (1024 1012.971375 12 ) 
4 172 211 (1024 1024 12 ) (1024 1024 -8 ) (1024 1020.962952 -8 ) (1024 1020.962952 12 ) 
4 173 207 (1024 1024 136 ) (1024 1024 1104 ) (0 1024 1104 ) (0 1024 136 ) 
4 173 187 (0 2048 1104 ) (0 2048 136 ) (0 1024 136 ) (0 1024 1104 ) 
4 173 175 (632 1024 136 ) (0 1024 136 ) (0 2040 136 ) (632 2040 136 ) 
4 173 174 (1024 1024 136 ) (632 1024 136 ) (632 2048 136 ) (1024 2048 136 ) 
4 174 207 (1024 1024 88 ) (1024 1024 136 ) (632 1024 136 ) (632 1024 88 ) 
3 174 183 (873.334839 1024 88 ) (632 1024 88 ) (632 1037.163696 88 ) 
4 174 182 (1020 1024 88 ) (632 1045.163574 88 ) (632 1072 88 ) (1020 1072 88 ) 
4 174 179 (632 1072 88 ) (632 2040 88 ) (1020 2040 88 ) (1020 1072 88 ) 
4 174 178 (1024 1024 88 ) (1020 1024 88 ) (1020 1032 88 ) (1024 1032 88 ) 
4 174 177 (1020 1032 88 ) (1020 2040 88 ) (1024 2040 88 ) (1024 1032 88 ) 
4 174 176 (632 2040 88 ) (632 2048 88 ) (1024 2048 88 ) (1024 2040 88 ) 
4 174 175 (632 2040 88 ) (632 1024 88 ) (632 1024 136 ) (632 2040 136 ) 
4 175 207 (632 1024 136 ) (0 1024 136 ) (0 1024 88 ) (632 1024 88 ) 
4 175 195 (0 1246.285767 88 ) (0 1238.383057 88 ) (0 1238.383057 136 ) (0 1246.285767 136 ) 
4 175 194 (0 1292 88 ) (0 1246.285767 88 ) (0 1246.285767 136 ) (0 1292 136 ) 
4 175 193 (0 1238.383057 88 ) (0 1024 88 ) (0 1024 136 ) (0 1238.383057 136 ) 
4 175 189 (0 2040 88 ) (0 1292 88 ) (0 1292 136 ) (0 2040 136 ) 
4 175 186 (132 1024 88 ) (0 1024 88 ) (0 1238.383057 88 ) (132 1112 88 ) 
4 175 185 (0 1246.285767 88 ) (0 2040 88 ) (132 2040 88 ) (132 1119.673584 88 ) 
4 175 184 (140 1024 88 ) (132 1024 88 ) (132 1064 88 ) (140 1064 88 ) 
4 175 183 (632 1024 88 ) (140 1024 88 ) (140 1064 88 ) (632 1037.163696 88 ) 
3 175 182 (140 1072 88 ) (632 1072 88 ) (632 1045.163574 88 ) 
3 175 180 (140 1112 88 ) (181.702179 1072 88 ) (140 1072 88 ) 
5 175 179 (132 1119.673462 88 ) (132 2040 88 ) (632 2040 88 ) (632 1072 88 ) (181.702179 1072 88 ) 
4 176 181 (632 2040 -8 ) (1020 2040 -8 ) (1020 2040 40 ) (632 2040 40 ) 
4 176 179 (1020 2040 40 ) (1020 2040 88 ) (632 2040 88 ) (632 2040 40 ) 
4 176 177 (1020 2040 -8 ) (1024 2040 -8 ) (1024 2040 88 ) (1020 2040 88 ) 
4 177 182 (1020 1032 40 ) (1020 1032 88 ) (1020 1072 88 ) (1020 1072 40 ) 
4 177 181 (1020 2040 40 ) (1020 2040 -8 ) (1020 1072 -8 ) (1020 1072 40 ) 
4 177 179 (1020 2040 88 ) (1020 2040 40 ) (1020 1072 40 ) (1020 1072 88 ) 
4 177 178 (1020 1032 88 ) (1020 1032 40 ) (1024 1032 40 ) (1024 1032 88 ) 
4 178 209 (1024 1024 40 ) (1024 1024 88 ) (1020 1024 88 ) (1020 1024 40 ) 
4 178 182 (1020 1024 40 ) (1020 1024 88 ) (1020 1032 88 ) (1020 1032 40 ) 
4 179 185 (132 2040 88 ) (132 2040 40 ) (132 1119.673462 40 ) (132 1119.673462 88 ) 
4 179 182 (181.702164 1072 40 ) (1020 1072 40 ) (1020 1072 88 ) (181.702148 1072 88 ) 
4 179 181 (1020 1072 40 ) (632 1072 40 ) (632 2040 40 ) (1020 2040 40 ) 
4 179 180 (140 1112.002075 40 ) (181.703125 1072 40 ) (181.703125 1072 88 ) (140 1112.002075 88 ) 
4 180 182 (140 1072 40 ) (181.702164 1072 40 ) (181.702148 1072 88 ) (140 1072 88 ) 
5 183 215 (873.334839 1024 88 ) (140 1024 88 ) (140 1024 26.666672 ) (192 1024 -8 ) (873.334839 1024 -8 ) 
4 183 184 (140 1064 26.666672 ) (140 1024 26.666672 ) (140 1024 88 ) (140 1064 88 ) 
4 184 216 (140 1024 88 ) (132 1024 88 ) (132 1024 32 ) (140 1024 26.666672 ) 
4 184 186 (132 1024 32 ) (132 1024 88 ) (132 1064 88 ) (132 1064 32 ) 
4 185 194 (0 1246.285767 40 ) (0 1246.285767 88 ) (0 1292 88 ) (0 1292 40 ) 
4 185 190 (0 1292 88 ) (0 2040 88 ) (0 2040 40 ) (0 1292 40 ) 
4 186 217 (132 1024 88 ) (0 1024 88 ) (0 1024 32 ) (132 1024 32 ) 
4 186 193 (0 1024 32 ) (0 1024 88 ) (0 1238.383057 88 ) (0 1238.383057 32 ) 
4 187 352 (-1024 1024 136 ) (-1024 1024 1104 ) (-1024 2048 1104 ) (-1024 2048 136 ) 
4 187 219 (0 1024 136 ) (0 1024 1104 ) (-1024 1024 1104 ) (-1024 1024 136 ) 
4 187 205 (-1024 1064 136 ) (-1024 1072 136 ) (-652 1072 136 ) (-652 1064 136 ) 
4 187 206 (-652 1024 136 ) (-1024 1024 136 ) (-1024 1064 136 ) (-652 1064 136 ) 
4 187 204 (-1024 1072 136 ) (-1024 2040 136 ) (-652 2040 136 ) (-652 1072 136 ) 
4 187 199 (-392 1024 136 ) (-652 1024 136 ) (-652 1300 136 ) (-392 1300 136 ) 
4 187 198 (-652 1300 136 ) (-652 2040 136 ) (-400 2040 136 ) (-400 1300 136 ) 
4 187 196 (-120 1024 136 ) (-392 1024 136 ) (-392 2040 136 ) (-120 2040 136 ) 
4 187 195 (-56 1292 136 ) (-47.659451 1292 136 ) (0 1246.285767 136 ) (0 1238.383057 136 ) 
3 187 194 (-47.659451 1292 136 ) (0 1292 136 ) (0 1246.285767 136 ) 
5 187 193 (0 1024 136 ) (-120 1024 136 ) (-120 1292 136 ) (-56 1292 136 ) (0 1238.383057 136 ) 
4 187 192 (-120 1292 136 ) (-120 1300 136 ) (-112 1300 136 ) (-112 1292 136 ) 
4 187 189 (-112 2040 136 ) (0 2040 136 ) (0 1292 136 ) (-112 1292 136 ) 
4 187 188 (-400 2048 136 ) (-112 2048 136 ) (-112 2040 136 ) (-400 2040 136 ) 
4 188 197 (-392 2040 -8 ) (-120 2040 -8 ) (-120 2040 32 ) (-392 2040 32 ) 
4 188 196 (-120 2040 32 ) (-120 2040 136 ) (-392 2040 136 ) (-392 2040 32 ) 
4 189 195 (-47.659466 1292 136 ) (-56 1292 136 ) (-56 1292 88 ) (-47.659462 1292 88 ) 
4 189 194 (0 1292 88 ) (0 1292 136 ) (-47.659466 1292 136 ) (-47.659462 1292 88 ) 
4 189 193 (-56 1292 136 ) (-112 1292 136 ) (-112 1292 88 ) (-56 1292 88 ) 
4 189 192 (-112 1300 88 ) (-112 1292 88 ) (-112 1292 136 ) (-112 1300 136 ) 
3 189 191 (-112 1300 88 ) (-112 1353.714355 88 ) (-56 1300 88 ) 
5 189 190 (0 1292 88 ) (-47.659466 1292 88 ) (-112 1353.714355 88 ) (-112 2040 88 ) (0 2040 88 ) 
4 190 194 (0 1292 40 ) (0 1292 88 ) (-47.659466 1292 88 ) (-47.659470 1292 40 ) 
4 190 191 (-55.996502 1300 88 ) (-112 1353.718750 88 ) (-112 1353.718750 40 ) (-55.996502 1300 40 ) 
4 192 196 (-120 1292 88 ) (-120 1292 136 ) (-120 1300 136 ) (-120 1300 88 ) 
4 192 193 (-120 1292 136 ) (-120 1292 88 ) (-112 1292 88 ) (-112 1292 136 ) 
4 193 220 (0 1024 32 ) (0 1024 88 ) (-120 1024 88 ) (-120 1024 32 ) 
4 193 219 (0 1024 88 ) (0 1024 136 ) (-120 1024 136 ) (-120 1024 88 ) 
4 193 196 (-120 1024 32 ) (-120 1024 136 ) (-120 1292 136 ) (-120 1292 32 ) 
4 193 195 (-56.001949 1292 88 ) (-56.001949 1292 136 ) (0 1238.381104 136 ) (0 1238.380981 88 ) 
4 194 195 (-47.656250 1292 136 ) (-47.656250 1292 88 ) (0 1246.289062 88 ) (0 1246.289062 136 ) 
4 196 220 (-392 1024 88 ) (-392 1024 32 ) (-120 1024 32 ) (-120 1024 88 ) 
4 196 219 (-120 1024 136 ) (-392 1024 136 ) (-392 1024 88 ) (-120 1024 88 ) 
4 196 201 (-392 1292 32 ) (-392 1064 32 ) (-392 1064 88 ) (-392 1292 88 ) 
4 196 202 (-392 1064 32 ) (-392 1024 32 ) (-392 1024 88 ) (-392 1064 88 ) 
4 196 199 (-392 1024 88 ) (-392 1024 136 ) (-392 1300 136 ) (-392 1300 88 ) 
4 196 197 (-392 1292 32 ) (-392 2040 32 ) (-120 2040 32 ) (-120 1292 32 ) 
4 198 204 (-652 2040 136 ) (-652 2040 40 ) (-652 1300 40 ) (-652 1300 136 ) 
4 198 200 (-652 1300 88 ) (-652 1300 40 ) (-456 1300 40 ) (-456 1300 88 ) 
4 198 199 (-652 1300 136 ) (-652 1300 88 ) (-400 1300 88 ) (-400 1300 136 ) 
4 199 219 (-392 1024 136 ) (-652 1024 136 ) (-652 1024 88 ) (-392 1024 88 ) 
4 199 205 (-652 1064 136 ) (-652 1072 136 ) (-652 1072 88 ) (-652 1064 88 ) 
4 199 206 (-652 1024 88 ) (-652 1024 136 ) (-652 1064 136 ) (-652 1064 88 ) 
4 199 204 (-652 1072 136 ) (-652 1300 136 ) (-652 1300 88 ) (-652 1072 88 ) 
5 199 201 (-456 1292 88 ) (-392 1292 88 ) (-392 1064 88 ) (-644 1064 88 ) (-644 1111.997681 88 ) 
4 199 202 (-652 1024 88 ) (-652 1064 88 ) (-392 1064 88 ) (-392 1024 88 ) 
3 199 200 (-652 1112 88 ) (-652 1300 88 ) (-456 1300 88 ) 
4 200 204 (-652 1112 40 ) (-652 1112 88 ) (-652 1300 88 ) (-652 1300 40 ) 
4 201 202 (-644 1064 32 ) (-392 1064 32 ) (-392 1064 88 ) (-644 1064 88 ) 
4 202 222 (-652 1024 88 ) (-652 1024 32 ) (-644 1024 32 ) (-644 1024 88 ) 
4 202 220 (-644 1024 32 ) (-392 1024 32 ) (-392 1024 88 ) (-644 1024 88 ) 
4 202 206 (-652 1024 32 ) (-652 1024 88 ) (-652 1064 88 ) (-652 1064 32 ) 
4 202 203 (-652 1024 32 ) (-652 1064 32 ) (-644 1064 32 ) (-644 1024 32 ) 
4 203 222 (-652 1024 32 ) (-652 1024 -8 ) (-644 1024 -8 ) (-644 1024 32 ) 
4 203 206 (-652 1064 -8 ) (-652 1024 -8 ) (-652 1024 32 ) (-652 1064 32 ) 
4 204 359 (-1024 1184 88 ) (-1024 1184 40 ) (-1024 1072 40 ) (-1024 1072 88 ) 
4 204 358 (-1024 1072 136 ) (-1024 1184 136 ) (-1024 1184 88 ) (-1024 1072 88 ) 
4 204 356 (-1024 1184 136 ) (-1024 2040 136 ) (-1024 2040 40 ) (-1024 1184 40 ) 
4 204 205 (-652 1072 88 ) (-652 1072 136 ) (-1024 1072 136 ) (-1024 1072 88 ) 
4 205 358 (-1024 1064 136 ) (-1024 1072 136 ) (-1024 1072 88 ) (-1024 1064 88 ) 
4 205 206 (-652 1064 88 ) (-652 1064 136 ) (-1024 1064 136 ) (-1024 1064 88 ) 
4 206 363 (-1024 1024 -8 ) (-1024 1024 40 ) (-1024 1064 40 ) (-1024 1064 -8 ) 
4 206 360 (-1024 1024 40 ) (-1024 1024 88 ) (-1024 1064 88 ) (-1024 1064 40 ) 
4 206 358 (-1024 1024 88 ) (-1024 1024 136 ) (-1024 1064 136 ) (-1024 1064 88 ) 
4 206 222 (-1024 1024 88 ) (-1024 1024 -8 ) (-652 1024 -8 ) (-652 1024 88 ) 
4 206 219 (-652 1024 136 ) (-1024 1024 136 ) (-1024 1024 88 ) (-652 1024 88 ) 
4 207 716 (1024 0 88 ) (1024 0 1104 ) (0 0 1104 ) (0 0 88 ) 
4 207 219 (0 1024 1104 ) (0 1024 88 ) (0 0 88 ) (0 0 1104 ) 
4 207 217 (132 0 88 ) (0 0 88 ) (0 1024 88 ) (132 1024 88 ) 
4 207 216 (132 736 88 ) (132 1024 88 ) (140 1024 88 ) (140 736 88 ) 
5 207 215 (140 736 88 ) (140 1024 88 ) (873.334839 1024 88 ) (1012 1016.436401 88 ) (1012 544 88 ) 
4 207 214 (1012 1016.436401 88 ) (1020 1016 88 ) (1020 544 88 ) (1012 544 88 ) 
4 207 212 (1020 0 88 ) (1012 0 88 ) (1012 60 88 ) (1020 50.888870 88 ) 
4 207 213 (1012 0 88 ) (140 0 88 ) (140 728 88 ) (1012 536 88 ) 
4 207 209 (1020 60 88 ) (1020 1024 88 ) (1024 1024 88 ) (1024 55.444519 88 ) 
4 207 208 (1024 0 88 ) (1020 0 88 ) (1020 50.888878 88 ) (1024 46.333374 88 ) 
4 208 717 (1024 0 40 ) (1024 0 88 ) (1020 0 88 ) (1020 0 40 ) 
4 208 212 (1020 0 40 ) (1020 0 88 ) (1020 50.888878 88 ) (1020 50.888866 40 ) 
4 209 214 (1020 544 88 ) (1020 1016 88 ) (1020 1016 12 ) (1020 544 12 ) 
3 209 211 (1020 1024 12 ) (1024 1024 12 ) (1024 1020.962952 12 ) 
4 209 210 (1024 55.445312 12 ) (1020 60 12 ) (1020 1016.008545 12 ) (1024 1012.971375 12 ) 
4 210 214 (1020 1016.008545 -8 ) (1020 544 -8 ) (1020 544 12 ) (1020 1016.008545 12 ) 
4 212 717 (1020 0 88 ) (1012 0 88 ) (1012 0 40 ) (1020 0 40 ) 
4 212 213 (1012 60 40 ) (1012 0 40 ) (1012 0 88 ) (1012 60 88 ) 
4 213 718 (476.495605 0 88 ) (140 0 88 ) (140 0 40 ) (476.495605 0 40 ) 
4 213 717 (1012 0 88 ) (476.495605 0 88 ) (476.495605 0 40 ) (1012 0 40 ) 
4 214 215 (1012 1016.436951 88 ) (1012 1016.436951 -8 ) (1012 544 -8 ) (1012 544 88 ) 
4 215 216 (140 736 26.666672 ) (140 736 88 ) (140 1024 88 ) (140 1024 26.666672 ) 
4 216 217 (132 736 32 ) (132 736 88 ) (132 1024 88 ) (132 1024 32 ) 
4 217 719 (132 0 88 ) (0 0 88 ) (0 0 32 ) (132 0 32 ) 
4 217 220 (0 1024 88 ) (0 1024 32 ) (0 0 32 ) (0 0 88 ) 
4 217 218 (132 476 32 ) (132 0 32 ) (0 0 32 ) (0 476 32 ) 
4 218 719 (0 0 32 ) (0 0 -8 ) (132 0 -8 ) (132 0 32 ) 
4 218 221 (0 416 -8 ) (0 0 -8 ) (0 0 32 ) (0 476 32 ) 
4 219 725 (0 0 88 ) (0 0 1104 ) (-1024 0 1104 ) (-1024 0 88 ) 
4 219 371 (-1024 0 88 ) (-1024 0 136 ) (-1024 776 136 ) (-1024 776 88 ) 
4 219 370 (-1024 776 136 ) (-1024 784 136 ) (-1024 784 88 ) (-1024 776 88 ) 
4 219 366 (-1024 1016 136 ) (-1024 1024 136 ) (-1024 1024 88 ) (-1024 1016 88 ) 
4 219 368 (-1024 784 136 ) (-1024 1016 136 ) (-1024 1016 88 ) (-1024 784 88 ) 
4 219 364 (-1024 0 136 ) (-1024 0 1104 ) (-1024 1024 1104 ) (-1024 1024 136 ) 
4 219 225 (-652 0 88 ) (-1024 0 88 ) (-1024 728 88 ) (-652 728 88 ) 
4 219 223 (-1024 796 88 ) (-1024 1004 88 ) (-644 1004 88 ) (-644 796 88 ) 
4 219 222 (-1024 1004 88 ) (-1024 1024 88 ) (-644 1024 88 ) (-644 1004 88 ) 
4 219 224 (-1024 736 88 ) (-1024 796 88 ) (-644 796 88 ) (-644 736 88 ) 
4 219 220 (0 1024 88 ) (0 0 88 ) (-644 0 88 ) (-644 1024 88 ) 
4 220 726 (0 0 32 ) (0 0 88 ) (-644 0 88 ) (-644 0 32 ) 
4 220 223 (-644 796 88 ) (-644 1004 88 ) (-644 1004 32 ) (-644 796 32 ) 
4 220 222 (-644 1004 88 ) (-644 1024 88 ) (-644 1024 32 ) (-644 1004 32 ) 
4 220 224 (-644 736 88 ) (-644 796 88 ) (-644 796 32 ) (-644 736 32 ) 
4 220 221 (-644 0 32 ) (-644 476 32 ) (0 476 32 ) (0 0 32 ) 
4 221 726 (0 0 -8 ) (0 0 32 ) (-644 0 32 ) (-644 0 -8 ) 
4 222 380 (-1024 1016 -8 ) (-1024 1004 -8 ) (-1024 1004 40 ) (-1024 1016 40 ) 
4 222 379 (-1024 1024 40 ) (-1024 1024 -8 ) (-1024 1016 -8 ) (-1024 1016 40 ) 
4 222 367 (-1024 1016 88 ) (-1024 1024 88 ) (-1024 1024 40 ) (-1024 1016 40 ) 
4 222 368 (-1024 1004 88 ) (-1024 1016 88 ) (-1024 1016 40 ) (-1024 1004 40 ) 
5 222 223 (-1024 1004 -8 ) (-704 1004 -8 ) (-644 1004 32 ) (-644 1004 88 ) (-1024 1004 88 ) 
4 223 380 (-1024 1004 40 ) (-1024 1004 -8 ) (-1024 796 -8 ) (-1024 796 40 ) 
4 223 368 (-1024 796 88 ) (-1024 1004 88 ) (-1024 1004 40 ) (-1024 796 40 ) 
5 223 224 (-1024 796 -8 ) (-704 796 -8 ) (-644 796 32 ) (-644 796 88 ) (-1024 796 88 ) 
4 224 382 (-1024 776 -8 ) (-1024 736 -8 ) (-1024 736 40 ) (-1024 776 40 ) 
4 224 381 (-1024 784 -8 ) (-1024 776 -8 ) (-1024 776 40 ) (-1024 784 40 ) 
4 224 380 (-1024 796 40 ) (-1024 796 -8 ) (-1024 784 -8 ) (-1024 784 40 ) 
4 224 374 (-1024 736 88 ) (-1024 776 88 ) (-1024 776 40 ) (-1024 736 40 ) 
4 224 372 (-1024 776 88 ) (-1024 784 88 ) (-1024 784 40 ) (-1024 776 40 ) 
4 224 368 (-1024 784 88 ) (-1024 796 88 ) (-1024 796 40 ) (-1024 784 40 ) 
4 225 727 (-652 0 88 ) (-1024 0 88 ) (-1024 0 40 ) (-652 0 40 ) 
4 225 375 (-1024 616 88 ) (-1024 728 88 ) (-1024 728 40 ) (-1024 616 40 ) 
4 225 373 (-1024 0 40 ) (-1024 0 88 ) (-1024 616 88 ) (-1024 616 40 ) 
4 226 234 (-1024 6144 136 ) (-1024 6144 1104 ) (-2048 6144 1104 ) (-2048 6144 136 ) 
4 226 232 (-2048 6144 136 ) (-2048 6144 1104 ) (-2048 6336 1104 ) (-2048 6336 136 ) 
4 226 229 (-2048 6144 136 ) (-2048 6336 136 ) (-1804 6336 136 ) (-1804 6144 136 ) 
4 226 227 (-1024 6236 136 ) (-1024 6144 136 ) (-1512 6144 136 ) (-1512 6236 136 ) 
4 226 228 (-1612 6144 136 ) (-1704 6144 136 ) (-1704 6236 136 ) (-1612 6236 136 ) 
4 227 235 (-1024 6144 -8 ) (-1024 6144 136 ) (-1512 6144 136 ) (-1512 6144 -8 ) 
4 228 236 (-1612 6144 136 ) (-1704 6144 136 ) (-1704 6144 -8 ) (-1612 6144 -8 ) 
4 229 237 (-1804 6144 136 ) (-2048 6144 136 ) (-2048 6144 -8 ) (-1804 6144 -8 ) 
4 229 232 (-2048 6144 -8 ) (-2048 6144 136 ) (-2048 6336 136 ) (-2048 6336 -8 ) 
4 229 230 (-1804 6144 -8 ) (-2048 6144 -8 ) (-2048 6336 -8 ) (-1804 6336 -8 ) 
4 230 238 (-1728 6144 -8 ) (-2048 6144 -8 ) (-2048 6144 -16 ) (-1728 6144 -16 ) 
4 230 232 (-2048 6144 -16 ) (-2048 6144 -8 ) (-2048 6336 -8 ) (-2048 6336 -16 ) 
4 230 231 (-2048 6144 -16 ) (-2048 6336 -16 ) (-1804 6336 -16 ) (-1804 6144 -16 ) 
4 231 239 (-1804 6144 -16 ) (-2048 6144 -16 ) (-2048 6144 -96 ) (-1804 6144 -96 ) 
4 231 232 (-2048 6144 -96 ) (-2048 6144 -16 ) (-2048 6336 -16 ) (-2048 6336 -96 ) 
4 232 258 (-2048 6144 -96 ) (-2048 6144 1104 ) (-3072 6144 1104 ) (-3072 6144 -96 ) 
4 232 233 (-3072 6144 -96 ) (-3072 6144 1104 ) (-3072 6336 1104 ) (-3072 6336 -96 ) 
4 233 266 (-4096 6144 -96 ) (-4096 6144 1104 ) (-4096 6336 1104 ) (-4096 6336 -96 ) 
4 233 259 (-3072 6144 -96 ) (-3072 6144 1104 ) (-4096 6144 1104 ) (-4096 6144 -96 ) 
4 234 258 (-2048 6144 1104 ) (-2048 6144 136 ) (-2048 5120 136 ) (-2048 5120 1104 ) 
4 234 246 (-1512 5120 1104 ) (-2048 5120 1104 ) (-2048 5120 136 ) (-1512 5120 136 ) 
4 234 240 (-1024 5120 136 ) (-1024 5120 1104 ) (-1512 5120 1104 ) (-1512 5120 136 ) 
4 234 236 (-1612 5120 136 ) (-1704 5120 136 ) (-1704 6144 136 ) (-1612 6144 136 ) 
4 234 237 (-1804 5120 136 ) (-2048 5120 136 ) (-2048 6144 136 ) (-1804 6144 136 ) 
4 234 235 (-1024 5120 136 ) (-1512 5120 136 ) (-1512 6144 136 ) (-1024 6144 136 ) 
4 235 241 (-1024 5120 -8 ) (-1024 5120 136 ) (-1512 5120 136 ) (-1512 5120 -8 ) 
4 236 247 (-1612 5120 136 ) (-1704 5120 136 ) (-1704 5120 -8 ) (-1612 5120 -8 ) 
4 237 258 (-2048 6144 136 ) (-2048 6144 -8 ) (-2048 5120 -8 ) (-2048 5120 136 ) 
4 237 249 (-1840 5120 136 ) (-2048 5120 136 ) (-2048 5120 -8 ) (-1840 5120 -8 ) 
4 237 248 (-1804 5120 136 ) (-1840 5120 136 ) (-1840 5120 -8 ) (-1804 5120 -8 ) 
4 237 238 (-2048 5120 -8 ) (-2048 6144 -8 ) (-1804 6144 -8 ) (-1804 5120 -8 ) 
4 238 258 (-2048 6144 -8 ) (-2048 6144 -16 ) (-2048 5120 -16 ) (-2048 5120 -8 ) 
4 238 255 (-1840 5120 -8 ) (-2048 5120 -8 ) (-2048 5120 -16 ) (-1840 5120 -16 ) 
4 238 254 (-1728 5120 -8 ) (-1840 5120 -8 ) (-1840 5120 -16 ) (-1728 5120 -16 ) 
4 238 239 (-1804 5120 -16 ) (-2048 5120 -16 ) (-2048 6144 -16 ) (-1804 6144 -16 ) 
4 239 258 (-2048 6144 -16 ) (-2048 6144 -96 ) (-2048 5120 -96 ) (-2048 5120 -16 ) 
4 239 257 (-1840 5120 -16 ) (-2048 5120 -16 ) (-2048 5120 -96 ) (-1840 5120 -96 ) 
4 239 256 (-1804 5120 -96 ) (-1804 5120 -16 ) (-1840 5120 -16 ) (-1840 5120 -96 ) 
4 240 252 (-1512 4176 138 ) (-1512 4176 1104 ) (-1512 4276 1104 ) (-1512 4276 138 ) 
4 240 251 (-1512 4276 1104 ) (-1512 4392 1104 ) (-1512 4392 136 ) (-1512 4276 136 ) 
4 240 246 (-1512 4392 1104 ) (-1512 5120 1104 ) (-1512 5120 136 ) (-1512 4392 136 ) 
4 240 245 (-1512 4176 248 ) (-1512 4176 136 ) (-1328 4176 136 ) (-1328 4176 248 ) 
4 240 242 (-1024 4176 256 ) (-1024 4176 1104 ) (-1328 4176 1104 ) (-1328 4176 256 ) 
4 240 243 (-1512 4176 1104 ) (-1512 4176 248 ) (-1328 4176 248 ) (-1328 4176 1104 ) 
4 240 241 (-1512 4276 136 ) (-1512 5120 136 ) (-1024 5120 136 ) (-1024 4276 136 ) 
4 241 251 (-1512 4392 -8 ) (-1512 4276 -8 ) (-1512 4276 136 ) (-1512 4392 136 ) 
4 242 275 (-1024 4096 256 ) (-1024 4096 1104 ) (-1328 4096 1104 ) (-1328 4096 256 ) 
4 242 243 (-1328 4096 256 ) (-1328 4096 1104 ) (-1328 4176 1104 ) (-1328 4176 256 ) 
4 243 278 (-1328 4096 1104 ) (-1512 4096 1104 ) (-1512 4096 248 ) (-1328 4096 248 ) 
4 243 252 (-1512 4096 248 ) (-1512 4096 1104 ) (-1512 4176 1104 ) (-1512 4176 248 ) 
4 243 245 (-1328 4096 248 ) (-1512 4096 248 ) (-1512 4176 248 ) (-1328 4176 248 ) 
4 244 276 (-1024 4096 -8 ) (-1024 4096 248 ) (-1320 4096 248 ) (-1320 4096 -8 ) 
4 245 279 (-1512 4096 138 ) (-1512 4096 40 ) (-1328 4096 40 ) (-1328 4096 138 ) 
4 245 278 (-1328 4096 248 ) (-1512 4096 248 ) (-1512 4096 138 ) (-1328 4096 138 ) 
4 245 252 (-1512 4096 138 ) (-1512 4096 248 ) (-1512 4176 248 ) (-1512 4176 138 ) 
4 246 260 (-2048 5120 1104 ) (-2048 5120 136 ) (-2048 4392 136 ) (-2048 4392 1104 ) 
4 246 253 (-2048 4392 1104 ) (-2048 4392 136 ) (-1600 4392 136 ) (-1600 4392 1104 ) 
4 246 251 (-1600 4392 136 ) (-1512 4392 136 ) (-1512 4392 1104 ) (-1600 4392 1104 ) 
4 246 250 (-1840 4392 136 ) (-2048 4392 136 ) (-2048 4936 136 ) (-1840 4936 136 ) 
4 246 249 (-2048 4936 136 ) (-2048 5120 136 ) (-1840 5120 136 ) (-1840 4936 136 ) 
4 246 248 (-1804 4392 136 ) (-1840 4392 136 ) (-1840 5120 136 ) (-1804 5120 136 ) 
4 246 247 (-1612 4392 136 ) (-1704 4392 136 ) (-1704 5120 136 ) (-1612 5120 136 ) 
4 247 253 (-1612 4392 40 ) (-1612 4392 136 ) (-1704 4392 136 ) (-1704 4392 40 ) 
4 248 254 (-1840 5120 -8 ) (-1804 5120 -8 ) (-1804 4392 -8 ) (-1840 4392 -8 ) 
4 248 253 (-1804 4392 40 ) (-1804 4392 136 ) (-1840 4392 136 ) (-1840 4392 40 ) 
4 248 250 (-1840 4392 40 ) (-1840 4392 136 ) (-1840 4936 136 ) (-1840 4936 40 ) 
4 248 249 (-1840 5120 -8 ) (-1840 4936 -8 ) (-1840 4936 136 ) (-1840 5120 136 ) 
4 249 261 (-2048 5120 40 ) (-2048 5120 -8 ) (-2048 4936 -8 ) (-2048 4936 40 ) 
4 249 260 (-2048 5120 136 ) (-2048 5120 40 ) (-2048 4936 40 ) (-2048 4936 136 ) 
4 249 255 (-2048 4936 -8 ) (-2048 5120 -8 ) (-1840 5120 -8 ) (-1840 4936 -8 ) 
4 249 250 (-1840 4936 40 ) (-1840 4936 136 ) (-2048 4936 136 ) (-2048 4936 40 ) 
4 250 260 (-2048 4392 40 ) (-2048 4392 136 ) (-2048 4936 136 ) (-2048 4936 40 ) 
4 250 253 (-2048 4392 136 ) (-2048 4392 40 ) (-1840 4392 40 ) (-1840 4392 136 ) 
4 251 253 (-1600 4392 1104 ) (-1600 4392 40 ) (-1600 4276 40 ) (-1600 4276 1104 ) 
4 251 252 (-1600 4276 1104 ) (-1600 4276 138 ) (-1512 4276 138 ) (-1512 4276 1104 ) 
4 252 278 (-1600 4096 1104 ) (-1600 4096 138 ) (-1512 4096 138 ) (-1512 4096 1104 ) 
4 252 253 (-1600 4096 138 ) (-1600 4096 1104 ) (-1600 4276 1104 ) (-1600 4276 138 ) 
4 253 280 (-2048 4096 138 ) (-2048 4096 40 ) (-1600 4096 40 ) (-1600 4096 138 ) 
4 253 278 (-2048 4096 1104 ) (-2048 4096 138 ) (-1600 4096 138 ) (-1600 4096 1104 ) 
4 253 260 (-2048 4096 40 ) (-2048 4096 1104 ) (-2048 4392 1104 ) (-2048 4392 40 ) 
4 254 256 (-1804 4392 -16 ) (-1840 4392 -16 ) (-1840 5120 -16 ) (-1804 5120 -16 ) 
4 254 255 (-1840 5120 -16 ) (-1840 4936 -16 ) (-1840 4936 -8 ) (-1840 5120 -8 ) 
4 255 261 (-2048 4936 -8 ) (-2048 5120 -8 ) (-2048 5120 -16 ) (-2048 4936 -16 ) 
4 255 257 (-2048 4936 -16 ) (-2048 5120 -16 ) (-1840 5120 -16 ) (-1840 4936 -16 ) 
4 256 257 (-1840 5120 -96 ) (-1840 4936 -96 ) (-1840 4936 -16 ) (-1840 5120 -16 ) 
4 257 261 (-2048 4936 -16 ) (-2048 5120 -16 ) (-2048 5120 -96 ) (-2048 4936 -96 ) 
4 258 261 (-2048 5120 -96 ) (-2048 5120 40 ) (-2308 5120 40 ) (-2308 5120 -96 ) 
4 258 262 (-2308 5120 40 ) (-3072 5120 40 ) (-3072 5120 -96 ) (-2308 5120 -96 ) 
4 258 260 (-2048 5120 40 ) (-2048 5120 1104 ) (-3072 5120 1104 ) (-3072 5120 40 ) 
4 258 259 (-3072 6144 1104 ) (-3072 6144 -96 ) (-3072 5120 -96 ) (-3072 5120 1104 ) 
4 259 269 (-4096 5120 -96 ) (-4096 5120 1104 ) (-4096 6144 1104 ) (-4096 6144 -96 ) 
4 259 263 (-3072 5120 -96 ) (-3072 5120 1104 ) (-3112 5120 1104 ) (-3112 5120 -96 ) 
4 259 265 (-3112 5120 1104 ) (-4096 5120 1104 ) (-4096 5120 -96 ) (-3112 5120 -96 ) 
4 260 299 (-2048 4096 40 ) (-2048 4096 138 ) (-3072 4096 138 ) (-3072 4096 40 ) 
4 260 298 (-2048 4096 138 ) (-2048 4096 1104 ) (-3072 4096 1104 ) (-3072 4096 138 ) 
4 260 264 (-3072 4392 40 ) (-3072 4096 40 ) (-3072 4096 1104 ) (-3072 4392 1104 ) 
4 260 263 (-3072 5120 1104 ) (-3072 5120 40 ) (-3072 4392 40 ) (-3072 4392 1104 ) 
4 260 261 (-2308 5120 40 ) (-2048 5120 40 ) (-2048 4936 40 ) (-2308 4936 40 ) 
4 260 262 (-3072 4392 40 ) (-3072 5120 40 ) (-2308 5120 40 ) (-2308 4392 40 ) 
4 261 262 (-2308 5120 -96 ) (-2308 4936 -96 ) (-2308 4936 40 ) (-2308 5120 40 ) 
4 262 263 (-3072 5120 40 ) (-3072 5120 -96 ) (-3072 4392 -96 ) (-3072 4392 40 ) 
4 263 264 (-3112 4392 1104 ) (-3112 4392 40 ) (-3072 4392 40 ) (-3072 4392 1104 ) 
4 263 265 (-3112 5120 -96 ) (-3112 4392 -96 ) (-3112 4392 1104 ) (-3112 5120 1104 ) 
4 264 304 (-3072 4096 40 ) (-3072 4096 138 ) (-3112 4096 138 ) (-3112 4096 40 ) 
4 264 303 (-3072 4096 138 ) (-3072 4096 1104 ) (-3112 4096 1104 ) (-3112 4096 138 ) 
4 264 265 (-3112 4096 40 ) (-3112 4096 1104 ) (-3112 4392 1104 ) (-3112 4392 40 ) 
4 265 305 (-3112 4096 1104 ) (-4096 4096 1104 ) (-4096 4096 -96 ) (-3112 4096 -96 ) 
4 265 271 (-4096 4096 -96 ) (-4096 4096 1104 ) (-4096 5120 1104 ) (-4096 5120 -96 ) 
4 266 269 (-4096 6144 -96 ) (-4096 6144 1104 ) (-5120 6144 1104 ) (-5120 6144 -96 ) 
4 266 267 (-5120 6144 -96 ) (-5120 6144 1104 ) (-5120 6336 1104 ) (-5120 6336 -96 ) 
4 267 270 (-5120 6144 -96 ) (-5120 6144 1104 ) (-6144 6144 1104 ) (-6144 6144 -96 ) 
4 267 268 (-6144 6144 -96 ) (-6144 6144 1104 ) (-6144 6336 1104 ) (-6144 6336 -96 ) 
4 268 273 (-6144 6144 -96 ) (-6144 6144 1104 ) (-6168 6144 1104 ) (-6168 6144 -96 ) 
4 269 271 (-4096 5120 -96 ) (-4096 5120 1104 ) (-5120 5120 1104 ) (-5120 5120 -96 ) 
4 269 270 (-5120 6144 1104 ) (-5120 6144 -96 ) (-5120 5120 -96 ) (-5120 5120 1104 ) 
4 270 273 (-6144 6144 1104 ) (-6144 6144 -96 ) (-6144 5120 -96 ) (-6144 5120 1104 ) 
4 270 272 (-5120 5120 -96 ) (-5120 5120 1104 ) (-6144 5120 1104 ) (-6144 5120 -96 ) 
4 271 587 (-4096 4096 -96 ) (-4096 4096 32 ) (-5120 4096 32 ) (-5120 4096 -96 ) 
4 271 586 (-4096 4096 32 ) (-4096 4096 1104 ) (-5120 4096 1104 ) (-5120 4096 32 ) 
4 271 272 (-5120 5120 1104 ) (-5120 5120 -96 ) (-5120 4096 -96 ) (-5120 4096 1104 ) 
4 272 589 (-5120 4096 -96 ) (-5120 4096 32 ) (-6144 4096 32 ) (-6144 4096 -96 ) 
4 272 588 (-5120 4096 32 ) (-5120 4096 1104 ) (-6144 4096 1104 ) (-6144 4096 32 ) 
4 272 274 (-6144 4096 -96 ) (-6144 4096 1104 ) (-6144 5120 1104 ) (-6144 5120 -96 ) 
4 273 274 (-6144 5120 -96 ) (-6144 5120 1104 ) (-6168 5120 1104 ) (-6168 5120 -96 ) 
4 274 592 (-6144 4096 -96 ) (-6144 4096 1104 ) (-6168 4096 1104 ) (-6168 4096 -96 ) 
4 275 283 (-1024 3072 256 ) (-1024 3072 1104 ) (-1328 3072 1104 ) (-1328 3072 256 ) 
4 275 278 (-1328 3072 256 ) (-1328 3072 1104 ) (-1328 4096 1104 ) (-1328 4096 256 ) 
4 276 284 (-1024 3072 -8 ) (-1024 3072 248 ) (-1320 3072 248 ) (-1320 3072 -8 ) 
4 276 277 (-1024 3968 -8 ) (-1024 3072 -8 ) (-1216 3072 -8 ) (-1216 3968 -8 ) 
4 277 285 (-1024 3072 -16 ) (-1024 3072 -8 ) (-1216 3072 -8 ) (-1216 3072 -16 ) 
4 278 298 (-2048 4096 1104 ) (-2048 4096 138 ) (-2048 3072 138 ) (-2048 3072 1104 ) 
4 278 286 (-2048 3072 1104 ) (-2048 3072 138 ) (-1328 3072 138 ) (-1328 3072 1104 ) 
4 278 282 (-1600 3072 138 ) (-2048 3072 138 ) (-2048 3340 138 ) (-1600 3340 138 ) 
4 278 281 (-1328 3440 138 ) (-1328 3072 138 ) (-1496 3072 138 ) (-1496 3440 138 ) 
4 278 279 (-1512 4096 138 ) (-1328 4096 138 ) (-1328 3440 138 ) (-1512 3440 138 ) 
4 278 280 (-2048 4096 138 ) (-1600 4096 138 ) (-1600 3440 138 ) (-2048 3440 138 ) 
4 279 281 (-1496 3440 40 ) (-1328 3440 40 ) (-1328 3440 138 ) (-1496 3440 138 ) 
4 280 299 (-2048 4096 138 ) (-2048 4096 40 ) (-2048 3440 40 ) (-2048 3440 138 ) 
4 281 287 (-1496 3072 40 ) (-1328 3072 40 ) (-1328 3072 138 ) (-1496 3072 138 ) 
4 282 301 (-2048 3340 40 ) (-2048 3072 40 ) (-2048 3072 138 ) (-2048 3340 138 ) 
4 282 288 (-2048 3072 138 ) (-2048 3072 40 ) (-1600 3072 40 ) (-1600 3072 138 ) 
4 283 289 (-1024 2768 256 ) (-1024 2768 1104 ) (-1328 2768 1104 ) (-1328 2768 256 ) 
4 283 286 (-1328 3072 1104 ) (-1328 3072 256 ) (-1328 2768 256 ) (-1328 2768 1104 ) 
4 284 285 (-1216 3072 -8 ) (-1024 3072 -8 ) (-1024 2976 -8 ) (-1216 2976 -8 ) 
4 286 318 (-2048 3066 138 ) (-2048 2768 138 ) (-2048 2768 168 ) (-2048 3066 168 ) 
4 286 316 (-2048 3069 138 ) (-2048 3066 138 ) (-2048 3066 168 ) (-2048 3069 168 ) 
4 286 315 (-2048 3072 168 ) (-2048 3072 138 ) (-2048 3069 138 ) (-2048 3069 168 ) 
4 286 311 (-2048 3066 168 ) (-2048 2768 168 ) (-2048 2768 296 ) (-2048 3066 296 ) 
4 286 309 (-2048 3069 168 ) (-2048 3066 168 ) (-2048 3066 296 ) (-2048 3069 296 ) 
4 286 308 (-2048 3072 296 ) (-2048 3072 168 ) (-2048 3069 168 ) (-2048 3069 296 ) 
4 286 307 (-2048 3072 1104 ) (-2048 3072 296 ) (-2048 2768 296 ) (-2048 2768 1104 ) 
4 286 289 (-1328 2768 138 ) (-1328 2768 1104 ) (-2048 2768 1104 ) (-2048 2768 138 ) 
4 286 287 (-1496 3072 138 ) (-1328 3072 138 ) (-1328 2768 138 ) (-1496 2768 138 ) 
4 286 288 (-2048 3072 138 ) (-1600 3072 138 ) (-1600 2768 138 ) (-2048 2768 138 ) 
4 287 292 (-1328 2768 136 ) (-1328 2768 138 ) (-1496 2768 138 ) (-1496 2768 136 ) 
4 288 318 (-2048 3066 40 ) (-2048 2768 40 ) (-2048 2768 138 ) (-2048 3066 138 ) 
4 288 316 (-2048 3069 40 ) (-2048 3066 40 ) (-2048 3066 138 ) (-2048 3069 138 ) 
4 288 315 (-2048 3072 138 ) (-2048 3072 40 ) (-2048 3069 40 ) (-2048 3069 138 ) 
4 288 295 (-1600 2768 138 ) (-2048 2768 138 ) (-2048 2768 40 ) (-1600 2768 40 ) 
4 289 353 (-1184 2048 1104 ) (-2048 2048 1104 ) (-2048 2048 138 ) (-1184 2048 138 ) 
4 289 352 (-1024 2048 138 ) (-1024 2048 1104 ) (-1184 2048 1104 ) (-1184 2048 138 ) 
4 289 335 (-2048 2072 168 ) (-2048 2176 168 ) (-2048 2176 138 ) (-2048 2072 138 ) 
4 289 334 (-2048 2176 168 ) (-2048 2454 168 ) (-2048 2454 138 ) (-2048 2176 138 ) 
4 289 336 (-2048 2048 138 ) (-2048 2048 168 ) (-2048 2072 168 ) (-2048 2072 138 ) 
4 289 333 (-2048 2454 168 ) (-2048 2458 168 ) (-2048 2458 138 ) (-2048 2454 138 ) 
4 289 330 (-2048 2458 168 ) (-2048 2658 168 ) (-2048 2658 138 ) (-2048 2458 138 ) 
4 289 318 (-2048 2658 168 ) (-2048 2768 168 ) (-2048 2768 138 ) (-2048 2658 138 ) 
4 289 311 (-2048 2048 168 ) (-2048 2048 296 ) (-2048 2768 296 ) (-2048 2768 168 ) 
4 289 307 (-2048 2048 296 ) (-2048 2048 1104 ) (-2048 2768 1104 ) (-2048 2768 296 ) 
4 289 295 (-2048 2176 138 ) (-2048 2768 138 ) (-1600 2768 138 ) (-1600 2176 138 ) 
4 289 296 (-1600 2048 138 ) (-2048 2048 138 ) (-2048 2072 138 ) (-1600 2072 138 ) 
4 289 294 (-1496 2048 138 ) (-1600 2048 138 ) (-1600 2072 138 ) (-1496 2072 138 ) 
4 289 292 (-1496 2760 138 ) (-1496 2768 138 ) (-1144 2768 138 ) (-1144 2760 138 ) 
4 289 293 (-1144 2048 138 ) (-1496 2048 138 ) (-1496 2760 138 ) (-1144 2760 138 ) 
4 289 291 (-1136 2048 138 ) (-1144 2048 138 ) (-1144 2768 138 ) (-1136 2768 138 ) 
4 289 290 (-1024 2048 138 ) (-1136 2048 138 ) (-1136 2768 138 ) (-1024 2768 138 ) 
4 290 352 (-1024 2048 136 ) (-1024 2048 138 ) (-1136 2048 138 ) (-1136 2048 136 ) 
4 290 297 (-1136 2768 40 ) (-1024 2768 40 ) (-1024 2048 40 ) (-1136 2048 40 ) 
4 290 291 (-1136 2048 136 ) (-1136 2048 138 ) (-1136 2768 138 ) (-1136 2768 136 ) 
4 291 352 (-1136 2048 138 ) (-1144 2048 138 ) (-1144 2048 136 ) (-1136 2048 136 ) 
4 291 292 (-1144 2760 138 ) (-1144 2768 138 ) (-1144 2768 136 ) (-1144 2760 136 ) 
4 291 293 (-1144 2048 136 ) (-1144 2048 138 ) (-1144 2760 138 ) (-1144 2760 136 ) 
4 292 293 (-1496 2760 138 ) (-1496 2760 136 ) (-1144 2760 136 ) (-1144 2760 138 ) 
4 293 354 (-1496 2048 136 ) (-1496 2048 40 ) (-1144 2048 40 ) (-1144 2048 136 ) 
4 293 353 (-1184 2048 138 ) (-1496 2048 138 ) (-1496 2048 136 ) (-1184 2048 136 ) 
4 293 352 (-1144 2048 138 ) (-1184 2048 138 ) (-1184 2048 136 ) (-1144 2048 136 ) 
4 293 294 (-1496 2072 40 ) (-1496 2048 40 ) (-1496 2048 138 ) (-1496 2072 138 ) 
4 294 354 (-1600 2048 136 ) (-1600 2048 40 ) (-1496 2048 40 ) (-1496 2048 136 ) 
4 294 353 (-1496 2048 138 ) (-1600 2048 138 ) (-1600 2048 136 ) (-1496 2048 136 ) 
4 294 296 (-1600 2072 40 ) (-1600 2048 40 ) (-1600 2048 138 ) (-1600 2072 138 ) 
4 295 334 (-2048 2176 138 ) (-2048 2454 138 ) (-2048 2454 40 ) (-2048 2176 40 ) 
4 295 333 (-2048 2454 138 ) (-2048 2458 138 ) (-2048 2458 40 ) (-2048 2454 40 ) 
4 295 330 (-2048 2458 138 ) (-2048 2658 138 ) (-2048 2658 40 ) (-2048 2458 40 ) 
4 295 318 (-2048 2658 138 ) (-2048 2768 138 ) (-2048 2768 40 ) (-2048 2658 40 ) 
4 296 361 (-2048 2048 136 ) (-2048 2048 40 ) (-1864 2048 40 ) (-1864 2048 136 ) 
4 296 354 (-1864 2048 40 ) (-1600 2048 40 ) (-1600 2048 136 ) (-1864 2048 136 ) 
4 296 353 (-1600 2048 138 ) (-2048 2048 138 ) (-2048 2048 136 ) (-1600 2048 136 ) 
4 296 336 (-2048 2048 40 ) (-2048 2048 138 ) (-2048 2072 138 ) (-2048 2072 40 ) 
4 298 348 (-3008 3072 168 ) (-3072 3072 168 ) (-3072 3072 138 ) (-3008 3072 138 ) 
4 298 337 (-2380 3072 168 ) (-2578 3072 168 ) (-2578 3072 138 ) (-2380 3072 138 ) 
4 298 338 (-2578 3072 168 ) (-3008 3072 168 ) (-3008 3072 138 ) (-2578 3072 138 ) 
4 298 315 (-2048 3072 138 ) (-2048 3072 168 ) (-2380 3072 168 ) (-2380 3072 138 ) 
4 298 308 (-2048 3072 168 ) (-2048 3072 296 ) (-3072 3072 296 ) (-3072 3072 168 ) 
4 298 307 (-2048 3072 296 ) (-2048 3072 1104 ) (-3072 3072 1104 ) (-3072 3072 296 ) 
4 298 303 (-3072 4096 1104 ) (-3072 4096 138 ) (-3072 3072 138 ) (-3072 3072 1104 ) 
4 298 301 (-2048 3340 138 ) (-2048 3072 138 ) (-2256 3072 138 ) (-2256 3340 138 ) 
4 298 302 (-3008 3432 138 ) (-2256 3432 138 ) (-2256 3072 138 ) (-3008 3072 138 ) 
4 298 300 (-2448 3440 138 ) (-2256 3440 138 ) (-2256 3432 138 ) (-2448 3432 138 ) 
4 298 299 (-3072 3440 138 ) (-3072 4096 138 ) (-2048 4096 138 ) (-2048 3440 138 ) 
4 299 304 (-3072 4096 138 ) (-3072 4096 40 ) (-3072 3440 40 ) (-3072 3440 138 ) 
4 299 300 (-2448 3440 40 ) (-2256 3440 40 ) (-2256 3440 138 ) (-2448 3440 138 ) 
4 300 302 (-2448 3432 40 ) (-2256 3432 40 ) (-2256 3432 138 ) (-2448 3432 138 ) 
4 301 315 (-2048 3072 40 ) (-2048 3072 138 ) (-2256 3072 138 ) (-2256 3072 40 ) 
4 301 302 (-2256 3340 40 ) (-2256 3072 40 ) (-2256 3072 138 ) (-2256 3340 138 ) 
4 302 337 (-2380 3072 138 ) (-2578 3072 138 ) (-2578 3072 40 ) (-2380 3072 40 ) 
4 302 338 (-2578 3072 138 ) (-3008 3072 138 ) (-3008 3072 40 ) (-2578 3072 40 ) 
4 302 315 (-2256 3072 138 ) (-2380 3072 138 ) (-2380 3072 40 ) (-2256 3072 40 ) 
4 303 349 (-3072 3072 138 ) (-3072 3072 1104 ) (-3112 3072 1104 ) (-3112 3072 138 ) 
4 303 306 (-3112 3072 138 ) (-3112 3072 1104 ) (-3112 3440 1104 ) (-3112 3440 138 ) 
4 303 305 (-3112 3440 1104 ) (-3112 4096 1104 ) (-3112 4096 138 ) (-3112 3440 138 ) 
4 303 304 (-3112 3440 138 ) (-3112 4096 138 ) (-3072 4096 138 ) (-3072 3440 138 ) 
4 304 305 (-3112 3440 138 ) (-3112 4096 138 ) (-3112 4096 40 ) (-3112 3440 40 ) 
4 305 587 (-4096 4096 32 ) (-4096 4096 -96 ) (-4096 3440 -96 ) (-4096 3440 32 ) 
4 305 586 (-4096 4096 1104 ) (-4096 4096 32 ) (-4096 3440 32 ) (-4096 3440 1104 ) 
4 305 306 (-3112 3440 32 ) (-3112 3440 1104 ) (-4096 3440 1104 ) (-4096 3440 32 ) 
4 306 586 (-4096 3072 32 ) (-4096 3072 1104 ) (-4096 3440 1104 ) (-4096 3440 32 ) 
4 306 351 (-3112 3072 32 ) (-3112 3072 40 ) (-4096 3072 40 ) (-4096 3072 32 ) 
4 306 350 (-3112 3072 40 ) (-3112 3072 1104 ) (-4096 3072 1104 ) (-4096 3072 40 ) 
4 307 425 (-2616 2048 1104 ) (-3072 2048 1104 ) (-3072 2048 296 ) (-2616 2048 296 ) 
4 307 414 (-2616 2048 432 ) (-2616 2048 296 ) (-2608 2048 296 ) (-2608 2048 432 ) 
4 307 413 (-2616 2048 440 ) (-2616 2048 432 ) (-2608 2048 432 ) (-2608 2048 440 ) 
4 307 408 (-2616 2048 632 ) (-2616 2048 440 ) (-2608 2048 440 ) (-2608 2048 632 ) 
4 307 406 (-2608 2048 1104 ) (-2616 2048 1104 ) (-2616 2048 632 ) (-2608 2048 632 ) 
4 307 395 (-2608 2048 432 ) (-2608 2048 296 ) (-2572 2048 296 ) (-2572 2048 432 ) 
4 307 393 (-2572 2048 296 ) (-2564 2048 296 ) (-2564 2048 424 ) (-2572 2048 424 ) 
4 307 392 (-2564 2048 424 ) (-2564 2048 432 ) (-2572 2048 432 ) (-2572 2048 424 ) 
4 307 391 (-2608 2048 440 ) (-2608 2048 432 ) (-2564 2048 432 ) (-2564 2048 440 ) 
4 307 390 (-2608 2048 632 ) (-2608 2048 440 ) (-2572 2048 440 ) (-2572 2048 632 ) 
4 307 388 (-2572 2048 440 ) (-2564 2048 440 ) (-2564 2048 448 ) (-2572 2048 448 ) 
4 307 387 (-2564 2048 448 ) (-2564 2048 624 ) (-2572 2048 624 ) (-2572 2048 448 ) 
4 307 386 (-2564 2048 624 ) (-2564 2048 632 ) (-2572 2048 632 ) (-2572 2048 624 ) 
4 307 385 (-2608 2048 640 ) (-2608 2048 632 ) (-2564 2048 632 ) (-2564 2048 640 ) 
4 307 384 (-2564 2048 1104 ) (-2608 2048 1104 ) (-2608 2048 640 ) (-2564 2048 640 ) 
4 307 383 (-2048 2048 296 ) (-2048 2048 1104 ) (-2564 2048 1104 ) (-2564 2048 296 ) 
4 307 349 (-3072 3072 1104 ) (-3072 3072 296 ) (-3072 2048 296 ) (-3072 2048 1104 ) 
4 307 312 (-2576 2454 296 ) (-2576 3066 296 ) (-2128 3066 296 ) (-2128 2454 296 ) 
4 307 313 (-2128 2048 296 ) (-2576 2048 296 ) (-2576 2454 296 ) (-2128 2454 296 ) 
4 307 311 (-2048 3066 296 ) (-2048 2048 296 ) (-2128 2048 296 ) (-2128 3066 296 ) 
4 307 314 (-2576 2048 296 ) (-3072 2048 296 ) (-3072 3066 296 ) (-2576 3066 296 ) 
4 307 310 (-2578 3066 296 ) (-3072 3066 296 ) (-3072 3069 296 ) (-2578 3069 296 ) 
4 307 309 (-2048 3069 296 ) (-2048 3066 296 ) (-2126 3066 296 ) (-2126 3069 296 ) 
4 307 308 (-3072 3072 296 ) (-2048 3072 296 ) (-2048 3069 296 ) (-3072 3069 296 ) 
4 308 349 (-3072 3072 296 ) (-3072 3072 168 ) (-3072 3069 168 ) (-3072 3069 296 ) 
4 308 348 (-3072 3069 168 ) (-3072 3072 168 ) (-3008 3072 168 ) (-3008 3069 168 ) 
4 308 337 (-2578 3072 168 ) (-2380 3072 168 ) (-2380 3069 168 ) (-2578 3069 168 ) 
4 308 338 (-3008 3072 168 ) (-2578 3072 168 ) (-2578 3069 168 ) (-3008 3069 168 ) 
4 308 315 (-2380 3072 168 ) (-2048 3072 168 ) (-2048 3069 168 ) (-2380 3069 168 ) 
4 308 310 (-3072 3069 168 ) (-2578 3069 168 ) (-2578 3069 296 ) (-3072 3069 296 ) 
4 308 309 (-2126 3069 168 ) (-2048 3069 168 ) (-2048 3069 296 ) (-2126 3069 296 ) 
4 309 316 (-2126 3069 168 ) (-2048 3069 168 ) (-2048 3066 168 ) (-2126 3066 168 ) 
4 309 311 (-2126 3066 168 ) (-2048 3066 168 ) (-2048 3066 296 ) (-2126 3066 296 ) 
4 310 349 (-3072 3069 168 ) (-3072 3066 168 ) (-3072 3066 296 ) (-3072 3069 296 ) 
4 310 348 (-3072 3066 168 ) (-3072 3069 168 ) (-3008 3069 168 ) (-3008 3066 168 ) 
4 310 338 (-3008 3069 168 ) (-2578 3069 168 ) (-2578 3066 168 ) (-3008 3066 168 ) 
4 310 314 (-3072 3066 168 ) (-2578 3066 168 ) (-2578 3066 296 ) (-3072 3066 296 ) 
4 311 399 (-2048 2048 168 ) (-2048 2048 232 ) (-2128 2048 232 ) (-2128 2048 168 ) 
4 311 397 (-2048 2048 232 ) (-2048 2048 240 ) (-2128 2048 240 ) (-2128 2048 232 ) 
4 311 383 (-2048 2048 240 ) (-2048 2048 296 ) (-2128 2048 296 ) (-2128 2048 240 ) 
4 311 335 (-2128 2072 168 ) (-2128 2176 168 ) (-2048 2176 168 ) (-2048 2072 168 ) 
4 311 334 (-2128 2176 168 ) (-2128 2454 168 ) (-2048 2454 168 ) (-2048 2176 168 ) 
4 311 336 (-2048 2048 168 ) (-2128 2048 168 ) (-2128 2072 168 ) (-2048 2072 168 ) 
4 311 333 (-2128 2454 168 ) (-2128 2458 168 ) (-2048 2458 168 ) (-2048 2454 168 ) 
4 311 330 (-2128 2458 168 ) (-2128 2658 168 ) (-2048 2658 168 ) (-2048 2458 168 ) 
4 311 318 (-2128 2658 168 ) (-2128 3066 168 ) (-2048 3066 168 ) (-2048 2658 168 ) 
4 311 312 (-2128 3066 296 ) (-2128 3066 176 ) (-2128 2454 176 ) (-2128 2454 296 ) 
4 311 313 (-2128 2454 168 ) (-2128 2048 168 ) (-2128 2048 296 ) (-2128 2454 296 ) 
4 312 313 (-2576 2454 296 ) (-2576 2454 176 ) (-2128 2454 176 ) (-2128 2454 296 ) 
4 312 314 (-2576 3066 296 ) (-2576 3066 176 ) (-2576 2454 176 ) (-2576 2454 296 ) 
4 313 399 (-2576 2048 232 ) (-2576 2048 168 ) (-2128 2048 168 ) (-2128 2048 232 ) 
4 313 397 (-2576 2048 240 ) (-2576 2048 232 ) (-2128 2048 232 ) (-2128 2048 240 ) 
4 313 395 (-2572 2048 296 ) (-2576 2048 296 ) (-2576 2048 240 ) (-2572 2048 240 ) 
4 313 394 (-2572 2048 248 ) (-2572 2048 240 ) (-2564 2048 240 ) (-2564 2048 248 ) 
4 313 393 (-2564 2048 296 ) (-2572 2048 296 ) (-2572 2048 248 ) (-2564 2048 248 ) 
4 313 383 (-2128 2048 296 ) (-2564 2048 296 ) (-2564 2048 240 ) (-2128 2048 240 ) 
4 313 346 (-2576 2072 168 ) (-2576 2176 168 ) (-2380 2176 168 ) (-2380 2072 168 ) 
4 313 347 (-2380 2048 168 ) (-2576 2048 168 ) (-2576 2072 168 ) (-2380 2072 168 ) 
4 313 344 (-2576 2176 168 ) (-2576 2454 168 ) (-2380 2454 168 ) (-2380 2176 168 ) 
4 313 335 (-2380 2072 168 ) (-2380 2176 168 ) (-2128 2176 168 ) (-2128 2072 168 ) 
4 313 334 (-2380 2176 168 ) (-2380 2454 168 ) (-2128 2454 168 ) (-2128 2176 168 ) 
4 313 336 (-2128 2048 168 ) (-2380 2048 168 ) (-2380 2072 168 ) (-2128 2072 168 ) 
4 313 314 (-2576 2454 168 ) (-2576 2048 168 ) (-2576 2048 296 ) (-2576 2454 296 ) 
4 314 425 (-2616 2048 296 ) (-3072 2048 296 ) (-3072 2048 168 ) (-2616 2048 168 ) 
4 314 419 (-2616 2048 240 ) (-2616 2048 168 ) (-2608 2048 168 ) (-2608 2048 240 ) 
4 314 414 (-2608 2048 296 ) (-2616 2048 296 ) (-2616 2048 240 ) (-2608 2048 240 ) 
4 314 399 (-2608 2048 232 ) (-2608 2048 168 ) (-2576 2048 168 ) (-2576 2048 232 ) 
4 314 397 (-2608 2048 240 ) (-2608 2048 232 ) (-2576 2048 232 ) (-2576 2048 240 ) 
4 314 395 (-2576 2048 296 ) (-2608 2048 296 ) (-2608 2048 240 ) (-2576 2048 240 ) 
4 314 349 (-3072 3066 168 ) (-3072 2048 168 ) (-3072 2048 296 ) (-3072 3066 296 ) 
4 314 348 (-3008 2048 168 ) (-3072 2048 168 ) (-3072 3066 168 ) (-3008 3066 168 ) 
4 314 346 (-3008 2072 168 ) (-3008 2176 168 ) (-2576 2176 168 ) (-2576 2072 168 ) 
4 314 347 (-2576 2048 168 ) (-3008 2048 168 ) (-3008 2072 168 ) (-2576 2072 168 ) 
4 314 345 (-3008 2176 168 ) (-3008 2458 168 ) (-2576 2458 168 ) (-2576 2176 168 ) 
4 314 343 (-3008 2458 168 ) (-3008 3066 168 ) (-2576 3066 168 ) (-2576 2458 168 ) 
4 315 337 (-2380 3072 40 ) (-2380 3069 40 ) (-2380 3069 168 ) (-2380 3072 168 ) 
4 315 317 (-2322 3069 40 ) (-2226 3069 40 ) (-2226 3069 148 ) (-2322 3069 148 ) 
4 315 316 (-2126 3069 40 ) (-2048 3069 40 ) (-2048 3069 168 ) (-2126 3069 168 ) 
4 316 318 (-2126 3066 40 ) (-2048 3066 40 ) (-2048 3066 168 ) (-2126 3066 168 ) 
4 317 319 (-2322 3066 40 ) (-2226 3066 40 ) (-2226 3066 148 ) (-2322 3066 148 ) 
4 318 330 (-2128 2658 40 ) (-2048 2658 40 ) (-2048 2658 168 ) (-2128 2658 168 ) 
4 319 331 (-2372 2658 40 ) (-2132 2658 40 ) (-2132 2658 168 ) (-2372 2658 168 ) 
4 319 328 (-2372 2754 40 ) (-2372 2706 40 ) (-2372 2706 148 ) (-2372 2754 148 ) 
4 319 327 (-2372 2706 148 ) (-2372 2706 168 ) (-2372 2754 168 ) (-2372 2754 148 ) 
4 319 329 (-2372 2706 40 ) (-2372 2658 40 ) (-2372 2658 168 ) (-2372 2706 168 ) 
4 319 325 (-2372 2898 40 ) (-2372 2850 40 ) (-2372 2850 148 ) (-2372 2898 148 ) 
4 319 324 (-2372 2850 148 ) (-2372 2850 168 ) (-2372 2898 168 ) (-2372 2898 148 ) 
4 319 326 (-2372 2850 40 ) (-2372 2754 40 ) (-2372 2754 168 ) (-2372 2850 168 ) 
4 319 322 (-2372 3042 40 ) (-2372 2994 40 ) (-2372 2994 148 ) (-2372 3042 148 ) 
4 319 321 (-2372 2994 148 ) (-2372 2994 168 ) (-2372 3042 168 ) (-2372 3042 148 ) 
4 319 323 (-2372 2994 40 ) (-2372 2898 40 ) (-2372 2898 168 ) (-2372 2994 168 ) 
4 319 320 (-2372 3066 168 ) (-2372 3066 40 ) (-2372 3042 40 ) (-2372 3042 168 ) 
4 320 339 (-2380 3058 40 ) (-2380 3042 40 ) (-2380 3042 168 ) (-2380 3058 168 ) 
4 320 322 (-2380 3042 148 ) (-2380 3042 40 ) (-2372 3042 40 ) (-2372 3042 148 ) 
4 320 321 (-2380 3042 168 ) (-2380 3042 148 ) (-2372 3042 148 ) (-2372 3042 168 ) 
4 321 339 (-2380 2994 148 ) (-2380 2994 168 ) (-2380 3042 168 ) (-2380 3042 148 ) 
4 321 323 (-2380 2994 168 ) (-2380 2994 148 ) (-2372 2994 148 ) (-2372 2994 168 ) 
4 321 322 (-2372 2994 148 ) (-2380 2994 148 ) (-2380 3042 148 ) (-2372 3042 148 ) 
4 322 339 (-2380 3042 40 ) (-2380 2994 40 ) (-2380 2994 148 ) (-2380 3042 148 ) 
4 322 323 (-2380 2994 148 ) (-2380 2994 40 ) (-2372 2994 40 ) (-2372 2994 148 ) 
4 323 339 (-2380 2994 40 ) (-2380 2930 40 ) (-2380 2930 168 ) (-2380 2994 168 ) 
4 323 340 (-2380 2922 40 ) (-2380 2898 40 ) (-2380 2898 168 ) (-2380 2922 168 ) 
4 323 325 (-2380 2898 148 ) (-2380 2898 40 ) (-2372 2898 40 ) (-2372 2898 148 ) 
4 323 324 (-2380 2898 168 ) (-2380 2898 148 ) (-2372 2898 148 ) (-2372 2898 168 ) 
4 324 340 (-2380 2850 148 ) (-2380 2850 168 ) (-2380 2898 168 ) (-2380 2898 148 ) 
4 324 326 (-2380 2850 168 ) (-2380 2850 148 ) (-2372 2850 148 ) (-2372 2850 168 ) 
4 324 325 (-2372 2850 148 ) (-2380 2850 148 ) (-2380 2898 148 ) (-2372 2898 148 ) 
4 325 340 (-2380 2898 40 ) (-2380 2850 40 ) (-2380 2850 148 ) (-2380 2898 148 ) 
4 325 326 (-2380 2850 148 ) (-2380 2850 40 ) (-2372 2850 40 ) (-2372 2850 148 ) 
4 326 341 (-2380 2786 40 ) (-2380 2754 40 ) (-2380 2754 168 ) (-2380 2786 168 ) 
4 326 340 (-2380 2850 40 ) (-2380 2794 40 ) (-2380 2794 168 ) (-2380 2850 168 ) 
4 326 328 (-2380 2754 148 ) (-2380 2754 40 ) (-2372 2754 40 ) (-2372 2754 148 ) 
4 326 327 (-2380 2754 168 ) (-2380 2754 148 ) (-2372 2754 148 ) (-2372 2754 168 ) 
4 327 341 (-2380 2706 148 ) (-2380 2706 168 ) (-2380 2754 168 ) (-2380 2754 148 ) 
4 327 329 (-2380 2706 168 ) (-2380 2706 148 ) (-2372 2706 148 ) (-2372 2706 168 ) 
4 327 328 (-2372 2706 148 ) (-2380 2706 148 ) (-2380 2754 148 ) (-2372 2754 148 ) 
4 328 341 (-2380 2754 40 ) (-2380 2706 40 ) (-2380 2706 148 ) (-2380 2754 148 ) 
4 328 329 (-2380 2706 148 ) (-2380 2706 40 ) (-2372 2706 40 ) (-2372 2706 148 ) 
4 329 341 (-2380 2706 40 ) (-2380 2658 40 ) (-2380 2658 168 ) (-2380 2706 168 ) 
4 330 333 (-2128 2458 40 ) (-2048 2458 40 ) (-2048 2458 168 ) (-2128 2458 168 ) 
4 331 332 (-2372 2626 40 ) (-2372 2578 40 ) (-2372 2578 148 ) (-2372 2626 148 ) 
4 332 342 (-2380 2626 40 ) (-2380 2578 40 ) (-2380 2578 148 ) (-2380 2626 148 ) 
4 333 334 (-2128 2454 40 ) (-2048 2454 40 ) (-2048 2454 168 ) (-2128 2454 168 ) 
4 334 344 (-2380 2454 40 ) (-2380 2176 40 ) (-2380 2176 168 ) (-2380 2454 168 ) 
4 334 335 (-2380 2176 168 ) (-2380 2176 138 ) (-2048 2176 138 ) (-2048 2176 168 ) 
4 335 346 (-2380 2072 138 ) (-2380 2072 168 ) (-2380 2176 168 ) (-2380 2176 138 ) 
4 335 336 (-2380 2072 168 ) (-2380 2072 138 ) (-2048 2072 138 ) (-2048 2072 168 ) 
4 336 399 (-2048 2048 40 ) (-2048 2048 168 ) (-2380 2048 168 ) (-2380 2048 40 ) 
4 336 347 (-2380 2072 40 ) (-2380 2048 40 ) (-2380 2048 168 ) (-2380 2072 168 ) 
4 337 338 (-2578 3072 40 ) (-2578 3069 40 ) (-2578 3069 168 ) (-2578 3072 168 ) 
4 338 348 (-3008 3066 138 ) (-3008 3066 168 ) (-3008 3072 168 ) (-3008 3072 138 ) 
4 338 343 (-3008 3066 168 ) (-3008 3066 40 ) (-2578 3066 40 ) (-2578 3066 168 ) 
4 343 348 (-3008 2458 138 ) (-3008 2458 168 ) (-3008 3066 168 ) (-3008 3066 138 ) 
4 343 345 (-3008 2458 168 ) (-3008 2458 40 ) (-2576 2458 40 ) (-2576 2458 168 ) 
4 344 346 (-2380 2176 138 ) (-2380 2176 168 ) (-2576 2176 168 ) (-2576 2176 138 ) 
4 344 345 (-2576 2454 40 ) (-2576 2176 40 ) (-2576 2176 168 ) (-2576 2454 168 ) 
4 345 348 (-3008 2176 138 ) (-3008 2176 168 ) (-3008 2458 168 ) (-3008 2458 138 ) 
4 345 346 (-3008 2176 168 ) (-3008 2176 138 ) (-2576 2176 138 ) (-2576 2176 168 ) 
4 346 348 (-3008 2072 138 ) (-3008 2072 168 ) (-3008 2176 168 ) (-3008 2176 138 ) 
4 346 347 (-3008 2072 168 ) (-3008 2072 138 ) (-2380 2072 138 ) (-2380 2072 168 ) 
4 347 426 (-3008 2048 138 ) (-3008 2048 40 ) (-2616 2048 40 ) (-2616 2048 138 ) 
4 347 425 (-2616 2048 168 ) (-3008 2048 168 ) (-3008 2048 138 ) (-2616 2048 138 ) 
4 347 419 (-2608 2048 168 ) (-2616 2048 168 ) (-2616 2048 40 ) (-2608 2048 40 ) 
4 347 399 (-2380 2048 168 ) (-2608 2048 168 ) (-2608 2048 40 ) (-2380 2048 40 ) 
4 347 348 (-3008 2048 138 ) (-3008 2048 168 ) (-3008 2072 168 ) (-3008 2072 138 ) 
4 348 425 (-3008 2048 168 ) (-3072 2048 168 ) (-3072 2048 138 ) (-3008 2048 138 ) 
4 348 349 (-3072 3072 168 ) (-3072 3072 138 ) (-3072 2048 138 ) (-3072 2048 168 ) 
4 349 465 (-3072 2048 138 ) (-3072 2048 232 ) (-3112 2048 232 ) (-3112 2048 138 ) 
4 349 459 (-3072 2048 232 ) (-3072 2048 240 ) (-3112 2048 240 ) (-3112 2048 232 ) 
4 349 448 (-3072 2048 240 ) (-3072 2048 432 ) (-3112 2048 432 ) (-3112 2048 240 ) 
4 349 443 (-3072 2048 432 ) (-3072 2048 440 ) (-3112 2048 440 ) (-3112 2048 432 ) 
4 349 439 (-3072 2048 440 ) (-3072 2048 632 ) (-3112 2048 632 ) (-3112 2048 440 ) 
4 349 438 (-3072 2048 632 ) (-3072 2048 640 ) (-3112 2048 640 ) (-3112 2048 632 ) 
4 349 437 (-3072 2048 640 ) (-3072 2048 1104 ) (-3112 2048 1104 ) (-3112 2048 640 ) 
4 349 350 (-3112 2048 138 ) (-3112 2048 1104 ) (-3112 3072 1104 ) (-3112 3072 138 ) 
4 350 590 (-4096 2048 40 ) (-4096 2048 1104 ) (-4096 3072 1104 ) (-4096 3072 40 ) 
4 350 466 (-4096 2048 232 ) (-4096 2048 40 ) (-3112 2048 40 ) (-3112 2048 232 ) 
4 350 462 (-3712 2048 232 ) (-3600 2048 232 ) (-3600 2048 240 ) (-3712 2048 240 ) 
4 350 464 (-4096 2048 240 ) (-4096 2048 232 ) (-3712 2048 232 ) (-3712 2048 240 ) 
4 350 460 (-3600 2048 232 ) (-3112 2048 232 ) (-3112 2048 240 ) (-3600 2048 240 ) 
4 350 448 (-4096 2048 432 ) (-4096 2048 240 ) (-3112 2048 240 ) (-3112 2048 432 ) 
4 350 445 (-3712 2048 432 ) (-3600 2048 432 ) (-3600 2048 440 ) (-3712 2048 440 ) 
4 350 447 (-4096 2048 440 ) (-4096 2048 432 ) (-3712 2048 432 ) (-3712 2048 440 ) 
4 350 444 (-3600 2048 1104 ) (-4096 2048 1104 ) (-4096 2048 440 ) (-3600 2048 440 ) 
4 350 443 (-3600 2048 440 ) (-3600 2048 432 ) (-3112 2048 432 ) (-3112 2048 440 ) 
4 350 441 (-3600 2048 632 ) (-3600 2048 440 ) (-3592 2048 440 ) (-3592 2048 632 ) 
4 350 439 (-3592 2048 440 ) (-3112 2048 440 ) (-3112 2048 632 ) (-3592 2048 632 ) 
4 350 438 (-3600 2048 640 ) (-3600 2048 632 ) (-3112 2048 632 ) (-3112 2048 640 ) 
4 350 437 (-3112 2048 1104 ) (-3600 2048 1104 ) (-3600 2048 640 ) (-3112 2048 640 ) 
4 350 351 (-3112 2048 40 ) (-4096 2048 40 ) (-4096 3072 40 ) (-3112 3072 40 ) 
4 351 590 (-4096 2048 32 ) (-4096 2048 40 ) (-4096 3072 40 ) (-4096 3072 32 ) 
4 351 481 (-3600 2048 40 ) (-3712 2048 40 ) (-3712 2048 32 ) (-3600 2048 32 ) 
4 351 480 (-3112 2048 32 ) (-3112 2048 40 ) (-3600 2048 40 ) (-3600 2048 32 ) 
4 351 483 (-3712 2048 40 ) (-4096 2048 40 ) (-4096 2048 32 ) (-3712 2048 32 ) 
4 352 364 (-1024 1024 136 ) (-1024 1024 1104 ) (-1184 1024 1104 ) (-1184 1024 136 ) 
4 352 358 (-1024 1184 136 ) (-1024 1024 136 ) (-1184 1024 136 ) (-1184 1077.333374 136 ) 
3 352 357 (-1184 1996.682983 136 ) (-1184 2040 136 ) (-1150.235718 2040 136 ) 
5 352 356 (-1024 2040 136 ) (-1024 1184 136 ) (-1184 1077.333374 136 ) (-1184 1988.615723 136 ) (-1144 2040 136 ) 
4 352 354 (-1184 2048 136 ) (-1144 2048 136 ) (-1150.235840 2040 136 ) (-1184 2040 136 ) 
4 352 353 (-1184 2048 136 ) (-1184 1024 136 ) (-1184 1024 1104 ) (-1184 2048 1104 ) 
4 353 403 (-2048 1096 136 ) (-2048 1024 136 ) (-2048 1024 232 ) (-2048 1096 232 ) 
4 353 402 (-2048 1104 136 ) (-2048 1096 136 ) (-2048 1096 232 ) (-2048 1104 232 ) 
4 353 400 (-2048 1760 136 ) (-2048 1656 136 ) (-2048 1656 232 ) (-2048 1760 232 ) 
4 353 399 (-2048 2048 232 ) (-2048 2048 136 ) (-2048 1760 136 ) (-2048 1760 232 ) 
4 353 401 (-2048 1656 136 ) (-2048 1104 136 ) (-2048 1104 232 ) (-2048 1656 232 ) 
4 353 398 (-2048 1104 232 ) (-2048 1024 232 ) (-2048 1024 240 ) (-2048 1104 240 ) 
4 353 397 (-2048 2048 240 ) (-2048 2048 232 ) (-2048 1104 232 ) (-2048 1104 240 ) 
4 353 383 (-2048 2048 1104 ) (-2048 2048 240 ) (-2048 1024 240 ) (-2048 1024 1104 ) 
4 353 364 (-2048 1024 1104 ) (-2048 1024 136 ) (-1184 1024 136 ) (-1184 1024 1104 ) 
4 353 361 (-2048 1760 136 ) (-2048 2048 136 ) (-1864 2048 136 ) (-1864 1760 136 ) 
4 353 362 (-2048 1024 136 ) (-2048 1656 136 ) (-1864 1656 136 ) (-1864 1024 136 ) 
3 353 358 (-1184 1077.333496 136 ) (-1184 1024 136 ) (-1264 1024 136 ) 
5 353 357 (-1184 2040 136 ) (-1184 1996.682983 136 ) (-1666.845703 1377.229858 136 ) (-1864 1664 136 ) (-1864 2040 136 ) 
5 353 356 (-1184 1988.615723 136 ) (-1184 1077.333496 136 ) (-1264 1024 136 ) (-1424 1024 136 ) (-1663.601929 1372.511597 136 ) 
3 353 355 (-1429.499878 1024 136 ) (-1864 1024 136 ) (-1864 1656 136 ) 
4 353 354 (-1864 2048 136 ) (-1184 2048 136 ) (-1184 2040 136 ) (-1864 2040 136 ) 
4 354 361 (-1864 2048 40 ) (-1864 2040 40 ) (-1864 2040 136 ) (-1864 2048 136 ) 
4 354 357 (-1864 2040 136 ) (-1864 2040 40 ) (-1150.235840 2040 40 ) (-1150.235718 2040 136 ) 
4 355 365 (-1429.500000 1024 136 ) (-1864 1024 136 ) (-1864 1024 40 ) (-1429.500000 1024 40 ) 
4 355 362 (-1864 1656 40 ) (-1864 1024 40 ) (-1864 1024 136 ) (-1864 1656 136 ) 
3 356 366 (-1264 1024 136 ) (-1424 1024 136 ) (-1264 1024 88 ) 
4 356 359 (-1192.002930 1072 40 ) (-1024 1184.001953 40 ) (-1024 1184.001587 88 ) (-1192.002441 1072 88 ) 
4 356 358 (-1024 1184.001587 88 ) (-1024 1184.001221 136 ) (-1264.002197 1024 136 ) (-1264.002563 1024 88 ) 
4 357 361 (-1864 2040 40 ) (-1864 1760 40 ) (-1864 1760 136 ) (-1864 2040 136 ) 
4 358 366 (-1024 1024 88 ) (-1024 1024 136 ) (-1264 1024 136 ) (-1264 1024 88 ) 
4 358 360 (-1024 1024 88 ) (-1252 1024 88 ) (-1192 1064 88 ) (-1024 1064 88 ) 
3 358 359 (-1192 1072 88 ) (-1024 1184 88 ) (-1024 1072 88 ) 
4 360 367 (-1024 1024 40 ) (-1024 1024 88 ) (-1252 1024 88 ) (-1252 1024 40 ) 
4 360 363 (-1024 1024 40 ) (-1252 1024 40 ) (-1192 1064 40 ) (-1024 1064 40 ) 
4 361 399 (-2048 2048 136 ) (-2048 2048 40 ) (-2048 1760 40 ) (-2048 1760 136 ) 
4 362 403 (-2048 1096 40 ) (-2048 1024 40 ) (-2048 1024 136 ) (-2048 1096 136 ) 
4 362 402 (-2048 1104 40 ) (-2048 1096 40 ) (-2048 1096 136 ) (-2048 1104 136 ) 
4 362 401 (-2048 1656 40 ) (-2048 1104 40 ) (-2048 1104 136 ) (-2048 1656 136 ) 
4 362 376 (-1872 1024 136 ) (-2008 1024 136 ) (-2008 1024 40 ) (-1872 1024 40 ) 
4 362 377 (-2008 1024 136 ) (-2048 1024 136 ) (-2048 1024 40 ) (-2008 1024 40 ) 
4 362 365 (-1864 1024 136 ) (-1872 1024 136 ) (-1872 1024 40 ) (-1864 1024 40 ) 
4 363 379 (-1024 1024 -8 ) (-1024 1024 40 ) (-1252 1024 40 ) (-1252 1024 -8 ) 
4 364 1700 (-1848 0 1104 ) (-2048 0 1104 ) (-2048 0 136 ) (-1848 0 136 ) 
4 364 1696 (-1184 0 1104 ) (-1848 0 1104 ) (-1848 0 136 ) (-1184 0 136 ) 
4 364 1695 (-1024 0 136 ) (-1024 0 1104 ) (-1184 0 1104 ) (-1184 0 136 ) 
4 364 504 (-2048 0 136 ) (-2048 0 232 ) (-2048 1024 232 ) (-2048 1024 136 ) 
4 364 484 (-2048 0 232 ) (-2048 0 1104 ) (-2048 1024 1104 ) (-2048 1024 232 ) 
4 364 378 (-1880 0 136 ) (-2048 0 136 ) (-2048 312 136 ) (-1880 312 136 ) 
4 364 376 (-2008 1024 136 ) (-1872 1024 136 ) (-1872 320 136 ) (-2008 320 136 ) 
4 364 377 (-2048 312 136 ) (-2048 1024 136 ) (-2008 1024 136 ) (-2008 312 136 ) 
5 364 371 (-1024 0 136 ) (-1872 0 136 ) (-1872 312 136 ) (-1432 776 136 ) (-1024 776 136 ) 
4 364 370 (-1432 784 136 ) (-1024 784 136 ) (-1024 776 136 ) (-1432 776 136 ) 
3 364 369 (-1872 320 136 ) (-1872 784 136 ) (-1432 784 136 ) 
4 364 366 (-1424 1024 136 ) (-1024 1024 136 ) (-1024 1016 136 ) (-1424 1016 136 ) 
4 364 368 (-1024 1016 136 ) (-1024 784 136 ) (-1264.500000 784 136 ) (-1424 1016 136 ) 
4 364 365 (-1872 784 136 ) (-1872 1024 136 ) (-1429.500000 1024 136 ) (-1264.500000 784 136 ) 
3 365 380 (-1264.500000 784 40 ) (-1424 784 40 ) (-1424 1016 40 ) 
4 365 376 (-1872 1024 40 ) (-1872 784 40 ) (-1872 784 136 ) (-1872 1024 136 ) 
3 365 370 (-1264.500000 784 88.142891 ) (-1264.500000 784 136 ) (-1432 784 136 ) 
4 365 369 (-1872 784 136 ) (-1872 784 40 ) (-1432 784 40 ) (-1432 784 136 ) 
4 365 368 (-1264.500000 784 136 ) (-1264.500000 784 40 ) (-1424 1016 40 ) (-1424 1016 136 ) 
4 366 367 (-1024 1016 88 ) (-1264 1016 88 ) (-1252 1024 88 ) (-1024 1024 88 ) 
4 366 368 (-1424.001953 1016 136 ) (-1264 1016 88 ) (-1024 1016 88 ) (-1024 1016 136 ) 
4 367 379 (-1024 1024 40 ) (-1024 1016 40 ) (-1264 1016 40 ) (-1252 1024 40 ) 
4 367 368 (-1264 1016 40 ) (-1024 1016 40 ) (-1024 1016 88 ) (-1264 1016 88 ) 
4 368 380 (-1024 1016 40 ) (-1024 784 40 ) (-1264.500000 784 40 ) (-1424 1016 40 ) 
4 368 372 (-1264 784 40 ) (-1024 784 40 ) (-1024 784 88 ) (-1264 784 88 ) 
4 368 370 (-1024 784 88 ) (-1024 784 136 ) (-1264.500000 784 136 ) (-1264.500000 784 88 ) 
4 369 376 (-1872 784 40 ) (-1872 320 40 ) (-1872 320 136 ) (-1872 784 136 ) 
4 370 372 (-1264 784 88 ) (-1024 784 88 ) (-1024 776 88 ) (-1252 776 88 ) 
4 370 371 (-1264 776 88 ) (-1024 776 88 ) (-1024 776 136 ) (-1432 776 136 ) 
4 371 1701 (-1848 0 136 ) (-1872 0 136 ) (-1872 0 88 ) (-1848 0 88 ) 
4 371 1696 (-1184 0 136 ) (-1848 0 136 ) (-1848 0 88 ) (-1184 0 88 ) 
4 371 1695 (-1024 0 88 ) (-1024 0 136 ) (-1184 0 136 ) (-1184 0 88 ) 
4 371 374 (-1252 776 88 ) (-1024 776 88 ) (-1024 736 88 ) (-1192 736 88 ) 
3 371 375 (-1024 728 88 ) (-1024 616 88 ) (-1192 728 88 ) 
6 371 373 (-1024 0 88 ) (-1872 0 88 ) (-1872 312 88 ) (-1432 776 88 ) (-1264 776 88 ) (-1024 616 88 ) 
4 372 381 (-1024 784 40 ) (-1024 776 40 ) (-1252 776 40 ) (-1264 784 40 ) 
4 372 374 (-1024 776 88 ) (-1252 776 88 ) (-1252 776 40 ) (-1024 776 40 ) 
4 373 1701 (-1848 0 88 ) (-1872 0 88 ) (-1872 0 40 ) (-1848 0 40 ) 
4 373 1697 (-1024 0 40 ) (-1024 0 88 ) (-1848 0 88 ) (-1848 0 40 ) 
4 373 375 (-1024 616.002625 40 ) (-1191.996094 728 40 ) (-1191.996094 728 88 ) (-1024 616.002563 88 ) 
4 374 382 (-1024 776 40 ) (-1024 736 40 ) (-1192 736 40 ) (-1252 776 40 ) 
4 376 377 (-2008 1024 40 ) (-2008 320 40 ) (-2008 320 136 ) (-2008 1024 136 ) 
4 377 504 (-2048 312 136 ) (-2048 1024 136 ) (-2048 1024 40 ) (-2048 312 40 ) 
4 377 378 (-2048 312 40 ) (-2008 312 40 ) (-2008 312 136 ) (-2048 312 136 ) 
4 378 1702 (-1880 0 136 ) (-2048 0 136 ) (-2048 0 40 ) (-1880 0 40 ) 
4 378 504 (-2048 0 40 ) (-2048 0 136 ) (-2048 312 136 ) (-2048 312 40 ) 
4 379 380 (-1264 1016 -8 ) (-1024 1016 -8 ) (-1024 1016 40 ) (-1264 1016 40 ) 
4 380 381 (-1264 784 -8 ) (-1024 784 -8 ) (-1024 784 40 ) (-1264 784 40 ) 
4 381 382 (-1252 776 -8 ) (-1024 776 -8 ) (-1024 776 40 ) (-1252 776 40 ) 
4 383 486 (-2352 1024 1104 ) (-2564 1024 1104 ) (-2564 1024 240 ) (-2352 1024 240 ) 
4 383 485 (-2208 1024 1104 ) (-2352 1024 1104 ) (-2352 1024 240 ) (-2208 1024 240 ) 
4 383 484 (-2048 1024 240 ) (-2048 1024 1104 ) (-2208 1024 1104 ) (-2208 1024 240 ) 
4 383 398 (-2048 1104 240 ) (-2048 1024 240 ) (-2352 1024 240 ) (-2352 1104 240 ) 
4 383 397 (-2564 2048 240 ) (-2048 2048 240 ) (-2048 1104 240 ) (-2564 1104 240 ) 
4 383 394 (-2564 2048 240 ) (-2564 1032 240 ) (-2564 1032 248 ) (-2564 2048 248 ) 
4 383 393 (-2564 1032 424 ) (-2564 2048 424 ) (-2564 2048 248 ) (-2564 1032 248 ) 
4 383 392 (-2564 1032 432 ) (-2564 2048 432 ) (-2564 2048 424 ) (-2564 1032 424 ) 
4 383 391 (-2564 1032 440 ) (-2564 2048 440 ) (-2564 2048 432 ) (-2564 1032 432 ) 
4 383 388 (-2564 1032 448 ) (-2564 2048 448 ) (-2564 2048 440 ) (-2564 1032 440 ) 
4 383 387 (-2564 1032 624 ) (-2564 2048 624 ) (-2564 2048 448 ) (-2564 1032 448 ) 
4 383 386 (-2564 1032 632 ) (-2564 2048 632 ) (-2564 2048 624 ) (-2564 1032 624 ) 
4 383 385 (-2564 1032 640 ) (-2564 2048 640 ) (-2564 2048 632 ) (-2564 1032 632 ) 
4 383 384 (-2564 1024 640 ) (-2564 1024 1104 ) (-2564 2048 1104 ) (-2564 2048 640 ) 
4 384 488 (-2608 1024 1104 ) (-2608 1024 640 ) (-2564 1024 640 ) (-2564 1024 1104 ) 
4 384 407 (-2608 1024 640 ) (-2608 1024 1104 ) (-2608 1520 1104 ) (-2608 1520 640 ) 
4 384 406 (-2608 1520 1104 ) (-2608 2048 1104 ) (-2608 2048 640 ) (-2608 1520 640 ) 
4 384 385 (-2608 1096 640 ) (-2608 2048 640 ) (-2564 2048 640 ) (-2564 1032 640 ) 
4 385 406 (-2608 1520 640 ) (-2608 2048 640 ) (-2608 2048 632 ) (-2608 1520 632 ) 
4 385 390 (-2608 1096 632 ) (-2608 2048 632 ) (-2572 2048 632 ) (-2572 1043.636597 632 ) 
4 385 386 (-2572 2048 632 ) (-2564 2048 632 ) (-2564 1032 632 ) (-2572 1043.636597 632 ) 
4 386 390 (-2572 1043.636963 632 ) (-2572 2048 632 ) (-2572 2048 624 ) (-2572 1043.636963 624 ) 
4 386 387 (-2572 1043.636963 624 ) (-2572 2048 624 ) (-2564 2048 624 ) (-2564 1032 624 ) 
4 387 390 (-2572 1043.636963 624 ) (-2572 2048 624 ) (-2572 2048 448 ) (-2572 1043.636963 448 ) 
4 387 388 (-2572 1043.636963 448 ) (-2572 2048 448 ) (-2564 2048 448 ) (-2564 1032 448 ) 
4 388 391 (-2572 2048 440 ) (-2564 2048 440 ) (-2564 1032 440 ) (-2572 1043.636963 440 ) 
4 388 390 (-2572 2048 440 ) (-2572 1043.636963 440 ) (-2572 1043.636963 448 ) (-2572 2048 448 ) 
4 389 495 (-2608 1024 632 ) (-2608 1024 440 ) (-2572 1024 440 ) (-2572 1024 632 ) 
4 389 412 (-2608 1024 440 ) (-2608 1024 632 ) (-2608 1084.363281 632 ) (-2608 1084.363281 440 ) 
4 390 411 (-2608 1211 536 ) (-2608 1211 480 ) (-2608 1172 480 ) (-2608 1172 536 ) 
4 390 410 (-2608 1327 536 ) (-2608 1327 480 ) (-2608 1288 480 ) (-2608 1288 536 ) 
4 390 409 (-2608 1443 536 ) (-2608 1443 480 ) (-2608 1404 480 ) (-2608 1404 536 ) 
4 390 408 (-2608 1520 632 ) (-2608 2048 632 ) (-2608 2048 440 ) (-2608 1520 440 ) 
4 390 391 (-2608 1096 440 ) (-2608 2048 440 ) (-2572 2048 440 ) (-2572 1043.636963 440 ) 
4 391 413 (-2608 1520 440 ) (-2608 2048 440 ) (-2608 2048 432 ) (-2608 1520 432 ) 
4 391 395 (-2608 1096 432 ) (-2608 2048 432 ) (-2572 2048 432 ) (-2572 1043.636597 432 ) 
4 391 392 (-2572 2048 432 ) (-2564 2048 432 ) (-2564 1032 432 ) (-2572 1043.636597 432 ) 
4 392 395 (-2572 1043.636963 432 ) (-2572 2048 432 ) (-2572 2048 424 ) (-2572 1043.636963 424 ) 
4 392 393 (-2572 1043.636963 424 ) (-2572 2048 424 ) (-2564 2048 424 ) (-2564 1032 424 ) 
4 393 395 (-2572 1043.636963 424 ) (-2572 2048 424 ) (-2572 2048 248 ) (-2572 1043.636963 248 ) 
4 393 394 (-2572 1043.636963 248 ) (-2572 2048 248 ) (-2564 2048 248 ) (-2564 1032 248 ) 
4 394 397 (-2572 2048 240 ) (-2564 2048 240 ) (-2564 1104 240 ) (-2572 1104 240 ) 
4 394 395 (-2572 2048 240 ) (-2572 1043.636963 240 ) (-2572 1043.636963 248 ) (-2572 2048 248 ) 
4 395 417 (-2608 1211 336 ) (-2608 1211 280 ) (-2608 1172 280 ) (-2608 1172 336 ) 
4 395 416 (-2608 1327 336 ) (-2608 1327 280 ) (-2608 1288 280 ) (-2608 1288 336 ) 
4 395 415 (-2608 1443 336 ) (-2608 1443 280 ) (-2608 1404 280 ) (-2608 1404 336 ) 
4 395 414 (-2608 1520 432 ) (-2608 2048 432 ) (-2608 2048 240 ) (-2608 1520 240 ) 
4 395 397 (-2608 1104 240 ) (-2608 2048 240 ) (-2572 2048 240 ) (-2572 1104 240 ) 
4 396 502 (-2608 1024 432 ) (-2608 1024 240 ) (-2572 1024 240 ) (-2572 1024 432 ) 
4 396 418 (-2608 1024 240 ) (-2608 1024 432 ) (-2608 1084.363037 432 ) (-2608 1084.363037 240 ) 
4 397 420 (-2608 1656 240 ) (-2608 1760 240 ) (-2608 1760 232 ) (-2608 1656 232 ) 
4 397 419 (-2608 1760 240 ) (-2608 2048 240 ) (-2608 2048 232 ) (-2608 1760 232 ) 
4 397 421 (-2608 1520 240 ) (-2608 1656 240 ) (-2608 1656 232 ) (-2608 1520 232 ) 
4 397 400 (-2608 1656 232 ) (-2608 1760 232 ) (-2048 1760 232 ) (-2048 1656 232 ) 
4 397 399 (-2608 1760 232 ) (-2608 2048 232 ) (-2048 2048 232 ) (-2048 1760 232 ) 
4 397 401 (-2608 1104 232 ) (-2608 1656 232 ) (-2048 1656 232 ) (-2048 1104 232 ) 
4 397 398 (-2352 1104 232 ) (-2048 1104 232 ) (-2048 1104 240 ) (-2352 1104 240 ) 
4 398 485 (-2208 1024 240 ) (-2352 1024 240 ) (-2352 1024 232 ) (-2208 1024 232 ) 
4 398 484 (-2048 1024 232 ) (-2048 1024 240 ) (-2208 1024 240 ) (-2208 1024 232 ) 
4 398 403 (-2048 1096 232 ) (-2048 1024 232 ) (-2352 1024 232 ) (-2352 1096 232 ) 
4 398 402 (-2352 1104 232 ) (-2048 1104 232 ) (-2048 1096 232 ) (-2352 1096 232 ) 
4 399 419 (-2608 1760 232 ) (-2608 2048 232 ) (-2608 2048 40 ) (-2608 1760 40 ) 
4 399 400 (-2048 1760 136 ) (-2048 1760 232 ) (-2608 1760 232 ) (-2608 1760 136 ) 
4 400 420 (-2608 1656 232 ) (-2608 1760 232 ) (-2608 1760 136 ) (-2608 1656 136 ) 
4 400 401 (-2048 1656 136 ) (-2048 1656 232 ) (-2608 1656 232 ) (-2608 1656 136 ) 
4 401 424 (-2608 1211 136 ) (-2608 1211 80 ) (-2608 1172 80 ) (-2608 1172 136 ) 
4 401 423 (-2608 1327 136 ) (-2608 1327 80 ) (-2608 1288 80 ) (-2608 1288 136 ) 
4 401 422 (-2608 1443 136 ) (-2608 1443 80 ) (-2608 1404 80 ) (-2608 1404 136 ) 
4 401 421 (-2608 1520 232 ) (-2608 1656 232 ) (-2608 1656 40 ) (-2608 1520 40 ) 
4 401 402 (-2352 1104 40 ) (-2048 1104 40 ) (-2048 1104 232 ) (-2352 1104 232 ) 
4 402 403 (-2352 1096 40 ) (-2048 1096 40 ) (-2048 1096 232 ) (-2352 1096 232 ) 
4 403 505 (-2148 1024 232 ) (-2352 1024 232 ) (-2352 1024 40 ) (-2148 1024 40 ) 
4 403 504 (-2048 1024 40 ) (-2048 1024 232 ) (-2148 1024 232 ) (-2148 1024 40 ) 
4 403 404 (-2352 1052 80 ) (-2352 1024 80 ) (-2352 1024 136 ) (-2352 1052 136 ) 
4 404 508 (-2360 1024 136 ) (-2360 1024 80 ) (-2352 1024 80 ) (-2352 1024 136 ) 
4 404 405 (-2360 1052 80 ) (-2360 1024 80 ) (-2360 1024 136 ) (-2360 1052 136 ) 
4 405 509 (-2360 1024 232 ) (-2608 1024 232 ) (-2608 1024 40 ) (-2360 1024 40 ) 
4 406 425 (-2616 2048 1104 ) (-2616 2048 632 ) (-2616 1520 632 ) (-2616 1520 1104 ) 
4 406 408 (-2616 1520 632 ) (-2616 2048 632 ) (-2608 2048 632 ) (-2608 1520 632 ) 
4 406 407 (-2608 1520 640 ) (-2608 1520 1104 ) (-2616 1520 1104 ) (-2616 1520 640 ) 
4 407 517 (-2608 1024 640 ) (-2608 1024 1104 ) (-2616 1024 1104 ) (-2616 1024 640 ) 
4 407 430 (-2616 1024 640 ) (-2616 1024 1104 ) (-2616 1520 1104 ) (-2616 1520 640 ) 
4 408 425 (-2616 2048 632 ) (-2616 2048 440 ) (-2616 1520 440 ) (-2616 1520 632 ) 
4 408 413 (-2616 1520 440 ) (-2616 2048 440 ) (-2608 2048 440 ) (-2608 1520 440 ) 
4 409 431 (-2616 1404 480 ) (-2616 1404 536 ) (-2616 1443 536 ) (-2616 1443 480 ) 
4 410 431 (-2616 1288 480 ) (-2616 1288 536 ) (-2616 1327 536 ) (-2616 1327 480 ) 
4 411 431 (-2616 1172 480 ) (-2616 1172 536 ) (-2616 1211 536 ) (-2616 1211 480 ) 
4 412 519 (-2608 1024 440 ) (-2608 1024 632 ) (-2616 1024 632 ) (-2616 1024 440 ) 
4 412 431 (-2616 1096 440 ) (-2616 1024 440 ) (-2616 1024 632 ) (-2616 1096 632 ) 
4 413 425 (-2616 2048 440 ) (-2616 2048 432 ) (-2616 1520 432 ) (-2616 1520 440 ) 
4 413 414 (-2616 1520 432 ) (-2616 2048 432 ) (-2608 2048 432 ) (-2608 1520 432 ) 
4 414 425 (-2616 2048 432 ) (-2616 2048 240 ) (-2616 1520 240 ) (-2616 1520 432 ) 
4 414 420 (-2616 1656 240 ) (-2616 1760 240 ) (-2608 1760 240 ) (-2608 1656 240 ) 
4 414 419 (-2616 1760 240 ) (-2616 2048 240 ) (-2608 2048 240 ) (-2608 1760 240 ) 
4 414 421 (-2616 1520 240 ) (-2616 1656 240 ) (-2608 1656 240 ) (-2608 1520 240 ) 
4 415 432 (-2616 1404 280 ) (-2616 1404 336 ) (-2616 1443 336 ) (-2616 1443 280 ) 
4 416 432 (-2616 1288 280 ) (-2616 1288 336 ) (-2616 1327 336 ) (-2616 1327 280 ) 
4 417 432 (-2616 1172 280 ) (-2616 1172 336 ) (-2616 1211 336 ) (-2616 1211 280 ) 
4 418 525 (-2608 1024 240 ) (-2608 1024 432 ) (-2616 1024 432 ) (-2616 1024 240 ) 
4 418 433 (-2616 1096 240 ) (-2616 1024 240 ) (-2616 1024 432 ) (-2616 1096 432 ) 
4 419 426 (-2616 2048 138 ) (-2616 2048 40 ) (-2616 1760 40 ) (-2616 1760 138 ) 
4 419 425 (-2616 2048 240 ) (-2616 2048 138 ) (-2616 1760 138 ) (-2616 1760 240 ) 
4 419 420 (-2608 1760 136 ) (-2608 1760 240 ) (-2616 1760 240 ) (-2616 1760 136 ) 
4 420 427 (-2616 1656 136 ) (-2616 1656 138 ) (-2616 1760 138 ) (-2616 1760 136 ) 
4 420 425 (-2616 1656 138 ) (-2616 1656 240 ) (-2616 1760 240 ) (-2616 1760 138 ) 
4 420 421 (-2608 1656 136 ) (-2608 1656 240 ) (-2616 1656 240 ) (-2616 1656 136 ) 
4 421 429 (-2616 1656 40 ) (-2616 1520 40 ) (-2616 1520 138 ) (-2616 1656 138 ) 
4 421 425 (-2616 1520 138 ) (-2616 1520 240 ) (-2616 1656 240 ) (-2616 1656 138 ) 
4 422 435 (-2616 1404 80 ) (-2616 1404 136 ) (-2616 1443 136 ) (-2616 1443 80 ) 
4 423 435 (-2616 1288 80 ) (-2616 1288 136 ) (-2616 1327 136 ) (-2616 1327 80 ) 
4 424 435 (-2616 1172 80 ) (-2616 1172 136 ) (-2616 1211 136 ) (-2616 1211 80 ) 
4 425 469 (-3072 1656 138 ) (-3072 1520 138 ) (-3072 1520 232 ) (-3072 1656 232 ) 
4 425 467 (-3072 1664 138 ) (-3072 1656 138 ) (-3072 1656 232 ) (-3072 1664 232 ) 
4 425 465 (-3072 2048 232 ) (-3072 2048 138 ) (-3072 1664 138 ) (-3072 1664 232 ) 
4 425 459 (-3072 2048 240 ) (-3072 2048 232 ) (-3072 1520 232 ) (-3072 1520 240 ) 
4 425 448 (-3072 2048 432 ) (-3072 2048 240 ) (-3072 1520 240 ) (-3072 1520 432 ) 
4 425 443 (-3072 2048 440 ) (-3072 2048 432 ) (-3072 1520 432 ) (-3072 1520 440 ) 
4 425 439 (-3072 2048 632 ) (-3072 2048 440 ) (-3072 1520 440 ) (-3072 1520 632 ) 
4 425 438 (-3072 2048 640 ) (-3072 2048 632 ) (-3072 1520 632 ) (-3072 1520 640 ) 
4 425 437 (-3072 2048 1104 ) (-3072 2048 640 ) (-3072 1520 640 ) (-3072 1520 1104 ) 
4 425 430 (-3072 1520 1104 ) (-3072 1520 640 ) (-2616 1520 640 ) (-2616 1520 1104 ) 
4 425 428 (-3072 1656 138 ) (-3072 1664 138 ) (-3008 1664 138 ) (-3008 1656 138 ) 
4 425 427 (-3008 1760 138 ) (-2616 1760 138 ) (-2616 1656 138 ) (-3008 1656 138 ) 
4 425 426 (-3008 2048 138 ) (-2616 2048 138 ) (-2616 1760 138 ) (-3008 1760 138 ) 
4 425 429 (-2616 1520 138 ) (-3072 1520 138 ) (-3072 1656 138 ) (-2616 1656 138 ) 
4 426 427 (-2616 1760 136 ) (-2616 1760 138 ) (-3008 1760 138 ) (-3008 1760 136 ) 
4 427 428 (-3008 1664 136 ) (-3008 1656 136 ) (-3008 1656 138 ) (-3008 1664 138 ) 
4 427 429 (-2616 1656 136 ) (-2616 1656 138 ) (-3008 1656 138 ) (-3008 1656 136 ) 
4 428 467 (-3072 1656 136 ) (-3072 1656 138 ) (-3072 1664 138 ) (-3072 1664 136 ) 
4 428 429 (-3008 1656 136 ) (-3008 1656 138 ) (-3072 1656 138 ) (-3072 1656 136 ) 
4 429 469 (-3072 1656 40 ) (-3072 1520 40 ) (-3072 1520 138 ) (-3072 1656 138 ) 
4 430 536 (-2616 1024 640 ) (-2616 1024 1104 ) (-3072 1024 1104 ) (-3072 1024 640 ) 
4 430 437 (-3072 1024 640 ) (-3072 1024 1104 ) (-3072 1520 1104 ) (-3072 1520 640 ) 
4 431 538 (-2616 1024 440 ) (-2616 1024 632 ) (-3072 1024 632 ) (-3072 1024 440 ) 
4 431 440 (-3072 1024 440 ) (-3072 1024 632 ) (-3072 1512 632 ) (-3072 1512 440 ) 
4 432 449 (-3072 1112 432 ) (-3072 1512 432 ) (-3072 1512 240 ) (-3072 1112 240 ) 
4 433 542 (-2616 1024 240 ) (-2616 1024 432 ) (-3072 1024 432 ) (-3072 1024 240 ) 
4 433 450 (-3072 1024 240 ) (-3072 1024 432 ) (-3072 1104 432 ) (-3072 1104 240 ) 
4 433 434 (-2616 1104 240 ) (-2616 1024 240 ) (-3072 1024 240 ) (-3072 1104 240 ) 
4 434 554 (-3060 1024 240 ) (-3072 1024 240 ) (-3072 1024 232 ) (-3060 1024 232 ) 
4 434 553 (-2616 1024 232 ) (-2616 1024 240 ) (-3060 1024 240 ) (-3060 1024 232 ) 
4 434 461 (-3072 1024 232 ) (-3072 1024 240 ) (-3072 1104 240 ) (-3072 1104 232 ) 
4 434 436 (-3072 1024 232 ) (-3072 1104 232 ) (-2616 1104 232 ) (-2616 1024 232 ) 
4 435 470 (-3072 1512 40 ) (-3072 1112 40 ) (-3072 1112 232 ) (-3072 1512 232 ) 
4 436 556 (-2616 1024 40 ) (-2616 1024 232 ) (-3072 1024 232 ) (-3072 1024 40 ) 
4 436 474 (-3072 1104 40 ) (-3072 1024 40 ) (-3072 1024 232 ) (-3072 1104 232 ) 
4 437 563 (-3072 1024 640 ) (-3072 1024 1104 ) (-3600 1024 1104 ) (-3600 1024 640 ) 
4 437 444 (-3600 1024 640 ) (-3600 1024 1104 ) (-3600 2048 1104 ) (-3600 2048 640 ) 
4 437 438 (-3600 1520 640 ) (-3600 2048 640 ) (-3072 2048 640 ) (-3072 1520 640 ) 
4 438 444 (-3600 1520 640 ) (-3600 2048 640 ) (-3600 2048 632 ) (-3600 1520 632 ) 
4 438 441 (-3600 1520 632 ) (-3600 2048 632 ) (-3592 2048 632 ) (-3592 1520 632 ) 
4 438 439 (-3592 2048 632 ) (-3072 2048 632 ) (-3072 1520 632 ) (-3592 1520 632 ) 
4 439 443 (-3592 2048 440 ) (-3072 2048 440 ) (-3072 1520 440 ) (-3592 1520 440 ) 
4 439 441 (-3592 2048 440 ) (-3592 1520 440 ) (-3592 1520 632 ) (-3592 2048 632 ) 
4 440 565 (-3072 1024 440 ) (-3072 1024 632 ) (-3592 1024 632 ) (-3592 1024 440 ) 
4 440 442 (-3592 1212 440 ) (-3592 1116 440 ) (-3592 1116 548 ) (-3592 1212 548 ) 
4 441 444 (-3600 1520 632 ) (-3600 2048 632 ) (-3600 2048 440 ) (-3600 1520 440 ) 
4 441 443 (-3600 1520 440 ) (-3600 2048 440 ) (-3592 2048 440 ) (-3592 1520 440 ) 
4 442 444 (-3600 1212 548 ) (-3600 1212 440 ) (-3600 1116 440 ) (-3600 1116 548 ) 
4 443 448 (-3600 1520 432 ) (-3600 2048 432 ) (-3072 2048 432 ) (-3072 1520 432 ) 
4 443 445 (-3600 2048 432 ) (-3600 1520 432 ) (-3600 1520 440 ) (-3600 2048 440 ) 
4 444 595 (-4096 1024 440 ) (-4096 1024 1104 ) (-4096 2048 1104 ) (-4096 2048 440 ) 
4 444 566 (-4096 1024 632 ) (-4096 1024 440 ) (-3600 1024 440 ) (-3600 1024 632 ) 
4 444 564 (-4096 1024 1104 ) (-4096 1024 632 ) (-3600 1024 632 ) (-3600 1024 1104 ) 
4 444 445 (-3712 2048 440 ) (-3600 2048 440 ) (-3600 1220 440 ) (-3712 1220 440 ) 
4 444 446 (-3600 1108 440 ) (-3600 1024 440 ) (-3712 1024 440 ) (-3712 1108 440 ) 
4 444 447 (-4096 1024 440 ) (-4096 2048 440 ) (-3712 2048 440 ) (-3712 1024 440 ) 
4 445 456 (-3712 1232 432 ) (-3712 1520 432 ) (-3600 1520 432 ) (-3600 1232 432 ) 
4 445 448 (-3712 1520 432 ) (-3712 2048 432 ) (-3600 2048 432 ) (-3600 1520 432 ) 
4 445 447 (-3712 2048 432 ) (-3712 1232 432 ) (-3712 1220 440 ) (-3712 2048 440 ) 
4 446 567 (-3712 1024 432 ) (-3600 1024 432 ) (-3600 1024 440 ) (-3712 1024 440 ) 
4 446 457 (-3600 1024 432 ) (-3712 1024 432 ) (-3712 1108 432 ) (-3600 1108 432 ) 
4 446 447 (-3712 1108 432 ) (-3712 1024 432 ) (-3712 1024 440 ) (-3712 1108 440 ) 
4 447 595 (-4096 1024 432 ) (-4096 1024 440 ) (-4096 2048 440 ) (-4096 2048 432 ) 
4 447 567 (-4096 1024 440 ) (-4096 1024 432 ) (-3712 1024 432 ) (-3712 1024 440 ) 
4 447 458 (-3712 1024 432 ) (-4096 1024 432 ) (-4096 1520 432 ) (-3712 1520 432 ) 
4 447 448 (-4096 1520 432 ) (-4096 2048 432 ) (-3712 2048 432 ) (-3712 1520 432 ) 
4 448 595 (-4096 1520 432 ) (-4096 2048 432 ) (-4096 2048 240 ) (-4096 1520 240 ) 
4 448 462 (-3712 1656 240 ) (-3712 2048 240 ) (-3600 2048 240 ) (-3600 1656 240 ) 
4 448 464 (-3712 1520 240 ) (-4096 1520 240 ) (-4096 2048 240 ) (-3712 2048 240 ) 
4 448 460 (-3600 1656 240 ) (-3600 2048 240 ) (-3112 2048 240 ) (-3112 1656 240 ) 
4 448 459 (-3072 2048 240 ) (-3072 1520 240 ) (-3112 1520 240 ) (-3112 2048 240 ) 
4 448 456 (-3712 1520 240 ) (-3600 1520 240 ) (-3600 1520 432 ) (-3712 1520 432 ) 
4 448 458 (-4096 1520 240 ) (-3712 1520 240 ) (-3712 1520 432 ) (-4096 1520 432 ) 
4 448 453 (-3528 1520 240 ) (-3432 1520 240 ) (-3432 1520 348 ) (-3528 1520 348 ) 
4 449 451 (-3360 1456 240 ) (-3360 1360 240 ) (-3360 1360 348 ) (-3360 1456 348 ) 
4 450 570 (-3072 1024 240 ) (-3072 1024 432 ) (-3360 1024 432 ) (-3360 1024 240 ) 
4 450 461 (-3072 1104 240 ) (-3072 1024 240 ) (-3360 1024 240 ) (-3360 1104 240 ) 
4 451 452 (-3368 1456 240 ) (-3368 1360 240 ) (-3368 1360 348 ) (-3368 1456 348 ) 
4 452 571 (-3368 1024 432 ) (-3432 1024 432 ) (-3432 1024 240 ) (-3368 1024 240 ) 
4 452 454 (-3432 1512 240 ) (-3432 1024 240 ) (-3432 1024 432 ) (-3432 1512 432 ) 
4 453 454 (-3528 1512 348 ) (-3528 1512 240 ) (-3432 1512 240 ) (-3432 1512 348 ) 
4 454 571 (-3432 1024 432 ) (-3528 1024 432 ) (-3528 1024 240 ) (-3432 1024 240 ) 
4 454 455 (-3528 1512 240 ) (-3528 1024 240 ) (-3528 1024 432 ) (-3528 1512 432 ) 
4 455 571 (-3528 1024 432 ) (-3592 1024 432 ) (-3592 1024 240 ) (-3528 1024 240 ) 
3 456 458 (-3712 1520 432 ) (-3712 1520 240 ) (-3712 1232 432 ) 
4 457 574 (-3600 1024 432 ) (-3712 1024 432 ) (-3712 1024 240 ) (-3600 1024 240 ) 
4 457 463 (-3600 1024 240 ) (-3712 1024 240 ) (-3712 1108 240 ) (-3600 1108 240 ) 
4 457 458 (-3712 1108 240 ) (-3712 1024 240 ) (-3712 1024 432 ) (-3712 1108 432 ) 
4 458 595 (-4096 1024 240 ) (-4096 1024 432 ) (-4096 1520 432 ) (-4096 1520 240 ) 
4 458 574 (-3712 1024 432 ) (-4096 1024 432 ) (-4096 1024 240 ) (-3712 1024 240 ) 
4 458 464 (-3712 1024 240 ) (-4096 1024 240 ) (-4096 1520 240 ) (-3712 1520 240 ) 
4 459 469 (-3072 1656 232 ) (-3072 1520 232 ) (-3112 1520 232 ) (-3112 1656 232 ) 
4 459 467 (-3072 1664 232 ) (-3072 1656 232 ) (-3112 1656 232 ) (-3112 1664 232 ) 
4 459 465 (-3072 2048 232 ) (-3072 1664 232 ) (-3112 1664 232 ) (-3112 2048 232 ) 
4 459 460 (-3112 2048 232 ) (-3112 1656 232 ) (-3112 1656 240 ) (-3112 2048 240 ) 
4 460 468 (-3600 1656 232 ) (-3600 1664 232 ) (-3112 1664 232 ) (-3112 1656 232 ) 
4 460 466 (-3600 1664 232 ) (-3600 2048 232 ) (-3112 2048 232 ) (-3112 1664 232 ) 
4 460 462 (-3600 2048 232 ) (-3600 1656 232 ) (-3600 1656 240 ) (-3600 2048 240 ) 
4 461 575 (-3072 1024 232 ) (-3072 1024 240 ) (-3360 1024 240 ) (-3360 1024 232 ) 
4 461 474 (-3072 1104 232 ) (-3072 1024 232 ) (-3360 1024 232 ) (-3360 1104 232 ) 
4 462 468 (-3712 1656 232 ) (-3712 1664 232 ) (-3600 1664 232 ) (-3600 1656 232 ) 
4 462 466 (-3712 1664 232 ) (-3712 2048 232 ) (-3600 2048 232 ) (-3600 1664 232 ) 
4 462 464 (-3712 2048 232 ) (-3712 1656 232 ) (-3712 1656 240 ) (-3712 2048 240 ) 
4 463 576 (-3600 1024 240 ) (-3712 1024 240 ) (-3712 1024 232 ) (-3600 1024 232 ) 
4 463 478 (-3704 1024 232 ) (-3712 1024 232 ) (-3712 1108 232 ) (-3704 1108 232 ) 
4 463 477 (-3600 1024 232 ) (-3704 1024 232 ) (-3704 1108 232 ) (-3600 1108 232 ) 
4 463 464 (-3712 1108 232 ) (-3712 1024 232 ) (-3712 1024 240 ) (-3712 1108 240 ) 
4 464 595 (-4096 1024 232 ) (-4096 1024 240 ) (-4096 2048 240 ) (-4096 2048 232 ) 
4 464 576 (-3712 1024 240 ) (-4096 1024 240 ) (-4096 1024 232 ) (-3712 1024 232 ) 
4 464 479 (-3712 1024 232 ) (-4096 1024 232 ) (-4096 1656 232 ) (-3712 1656 232 ) 
4 464 468 (-4096 1656 232 ) (-4096 1664 232 ) (-3712 1664 232 ) (-3712 1656 232 ) 
4 464 466 (-4096 1664 232 ) (-4096 2048 232 ) (-3712 2048 232 ) (-3712 1664 232 ) 
4 465 467 (-3072 1664 138 ) (-3072 1664 232 ) (-3112 1664 232 ) (-3112 1664 138 ) 
4 465 466 (-3112 1664 138 ) (-3112 1664 232 ) (-3112 2048 232 ) (-3112 2048 138 ) 
4 466 595 (-4096 1664 232 ) (-4096 2048 232 ) (-4096 2048 40 ) (-4096 1664 40 ) 
4 466 481 (-3712 2048 40 ) (-3600 2048 40 ) (-3600 1664 40 ) (-3712 1664 40 ) 
4 466 480 (-3600 2048 40 ) (-3112 2048 40 ) (-3112 1664 40 ) (-3600 1664 40 ) 
4 466 483 (-4096 1664 40 ) (-4096 2048 40 ) (-3712 2048 40 ) (-3712 1664 40 ) 
4 466 468 (-4096 1664 40 ) (-3112 1664 40 ) (-3112 1664 232 ) (-4096 1664 232 ) 
4 467 469 (-3072 1656 136 ) (-3072 1656 232 ) (-3112 1656 232 ) (-3112 1656 136 ) 
4 467 468 (-3112 1664 232 ) (-3112 1664 136 ) (-3112 1656 136 ) (-3112 1656 232 ) 
4 468 595 (-4096 1656 232 ) (-4096 1664 232 ) (-4096 1664 40 ) (-4096 1656 40 ) 
4 468 481 (-3712 1664 40 ) (-3600 1664 40 ) (-3600 1656 40 ) (-3712 1656 40 ) 
4 468 480 (-3600 1664 40 ) (-3112 1664 40 ) (-3112 1656 40 ) (-3600 1656 40 ) 
4 468 483 (-4096 1656 40 ) (-4096 1664 40 ) (-3712 1664 40 ) (-3712 1656 40 ) 
4 468 479 (-4096 1656 40 ) (-3712 1656 40 ) (-3712 1656 232 ) (-4096 1656 232 ) 
4 470 471 (-3112 1512 40 ) (-3112 1112 40 ) (-3112 1112 232 ) (-3112 1512 232 ) 
4 471 472 (-3120 1512 40 ) (-3120 1112 40 ) (-3120 1112 232 ) (-3120 1512 232 ) 
4 472 475 (-3592 1648 40 ) (-3592 1416 40 ) (-3592 1416 232 ) (-3592 1648 232 ) 
4 472 473 (-3524 1112 40 ) (-3428 1112 40 ) (-3428 1112 148 ) (-3524 1112 148 ) 
4 473 474 (-3524 1104 40 ) (-3428 1104 40 ) (-3428 1104 148 ) (-3524 1104 148 ) 
4 474 578 (-3072 1024 40 ) (-3072 1024 232 ) (-3592 1024 232 ) (-3592 1024 40 ) 
4 475 476 (-3600 1648 232 ) (-3600 1648 40 ) (-3600 1416 40 ) (-3600 1416 232 ) 
4 477 581 (-3600 1024 232 ) (-3704 1024 232 ) (-3704 1024 40 ) (-3600 1024 40 ) 
4 477 482 (-3600 1024 40 ) (-3704 1024 40 ) (-3704 1108 40 ) (-3600 1108 40 ) 
4 477 478 (-3704 1108 40 ) (-3704 1024 40 ) (-3704 1024 232 ) (-3704 1108 232 ) 
4 478 581 (-3704 1024 232 ) (-3712 1024 232 ) (-3712 1024 40 ) (-3704 1024 40 ) 
4 478 482 (-3704 1024 40 ) (-3712 1024 40 ) (-3712 1108 40 ) (-3704 1108 40 ) 
4 478 479 (-3712 1108 40 ) (-3712 1024 40 ) (-3712 1024 232 ) (-3712 1108 232 ) 
4 479 595 (-4096 1024 40 ) (-4096 1024 232 ) (-4096 1656 232 ) (-4096 1656 40 ) 
4 479 581 (-3712 1024 232 ) (-4096 1024 232 ) (-4096 1024 40 ) (-3712 1024 40 ) 
4 479 483 (-3712 1024 40 ) (-4096 1024 40 ) (-4096 1656 40 ) (-3712 1656 40 ) 
4 480 481 (-3600 2048 32 ) (-3600 1656 32 ) (-3600 1656 40 ) (-3600 2048 40 ) 
4 481 483 (-3712 2048 32 ) (-3712 1656 32 ) (-3712 1656 40 ) (-3712 2048 40 ) 
4 482 582 (-3600 1024 40 ) (-3712 1024 40 ) (-3712 1024 32 ) (-3600 1024 32 ) 
4 482 483 (-3712 1108 32 ) (-3712 1024 32 ) (-3712 1024 40 ) (-3712 1108 40 ) 
4 483 595 (-4096 1024 32 ) (-4096 1024 40 ) (-4096 2048 40 ) (-4096 2048 32 ) 
4 483 582 (-3712 1024 40 ) (-4096 1024 40 ) (-4096 1024 32 ) (-3712 1024 32 ) 
4 484 1756 (-2048 0 232 ) (-2048 0 1104 ) (-2208 0 1104 ) (-2208 0 232 ) 
4 484 506 (-2148 320 232 ) (-2148 312 232 ) (-2208 312 232 ) (-2208 320 232 ) 
4 484 505 (-2208 1024 232 ) (-2148 1024 232 ) (-2148 320 232 ) (-2208 320 232 ) 
4 484 507 (-2148 312 232 ) (-2148 0 232 ) (-2208 0 232 ) (-2208 312 232 ) 
4 484 504 (-2148 1024 232 ) (-2048 1024 232 ) (-2048 0 232 ) (-2148 0 232 ) 
4 484 485 (-2208 1024 232 ) (-2208 0 232 ) (-2208 0 1104 ) (-2208 1024 1104 ) 
4 485 1756 (-2352 0 232 ) (-2208 0 232 ) (-2208 0 1104 ) (-2352 0 1104 ) 
4 485 506 (-2208 320 232 ) (-2208 312 232 ) (-2352 312 232 ) (-2352 320 232 ) 
4 485 505 (-2352 1024 232 ) (-2208 1024 232 ) (-2208 320 232 ) (-2352 320 232 ) 
4 485 507 (-2208 312 232 ) (-2208 0 232 ) (-2352 0 232 ) (-2352 312 232 ) 
4 485 486 (-2352 736 240 ) (-2352 736 1104 ) (-2352 1024 1104 ) (-2352 1024 240 ) 
4 485 487 (-2352 736 232 ) (-2352 0 232 ) (-2352 0 1104 ) (-2352 736 1104 ) 
4 486 500 (-2564 808 240 ) (-2564 736 240 ) (-2564 736 248 ) (-2564 808 248 ) 
4 486 499 (-2564 808 248 ) (-2564 736 248 ) (-2564 736 424 ) (-2564 808 424 ) 
4 486 498 (-2564 1024 424 ) (-2564 1024 248 ) (-2564 816 248 ) (-2564 816 424 ) 
4 486 497 (-2564 808 424 ) (-2564 736 424 ) (-2564 736 432 ) (-2564 808 432 ) 
4 486 496 (-2564 808 432 ) (-2564 736 432 ) (-2564 736 440 ) (-2564 808 440 ) 
4 486 493 (-2564 808 440 ) (-2564 736 440 ) (-2564 736 448 ) (-2564 808 448 ) 
4 486 492 (-2564 808 448 ) (-2564 736 448 ) (-2564 736 624 ) (-2564 808 624 ) 
4 486 491 (-2564 1024 624 ) (-2564 1024 448 ) (-2564 816 448 ) (-2564 816 624 ) 
4 486 490 (-2564 808 624 ) (-2564 736 624 ) (-2564 736 632 ) (-2564 808 632 ) 
4 486 489 (-2564 808 632 ) (-2564 736 632 ) (-2564 736 640 ) (-2564 808 640 ) 
4 486 488 (-2564 1024 1104 ) (-2564 1024 640 ) (-2564 736 640 ) (-2564 736 1104 ) 
4 486 487 (-2352 736 240 ) (-2352 736 1104 ) (-2564 736 1104 ) (-2564 736 240 ) 
4 487 1756 (-2564 0 1104 ) (-2564 0 232 ) (-2352 0 232 ) (-2352 0 1104 ) 
4 487 515 (-2352 320 232 ) (-2352 312 232 ) (-2564 312 232 ) (-2564 320 232 ) 
4 487 516 (-2352 312 232 ) (-2352 0 232 ) (-2564 0 232 ) (-2564 312 232 ) 
4 487 514 (-2352 736 232 ) (-2352 320 232 ) (-2564 320 232 ) (-2564 736 232 ) 
4 487 503 (-2564 736 232 ) (-2564 0 232 ) (-2564 0 240 ) (-2564 736 240 ) 
4 487 500 (-2564 0 240 ) (-2564 0 248 ) (-2564 736 248 ) (-2564 736 240 ) 
4 487 499 (-2564 0 248 ) (-2564 0 424 ) (-2564 736 424 ) (-2564 736 248 ) 
4 487 497 (-2564 0 424 ) (-2564 0 432 ) (-2564 736 432 ) (-2564 736 424 ) 
4 487 496 (-2564 0 432 ) (-2564 0 440 ) (-2564 736 440 ) (-2564 736 432 ) 
4 487 493 (-2564 0 440 ) (-2564 0 448 ) (-2564 736 448 ) (-2564 736 440 ) 
4 487 492 (-2564 0 448 ) (-2564 0 624 ) (-2564 736 624 ) (-2564 736 448 ) 
4 487 490 (-2564 0 624 ) (-2564 0 632 ) (-2564 736 632 ) (-2564 736 624 ) 
4 487 489 (-2564 0 632 ) (-2564 0 640 ) (-2564 736 640 ) (-2564 736 632 ) 
4 487 488 (-2564 0 640 ) (-2564 0 1104 ) (-2564 736 1104 ) (-2564 736 640 ) 
4 488 1756 (-2608 0 1104 ) (-2608 0 640 ) (-2564 0 640 ) (-2564 0 1104 ) 
4 488 517 (-2608 320 1104 ) (-2608 1024 1104 ) (-2608 1024 640 ) (-2608 320 640 ) 
4 488 518 (-2608 0 640 ) (-2608 0 1104 ) (-2608 320 1104 ) (-2608 320 640 ) 
4 488 489 (-2608 0 640 ) (-2608 744 640 ) (-2564 808 640 ) (-2564 0 640 ) 
4 489 1756 (-2608 0 640 ) (-2608 0 632 ) (-2564 0 632 ) (-2564 0 640 ) 
4 489 518 (-2608 0 632 ) (-2608 0 640 ) (-2608 320 640 ) (-2608 320 632 ) 
4 489 494 (-2608 0 632 ) (-2608 744 632 ) (-2572 796.363831 632 ) (-2572 0 632 ) 
4 489 490 (-2572 796.363831 632 ) (-2564 808 632 ) (-2564 0 632 ) (-2572 0 632 ) 
4 490 1756 (-2564 0 624 ) (-2564 0 632 ) (-2572 0 632 ) (-2572 0 624 ) 
4 490 494 (-2572 0 624 ) (-2572 0 632 ) (-2572 796.363464 632 ) (-2572 796.363464 624 ) 
4 490 492 (-2572 0 624 ) (-2572 796.363464 624 ) (-2564 808 624 ) (-2564 0 624 ) 
4 491 495 (-2572 816 624 ) (-2572 1024 624 ) (-2572 1024 448 ) (-2572 816 448 ) 
4 492 1756 (-2564 0 448 ) (-2564 0 624 ) (-2572 0 624 ) (-2572 0 448 ) 
4 492 494 (-2572 0 448 ) (-2572 0 624 ) (-2572 796.363281 624 ) (-2572 796.363281 448 ) 
4 492 493 (-2572 0 448 ) (-2572 796.363281 448 ) (-2564 808 448 ) (-2564 0 448 ) 
4 493 1756 (-2572 0 440 ) (-2564 0 440 ) (-2564 0 448 ) (-2572 0 448 ) 
4 493 496 (-2564 808 440 ) (-2564 0 440 ) (-2572 0 440 ) (-2572 796.363464 440 ) 
4 493 494 (-2572 796.363464 440 ) (-2572 0 440 ) (-2572 0 448 ) (-2572 796.363464 448 ) 
4 494 1756 (-2608 0 632 ) (-2608 0 440 ) (-2572 0 440 ) (-2572 0 632 ) 
4 494 523 (-2608 0 440 ) (-2608 0 632 ) (-2608 320 632 ) (-2608 320 440 ) 
4 494 522 (-2608 436 536 ) (-2608 436 480 ) (-2608 397 480 ) (-2608 397 536 ) 
4 494 521 (-2608 552 536 ) (-2608 552 480 ) (-2608 513 480 ) (-2608 513 536 ) 
4 494 520 (-2608 668 536 ) (-2608 668 480 ) (-2608 629 480 ) (-2608 629 536 ) 
4 494 496 (-2608 0 440 ) (-2608 744 440 ) (-2572 796.363464 440 ) (-2572 0 440 ) 
4 495 519 (-2608 755.636963 632 ) (-2608 1024 632 ) (-2608 1024 440 ) (-2608 755.636963 440 ) 
4 496 1756 (-2608 0 440 ) (-2608 0 432 ) (-2564 0 432 ) (-2564 0 440 ) 
4 496 524 (-2608 0 432 ) (-2608 0 440 ) (-2608 320 440 ) (-2608 320 432 ) 
4 496 501 (-2608 0 432 ) (-2608 744 432 ) (-2572 796.363831 432 ) (-2572 0 432 ) 
4 496 497 (-2572 796.363831 432 ) (-2564 808 432 ) (-2564 0 432 ) (-2572 0 432 ) 
4 497 1756 (-2564 0 424 ) (-2564 0 432 ) (-2572 0 432 ) (-2572 0 424 ) 
4 497 501 (-2572 0 424 ) (-2572 0 432 ) (-2572 796.363464 432 ) (-2572 796.363464 424 ) 
4 497 499 (-2572 0 424 ) (-2572 796.363464 424 ) (-2564 808 424 ) (-2564 0 424 ) 
4 498 502 (-2572 816 424 ) (-2572 1024 424 ) (-2572 1024 248 ) (-2572 816 248 ) 
4 499 1756 (-2564 0 248 ) (-2564 0 424 ) (-2572 0 424 ) (-2572 0 248 ) 
4 499 501 (-2572 0 248 ) (-2572 0 424 ) (-2572 796.363281 424 ) (-2572 796.363281 248 ) 
4 499 500 (-2572 0 248 ) (-2572 796.363281 248 ) (-2564 808 248 ) (-2564 0 248 ) 
4 500 1756 (-2572 0 240 ) (-2564 0 240 ) (-2564 0 248 ) (-2572 0 248 ) 
4 500 503 (-2564 736 240 ) (-2564 0 240 ) (-2572 0 240 ) (-2572 736 240 ) 
4 500 501 (-2572 796.363464 240 ) (-2572 0 240 ) (-2572 0 248 ) (-2572 796.363464 248 ) 
4 501 1756 (-2608 0 432 ) (-2608 0 240 ) (-2572 0 240 ) (-2572 0 432 ) 
4 501 529 (-2608 0 240 ) (-2608 0 432 ) (-2608 320 432 ) (-2608 320 240 ) 
4 501 528 (-2608 436 336 ) (-2608 436 280 ) (-2608 397 280 ) (-2608 397 336 ) 
4 501 527 (-2608 552 336 ) (-2608 552 280 ) (-2608 513 280 ) (-2608 513 336 ) 
4 501 526 (-2608 668 336 ) (-2608 668 280 ) (-2608 629 280 ) (-2608 629 336 ) 
4 501 503 (-2608 0 240 ) (-2608 736 240 ) (-2572 736 240 ) (-2572 0 240 ) 
4 502 525 (-2608 755.636963 432 ) (-2608 1024 432 ) (-2608 1024 240 ) (-2608 755.636963 240 ) 
4 503 1756 (-2608 0 240 ) (-2608 0 232 ) (-2564 0 232 ) (-2564 0 240 ) 
4 503 534 (-2608 312 240 ) (-2608 320 240 ) (-2608 320 232 ) (-2608 312 232 ) 
4 503 535 (-2608 0 232 ) (-2608 0 240 ) (-2608 312 240 ) (-2608 312 232 ) 
4 503 515 (-2608 312 232 ) (-2608 320 232 ) (-2564 320 232 ) (-2564 312 232 ) 
4 503 516 (-2608 0 232 ) (-2608 312 232 ) (-2564 312 232 ) (-2564 0 232 ) 
4 503 514 (-2608 320 232 ) (-2608 736 232 ) (-2564 736 232 ) (-2564 320 232 ) 
4 504 1757 (-2048 0 40 ) (-2048 0 136 ) (-2148 0 136 ) (-2148 0 40 ) 
4 504 1756 (-2048 0 136 ) (-2048 0 232 ) (-2148 0 232 ) (-2148 0 136 ) 
4 504 506 (-2148 312 136 ) (-2148 312 232 ) (-2148 320 232 ) (-2148 320 136 ) 
4 504 505 (-2148 1024 40 ) (-2148 320 40 ) (-2148 320 232 ) (-2148 1024 232 ) 
4 504 507 (-2148 312 40 ) (-2148 0 40 ) (-2148 0 232 ) (-2148 312 232 ) 
4 505 514 (-2352 736 40 ) (-2352 320 40 ) (-2352 320 232 ) (-2352 736 232 ) 
4 505 512 (-2352 789 136 ) (-2352 828 136 ) (-2352 828 80 ) (-2352 789 80 ) 
4 505 510 (-2352 968 40 ) (-2352 872 40 ) (-2352 872 148 ) (-2352 968 148 ) 
4 505 508 (-2352 1013 136 ) (-2352 1024 136 ) (-2352 1024 80 ) (-2352 1013 80 ) 
4 505 506 (-2352 320 232 ) (-2352 320 136 ) (-2148 320 136 ) (-2148 320 232 ) 
4 506 515 (-2352 312 136 ) (-2352 312 232 ) (-2352 320 232 ) (-2352 320 136 ) 
4 506 507 (-2352 312 232 ) (-2352 312 136 ) (-2148 312 136 ) (-2148 312 232 ) 
4 507 1757 (-2352 0 136 ) (-2352 0 40 ) (-2148 0 40 ) (-2148 0 136 ) 
4 507 1756 (-2148 0 232 ) (-2352 0 232 ) (-2352 0 136 ) (-2148 0 136 ) 
4 507 516 (-2352 312 40 ) (-2352 0 40 ) (-2352 0 232 ) (-2352 312 232 ) 
4 508 509 (-2360 1013 136 ) (-2360 1024 136 ) (-2360 1024 80 ) (-2360 1013 80 ) 
4 509 511 (-2608 968 40 ) (-2360 968 40 ) (-2360 968 232 ) (-2608 968 232 ) 
4 510 511 (-2360 968 148 ) (-2360 968 40 ) (-2360 872 40 ) (-2360 872 148 ) 
4 511 530 (-2608 968 148 ) (-2608 968 40 ) (-2608 872 40 ) (-2608 872 148 ) 
4 511 513 (-2608 872 40 ) (-2360 872 40 ) (-2360 872 232 ) (-2608 872 232 ) 
4 512 513 (-2360 828 80 ) (-2360 789 80 ) (-2360 789 136 ) (-2360 828 136 ) 
4 514 533 (-2608 436 136 ) (-2608 436 80 ) (-2608 397 80 ) (-2608 397 136 ) 
4 514 532 (-2608 552 136 ) (-2608 552 80 ) (-2608 513 80 ) (-2608 513 136 ) 
4 514 531 (-2608 668 136 ) (-2608 668 80 ) (-2608 629 80 ) (-2608 629 136 ) 
4 514 515 (-2352 320 136 ) (-2352 320 232 ) (-2608 320 232 ) (-2608 320 136 ) 
4 515 534 (-2608 312 232 ) (-2608 320 232 ) (-2608 320 136 ) (-2608 312 136 ) 
4 515 516 (-2352 312 136 ) (-2352 312 232 ) (-2608 312 232 ) (-2608 312 136 ) 
4 516 1757 (-2608 0 136 ) (-2608 0 40 ) (-2352 0 40 ) (-2352 0 136 ) 
4 516 1756 (-2352 0 232 ) (-2608 0 232 ) (-2608 0 136 ) (-2352 0 136 ) 
4 516 535 (-2608 0 40 ) (-2608 0 232 ) (-2608 312 232 ) (-2608 312 40 ) 
4 517 536 (-2616 1024 1104 ) (-2616 1024 640 ) (-2616 320 640 ) (-2616 320 1104 ) 
4 517 518 (-2608 320 640 ) (-2608 320 1104 ) (-2616 320 1104 ) (-2616 320 640 ) 
4 518 1756 (-2608 0 632 ) (-2608 0 1104 ) (-2616 0 1104 ) (-2616 0 632 ) 
4 518 537 (-2616 320 632 ) (-2616 0 632 ) (-2616 0 640 ) (-2616 320 640 ) 
4 518 536 (-2616 0 640 ) (-2616 0 1104 ) (-2616 320 1104 ) (-2616 320 640 ) 
4 518 523 (-2616 0 632 ) (-2616 320 632 ) (-2608 320 632 ) (-2608 0 632 ) 
4 519 538 (-2616 1024 632 ) (-2616 1024 440 ) (-2616 744 440 ) (-2616 744 632 ) 
4 520 538 (-2616 629 480 ) (-2616 629 536 ) (-2616 668 536 ) (-2616 668 480 ) 
4 521 538 (-2616 513 480 ) (-2616 513 536 ) (-2616 552 536 ) (-2616 552 480 ) 
4 522 538 (-2616 397 480 ) (-2616 397 536 ) (-2616 436 536 ) (-2616 436 480 ) 
4 523 1756 (-2608 0 440 ) (-2608 0 632 ) (-2616 0 632 ) (-2616 0 440 ) 
4 523 539 (-2616 320 440 ) (-2616 0 440 ) (-2616 0 632 ) (-2616 320 632 ) 
4 523 524 (-2616 0 440 ) (-2616 320 440 ) (-2608 320 440 ) (-2608 0 440 ) 
4 524 1756 (-2608 0 432 ) (-2608 0 440 ) (-2616 0 440 ) (-2616 0 432 ) 
4 524 541 (-2616 320 432 ) (-2616 0 432 ) (-2616 0 440 ) (-2616 320 440 ) 
4 524 529 (-2616 0 432 ) (-2616 320 432 ) (-2608 320 432 ) (-2608 0 432 ) 
4 525 542 (-2616 1024 432 ) (-2616 1024 240 ) (-2616 744 240 ) (-2616 744 432 ) 
4 526 542 (-2616 629 280 ) (-2616 629 336 ) (-2616 668 336 ) (-2616 668 280 ) 
4 527 546 (-2616 513 280 ) (-2616 513 336 ) (-2616 552 336 ) (-2616 552 280 ) 
4 528 551 (-2616 397 280 ) (-2616 397 336 ) (-2616 436 336 ) (-2616 436 280 ) 
4 529 1756 (-2608 0 240 ) (-2608 0 432 ) (-2616 0 432 ) (-2616 0 240 ) 
4 529 552 (-2616 320 240 ) (-2616 0 240 ) (-2616 0 432 ) (-2616 320 432 ) 
4 529 534 (-2616 312 240 ) (-2616 320 240 ) (-2608 320 240 ) (-2608 312 240 ) 
4 529 535 (-2616 0 240 ) (-2616 312 240 ) (-2608 312 240 ) (-2608 0 240 ) 
4 530 556 (-2616 968 40 ) (-2616 872 40 ) (-2616 872 148 ) (-2616 968 148 ) 
4 531 558 (-2616 629 80 ) (-2616 629 136 ) (-2616 668 136 ) (-2616 668 80 ) 
4 532 560 (-2616 513 80 ) (-2616 513 136 ) (-2616 552 136 ) (-2616 552 80 ) 
4 533 560 (-2616 397 80 ) (-2616 397 136 ) (-2616 436 136 ) (-2616 436 80 ) 
4 534 561 (-2616 312 136 ) (-2616 312 240 ) (-2616 320 240 ) (-2616 320 136 ) 
4 534 535 (-2608 312 136 ) (-2608 312 240 ) (-2616 312 240 ) (-2616 312 136 ) 
4 535 1757 (-2608 0 40 ) (-2608 0 136 ) (-2616 0 136 ) (-2616 0 40 ) 
4 535 1756 (-2608 0 136 ) (-2608 0 240 ) (-2616 0 240 ) (-2616 0 136 ) 
4 535 562 (-2616 312 40 ) (-2616 0 40 ) (-2616 0 136 ) (-2616 312 136 ) 
4 535 561 (-2616 0 136 ) (-2616 0 240 ) (-2616 312 240 ) (-2616 312 136 ) 
4 536 1756 (-2616 0 640 ) (-2616 0 1104 ) (-3072 0 1104 ) (-3072 0 640 ) 
4 536 583 (-3072 320 640 ) (-3072 0 640 ) (-3072 0 1104 ) (-3072 320 1104 ) 
4 536 563 (-3072 1024 1104 ) (-3072 1024 640 ) (-3072 320 640 ) (-3072 320 1104 ) 
4 536 537 (-2616 320 640 ) (-2616 0 640 ) (-3072 0 640 ) (-3072 320 640 ) 
4 537 1756 (-2616 0 632 ) (-2616 0 640 ) (-3072 0 640 ) (-3072 0 632 ) 
4 537 583 (-3072 320 632 ) (-3072 0 632 ) (-3072 0 640 ) (-3072 320 640 ) 
4 537 539 (-3072 0 632 ) (-3072 320 632 ) (-2616 320 632 ) (-2616 0 632 ) 
4 538 565 (-3072 1024 632 ) (-3072 1024 440 ) (-3072 328 440 ) (-3072 328 632 ) 
4 538 540 (-3060 328 440 ) (-3072 328 440 ) (-3072 456 440 ) (-3060 456 440 ) 
4 539 1756 (-2616 0 440 ) (-2616 0 632 ) (-3072 0 632 ) (-3072 0 440 ) 
4 539 583 (-3072 320 440 ) (-3072 0 440 ) (-3072 0 632 ) (-3072 320 632 ) 
4 539 541 (-2616 320 440 ) (-2616 0 440 ) (-3072 0 440 ) (-3072 320 440 ) 
4 540 568 (-3072 456 432 ) (-3072 328 432 ) (-3072 328 440 ) (-3072 456 440 ) 
4 541 1756 (-2616 0 432 ) (-2616 0 440 ) (-3072 0 440 ) (-3072 0 432 ) 
4 541 583 (-3072 320 432 ) (-3072 0 432 ) (-3072 0 440 ) (-3072 320 440 ) 
4 541 552 (-3072 0 432 ) (-3072 320 432 ) (-2616 320 432 ) (-2616 0 432 ) 
4 542 570 (-3072 1024 432 ) (-3072 1024 240 ) (-3072 608 240 ) (-3072 608 432 ) 
4 542 555 (-3060 736 240 ) (-3060 608 240 ) (-3072 608 240 ) (-3072 736 240 ) 
4 542 554 (-3072 1024 240 ) (-3060 1024 240 ) (-3060 736 240 ) (-3072 736 240 ) 
4 542 553 (-3060 1024 240 ) (-2616 1024 240 ) (-2616 736 240 ) (-3060 736 240 ) 
4 542 543 (-2872 608 240 ) (-2824 608 240 ) (-2824 608 348 ) (-2872 608 348 ) 
4 543 544 (-2872 600 240 ) (-2824 600 240 ) (-2824 600 348 ) (-2872 600 348 ) 
4 544 546 (-3060 576 240 ) (-2616 576 240 ) (-2616 576 432 ) (-3060 576 432 ) 
4 545 572 (-3072 600 240 ) (-3072 576 240 ) (-3072 576 432 ) (-3072 600 432 ) 
4 545 548 (-3072 576 240 ) (-3068 576 240 ) (-3068 576 432 ) (-3072 576 432 ) 
4 546 549 (-3060 480 240 ) (-2616 480 240 ) (-2616 480 432 ) (-3060 480 432 ) 
4 546 547 (-3060 576 348 ) (-3060 576 240 ) (-3060 480 240 ) (-3060 480 348 ) 
4 547 548 (-3068 576 348 ) (-3068 576 240 ) (-3068 480 240 ) (-3068 480 348 ) 
4 548 572 (-3072 576 240 ) (-3072 480 240 ) (-3072 480 432 ) (-3072 576 432 ) 
4 548 550 (-3072 480 240 ) (-3068 480 240 ) (-3068 480 432 ) (-3072 480 432 ) 
4 549 551 (-3060 456 240 ) (-2616 456 240 ) (-2616 456 432 ) (-3060 456 432 ) 
4 550 572 (-3072 480 240 ) (-3072 456 240 ) (-3072 456 432 ) (-3072 480 432 ) 
4 552 1756 (-2616 0 240 ) (-2616 0 432 ) (-3072 0 432 ) (-3072 0 240 ) 
4 552 583 (-3072 320 240 ) (-3072 0 240 ) (-3072 0 432 ) (-3072 320 432 ) 
4 552 561 (-2616 320 240 ) (-2616 0 240 ) (-3072 0 240 ) (-3072 320 240 ) 
4 553 556 (-3060 1024 232 ) (-2616 1024 232 ) (-2616 736 232 ) (-3060 736 232 ) 
4 553 554 (-3060 1024 232 ) (-3060 736 232 ) (-3060 736 240 ) (-3060 1024 240 ) 
4 554 575 (-3072 1024 240 ) (-3072 1024 232 ) (-3072 736 232 ) (-3072 736 240 ) 
4 554 556 (-3072 736 232 ) (-3072 1024 232 ) (-3060 1024 232 ) (-3060 736 232 ) 
3 554 555 (-3072 736 232 ) (-3060 736 240 ) (-3072 736 240 ) 
4 555 575 (-3072 736 232 ) (-3072 608 232 ) (-3072 608 240 ) (-3072 736 240 ) 
4 556 578 (-3072 1024 232 ) (-3072 1024 40 ) (-3072 736 40 ) (-3072 736 232 ) 
4 556 557 (-2886 736 40 ) (-2790 736 40 ) (-2790 736 148 ) (-2886 736 148 ) 
4 557 558 (-2886 728 40 ) (-2790 728 40 ) (-2790 728 148 ) (-2886 728 148 ) 
4 558 559 (-3060 608 40 ) (-2616 608 40 ) (-2616 608 232 ) (-3060 608 232 ) 
4 559 560 (-3060 600 40 ) (-2616 600 40 ) (-2616 600 232 ) (-3060 600 232 ) 
4 560 580 (-3072 600 40 ) (-3072 328 40 ) (-3072 328 232 ) (-3072 600 232 ) 
4 561 1756 (-2616 0 136 ) (-2616 0 240 ) (-3072 0 240 ) (-3072 0 136 ) 
4 561 583 (-3072 0 136 ) (-3072 0 240 ) (-3072 320 240 ) (-3072 320 136 ) 
4 561 562 (-2616 312 136 ) (-2616 0 136 ) (-2652 0 136 ) (-2652 312 136 ) 
4 562 1757 (-2616 0 40 ) (-2616 0 136 ) (-2652 0 136 ) (-2652 0 40 ) 
4 563 583 (-3072 320 640 ) (-3072 320 1104 ) (-3600 320 1104 ) (-3600 320 640 ) 
4 563 564 (-3600 320 640 ) (-3600 320 1104 ) (-3600 1024 1104 ) (-3600 1024 640 ) 
4 564 597 (-4096 320 632 ) (-4096 320 1104 ) (-4096 1024 1104 ) (-4096 1024 632 ) 
4 564 583 (-3600 320 1104 ) (-4096 320 1104 ) (-4096 320 632 ) (-3600 320 632 ) 
4 564 566 (-3600 320 632 ) (-4096 320 632 ) (-4096 1024 632 ) (-3600 1024 632 ) 
4 565 568 (-3360 456 440 ) (-3072 456 440 ) (-3072 328 440 ) (-3360 328 440 ) 
4 566 597 (-4096 320 440 ) (-4096 320 632 ) (-4096 1024 632 ) (-4096 1024 440 ) 
4 566 583 (-3600 320 632 ) (-4096 320 632 ) (-4096 320 440 ) (-3600 320 440 ) 
4 566 569 (-3600 320 440 ) (-4096 320 440 ) (-4096 456 440 ) (-3600 456 440 ) 
4 566 567 (-4096 456 440 ) (-4096 1024 440 ) (-3600 1024 440 ) (-3600 456 440 ) 
4 567 597 (-4096 456 440 ) (-4096 1024 440 ) (-4096 1024 432 ) (-4096 456 432 ) 
4 567 574 (-4096 456 432 ) (-4096 1024 432 ) (-3600 1024 432 ) (-3600 456 432 ) 
4 567 569 (-4096 456 432 ) (-3600 456 432 ) (-3600 456 440 ) (-4096 456 440 ) 
4 568 573 (-3360 328 432 ) (-3360 456 432 ) (-3072 456 432 ) (-3072 328 432 ) 
4 569 597 (-4096 320 432 ) (-4096 320 440 ) (-4096 456 440 ) (-4096 456 432 ) 
4 569 583 (-3600 320 440 ) (-4096 320 440 ) (-4096 320 432 ) (-3600 320 432 ) 
4 569 574 (-3600 320 432 ) (-4096 320 432 ) (-4096 456 432 ) (-3600 456 432 ) 
4 570 575 (-3360 1024 240 ) (-3072 1024 240 ) (-3072 608 240 ) (-3360 608 240 ) 
4 571 572 (-3592 600 432 ) (-3592 600 240 ) (-3368 600 240 ) (-3368 600 432 ) 
4 572 573 (-3592 456 432 ) (-3592 456 240 ) (-3360 456 240 ) (-3072 456 432 ) 
4 574 597 (-4096 320 240 ) (-4096 320 432 ) (-4096 1024 432 ) (-4096 1024 240 ) 
4 574 583 (-3600 320 432 ) (-4096 320 432 ) (-4096 320 240 ) (-3600 320 240 ) 
4 574 577 (-3600 320 240 ) (-4096 320 240 ) (-4096 608 240 ) (-3600 608 240 ) 
4 574 576 (-4096 608 240 ) (-4096 1024 240 ) (-3600 1024 240 ) (-3600 608 240 ) 
4 575 579 (-3072 736 232 ) (-3072 608 232 ) (-3360 608 232 ) (-3360 736 232 ) 
4 575 578 (-3360 1024 232 ) (-3072 1024 232 ) (-3072 736 232 ) (-3360 736 232 ) 
4 576 597 (-4096 608 240 ) (-4096 1024 240 ) (-4096 1024 232 ) (-4096 608 232 ) 
4 576 581 (-4096 608 232 ) (-4096 1024 232 ) (-3600 1024 232 ) (-3600 608 232 ) 
4 576 577 (-4096 608 232 ) (-3600 608 232 ) (-3600 608 240 ) (-4096 608 240 ) 
4 577 597 (-4096 320 232 ) (-4096 320 240 ) (-4096 608 240 ) (-4096 608 232 ) 
4 577 583 (-3600 320 240 ) (-4096 320 240 ) (-4096 320 232 ) (-3600 320 232 ) 
4 577 581 (-3600 320 232 ) (-4096 320 232 ) (-4096 608 232 ) (-3600 608 232 ) 
4 578 579 (-3592 736 232 ) (-3592 736 40 ) (-3360 736 40 ) (-3072 736 232 ) 
4 581 597 (-4096 320 40 ) (-4096 320 232 ) (-4096 1024 232 ) (-4096 1024 40 ) 
4 581 584 (-4096 320 136 ) (-4096 320 40 ) (-3600 320 40 ) (-3600 320 136 ) 
4 581 583 (-3600 320 232 ) (-4096 320 232 ) (-4096 320 136 ) (-3600 320 136 ) 
4 581 582 (-3600 320 40 ) (-4096 320 40 ) (-4096 1024 40 ) (-3600 1024 40 ) 
4 582 597 (-4096 320 32 ) (-4096 320 40 ) (-4096 1024 40 ) (-4096 1024 32 ) 
4 582 585 (-3600 320 40 ) (-4096 320 40 ) (-4096 320 32 ) (-3600 320 32 ) 
4 583 1763 (-3072 0 136 ) (-3072 0 1104 ) (-4096 0 1104 ) (-4096 0 136 ) 
4 583 597 (-4096 0 136 ) (-4096 0 1104 ) (-4096 320 1104 ) (-4096 320 136 ) 
4 583 584 (-4096 320 136 ) (-3600 320 136 ) (-3600 0 136 ) (-4096 0 136 ) 
4 584 1766 (-3600 0 136 ) (-4096 0 136 ) (-4096 0 40 ) (-3600 0 40 ) 
4 584 597 (-4096 0 40 ) (-4096 0 136 ) (-4096 320 136 ) (-4096 320 40 ) 
4 584 585 (-3600 0 40 ) (-4096 0 40 ) (-4096 320 40 ) (-3600 320 40 ) 
4 585 1771 (-3600 0 32 ) (-3600 0 40 ) (-4096 0 40 ) (-4096 0 32 ) 
4 585 597 (-4096 0 32 ) (-4096 0 40 ) (-4096 320 40 ) (-4096 320 32 ) 
4 586 590 (-4096 3072 32 ) (-4096 3072 1104 ) (-5120 3072 1104 ) (-5120 3072 32 ) 
4 586 588 (-5120 4096 1104 ) (-5120 4096 32 ) (-5120 3072 32 ) (-5120 3072 1104 ) 
4 586 587 (-5120 3440 32 ) (-5120 4096 32 ) (-4096 4096 32 ) (-4096 3440 32 ) 
4 587 589 (-5120 4096 32 ) (-5120 4096 -96 ) (-5120 3440 -96 ) (-5120 3440 32 ) 
4 588 593 (-6144 3440 32 ) (-6144 3072 32 ) (-6144 3072 1104 ) (-6144 3440 1104 ) 
4 588 592 (-6144 4096 1104 ) (-6144 4096 32 ) (-6144 3440 32 ) (-6144 3440 1104 ) 
4 588 591 (-5120 3072 32 ) (-5120 3072 1104 ) (-6144 3072 1104 ) (-6144 3072 32 ) 
4 588 589 (-6144 3440 32 ) (-6144 4096 32 ) (-5120 4096 32 ) (-5120 3440 32 ) 
4 589 592 (-6144 4096 32 ) (-6144 4096 -96 ) (-6144 3440 -96 ) (-6144 3440 32 ) 
4 590 595 (-4096 2048 32 ) (-4096 2048 1104 ) (-5120 2048 1104 ) (-5120 2048 32 ) 
4 590 591 (-5120 3072 1104 ) (-5120 3072 32 ) (-5120 2048 32 ) (-5120 2048 1104 ) 
4 591 596 (-5120 2048 32 ) (-5120 2048 1104 ) (-6144 2048 1104 ) (-6144 2048 32 ) 
4 591 594 (-6144 2048 32 ) (-6144 2048 1104 ) (-6144 3072 1104 ) (-6144 3072 32 ) 
4 592 593 (-6168 3440 1104 ) (-6168 3440 32 ) (-6144 3440 32 ) (-6144 3440 1104 ) 
4 593 594 (-6144 3072 32 ) (-6144 3072 1104 ) (-6168 3072 1104 ) (-6168 3072 32 ) 
4 594 599 (-6144 2048 32 ) (-6144 2048 1104 ) (-6168 2048 1104 ) (-6168 2048 32 ) 
4 595 597 (-4096 1024 32 ) (-4096 1024 1104 ) (-5120 1024 1104 ) (-5120 1024 32 ) 
4 595 596 (-5120 2048 1104 ) (-5120 2048 32 ) (-5120 1024 32 ) (-5120 1024 1104 ) 
4 596 599 (-6144 2048 1104 ) (-6144 2048 32 ) (-6144 1024 32 ) (-6144 1024 1104 ) 
4 596 598 (-5120 1024 32 ) (-5120 1024 1104 ) (-6144 1024 1104 ) (-6144 1024 32 ) 
4 597 1966 (-4904 0 1104 ) (-5120 0 1104 ) (-5120 0 32 ) (-4904 0 32 ) 
4 597 1965 (-4096 0 32 ) (-4096 0 1104 ) (-4904 0 1104 ) (-4904 0 32 ) 
4 597 598 (-5120 1024 1104 ) (-5120 1024 32 ) (-5120 0 32 ) (-5120 0 1104 ) 
4 598 1969 (-5120 0 32 ) (-5120 0 1104 ) (-6144 0 1104 ) (-6144 0 32 ) 
4 598 600 (-6144 0 32 ) (-6144 0 1104 ) (-6144 1024 1104 ) (-6144 1024 32 ) 
4 599 600 (-6144 1024 32 ) (-6144 1024 1104 ) (-6168 1024 1104 ) (-6168 1024 32 ) 
4 600 1976 (-6144 0 32 ) (-6144 0 1104 ) (-6168 0 1104 ) (-6168 0 32 ) 
4 601 626 (3308 -1024 184 ) (3408 -1024 184 ) (3408 -1024 1104 ) (3308 -1024 1104 ) 
4 601 627 (3072 -1024 1104 ) (3072 -1024 184 ) (3308 -1024 184 ) (3308 -1024 1104 ) 
4 601 609 (3072 0 1104 ) (3072 0 184 ) (3072 -1024 184 ) (3072 -1024 1104 ) 
4 601 602 (3072 -1024 184 ) (3072 0 184 ) (3308 0 184 ) (3308 -1024 184 ) 
4 602 627 (3072 -1024 184 ) (3072 -1024 88 ) (3308 -1024 88 ) (3308 -1024 184 ) 
4 602 609 (3072 0 184 ) (3072 0 88 ) (3072 -1024 88 ) (3072 -1024 184 ) 
4 602 608 (3292 -1024 88 ) (3072 -1024 88 ) (3072 -688 88 ) (3292 -688 88 ) 
4 602 607 (3296 -688 88 ) (3296 -1024 88 ) (3292 -1024 88 ) (3292 -688 88 ) 
4 602 605 (3072 0 88 ) (3136 0 88 ) (3136 -112 88 ) (3072 -112 88 ) 
4 602 606 (3136 -160 88 ) (3136 -528 88 ) (3072 -528 88 ) (3072 -160 88 ) 
4 602 604 (3136 0 88 ) (3280 0 88 ) (3280 -528 88 ) (3136 -528 88 ) 
4 602 603 (3296 0 88 ) (3308 0 88 ) (3308 -1024 88 ) (3296 -1024 88 ) 
4 603 627 (3308 -1024 88 ) (3296 -1024 88 ) (3296 -1024 40 ) (3308 -1024 40 ) 
4 603 607 (3296 -1024 40 ) (3296 -1024 88 ) (3296 -688 88 ) (3296 -688 40 ) 
4 604 605 (3136 0 -8 ) (3136 -112 -8 ) (3136 -112 88 ) (3136 0 88 ) 
4 604 606 (3136 -160 -8 ) (3136 -528 -8 ) (3136 -528 88 ) (3136 -160 88 ) 
4 605 610 (3072 0 88 ) (3072 0 -8 ) (3072 -112 -8 ) (3072 -112 88 ) 
4 606 611 (3072 -160 -8 ) (3072 -528 -8 ) (3072 -528 88 ) (3072 -160 88 ) 
4 607 627 (3296 -1024 40 ) (3296 -1024 88 ) (3292 -1024 88 ) (3292 -1024 40 ) 
4 607 608 (3292 -688 40 ) (3292 -1024 40 ) (3292 -1024 88 ) (3292 -688 88 ) 
4 608 628 (3072 -1024 40 ) (3072 -1024 -8 ) (3292 -1024 -8 ) (3292 -1024 40 ) 
4 608 627 (3072 -1024 88 ) (3072 -1024 40 ) (3292 -1024 40 ) (3292 -1024 88 ) 
4 608 613 (3072 -688 -8 ) (3072 -1024 -8 ) (3072 -1024 88 ) (3072 -688 88 ) 
4 609 637 (3072 -1024 88 ) (3072 -1024 120 ) (2320 -1024 120 ) (2320 -1024 88 ) 
4 609 632 (2760 -1024 128 ) (2320 -1024 128 ) (2320 -1024 120 ) (2760 -1024 120 ) 
4 609 631 (3072 -1024 120 ) (3072 -1024 128 ) (2760 -1024 128 ) (2760 -1024 120 ) 
4 609 630 (3072 -1024 128 ) (3072 -1024 1104 ) (2320 -1024 1104 ) (2320 -1024 128 ) 
4 609 616 (2320 -936 1104 ) (2320 0 1104 ) (2320 0 192 ) (2320 -936 192 ) 
4 609 617 (2320 -1024 88 ) (2320 -1024 1104 ) (2320 -936 1104 ) (2320 -936 88 ) 
4 609 614 (2752 -1024 88 ) (2592 -1024 88 ) (2592 -936 88 ) (2752 -936 88 ) 
4 609 613 (3072 -1024 88 ) (2752 -1024 88 ) (2752 -688 88 ) (3072 -688 88 ) 
4 609 615 (2592 -1024 88 ) (2320 -1024 88 ) (2320 -688 88 ) (2592 -688 88 ) 
4 609 611 (2592 -160 88 ) (3072 -160 88 ) (3072 -528 88 ) (2592 -528 88 ) 
4 609 612 (2320 -688 88 ) (2320 -160 88 ) (2592 -160 88 ) (2592 -688 88 ) 
4 609 610 (2512 0 88 ) (3072 0 88 ) (3072 -112 88 ) (2512 -112 88 ) 
4 611 612 (2592 -160 88 ) (2592 -160 -8 ) (2592 -528 -8 ) (2592 -528 88 ) 
4 612 615 (2592 -688 88 ) (2320 -688 88 ) (2320 -688 -8 ) (2592 -688 -8 ) 
4 613 638 (3072 -1024 -8 ) (3072 -1024 40 ) (2752 -1024 40 ) (2752 -1024 -8 ) 
4 613 637 (3072 -1024 40 ) (3072 -1024 88 ) (2752 -1024 88 ) (2752 -1024 40 ) 
4 613 614 (2752 -936 -8 ) (2752 -1024 -8 ) (2752 -1024 88 ) (2752 -936 88 ) 
4 614 638 (2592 -1024 40 ) (2592 -1024 -8 ) (2752 -1024 -8 ) (2752 -1024 40 ) 
4 614 637 (2752 -1024 88 ) (2592 -1024 88 ) (2592 -1024 40 ) (2752 -1024 40 ) 
4 614 615 (2592 -936 -8 ) (2592 -1024 -8 ) (2592 -1024 88 ) (2592 -936 88 ) 
4 615 638 (2320 -1024 40 ) (2320 -1024 -8 ) (2592 -1024 -8 ) (2592 -1024 40 ) 
4 615 637 (2592 -1024 88 ) (2320 -1024 88 ) (2320 -1024 40 ) (2592 -1024 40 ) 
4 615 617 (2320 -936 -8 ) (2320 -1024 -8 ) (2320 -1024 88 ) (2320 -936 88 ) 
4 616 622 (2312 -928 192 ) (2312 -936 192 ) (2312 -936 1104 ) (2312 -928 1104 ) 
4 616 619 (2312 -784 192 ) (2312 -928 192 ) (2312 -928 1104 ) (2312 -784 1104 ) 
4 616 618 (2312 0 1104 ) (2312 0 192 ) (2312 -784 192 ) (2312 -784 1104 ) 
4 616 617 (2320 -936 192 ) (2320 -936 1104 ) (2312 -936 1104 ) (2312 -936 192 ) 
4 617 638 (2312 -1024 40 ) (2312 -1024 -8 ) (2320 -1024 -8 ) (2320 -1024 40 ) 
4 617 637 (2312 -1024 120 ) (2312 -1024 40 ) (2320 -1024 40 ) (2320 -1024 120 ) 
4 617 632 (2312 -1024 128 ) (2312 -1024 120 ) (2320 -1024 120 ) (2320 -1024 128 ) 
4 617 630 (2312 -1024 1104 ) (2312 -1024 128 ) (2320 -1024 128 ) (2320 -1024 1104 ) 
4 617 625 (2312 -936 -8 ) (2312 -1024 -8 ) (2312 -1024 1104 ) (2312 -936 1104 ) 
4 618 675 (2048 0 1104 ) (2048 0 192 ) (2048 -784 192 ) (2048 -784 1104 ) 
4 618 619 (2048 -784 1104 ) (2048 -784 192 ) (2312 -784 192 ) (2312 -784 1104 ) 
4 619 675 (2048 -928 192 ) (2048 -928 1104 ) (2048 -784 1104 ) (2048 -784 192 ) 
4 619 622 (2312 -928 192 ) (2312 -928 1104 ) (2048 -928 1104 ) (2048 -928 192 ) 
4 620 623 (2160 -928 -8 ) (2288 -928 -8 ) (2288 -928 120 ) (2160 -928 120 ) 
4 621 676 (2048 -784 -8 ) (2048 -928 -8 ) (2048 -928 120 ) (2048 -784 120 ) 
4 621 624 (2048 -928 -8 ) (2128 -928 -8 ) (2128 -928 120 ) (2048 -928 120 ) 
4 622 675 (2048 -936 192 ) (2048 -936 1104 ) (2048 -928 1104 ) (2048 -928 192 ) 
4 622 625 (2048 -936 1104 ) (2048 -936 192 ) (2312 -936 192 ) (2312 -936 1104 ) 
4 623 625 (2160 -936 -8 ) (2288 -936 -8 ) (2288 -936 120 ) (2160 -936 120 ) 
4 624 679 (2048 -928 -8 ) (2048 -936 -8 ) (2048 -936 120 ) (2048 -928 120 ) 
4 624 625 (2048 -936 120 ) (2048 -936 -8 ) (2128 -936 -8 ) (2128 -936 120 ) 
4 625 705 (2048 -936 -8 ) (2048 -1024 -8 ) (2048 -1024 88 ) (2048 -936 88 ) 
4 625 704 (2048 -1024 88 ) (2048 -1024 192 ) (2048 -936 192 ) (2048 -936 88 ) 
4 625 675 (2048 -1024 192 ) (2048 -1024 1104 ) (2048 -936 1104 ) (2048 -936 192 ) 
4 625 638 (2048 -1024 40 ) (2048 -1024 -8 ) (2312 -1024 -8 ) (2312 -1024 40 ) 
4 625 637 (2048 -1024 120 ) (2048 -1024 40 ) (2312 -1024 40 ) (2312 -1024 120 ) 
4 625 632 (2048 -1024 128 ) (2048 -1024 120 ) (2312 -1024 120 ) (2312 -1024 128 ) 
4 625 630 (2048 -1024 1104 ) (2048 -1024 128 ) (2312 -1024 128 ) (2312 -1024 1104 ) 
4 626 660 (3408 -2048 1104 ) (3308 -2048 1104 ) (3308 -2048 184 ) (3408 -2048 184 ) 
4 626 627 (3308 -2048 184 ) (3308 -2048 1104 ) (3308 -1024 1104 ) (3308 -1024 184 ) 
4 627 661 (3308 -2048 1104 ) (3072 -2048 1104 ) (3072 -2048 40 ) (3308 -2048 40 ) 
4 627 656 (3072 -1768 40 ) (3072 -2048 40 ) (3072 -2048 120 ) (3072 -1768 120 ) 
4 627 652 (3072 -1728 40 ) (3072 -1768 40 ) (3072 -1768 120 ) (3072 -1728 120 ) 
4 627 639 (3072 -1392 40 ) (3072 -1728 40 ) (3072 -1728 120 ) (3072 -1392 120 ) 
4 627 637 (3072 -1024 120 ) (3072 -1024 40 ) (3072 -1392 40 ) (3072 -1392 120 ) 
4 627 631 (3072 -1024 128 ) (3072 -1024 120 ) (3072 -2048 120 ) (3072 -2048 128 ) 
4 627 630 (3072 -1024 1104 ) (3072 -1024 128 ) (3072 -2048 128 ) (3072 -2048 1104 ) 
3 627 629 (3072 -1261.022949 40 ) (3072 -1216 40 ) (3116 -1216 40 ) 
4 627 628 (3072 -1216 40 ) (3072 -1024 40 ) (3292 -1024 40 ) (3292 -1216 40 ) 
4 628 638 (3072 -1024 40 ) (3072 -1024 -8 ) (3072 -1216 -8 ) (3072 -1216 40 ) 
4 628 629 (3116 -1216 40 ) (3072 -1216 40 ) (3072 -1216 -8 ) (3116 -1216 -8 ) 
4 629 638 (3072 -1261.022949 -8 ) (3072 -1261.022949 40 ) (3072 -1216 40 ) (3072 -1216 -8 ) 
4 630 709 (2048 -2048 128 ) (2048 -2048 1104 ) (2048 -1024 1104 ) (2048 -1024 128 ) 
4 630 662 (3072 -2048 128 ) (3072 -2048 1104 ) (2048 -2048 1104 ) (2048 -2048 128 ) 
4 630 635 (2048 -1768 128 ) (2048 -1392 128 ) (2528 -1392 128 ) (2528 -1768 128 ) 
4 630 634 (2692 -1538.799927 128 ) (2692 -1720 128 ) (2680 -1664 128 ) (2680 -1552 128 ) 
4 630 633 (2760 -1464 128 ) (2760 -1768 128 ) (2692 -1768 128 ) (2692 -1538.799805 128 ) 
4 630 632 (2048 -1392 128 ) (2048 -1024 128 ) (2760 -1024 128 ) (2760 -1392 128 ) 
4 630 636 (2760 -2048 128 ) (2048 -2048 128 ) (2048 -1768 128 ) (2760 -1768 128 ) 
4 630 631 (3072 -1024 128 ) (3072 -2048 128 ) (2760 -2048 128 ) (2760 -1024 128 ) 
4 631 662 (3072 -2048 120 ) (3072 -2048 128 ) (2760 -2048 128 ) (2760 -2048 120 ) 
4 631 656 (3072 -2048 120 ) (2760 -2048 120 ) (2760 -1768 120 ) (3072 -1768 120 ) 
4 631 652 (2760 -1768 120 ) (2760 -1728 120 ) (3072 -1728 120 ) (3072 -1768 120 ) 
4 631 639 (2760 -1728 120 ) (2760 -1392 120 ) (3072 -1392 120 ) (3072 -1728 120 ) 
4 631 637 (2760 -1392 120 ) (2760 -1024 120 ) (3072 -1024 120 ) (3072 -1392 120 ) 
4 631 633 (2760 -1464 120 ) (2760 -1768 120 ) (2760 -1768 128 ) (2760 -1464 128 ) 
4 631 632 (2760 -1024 120 ) (2760 -1392 120 ) (2760 -1392 128 ) (2760 -1024 128 ) 
4 631 636 (2760 -1768 120 ) (2760 -2048 120 ) (2760 -2048 128 ) (2760 -1768 128 ) 
4 632 709 (2048 -1392 128 ) (2048 -1024 128 ) (2048 -1024 120 ) (2048 -1392 120 ) 
4 632 637 (2048 -1392 120 ) (2048 -1024 120 ) (2760 -1024 120 ) (2760 -1392 120 ) 
4 632 635 (2048 -1392 120 ) (2528 -1392 120 ) (2528 -1392 128 ) (2048 -1392 128 ) 
4 633 652 (2760 -1728 120 ) (2760 -1768 120 ) (2692 -1768 120 ) (2692 -1728 120 ) 
4 633 645 (2760 -1568 120 ) (2760 -1728 120 ) (2692 -1728 120 ) (2692 -1568 120 ) 
4 633 642 (2752 -1568 120 ) (2692 -1568 120 ) (2692 -1538.799805 120 ) (2752 -1472.799805 120 ) 
4 633 641 (2760 -1464 120 ) (2760 -1568 120 ) (2752 -1568 120 ) (2752 -1472.799805 120 ) 
4 633 634 (2692 -1538.799805 120 ) (2692 -1720 120 ) (2692 -1720 128 ) (2692 -1538.799805 128 ) 
4 633 636 (2692 -1768 120 ) (2760 -1768 120 ) (2760 -1768 128 ) (2692 -1768 128 ) 
4 634 648 (2684 -1682.666748 120 ) (2680 -1664 120 ) (2680 -1648 120 ) (2684 -1648 120 ) 
4 634 647 (2692 -1648 120 ) (2692 -1720 120 ) (2684 -1682.666748 120 ) (2684 -1648 120 ) 
4 634 646 (2692 -1568 120 ) (2692 -1648 120 ) (2680 -1648 120 ) (2680 -1568 120 ) 
4 634 642 (2692 -1538.799927 120 ) (2692 -1568 120 ) (2680 -1568 120 ) (2680 -1552 120 ) 
4 635 709 (2048 -1768 128 ) (2048 -1392 128 ) (2048 -1392 120 ) (2048 -1768 120 ) 
4 635 659 (2048 -1768 120 ) (2048 -1392 120 ) (2528 -1392 120 ) (2528 -1768 120 ) 
4 635 636 (2048 -1768 120 ) (2528 -1768 120 ) (2528 -1768 128 ) (2048 -1768 128 ) 
4 636 709 (2048 -2048 120 ) (2048 -2048 128 ) (2048 -1768 128 ) (2048 -1768 120 ) 
4 636 662 (2760 -2048 128 ) (2048 -2048 128 ) (2048 -2048 120 ) (2760 -2048 120 ) 
4 636 657 (2668 -2048 120 ) (2660 -2048 120 ) (2660 -1768 120 ) (2668 -1768 120 ) 
4 636 658 (2660 -2048 120 ) (2528 -2048 120 ) (2528 -1768 120 ) (2660 -1768 120 ) 
4 636 656 (2760 -2048 120 ) (2668 -2048 120 ) (2668 -1768 120 ) (2760 -1768 120 ) 
4 636 659 (2528 -2048 120 ) (2048 -2048 120 ) (2048 -1768 120 ) (2528 -1768 120 ) 
4 637 710 (2048 -1024 88 ) (2048 -1024 40 ) (2048 -1392 40 ) (2048 -1392 88 ) 
4 637 709 (2048 -1392 120 ) (2048 -1024 120 ) (2048 -1024 88 ) (2048 -1392 88 ) 
4 637 639 (3072 -1392 40 ) (3072 -1392 120 ) (2760 -1392 120 ) (2760 -1392 40 ) 
4 637 659 (2528 -1392 120 ) (2048 -1392 120 ) (2048 -1392 40 ) (2528 -1392 40 ) 
5 637 638 (2944 -1392 40 ) (2048 -1392 40 ) (2048 -1024 40 ) (3072 -1024 40 ) (3072 -1261.022949 40 ) 
4 638 710 (2048 -1024 40 ) (2048 -1024 -8 ) (2048 -1392 -8 ) (2048 -1392 40 ) 
4 638 640 (2760 -1392 -8 ) (2944 -1392 -8 ) (2944 -1392 40 ) (2760 -1392 40 ) 
4 638 659 (2048 -1392 -8 ) (2528 -1392 -8 ) (2528 -1392 40 ) (2048 -1392 40 ) 
4 639 652 (3072 -1728 40 ) (3072 -1728 120 ) (2760 -1728 120 ) (2760 -1728 40 ) 
4 639 645 (2760 -1568 40 ) (2760 -1728 40 ) (2760 -1728 120 ) (2760 -1568 120 ) 
4 639 641 (2760 -1464 40 ) (2760 -1568 40 ) (2760 -1568 120 ) (2760 -1464 120 ) 
4 639 640 (2944 -1728 40 ) (2760 -1728 40 ) (2760 -1392 40 ) (2944 -1392 40 ) 
4 640 645 (2760 -1568 -8 ) (2760 -1728 -8 ) (2760 -1728 40 ) (2760 -1568 40 ) 
4 640 641 (2760 -1464 -8 ) (2760 -1568 -8 ) (2760 -1568 40 ) (2760 -1464 40 ) 
4 641 645 (2752 -1568 -8 ) (2760 -1568 -8 ) (2760 -1568 120 ) (2752 -1568 120 ) 
4 641 642 (2752 -1472.799805 -8 ) (2752 -1568 -8 ) (2752 -1568 120 ) (2752 -1472.799805 120 ) 
4 642 646 (2680 -1568 -8 ) (2692 -1568 -8 ) (2692 -1568 120 ) (2680 -1568 120 ) 
4 642 645 (2692 -1568 -8 ) (2752 -1568 -8 ) (2752 -1568 120 ) (2692 -1568 120 ) 
4 643 644 (2680 -1400 120 ) (2680 -1400 -8 ) (2680 -1543.200195 -8 ) (2680 -1543.200195 120 ) 
4 644 650 (2672 -1400 -8 ) (2672 -1552 -8 ) (2672 -1552 120 ) (2672 -1400 120 ) 
4 645 652 (2760 -1728 40 ) (2760 -1728 120 ) (2692 -1728 120 ) (2692 -1728 40 ) 
4 645 647 (2692 -1648 -8 ) (2692 -1720 -8 ) (2692 -1720 120 ) (2692 -1648 120 ) 
4 645 646 (2692 -1568 120 ) (2692 -1568 -8 ) (2692 -1648 -8 ) (2692 -1648 120 ) 
4 646 650 (2672 -1568 -8 ) (2672 -1648 -8 ) (2672 -1648 120 ) (2672 -1568 120 ) 
4 646 648 (2680 -1648 -8 ) (2684 -1648 -8 ) (2684 -1648 120 ) (2680 -1648 120 ) 
4 646 647 (2684 -1648 -8 ) (2692 -1648 -8 ) (2692 -1648 120 ) (2684 -1648 120 ) 
4 647 648 (2684 -1648 120 ) (2684 -1648 -8 ) (2684 -1682.667603 -8 ) (2684 -1682.667603 120 ) 
4 649 653 (2684 -1728 40 ) (2684 -1728 120 ) (2672 -1728 120 ) (2672 -1728 40 ) 
4 649 650 (2672 -1664 -8 ) (2672 -1728 -8 ) (2672 -1728 120 ) (2672 -1664 120 ) 
4 650 654 (2536 -1728 -8 ) (2668 -1728 -8 ) (2668 -1728 120 ) (2536 -1728 120 ) 
4 650 653 (2672 -1728 40 ) (2672 -1728 120 ) (2668 -1728 120 ) (2668 -1728 40 ) 
4 650 651 (2536 -1648 -8 ) (2536 -1728 -8 ) (2536 -1728 120 ) (2536 -1648 120 ) 
4 651 655 (2528 -1728 120 ) (2528 -1728 -8 ) (2536 -1728 -8 ) (2536 -1728 120 ) 
4 651 659 (2528 -1648 -8 ) (2528 -1728 -8 ) (2528 -1728 120 ) (2528 -1648 120 ) 
4 652 656 (3072 -1768 40 ) (3072 -1768 120 ) (2692 -1768 120 ) (2692 -1768 40 ) 
4 653 654 (2668 -1728 120 ) (2668 -1728 40 ) (2668 -1760 40 ) (2668 -1760 120 ) 
4 654 655 (2536 -1728 120 ) (2536 -1728 -8 ) (2536 -1732 -8 ) (2536 -1732 120 ) 
4 655 659 (2528 -1728 -8 ) (2528 -1732 -8 ) (2528 -1732 120 ) (2528 -1728 120 ) 
4 656 663 (3072 -2048 40 ) (3072 -2048 88 ) (2668 -2048 88 ) (2668 -2048 40 ) 
4 656 662 (3072 -2048 88 ) (3072 -2048 120 ) (2668 -2048 120 ) (2668 -2048 88 ) 
4 656 657 (2668 -1768 120 ) (2668 -1768 88 ) (2668 -2048 88 ) (2668 -2048 120 ) 
4 657 662 (2668 -2048 120 ) (2660 -2048 120 ) (2660 -2048 88 ) (2668 -2048 88 ) 
4 657 658 (2660 -1768 120 ) (2660 -1768 88 ) (2660 -2048 88 ) (2660 -2048 120 ) 
4 658 665 (2528 -2048 88 ) (2528 -2048 -8 ) (2660 -2048 -8 ) (2660 -2048 88 ) 
4 658 662 (2660 -2048 120 ) (2528 -2048 120 ) (2528 -2048 88 ) (2660 -2048 88 ) 
4 658 659 (2528 -1768 -8 ) (2528 -2048 -8 ) (2528 -2048 120 ) (2528 -1768 120 ) 
4 659 710 (2048 -2048 -8 ) (2048 -2048 88 ) (2048 -1392 88 ) (2048 -1392 -8 ) 
4 659 709 (2048 -2048 88 ) (2048 -2048 120 ) (2048 -1392 120 ) (2048 -1392 88 ) 
4 659 665 (2048 -2048 88 ) (2048 -2048 -8 ) (2528 -2048 -8 ) (2528 -2048 88 ) 
4 659 662 (2528 -2048 120 ) (2048 -2048 120 ) (2048 -2048 88 ) (2528 -2048 88 ) 
4 660 666 (3408 -3072 1104 ) (3308 -3072 1104 ) (3308 -3072 184 ) (3408 -3072 184 ) 
4 660 661 (3308 -3072 184 ) (3308 -3072 1104 ) (3308 -2048 1104 ) (3308 -2048 184 ) 
4 661 667 (3308 -3072 1104 ) (3072 -3072 1104 ) (3072 -3072 40 ) (3308 -3072 40 ) 
4 661 663 (3072 -2048 88 ) (3072 -2048 40 ) (3072 -3072 40 ) (3072 -3072 88 ) 
4 661 662 (3072 -2048 1104 ) (3072 -2048 88 ) (3072 -3072 88 ) (3072 -3072 1104 ) 
4 662 916 (2048 -3072 88 ) (2048 -3072 1104 ) (2048 -2048 1104 ) (2048 -2048 88 ) 
4 662 668 (3072 -3072 88 ) (3072 -3072 1104 ) (2048 -3072 1104 ) (2048 -3072 88 ) 
5 662 665 (2660 -3072 88 ) (2089.697510 -3072 88 ) (2048 -3053.020752 88 ) (2048 -2048 88 ) (2660 -2048 88 ) 
3 662 664 (2072.121582 -3072 88 ) (2048 -3072 88 ) (2048 -3061.020508 88 ) 
4 662 663 (3072 -3072 88 ) (2668 -3072 88 ) (2668 -2048 88 ) (3072 -2048 88 ) 
4 663 669 (3072 -3072 40 ) (3072 -3072 88 ) (2668 -3072 88 ) (2668 -3072 40 ) 
4 664 917 (2048 -3072 -8 ) (2048 -3072 88 ) (2048 -3061.020508 88 ) (2048 -3061.020508 -8 ) 
4 664 672 (2072.121582 -3072 88 ) (2048 -3072 88 ) (2048 -3072 -8 ) (2072.121338 -3072 -8 ) 
4 665 918 (2048 -3053.020752 88 ) (2048 -2048 88 ) (2048 -2048 -8 ) (2048 -3053.020752 -8 ) 
4 665 673 (2160 -3072 88 ) (2089.697510 -3072 88 ) (2089.697266 -3072 -8 ) (2160 -3072 -8 ) 
4 665 671 (2168 -3072 88 ) (2160 -3072 88 ) (2160 -3072 -8 ) (2168 -3072 -8 ) 
4 665 670 (2660 -3072 88 ) (2168 -3072 88 ) (2168 -3072 -8 ) (2660 -3072 -8 ) 
4 666 1289 (3408 -4096 1104 ) (3308 -4096 1104 ) (3308 -4096 184 ) (3408 -4096 184 ) 
4 666 667 (3308 -4096 184 ) (3308 -4096 1104 ) (3308 -3072 1104 ) (3308 -3072 184 ) 
4 667 1290 (3308 -4096 1104 ) (3072 -4096 1104 ) (3072 -4096 40 ) (3308 -4096 40 ) 
4 667 669 (3072 -3072 88 ) (3072 -3072 40 ) (3072 -4096 40 ) (3072 -4096 88 ) 
4 667 668 (3072 -3072 1104 ) (3072 -3072 88 ) (3072 -4096 88 ) (3072 -4096 1104 ) 
4 668 1291 (3072 -4096 88 ) (3072 -4096 1104 ) (2048 -4096 1104 ) (2048 -4096 88 ) 
4 668 936 (2048 -4096 88 ) (2048 -4096 184 ) (2048 -4004 184 ) (2048 -4004 88 ) 
4 668 935 (2048 -4096 184 ) (2048 -4096 1104 ) (2048 -4004 1104 ) (2048 -4004 184 ) 
4 668 924 (2048 -4004 1104 ) (2048 -3072 1104 ) (2048 -3072 88 ) (2048 -4004 88 ) 
3 668 674 (2070.263916 -4096 88 ) (2048 -4096 88 ) (2048 -4073.174316 88 ) 
3 668 673 (2089.697266 -3072 88 ) (2160 -3072 88 ) (2160 -3104 88 ) 
6 668 672 (2160 -4096 88 ) (2079.386963 -4096 88 ) (2048 -4063.843262 88 ) (2048 -3072 88 ) (2072.121338 -3072 88 ) (2160 -3112 88 ) 
4 668 671 (2160 -3104 88 ) (2160 -3072 88 ) (2168 -3072 88 ) (2168 -3104 88 ) 
4 668 670 (2660 -4096 88 ) (2168 -4096 88 ) (2168 -3072 88 ) (2660 -3072 88 ) 
4 668 669 (3072 -4096 88 ) (2668 -4096 88 ) (2668 -3072 88 ) (3072 -3072 88 ) 
4 669 1292 (3072 -4096 40 ) (3072 -4096 88 ) (2668 -4096 88 ) (2668 -4096 40 ) 
4 670 1293 (2660 -4096 88 ) (2168 -4096 88 ) (2168 -4096 -8 ) (2660 -4096 -8 ) 
4 670 671 (2168 -3072 -8 ) (2168 -3104 -8 ) (2168 -3104 88 ) (2168 -3072 88 ) 
4 671 673 (2160 -3072 -8 ) (2160 -3104 -8 ) (2160 -3104 88 ) (2160 -3072 88 ) 
4 672 1294 (2160 -4096 88 ) (2079.386963 -4096 88 ) (2079.377197 -4096 -8 ) (2160 -4096 -8 ) 
4 672 937 (2048 -4063.843262 88 ) (2048 -4004 88 ) (2048 -4004 -8 ) (2048 -4063.853516 -8 ) 
4 672 932 (2048 -4004 88 ) (2048 -3072 88 ) (2048 -3072 -8 ) (2048 -4004 -8 ) 
4 674 1295 (2070.263916 -4096 88 ) (2048 -4096 88 ) (2048 -4096 -8 ) (2070.263916 -4096 -8 ) 
4 674 938 (2048 -4096 -8 ) (2048 -4096 88 ) (2048 -4073.174316 88 ) (2048 -4073.174316 -8 ) 
4 675 716 (1024 0 1104 ) (1024 0 192 ) (1024 -1024 192 ) (1024 -1024 1104 ) 
4 675 709 (2048 -1024 192 ) (2048 -1024 1104 ) (1024 -1024 1104 ) (1024 -1024 192 ) 
4 675 704 (2048 -1024 192 ) (1024 -1024 192 ) (1024 -936 192 ) (2048 -936 192 ) 
4 675 687 (1024 -936 192 ) (1024 0 192 ) (1424 0 192 ) (1424 -936 192 ) 
4 675 683 (1648 -784 192 ) (1648 -936 192 ) (1424 -936 192 ) (1424 -784 192 ) 
4 675 682 (1424 0 192 ) (1648 0 192 ) (1648 -488 192 ) (1424 -488 192 ) 
4 676 679 (2000 -928 -8 ) (2048 -928 -8 ) (2048 -928 120 ) (2000 -928 120 ) 
4 677 680 (1840 -928 -8 ) (1968 -928 -8 ) (1968 -928 120 ) (1840 -928 120 ) 
4 678 681 (1680 -928 -8 ) (1808 -928 -8 ) (1808 -928 120 ) (1680 -928 120 ) 
4 679 705 (2000 -936 -8 ) (2048 -936 -8 ) (2048 -936 88 ) (2000 -936 88 ) 
4 679 704 (2048 -936 88 ) (2048 -936 120 ) (2000 -936 120 ) (2000 -936 88 ) 
4 680 705 (1840 -936 -8 ) (1968 -936 -8 ) (1968 -936 88 ) (1840 -936 88 ) 
4 680 704 (1968 -936 88 ) (1968 -936 120 ) (1840 -936 120 ) (1840 -936 88 ) 
4 681 705 (1680 -936 -8 ) (1808 -936 -8 ) (1808 -936 88 ) (1680 -936 88 ) 
4 681 704 (1808 -936 88 ) (1808 -936 120 ) (1680 -936 120 ) (1680 -936 88 ) 
4 682 691 (1424 0 88 ) (1424 0 40 ) (1424 -228 40 ) (1424 -228 88 ) 
4 682 690 (1424 -228 40 ) (1424 -488 40 ) (1424 -488 48 ) (1424 -228 48 ) 
4 682 688 (1424 -488 48 ) (1424 -488 88 ) (1424 -228 88 ) (1424 -228 48 ) 
4 682 687 (1424 -488 192 ) (1424 0 192 ) (1424 0 88 ) (1424 -488 88 ) 
4 682 686 (1424 -488 40 ) (1424 0 40 ) (1648 0 40 ) (1648 -488 40 ) 
4 683 704 (1648 -936 88 ) (1648 -936 192 ) (1424 -936 192 ) (1424 -936 88 ) 
4 683 687 (1424 -936 88 ) (1424 -936 192 ) (1424 -784 192 ) (1424 -784 88 ) 
5 683 685 (1424 -795.344299 88 ) (1424 -784 88 ) (1648 -784 88 ) (1648 -936 88 ) (1580 -936 88 ) 
3 683 684 (1424 -936 88 ) (1424 -802.557373 88 ) (1572 -936 88 ) 
4 684 707 (1572 -936 88 ) (1424 -936 88 ) (1424 -936 40 ) (1572 -936 40 ) 
4 684 699 (1424 -936 40 ) (1424 -936 88 ) (1424 -802.557373 88 ) (1424 -802.557373 40 ) 
4 685 698 (1424 -795.344299 88 ) (1424 -784 88 ) (1424 -784 40 ) (1424 -795.344299 40 ) 
4 686 691 (1424 0 -8 ) (1424 -228 -8 ) (1424 -228 40 ) (1424 0 40 ) 
4 686 690 (1424 -228 -8 ) (1424 -488 -8 ) (1424 -488 40 ) (1424 -228 40 ) 
4 687 716 (1024 0 192 ) (1024 0 88 ) (1024 -936 88 ) (1024 -936 192 ) 
4 687 704 (1424 -936 88 ) (1424 -936 192 ) (1024 -936 192 ) (1024 -936 88 ) 
3 687 703 (1268 -936 88 ) (1048 -936 88 ) (1268 -716 88 ) 
3 687 702 (1300.655151 -691.344788 88 ) (1328 -664 88 ) (1328 -716 88 ) 
5 687 701 (1336 -936 88 ) (1276 -936 88 ) (1276 -716 88 ) (1300.655151 -691.344788 88 ) (1336 -723.213013 88 ) 
3 687 700 (1328 -656 88 ) (1336 -648 88 ) (1336 -656 88 ) 
4 687 699 (1424 -802.557373 88 ) (1424 -936 88 ) (1336 -936 88 ) (1336 -723.213074 88 ) 
4 687 698 (1424 -664 88 ) (1424 -795.344299 88 ) (1336 -716 88 ) (1336 -664 88 ) 
4 687 697 (1424 -560 88 ) (1424 -656 88 ) (1336 -656 88 ) (1336 -648 88 ) 
3 687 696 (1072.682983 0 88 ) (1164 0 88 ) (1164 -104 88 ) 
6 687 694 (1024 0 88 ) (1064.682983 0 88 ) (1156 -104 88 ) (1156 -488.003998 88 ) (1092.002075 -552.001953 88 ) (1024 -491.015869 88 ) 
3 687 693 (1088.002686 -556.001404 88 ) (1024 -620.004028 88 ) (1024 -498.655151 88 ) 
4 687 692 (1092 -560 88 ) (1024 -628 88 ) (1024 -620.004028 88 ) (1088.001953 -556.002014 88 ) 
4 687 691 (1164 0 88 ) (1424 0 88 ) (1424 -228 88 ) (1164 -488 88 ) 
5 687 688 (1424 -228 88 ) (1424 -560 88 ) (1048 -936 88 ) (1024 -936 88 ) (1024 -628 88 ) 
4 688 720 (1024 -936 48 ) (1024 -936 88 ) (1024 -628 88 ) (1024 -628 48 ) 
4 688 708 (1048 -936 48 ) (1048 -936 88 ) (1024 -936 88 ) (1024 -936 48 ) 
4 688 703 (1268 -716 88 ) (1048 -936 88 ) (1048 -936 48 ) (1268 -716 48 ) 
4 688 700 (1336 -648 88 ) (1328 -656 88 ) (1328 -656 48 ) (1336 -648 48 ) 
4 688 697 (1424 -560 48 ) (1424 -560 88 ) (1336 -648 88 ) (1336 -648 48 ) 
4 688 692 (1024 -627.996094 88 ) (1091.998047 -559.998047 88 ) (1091.998047 -559.998047 48 ) (1024 -627.996094 48 ) 
4 688 691 (1164 -487.996094 88 ) (1424 -227.996094 88 ) (1424 -227.996094 48 ) (1164 -487.996094 48 ) 
4 688 690 (1424 -560 48 ) (1328 -656 48 ) (1164 -488 48 ) (1424 -228 48 ) 
5 688 689 (1268 -716 48 ) (1048 -936 48 ) (1024 -936 48 ) (1024 -628 48 ) (1092 -560 48 ) 
4 689 720 (1024 -628 -8 ) (1024 -936 -8 ) (1024 -936 48 ) (1024 -628 48 ) 
4 689 708 (1024 -936 -8 ) (1048 -936 -8 ) (1048 -936 48 ) (1024 -936 48 ) 
4 689 703 (1268 -716 48 ) (1048 -936 48 ) (1048 -936 -8 ) (1268 -716 -8 ) 
4 689 692 (1091.997925 -559.998169 -8 ) (1024 -627.996094 -8 ) (1024 -627.996094 48 ) (1091.997925 -559.998108 48 ) 
4 690 700 (1336 -648 48 ) (1328 -656 48 ) (1328 -656 -8 ) (1336 -648 -8 ) 
4 690 697 (1424 -560 -8 ) (1424 -560 48 ) (1336 -648 48 ) (1336 -648 -8 ) 
4 690 691 (1424 -227.996094 48 ) (1424 -227.996094 -8 ) (1163.998047 -487.998016 -8 ) (1163.998047 -487.997986 48 ) 
4 691 696 (1164 0 -8 ) (1164 -104 -8 ) (1164 -104 88 ) (1164 0 88 ) 
4 692 720 (1024 -620.004028 -8 ) (1024 -628 -8 ) (1024 -628 88 ) (1024 -620.004028 88 ) 
4 692 695 (1088.003906 -556.003906 -8 ) (1024 -620.007812 -8 ) (1024 -620.007812 40 ) (1088.003906 -556.003906 40 ) 
4 692 693 (1024 -620.007812 40 ) (1024 -620.007812 88 ) (1088.003906 -556.003906 88 ) (1088.003906 -556.003906 40 ) 
4 693 720 (1024 -498.655151 40 ) (1024 -620.004028 40 ) (1024 -620.004028 88 ) (1024 -498.655151 88 ) 
3 693 695 (1088.002563 -556.001343 40 ) (1024 -620.003906 40 ) (1024 -498.655151 40 ) 
4 694 717 (1024 0 88 ) (1024 0 40 ) (1024 -491.015869 40 ) (1024 -491.015869 88 ) 
4 695 720 (1024 -498.655151 -8 ) (1024 -620.004028 -8 ) (1024 -620.004028 40 ) (1024 -498.655151 40 ) 
4 697 700 (1336 -647.998047 88 ) (1336 -647.998047 -8 ) (1336 -656 -8 ) (1336 -656 88 ) 
4 699 707 (1424 -936 40 ) (1424 -936 88 ) (1336 -936 88 ) (1336 -936 40 ) 
4 699 701 (1336 -936 40 ) (1336 -936 88 ) (1336 -723.213074 88 ) (1336 -723.213074 40 ) 
4 701 707 (1336 -936 40 ) (1336 -936 88 ) (1276 -936 88 ) (1276 -936 40 ) 
4 701 702 (1328 -716.001648 40 ) (1300.652344 -691.343750 40 ) (1300.652344 -691.343750 88 ) (1328 -716.001648 88 ) 
4 703 708 (1048 -936 -8 ) (1268 -936 -8 ) (1268 -936 88 ) (1048 -936 88 ) 
4 704 716 (1024 -1024 88 ) (1024 -1024 192 ) (1024 -936 192 ) (1024 -936 88 ) 
4 704 709 (2048 -1024 88 ) (2048 -1024 192 ) (1024 -1024 192 ) (1024 -1024 88 ) 
4 704 708 (1268 -1024 88 ) (1024 -1024 88 ) (1024 -936 88 ) (1268 -936 88 ) 
4 704 707 (1572 -1024 88 ) (1276 -1024 88 ) (1276 -936 88 ) (1572 -936 88 ) 
4 704 706 (1656 -1024 88 ) (1580 -1024 88 ) (1580 -944 88 ) (1656 -944 88 ) 
4 704 705 (2048 -1024 88 ) (1656 -1024 88 ) (1656 -936 88 ) (2048 -936 88 ) 
4 705 710 (2048 -1024 -8 ) (2048 -1024 88 ) (1656 -1024 88 ) (1656 -1024 -8 ) 
4 705 706 (1656 -1024 88 ) (1656 -944 88 ) (1656 -944 -8 ) (1656 -1024 -8 ) 
4 706 710 (1656 -1024 88 ) (1580 -1024 88 ) (1580 -1024 -8 ) (1656 -1024 -8 ) 
4 707 712 (1572 -1024 88 ) (1276 -1024 88 ) (1276 -1024 40 ) (1572 -1024 40 ) 
4 708 720 (1024 -936 -8 ) (1024 -1024 -8 ) (1024 -1024 88 ) (1024 -936 88 ) 
4 708 715 (1268 -1024 88 ) (1024 -1024 88 ) (1024 -1024 -8 ) (1268 -1024 -8 ) 
4 709 916 (2048 -2048 88 ) (2048 -2048 1104 ) (1024 -2048 1104 ) (1024 -2048 88 ) 
4 709 731 (1024 -2048 88 ) (1024 -2048 1104 ) (1024 -1024 1104 ) (1024 -1024 88 ) 
4 709 714 (1276 -2048 88 ) (1268 -2048 88 ) (1268 -1292 88 ) (1276 -1298.736938 88 ) 
4 709 715 (1268 -2048 88 ) (1024 -2048 88 ) (1024 -1024 88 ) (1268 -1024 88 ) 
4 709 713 (1572 -2048 88 ) (1276 -2048 88 ) (1276 -1298.736816 88 ) (1572 -1548 88 ) 
4 709 712 (1276 -1292 88 ) (1276 -1024 88 ) (1572 -1024 88 ) (1572 -1540 88 ) 
4 709 711 (1580 -2048 88 ) (1572 -2048 88 ) (1572 -1780 88 ) (1580 -1780 88 ) 
4 709 710 (2048 -2048 88 ) (1580 -2048 88 ) (1580 -1024 88 ) (2048 -1024 88 ) 
4 710 918 (2048 -2048 -8 ) (2048 -2048 88 ) (1580 -2048 88 ) (1580 -2048 -8 ) 
4 710 711 (1580 -1780 -8 ) (1580 -2048 -8 ) (1580 -2048 88 ) (1580 -1780 88 ) 
4 711 919 (1580 -2048 88 ) (1572 -2048 88 ) (1572 -2048 -8 ) (1580 -2048 -8 ) 
4 711 713 (1572 -1780 -8 ) (1572 -2048 -8 ) (1572 -2048 88 ) (1572 -1780 88 ) 
4 713 919 (1572 -2048 88 ) (1276 -2048 88 ) (1276 -2048 -8 ) (1572 -2048 -8 ) 
4 713 714 (1276 -1298.736938 -8 ) (1276 -2048 -8 ) (1276 -2048 88 ) (1276 -1298.736816 88 ) 
4 714 922 (1272 -2048 88 ) (1268 -2048 88 ) (1268 -2048 -8 ) (1272 -2048 -8 ) 
4 714 919 (1276 -2048 88 ) (1272 -2048 88 ) (1272 -2048 -8 ) (1276 -2048 -8 ) 
4 714 715 (1268 -1292 -8 ) (1268 -2048 -8 ) (1268 -2048 88 ) (1268 -1292 88 ) 
4 715 922 (1268 -2048 88 ) (1264 -2048 88 ) (1264 -2048 -8 ) (1268 -2048 -8 ) 
4 715 923 (1264 -2048 88 ) (1024 -2048 88 ) (1024 -2048 -8 ) (1264 -2048 -8 ) 
4 715 732 (1024 -2048 -8 ) (1024 -2048 56 ) (1024 -1024 56 ) (1024 -1024 -8 ) 
4 715 731 (1024 -2048 56 ) (1024 -2048 88 ) (1024 -1024 88 ) (1024 -1024 56 ) 
4 716 766 (216 -1024 1104 ) (0 -1024 1104 ) (0 -1024 88 ) (216 -1024 88 ) 
4 716 764 (224 -1024 1104 ) (216 -1024 1104 ) (216 -1024 88 ) (224 -1024 88 ) 
4 716 748 (736 -1024 1104 ) (224 -1024 1104 ) (224 -1024 88 ) (736 -1024 88 ) 
4 716 746 (736 -1024 94 ) (736 -1024 88 ) (744 -1024 88 ) (744 -1024 94 ) 
4 716 743 (736 -1024 230 ) (736 -1024 94 ) (744 -1024 94 ) (744 -1024 230 ) 
4 716 740 (736 -1024 366 ) (736 -1024 230 ) (744 -1024 230 ) (744 -1024 366 ) 
4 716 737 (736 -1024 426 ) (736 -1024 366 ) (744 -1024 366 ) (744 -1024 426 ) 
4 716 736 (736 -1024 464 ) (736 -1024 426 ) (744 -1024 426 ) (744 -1024 464 ) 
4 716 735 (744 -1024 1104 ) (736 -1024 1104 ) (736 -1024 464 ) (744 -1024 464 ) 
4 716 731 (1024 -1024 88 ) (1024 -1024 1104 ) (744 -1024 1104 ) (744 -1024 88 ) 
4 716 725 (0 0 1104 ) (0 0 88 ) (0 -1024 88 ) (0 -1024 1104 ) 
5 716 720 (1024 -498.655151 88 ) (1024 -1024 88 ) (48 -1024 88 ) (48 -108 88 ) (588 -108 88 ) 
4 716 721 (0 -1024 88 ) (0 -100 88 ) (48 -100 88 ) (48 -1024 88 ) 
4 716 719 (0 -100 88 ) (0 0 88 ) (132 0 88 ) (132 -100 88 ) 
4 716 718 (140 0 88 ) (476.495575 0 88 ) (588 -100 88 ) (140 -100 88 ) 
3 716 717 (476.495575 0 88 ) (1024 0 88 ) (1024 -491.015869 88 ) 
4 717 718 (588 -100 88 ) (476.495544 0 88 ) (476.497772 0 40 ) (588.002197 -100 40 ) 
4 719 726 (0 0 88 ) (0 0 -8 ) (0 -100 -8 ) (0 -100 88 ) 
4 719 721 (0 -100 -8 ) (48 -100 -8 ) (48 -100 88 ) (0 -100 88 ) 
4 720 768 (48 -1024 56 ) (48 -1024 -8 ) (136 -1024 -8 ) (136 -1024 56 ) 
4 720 767 (136 -1024 -8 ) (224 -1024 -8 ) (224 -1024 56 ) (136 -1024 56 ) 
4 720 766 (216 -1024 88 ) (48 -1024 88 ) (48 -1024 56 ) (216 -1024 56 ) 
4 720 764 (224 -1024 88 ) (216 -1024 88 ) (216 -1024 56 ) (224 -1024 56 ) 
4 720 748 (736 -1024 88 ) (224 -1024 88 ) (224 -1024 -8 ) (736 -1024 -8 ) 
4 720 747 (736 -1024 56 ) (736 -1024 -8 ) (744 -1024 -8 ) (744 -1024 56 ) 
4 720 746 (744 -1024 88 ) (736 -1024 88 ) (736 -1024 56 ) (744 -1024 56 ) 
4 720 733 (832 -1024 56 ) (744 -1024 56 ) (744 -1024 -8 ) (832 -1024 -8 ) 
4 720 732 (1024 -1024 -8 ) (1024 -1024 56 ) (832 -1024 56 ) (832 -1024 -8 ) 
4 720 731 (1024 -1024 56 ) (1024 -1024 88 ) (744 -1024 88 ) (744 -1024 56 ) 
4 720 721 (48 -108 -8 ) (48 -1024 -8 ) (48 -1024 88 ) (48 -108 88 ) 
4 721 768 (8 -1024 -8 ) (48 -1024 -8 ) (48 -1024 56 ) (8 -1024 56 ) 
4 721 769 (0 -1024 56 ) (0 -1024 -8 ) (8 -1024 -8 ) (8 -1024 56 ) 
4 721 766 (48 -1024 88 ) (0 -1024 88 ) (0 -1024 56 ) (48 -1024 56 ) 
4 721 728 (0 -100 -8 ) (0 -1024 -8 ) (0 -1024 88 ) (0 -100 88 ) 
4 722 723 (16 -556 -152 ) (16 -716 -152 ) (16 -716 -24 ) (16 -556 -24 ) 
4 723 730 (0 -556 -152 ) (0 -716 -152 ) (0 -716 -24 ) (0 -556 -24 ) 
4 723 724 (8 -716 -24 ) (0 -716 -24 ) (0 -716 -152 ) (8 -716 -152 ) 
4 724 772 (8 -1024 -24 ) (0 -1024 -24 ) (0 -1024 -152 ) (8 -1024 -152 ) 
4 724 730 (0 -1024 -152 ) (0 -1024 -24 ) (0 -716 -24 ) (0 -716 -152 ) 
4 725 1695 (-1024 0 1104 ) (-1024 0 88 ) (-1024 -1024 88 ) (-1024 -1024 1104 ) 
4 725 844 (0 -1024 88 ) (0 -1024 328 ) (-1024 -1024 328 ) (-1024 -1024 88 ) 
4 725 836 (0 -1024 328 ) (0 -1024 366 ) (-1024 -1024 366 ) (-1024 -1024 328 ) 
4 725 821 (0 -1024 366 ) (0 -1024 426 ) (-1024 -1024 426 ) (-1024 -1024 366 ) 
4 725 818 (0 -1024 426 ) (0 -1024 464 ) (-1024 -1024 464 ) (-1024 -1024 426 ) 
4 725 817 (0 -1024 464 ) (0 -1024 1104 ) (-1024 -1024 1104 ) (-1024 -1024 464 ) 
4 725 729 (-560 -1024 88 ) (-1024 -1024 88 ) (-1024 -108 88 ) (-560 -108 88 ) 
4 725 728 (0 -1024 88 ) (-560 -1024 88 ) (-560 -100 88 ) (0 -100 88 ) 
4 725 727 (-1024 -100 88 ) (-1024 0 88 ) (-652 0 88 ) (-652 -100 88 ) 
4 725 726 (-644 0 88 ) (0 0 88 ) (0 -100 88 ) (-644 -100 88 ) 
4 726 728 (-560 -100 -8 ) (0 -100 -8 ) (0 -100 88 ) (-560 -100 88 ) 
4 727 1697 (-1024 0 88 ) (-1024 0 40 ) (-1024 -100 40 ) (-1024 -100 88 ) 
4 728 864 (0 -1024 -8 ) (0 -1024 56 ) (-560 -1024 56 ) (-560 -1024 -8 ) 
4 728 844 (0 -1024 56 ) (0 -1024 88 ) (-560 -1024 88 ) (-560 -1024 56 ) 
4 728 729 (-560 -108 -8 ) (-560 -1024 -8 ) (-560 -1024 88 ) (-560 -108 88 ) 
4 729 1699 (-1024 -108 -8 ) (-1024 -1024 -8 ) (-1024 -1024 88 ) (-1024 -108 88 ) 
4 729 865 (-712 -1024 -8 ) (-584 -1024 -8 ) (-584 -1024 56 ) (-712 -1024 56 ) 
4 729 864 (-584 -1024 -8 ) (-560 -1024 -8 ) (-560 -1024 56 ) (-584 -1024 56 ) 
4 729 866 (-1024 -1024 56 ) (-1024 -1024 -8 ) (-712 -1024 -8 ) (-712 -1024 56 ) 
4 729 844 (-560 -1024 88 ) (-1024 -1024 88 ) (-1024 -1024 56 ) (-560 -1024 56 ) 
4 730 872 (0 -1024 -152 ) (0 -1024 -24 ) (-584 -1024 -24 ) (-584 -1024 -152 ) 
4 731 1078 (880 -2048 94 ) (744 -2048 94 ) (744 -2048 56 ) (880 -2048 56 ) 
4 731 1077 (888 -2048 94 ) (880 -2048 94 ) (880 -2048 56 ) (888 -2048 56 ) 
4 731 1076 (1024 -2048 56 ) (1024 -2048 94 ) (888 -2048 94 ) (888 -2048 56 ) 
4 731 1050 (1024 -2048 94 ) (1024 -2048 192 ) (744 -2048 192 ) (744 -2048 94 ) 
4 731 1027 (1024 -2048 192 ) (1024 -2048 230 ) (744 -2048 230 ) (744 -2048 192 ) 
4 731 999 (1024 -2048 230 ) (1024 -2048 328 ) (744 -2048 328 ) (744 -2048 230 ) 
4 731 978 (880 -2048 366 ) (744 -2048 366 ) (744 -2048 328 ) (880 -2048 328 ) 
4 731 977 (888 -2048 366 ) (880 -2048 366 ) (880 -2048 328 ) (888 -2048 328 ) 
4 731 976 (1024 -2048 328 ) (1024 -2048 366 ) (888 -2048 366 ) (888 -2048 328 ) 
4 731 949 (880 -2048 426 ) (744 -2048 426 ) (744 -2048 366 ) (880 -2048 366 ) 
4 731 948 (888 -2048 426 ) (880 -2048 426 ) (880 -2048 366 ) (888 -2048 366 ) 
4 731 947 (1024 -2048 366 ) (1024 -2048 426 ) (888 -2048 426 ) (888 -2048 366 ) 
4 731 944 (880 -2048 464 ) (744 -2048 464 ) (744 -2048 426 ) (880 -2048 426 ) 
4 731 943 (888 -2048 464 ) (880 -2048 464 ) (880 -2048 426 ) (888 -2048 426 ) 
4 731 942 (1024 -2048 426 ) (1024 -2048 464 ) (888 -2048 464 ) (888 -2048 426 ) 
4 731 941 (1024 -2048 464 ) (1024 -2048 1104 ) (744 -2048 1104 ) (744 -2048 464 ) 
4 731 746 (744 -1024 94 ) (744 -1024 56 ) (744 -1084 56 ) (744 -1084 94 ) 
4 731 745 (744 -1424 94 ) (744 -1480 94 ) (744 -1480 154 ) (744 -1424 154 ) 
4 731 744 (744 -1200 94 ) (744 -1256 94 ) (744 -1256 154 ) (744 -1200 154 ) 
4 731 743 (744 -1024 230 ) (744 -1024 94 ) (744 -1084 94 ) (744 -1084 230 ) 
4 731 742 (744 -1424 230 ) (744 -1480 230 ) (744 -1480 290 ) (744 -1424 290 ) 
4 731 741 (744 -1200 230 ) (744 -1256 230 ) (744 -1256 290 ) (744 -1200 290 ) 
4 731 740 (744 -1024 366 ) (744 -1024 230 ) (744 -1084 230 ) (744 -1084 366 ) 
4 731 738 (744 -1200 366 ) (744 -1256 366 ) (744 -1256 426 ) (744 -1200 426 ) 
4 731 739 (744 -1424 366 ) (744 -1480 366 ) (744 -1480 426 ) (744 -1424 426 ) 
4 731 737 (744 -1024 426 ) (744 -1024 366 ) (744 -1084 366 ) (744 -1084 426 ) 
4 731 736 (744 -1024 464 ) (744 -1024 426 ) (744 -1084 426 ) (744 -1084 464 ) 
4 731 735 (744 -1024 1104 ) (744 -1024 464 ) (744 -2048 464 ) (744 -2048 1104 ) 
3 731 734 (784 -1596 56 ) (832 -1596 56 ) (832 -1636 56 ) 
4 731 733 (744 -1596 56 ) (744 -1024 56 ) (832 -1024 56 ) (832 -1596 56 ) 
4 731 732 (832 -1024 56 ) (1024 -1024 56 ) (1024 -2048 56 ) (832 -2048 56 ) 
4 732 1097 (1024 -2048 -8 ) (1024 -2048 56 ) (832 -2048 56 ) (832 -2048 -8 ) 
4 732 734 (832 -1596 -8 ) (832 -1636 -8 ) (832 -1636 56 ) (832 -1596 56 ) 
4 732 733 (832 -1024 -8 ) (832 -1596 -8 ) (832 -1596 56 ) (832 -1024 56 ) 
4 733 747 (744 -1024 56 ) (744 -1024 -8 ) (744 -1084 -8 ) (744 -1084 56 ) 
4 733 734 (784 -1596 -8 ) (832 -1596 -8 ) (832 -1596 56 ) (784 -1596 56 ) 
4 735 941 (744 -2048 464 ) (744 -2048 1104 ) (736 -2048 1104 ) (736 -2048 464 ) 
4 735 806 (736 -2048 464 ) (736 -2048 1104 ) (736 -1908 1104 ) (736 -1908 464 ) 
4 735 802 (736 -1908 1104 ) (736 -1716 1104 ) (736 -1716 464 ) (736 -1908 464 ) 
4 735 790 (736 -1716 1104 ) (736 -1708 1104 ) (736 -1708 464 ) (736 -1716 464 ) 
4 735 786 (736 -1708 1104 ) (736 -1180 1104 ) (736 -1180 464 ) (736 -1708 464 ) 
4 735 760 (736 -1180 1104 ) (736 -1092 1104 ) (736 -1092 464 ) (736 -1180 464 ) 
4 735 749 (736 -1092 1104 ) (736 -1084 1104 ) (736 -1084 464 ) (736 -1092 464 ) 
4 735 748 (736 -1084 1104 ) (736 -1024 1104 ) (736 -1024 464 ) (736 -1084 464 ) 
4 735 736 (736 -1084 464 ) (736 -1024 464 ) (744 -1024 464 ) (744 -1084 464 ) 
4 736 748 (736 -1084 464 ) (736 -1024 464 ) (736 -1024 426 ) (736 -1084 426 ) 
4 736 737 (736 -1084 426 ) (736 -1024 426 ) (744 -1024 426 ) (744 -1084 426 ) 
4 737 748 (736 -1084 426 ) (736 -1024 426 ) (736 -1024 366 ) (736 -1084 366 ) 
4 737 740 (736 -1084 366 ) (736 -1024 366 ) (744 -1024 366 ) (744 -1084 366 ) 
4 738 787 (736 -1256 426 ) (736 -1200 426 ) (736 -1200 366 ) (736 -1256 366 ) 
4 739 787 (736 -1480 426 ) (736 -1424 426 ) (736 -1424 366 ) (736 -1480 366 ) 
4 740 748 (736 -1084 366 ) (736 -1024 366 ) (736 -1024 230 ) (736 -1084 230 ) 
4 740 743 (736 -1084 230 ) (736 -1024 230 ) (744 -1024 230 ) (744 -1084 230 ) 
4 741 788 (736 -1200 290 ) (736 -1200 230 ) (736 -1256 230 ) (736 -1256 290 ) 
4 742 788 (736 -1424 290 ) (736 -1424 230 ) (736 -1480 230 ) (736 -1480 290 ) 
4 743 748 (736 -1084 230 ) (736 -1024 230 ) (736 -1024 94 ) (736 -1084 94 ) 
4 743 746 (736 -1084 94 ) (736 -1024 94 ) (744 -1024 94 ) (744 -1084 94 ) 
4 744 789 (736 -1200 154 ) (736 -1200 94 ) (736 -1256 94 ) (736 -1256 154 ) 
4 745 789 (736 -1424 154 ) (736 -1424 94 ) (736 -1480 94 ) (736 -1480 154 ) 
4 746 748 (736 -1084 94 ) (736 -1024 94 ) (736 -1024 56 ) (736 -1084 56 ) 
4 746 747 (736 -1084 56 ) (736 -1024 56 ) (744 -1024 56 ) (744 -1084 56 ) 
4 747 748 (736 -1084 -8 ) (736 -1084 56 ) (736 -1024 56 ) (736 -1024 -8 ) 
4 748 767 (224 -1084 -8 ) (224 -1084 56 ) (224 -1024 56 ) (224 -1024 -8 ) 
4 748 764 (224 -1084 56 ) (224 -1084 1104 ) (224 -1024 1104 ) (224 -1024 56 ) 
4 748 759 (224 -1084 1104 ) (224 -1084 464 ) (340 -1084 464 ) (340 -1084 1104 ) 
4 748 758 (396 -1084 94 ) (396 -1084 154 ) (340 -1084 154 ) (340 -1084 94 ) 
4 748 757 (396 -1084 230 ) (396 -1084 290 ) (340 -1084 290 ) (340 -1084 230 ) 
4 748 756 (396 -1084 366 ) (396 -1084 426 ) (340 -1084 426 ) (340 -1084 366 ) 
4 748 755 (396 -1084 464 ) (396 -1084 1104 ) (340 -1084 1104 ) (340 -1084 464 ) 
4 748 754 (564 -1084 464 ) (564 -1084 1104 ) (396 -1084 1104 ) (396 -1084 464 ) 
4 748 753 (620 -1084 94 ) (620 -1084 154 ) (564 -1084 154 ) (564 -1084 94 ) 
4 748 752 (620 -1084 230 ) (620 -1084 290 ) (564 -1084 290 ) (564 -1084 230 ) 
4 748 751 (620 -1084 366 ) (620 -1084 426 ) (564 -1084 426 ) (564 -1084 366 ) 
4 748 750 (620 -1084 464 ) (620 -1084 1104 ) (564 -1084 1104 ) (564 -1084 464 ) 
4 748 749 (736 -1084 464 ) (736 -1084 1104 ) (620 -1084 1104 ) (620 -1084 464 ) 
4 749 760 (736 -1092 464 ) (736 -1092 1104 ) (620 -1092 1104 ) (620 -1092 464 ) 
4 749 750 (620 -1084 1104 ) (620 -1084 464 ) (620 -1092 464 ) (620 -1092 1104 ) 
4 750 760 (620 -1092 464 ) (620 -1092 1104 ) (564 -1092 1104 ) (564 -1092 464 ) 
4 750 754 (564 -1084 1104 ) (564 -1084 464 ) (564 -1092 464 ) (564 -1092 1104 ) 
4 751 761 (620 -1092 366 ) (620 -1092 426 ) (564 -1092 426 ) (564 -1092 366 ) 
4 752 762 (620 -1092 230 ) (620 -1092 290 ) (564 -1092 290 ) (564 -1092 230 ) 
4 753 763 (620 -1092 94 ) (620 -1092 154 ) (564 -1092 154 ) (564 -1092 94 ) 
4 754 760 (564 -1092 464 ) (564 -1092 1104 ) (396 -1092 1104 ) (396 -1092 464 ) 
4 754 755 (396 -1084 1104 ) (396 -1084 464 ) (396 -1092 464 ) (396 -1092 1104 ) 
4 755 760 (396 -1092 464 ) (396 -1092 1104 ) (340 -1092 1104 ) (340 -1092 464 ) 
4 755 759 (340 -1084 1104 ) (340 -1084 464 ) (340 -1092 464 ) (340 -1092 1104 ) 
4 756 761 (396 -1092 366 ) (396 -1092 426 ) (340 -1092 426 ) (340 -1092 366 ) 
4 757 762 (396 -1092 230 ) (396 -1092 290 ) (340 -1092 290 ) (340 -1092 230 ) 
4 758 763 (396 -1092 94 ) (396 -1092 154 ) (340 -1092 154 ) (340 -1092 94 ) 
4 759 764 (224 -1092 464 ) (224 -1092 1104 ) (224 -1084 1104 ) (224 -1084 464 ) 
4 759 760 (224 -1092 1104 ) (224 -1092 464 ) (340 -1092 464 ) (340 -1092 1104 ) 
4 760 786 (736 -1180 464 ) (736 -1180 1104 ) (224 -1180 1104 ) (224 -1180 464 ) 
4 760 773 (224 -1180 464 ) (224 -1180 1104 ) (224 -1172 1104 ) (224 -1172 464 ) 
4 760 765 (224 -1172 1104 ) (224 -1092 1104 ) (224 -1092 464 ) (224 -1172 464 ) 
4 761 787 (736 -1180 328 ) (736 -1180 456 ) (224 -1180 456 ) (224 -1180 328 ) 
4 762 788 (736 -1180 192 ) (736 -1180 320 ) (224 -1180 320 ) (224 -1180 192 ) 
4 763 789 (736 -1180 56 ) (736 -1180 184 ) (224 -1180 184 ) (224 -1180 56 ) 
4 764 767 (216 -1084 56 ) (216 -1024 56 ) (224 -1024 56 ) (224 -1084 56 ) 
4 764 766 (216 -1024 1104 ) (216 -1024 56 ) (216 -1092 56 ) (216 -1092 1104 ) 
4 764 765 (216 -1092 1104 ) (216 -1092 464 ) (224 -1092 464 ) (224 -1092 1104 ) 
4 765 773 (224 -1172 464 ) (224 -1172 1104 ) (216 -1172 1104 ) (216 -1172 464 ) 
4 765 766 (216 -1172 464 ) (216 -1172 1104 ) (216 -1092 1104 ) (216 -1092 464 ) 
4 766 859 (0 -1092 56 ) (0 -1172 56 ) (0 -1172 192 ) (0 -1092 192 ) 
4 766 856 (0 -1172 192 ) (0 -1172 230 ) (0 -1092 230 ) (0 -1092 192 ) 
4 766 850 (0 -1172 230 ) (0 -1172 320 ) (0 -1092 320 ) (0 -1092 230 ) 
4 766 848 (0 -1172 320 ) (0 -1172 328 ) (0 -1092 328 ) (0 -1092 320 ) 
4 766 845 (0 -1084 56 ) (0 -1092 56 ) (0 -1092 328 ) (0 -1084 328 ) 
4 766 844 (0 -1024 328 ) (0 -1024 56 ) (0 -1084 56 ) (0 -1084 328 ) 
4 766 839 (0 -1092 328 ) (0 -1172 328 ) (0 -1172 366 ) (0 -1092 366 ) 
4 766 837 (0 -1084 328 ) (0 -1092 328 ) (0 -1092 366 ) (0 -1084 366 ) 
4 766 836 (0 -1024 366 ) (0 -1024 328 ) (0 -1084 328 ) (0 -1084 366 ) 
4 766 828 (0 -1092 366 ) (0 -1172 366 ) (0 -1172 456 ) (0 -1092 456 ) 
4 766 826 (0 -1172 456 ) (0 -1172 464 ) (0 -1092 464 ) (0 -1092 456 ) 
4 766 825 (0 -1172 464 ) (0 -1172 1104 ) (0 -1092 1104 ) (0 -1092 464 ) 
4 766 822 (0 -1084 366 ) (0 -1092 366 ) (0 -1092 426 ) (0 -1084 426 ) 
4 766 821 (0 -1024 426 ) (0 -1024 366 ) (0 -1084 366 ) (0 -1084 426 ) 
4 766 819 (0 -1084 426 ) (0 -1092 426 ) (0 -1092 464 ) (0 -1084 464 ) 
4 766 818 (0 -1024 464 ) (0 -1024 426 ) (0 -1084 426 ) (0 -1084 464 ) 
4 766 817 (0 -1024 1104 ) (0 -1024 464 ) (0 -1092 464 ) (0 -1092 1104 ) 
4 766 783 (0 -1172 328 ) (0 -1172 320 ) (8 -1172 320 ) (8 -1172 328 ) 
4 766 782 (0 -1172 1104 ) (0 -1172 456 ) (8 -1172 456 ) (8 -1172 1104 ) 
4 766 781 (24 -1172 56 ) (44 -1172 56 ) (44 -1172 164 ) (24 -1172 164 ) 
4 766 780 (44 -1172 464 ) (44 -1172 1104 ) (8 -1172 1104 ) (8 -1172 464 ) 
4 766 779 (44 -1172 56 ) (100 -1172 56 ) (100 -1172 164 ) (44 -1172 164 ) 
4 766 778 (100 -1172 230 ) (100 -1172 290 ) (44 -1172 290 ) (44 -1172 230 ) 
4 766 777 (100 -1172 366 ) (100 -1172 426 ) (44 -1172 426 ) (44 -1172 366 ) 
4 766 776 (100 -1172 464 ) (100 -1172 1104 ) (44 -1172 1104 ) (44 -1172 464 ) 
4 766 775 (100 -1172 56 ) (120 -1172 56 ) (120 -1172 164 ) (100 -1172 164 ) 
4 766 774 (136 -1172 464 ) (136 -1172 1104 ) (100 -1172 1104 ) (100 -1172 464 ) 
4 766 773 (216 -1172 464 ) (216 -1172 1104 ) (136 -1172 1104 ) (136 -1172 464 ) 
4 766 770 (136 -1172 56 ) (8 -1172 56 ) (8 -1132 56 ) (136 -1132 56 ) 
4 766 771 (8 -1172 56 ) (0 -1172 56 ) (0 -1132 56 ) (8 -1132 56 ) 
4 766 768 (8 -1024 56 ) (136 -1024 56 ) (136 -1132 56 ) (8 -1132 56 ) 
4 766 769 (0 -1132 56 ) (0 -1024 56 ) (8 -1024 56 ) (8 -1132 56 ) 
4 766 767 (136 -1024 56 ) (216 -1024 56 ) (216 -1084 56 ) (136 -1084 56 ) 
5 767 768 (136 -1024 -8 ) (136 -1076 -8 ) (136 -1084 -2.666636 ) (136 -1084 56 ) (136 -1024 56 ) 
4 768 770 (136 -1132 56 ) (8 -1132 56 ) (8 -1132 29.333473 ) (136 -1132 29.333473 ) 
5 768 769 (8 -1024 -8 ) (8 -1076 -8 ) (8 -1132 29.333473 ) (8 -1132 56 ) (8 -1024 56 ) 
4 769 867 (0 -1084 -8 ) (0 -1132 -8 ) (0 -1132 56 ) (0 -1084 56 ) 
4 769 864 (0 -1024 56 ) (0 -1024 -8 ) (0 -1084 -8 ) (0 -1084 56 ) 
4 769 771 (8 -1132 56 ) (0 -1132 56 ) (0 -1132 -8 ) (8 -1132 -8 ) 
3 770 771 (8 -1132 56 ) (8 -1132 29.333490 ) (8 -1172 56 ) 
4 771 870 (0 -1132 -16 ) (0 -1172 -16 ) (0 -1172 56 ) (0 -1132 56 ) 
4 771 784 (0 -1172 56 ) (0 -1172 -16 ) (8 -1172 -16 ) (8 -1172 56 ) 
4 772 872 (0 -1024 -24 ) (0 -1024 -152 ) (0 -1172 -152 ) (0 -1172 -24 ) 
4 772 785 (0 -1172 -24 ) (0 -1172 -152 ) (8 -1172 -152 ) (8 -1172 -24 ) 
4 773 786 (224 -1180 464 ) (224 -1180 1104 ) (136 -1180 1104 ) (136 -1180 464 ) 
4 773 774 (136 -1172 1104 ) (136 -1172 464 ) (136 -1180 464 ) (136 -1180 1104 ) 
4 774 794 (128 -1180 1104 ) (100 -1180 1104 ) (100 -1180 464 ) (128 -1180 464 ) 
4 774 786 (136 -1180 464 ) (136 -1180 1104 ) (128 -1180 1104 ) (128 -1180 464 ) 
4 774 776 (100 -1172 1104 ) (100 -1172 464 ) (100 -1180 464 ) (100 -1180 1104 ) 
4 775 797 (120 -1180 164 ) (100 -1180 164 ) (100 -1180 56 ) (120 -1180 56 ) 
4 775 779 (100 -1172 164 ) (100 -1172 56 ) (100 -1180 56 ) (100 -1180 164 ) 
4 776 794 (100 -1180 464 ) (100 -1180 1104 ) (44 -1180 1104 ) (44 -1180 464 ) 
4 776 780 (44 -1172 1104 ) (44 -1172 464 ) (44 -1180 464 ) (44 -1180 1104 ) 
4 777 795 (100 -1180 366 ) (100 -1180 426 ) (44 -1180 426 ) (44 -1180 366 ) 
4 778 796 (100 -1180 230 ) (100 -1180 290 ) (44 -1180 290 ) (44 -1180 230 ) 
4 779 797 (100 -1180 56 ) (100 -1180 164 ) (44 -1180 164 ) (44 -1180 56 ) 
4 779 781 (44 -1172 164 ) (44 -1172 56 ) (44 -1180 56 ) (44 -1180 164 ) 
4 780 798 (16 -1180 1104 ) (8 -1180 1104 ) (8 -1180 464 ) (16 -1180 464 ) 
4 780 794 (44 -1180 464 ) (44 -1180 1104 ) (16 -1180 1104 ) (16 -1180 464 ) 
4 780 782 (8 -1172 1104 ) (8 -1172 464 ) (8 -1180 464 ) (8 -1180 1104 ) 
4 781 797 (44 -1180 56 ) (44 -1180 164 ) (24 -1180 164 ) (24 -1180 56 ) 
4 782 826 (0 -1180 456 ) (0 -1180 464 ) (0 -1172 464 ) (0 -1172 456 ) 
4 782 825 (0 -1180 464 ) (0 -1180 1104 ) (0 -1172 1104 ) (0 -1172 464 ) 
4 782 798 (0 -1180 1104 ) (0 -1180 464 ) (8 -1180 464 ) (8 -1180 1104 ) 
4 783 848 (0 -1180 320 ) (0 -1180 328 ) (0 -1172 328 ) (0 -1172 320 ) 
4 784 870 (0 -1180 -16 ) (0 -1180 56 ) (0 -1172 56 ) (0 -1172 -16 ) 
4 785 872 (0 -1180 -152 ) (0 -1180 -24 ) (0 -1172 -24 ) (0 -1172 -152 ) 
4 785 801 (0 -1180 -24 ) (0 -1180 -152 ) (8 -1180 -152 ) (8 -1180 -24 ) 
4 786 794 (128 -1180 1104 ) (128 -1180 464 ) (128 -1708 464 ) (128 -1708 1104 ) 
4 786 790 (128 -1708 1104 ) (128 -1708 464 ) (736 -1708 464 ) (736 -1708 1104 ) 
4 787 791 (384 -1708 328 ) (480 -1708 328 ) (480 -1708 436 ) (384 -1708 436 ) 
4 788 792 (384 -1708 192 ) (480 -1708 192 ) (480 -1708 300 ) (384 -1708 300 ) 
4 789 793 (384 -1708 56 ) (480 -1708 56 ) (480 -1708 164 ) (384 -1708 164 ) 
4 790 802 (736 -1716 464 ) (736 -1716 1104 ) (128 -1716 1104 ) (128 -1716 464 ) 
4 790 794 (128 -1716 464 ) (128 -1716 1104 ) (128 -1708 1104 ) (128 -1708 464 ) 
4 791 803 (384 -1716 436 ) (384 -1716 328 ) (480 -1716 328 ) (480 -1716 436 ) 
4 792 804 (384 -1716 300 ) (384 -1716 192 ) (480 -1716 192 ) (480 -1716 300 ) 
4 793 805 (384 -1716 164 ) (384 -1716 56 ) (480 -1716 56 ) (480 -1716 164 ) 
4 794 802 (128 -1716 464 ) (128 -1716 1104 ) (16 -1716 1104 ) (16 -1716 464 ) 
4 794 798 (16 -1180 1104 ) (16 -1180 464 ) (16 -1716 464 ) (16 -1716 1104 ) 
4 795 803 (128 -1716 328 ) (128 -1716 456 ) (16 -1716 456 ) (16 -1716 328 ) 
4 795 799 (16 -1180 456 ) (16 -1180 328 ) (16 -1716 328 ) (16 -1716 456 ) 
4 796 804 (128 -1716 192 ) (128 -1716 320 ) (16 -1716 320 ) (16 -1716 192 ) 
4 797 805 (128 -1716 56 ) (128 -1716 184 ) (16 -1716 184 ) (16 -1716 56 ) 
4 798 888 (0 -1716 464 ) (0 -1716 1104 ) (0 -1708 1104 ) (0 -1708 464 ) 
4 798 873 (0 -1708 1104 ) (0 -1180 1104 ) (0 -1180 464 ) (0 -1708 464 ) 
4 798 802 (16 -1716 464 ) (16 -1716 1104 ) (0 -1716 1104 ) (0 -1716 464 ) 
4 799 889 (0 -1716 328 ) (0 -1716 456 ) (0 -1708 456 ) (0 -1708 328 ) 
4 799 874 (0 -1708 456 ) (0 -1180 456 ) (0 -1180 328 ) (0 -1708 328 ) 
4 799 803 (16 -1716 328 ) (16 -1716 456 ) (0 -1716 456 ) (0 -1716 328 ) 
4 800 876 (0 -1708 320 ) (0 -1484 320 ) (0 -1484 192 ) (0 -1708 192 ) 
4 801 883 (0 -1188 -24 ) (0 -1180 -24 ) (0 -1180 -152 ) (0 -1188 -152 ) 
4 802 898 (0 -1908 464 ) (0 -1908 1104 ) (0 -1716 1104 ) (0 -1716 464 ) 
4 802 806 (0 -1908 1104 ) (0 -1908 464 ) (736 -1908 464 ) (736 -1908 1104 ) 
4 803 899 (0 -1908 328 ) (0 -1908 456 ) (0 -1716 456 ) (0 -1716 328 ) 
4 803 809 (0 -1908 456 ) (0 -1908 328 ) (32 -1908 328 ) (32 -1908 456 ) 
4 803 808 (56 -1908 328 ) (104 -1908 328 ) (104 -1908 436 ) (56 -1908 436 ) 
4 803 807 (128 -1908 328 ) (736 -1908 328 ) (736 -1908 456 ) (128 -1908 456 ) 
4 804 900 (0 -1908 192 ) (0 -1908 320 ) (0 -1716 320 ) (0 -1716 192 ) 
4 804 815 (0 -1908 320 ) (0 -1908 192 ) (32 -1908 192 ) (32 -1908 320 ) 
4 804 813 (128 -1908 192 ) (736 -1908 192 ) (736 -1908 320 ) (128 -1908 320 ) 
4 805 901 (0 -1908 56 ) (0 -1908 184 ) (0 -1716 184 ) (0 -1716 56 ) 
4 805 816 (128 -1908 56 ) (736 -1908 56 ) (736 -1908 184 ) (128 -1908 184 ) 
4 806 941 (736 -2048 464 ) (736 -2048 1104 ) (0 -2048 1104 ) (0 -2048 464 ) 
4 806 902 (0 -2048 464 ) (0 -2048 1104 ) (0 -1908 1104 ) (0 -1908 464 ) 
4 807 810 (128 -1916 328 ) (736 -1916 328 ) (736 -1916 456 ) (128 -1916 456 ) 
4 808 811 (56 -1916 328 ) (104 -1916 328 ) (104 -1916 436 ) (56 -1916 436 ) 
4 809 903 (0 -1916 456 ) (0 -1908 456 ) (0 -1908 328 ) (0 -1916 328 ) 
4 809 812 (0 -1916 328 ) (32 -1916 328 ) (32 -1916 456 ) (0 -1916 456 ) 
4 810 981 (736 -2048 328 ) (736 -2048 366 ) (128 -2048 366 ) (128 -2048 328 ) 
4 810 953 (736 -2048 366 ) (736 -2048 456 ) (128 -2048 456 ) (128 -2048 366 ) 
4 811 982 (40 -2048 366 ) (40 -2048 328 ) (120 -2048 328 ) (120 -2048 366 ) 
4 811 954 (120 -2048 456 ) (40 -2048 456 ) (40 -2048 366 ) (120 -2048 366 ) 
4 811 814 (120 -2048 328 ) (40 -2048 328 ) (40 -1998 328 ) (120 -1998 328 ) 
4 812 983 (0 -2048 366 ) (0 -2048 328 ) (32 -2048 328 ) (32 -2048 366 ) 
4 812 955 (32 -2048 456 ) (0 -2048 456 ) (0 -2048 366 ) (32 -2048 366 ) 
4 812 906 (0 -2048 328 ) (0 -2048 456 ) (0 -1916 456 ) (0 -1916 328 ) 
4 813 1028 (736 -2048 192 ) (736 -2048 230 ) (128 -2048 230 ) (128 -2048 192 ) 
4 813 1002 (736 -2048 230 ) (736 -2048 320 ) (128 -2048 320 ) (128 -2048 230 ) 
4 814 1003 (40 -2048 320 ) (40 -2048 294.666687 ) (120 -2048 294.666687 ) (120 -2048 320 ) 
4 814 1001 (120 -2048 328 ) (40 -2048 328 ) (40 -2048 320 ) (120 -2048 320 ) 
4 815 1030 (0 -2048 230 ) (0 -2048 192 ) (32 -2048 192 ) (32 -2048 230 ) 
4 815 1004 (0 -2048 320 ) (0 -2048 230 ) (32 -2048 230 ) (32 -2048 320 ) 
4 815 911 (0 -2048 192 ) (0 -2048 320 ) (0 -1908 320 ) (0 -1908 192 ) 
4 816 1081 (736 -2048 56 ) (736 -2048 94 ) (128 -2048 94 ) (128 -2048 56 ) 
4 816 1052 (736 -2048 94 ) (736 -2048 184 ) (128 -2048 184 ) (128 -2048 94 ) 
4 817 1709 (-1024 -1084 464 ) (-1024 -1092 464 ) (-1024 -1092 1104 ) (-1024 -1084 1104 ) 
4 817 1708 (-1024 -1024 1104 ) (-1024 -1024 464 ) (-1024 -1084 464 ) (-1024 -1084 1104 ) 
4 817 825 (-1024 -1092 1104 ) (-1024 -1092 464 ) (0 -1092 464 ) (0 -1092 1104 ) 
4 817 819 (0 -1092 464 ) (-80 -1092 464 ) (-80 -1084 464 ) (0 -1084 464 ) 
4 817 820 (-496 -1092 464 ) (-800 -1092 464 ) (-800 -1084 464 ) (-496 -1084 464 ) 
4 817 818 (-1024 -1084 464 ) (-1024 -1024 464 ) (0 -1024 464 ) (0 -1084 464 ) 
4 818 1708 (-1024 -1024 464 ) (-1024 -1024 426 ) (-1024 -1084 426 ) (-1024 -1084 464 ) 
4 818 821 (-1024 -1084 426 ) (-1024 -1024 426 ) (0 -1024 426 ) (0 -1084 426 ) 
4 818 819 (-80 -1084 426 ) (0 -1084 426 ) (0 -1084 464 ) (-80 -1084 464 ) 
4 818 820 (-800 -1084 426 ) (-496 -1084 426 ) (-496 -1084 464 ) (-800 -1084 464 ) 
4 819 828 (-72 -1092 426 ) (0 -1092 426 ) (0 -1092 456 ) (-72 -1092 456 ) 
4 819 826 (0 -1092 456 ) (0 -1092 464 ) (-80 -1092 464 ) (-80 -1092 456 ) 
4 819 822 (0 -1092 426 ) (-80 -1092 426 ) (-80 -1084 426 ) (0 -1084 426 ) 
4 820 834 (-792 -1092 426 ) (-676 -1092 426 ) (-676 -1092 464 ) (-792 -1092 464 ) 
4 820 832 (-676 -1092 426 ) (-620 -1092 426 ) (-620 -1092 464 ) (-676 -1092 464 ) 
4 820 831 (-620 -1092 426 ) (-584 -1092 426 ) (-584 -1092 464 ) (-620 -1092 464 ) 
4 820 830 (-584 -1092 426 ) (-504 -1092 426 ) (-504 -1092 456 ) (-584 -1092 456 ) 
4 820 827 (-496 -1092 456 ) (-496 -1092 464 ) (-584 -1092 464 ) (-584 -1092 456 ) 
4 820 823 (-496 -1092 426 ) (-800 -1092 426 ) (-800 -1084 426 ) (-496 -1084 426 ) 
4 821 1708 (-1024 -1024 426 ) (-1024 -1024 366 ) (-1024 -1084 366 ) (-1024 -1084 426 ) 
4 821 836 (-1024 -1084 366 ) (-1024 -1024 366 ) (0 -1024 366 ) (0 -1084 366 ) 
4 821 824 (-972 -1084 366 ) (-916 -1084 366 ) (-916 -1084 426 ) (-972 -1084 426 ) 
4 821 823 (-800 -1084 366 ) (-496 -1084 366 ) (-496 -1084 426 ) (-800 -1084 426 ) 
4 821 822 (-80 -1084 366 ) (0 -1084 366 ) (0 -1084 426 ) (-80 -1084 426 ) 
4 822 837 (-80 -1084 366 ) (0 -1084 366 ) (0 -1092 366 ) (-80 -1092 366 ) 
4 822 828 (-72 -1092 366 ) (0 -1092 366 ) (0 -1092 426 ) (-72 -1092 426 ) 
4 823 838 (-800 -1084 366 ) (-496 -1084 366 ) (-496 -1092 366 ) (-800 -1092 366 ) 
4 823 834 (-792 -1092 366 ) (-676 -1092 366 ) (-676 -1092 426 ) (-792 -1092 426 ) 
4 823 832 (-676 -1092 366 ) (-620 -1092 366 ) (-620 -1092 426 ) (-676 -1092 426 ) 
4 823 831 (-620 -1092 366 ) (-584 -1092 366 ) (-584 -1092 426 ) (-620 -1092 426 ) 
4 823 830 (-584 -1092 366 ) (-504 -1092 366 ) (-504 -1092 426 ) (-584 -1092 426 ) 
4 824 835 (-972 -1092 366 ) (-916 -1092 366 ) (-916 -1092 426 ) (-972 -1092 426 ) 
4 825 1715 (-1024 -1180 464 ) (-1024 -1180 1104 ) (-1024 -1092 1104 ) (-1024 -1092 464 ) 
4 825 873 (0 -1180 464 ) (0 -1180 1104 ) (-1024 -1180 1104 ) (-1024 -1180 464 ) 
4 825 834 (-792 -1172 464 ) (-792 -1092 464 ) (-676 -1092 464 ) (-676 -1172 464 ) 
4 825 832 (-676 -1172 464 ) (-676 -1092 464 ) (-620 -1092 464 ) (-620 -1172 464 ) 
4 825 831 (-620 -1172 464 ) (-620 -1092 464 ) (-584 -1092 464 ) (-584 -1172 464 ) 
4 825 826 (0 -1180 464 ) (-80 -1180 464 ) (-80 -1092 464 ) (0 -1092 464 ) 
4 825 827 (-496 -1180 464 ) (-584 -1180 464 ) (-584 -1092 464 ) (-496 -1092 464 ) 
4 826 828 (-72 -1172 456 ) (-72 -1092 456 ) (0 -1092 456 ) (0 -1172 456 ) 
4 827 831 (-584 -1172 464 ) (-584 -1092 464 ) (-584 -1092 456 ) (-584 -1172 456 ) 
4 827 830 (-584 -1172 456 ) (-584 -1092 456 ) (-504 -1092 456 ) (-504 -1172 456 ) 
4 828 839 (-72 -1172 366 ) (-72 -1092 366 ) (0 -1092 366 ) (0 -1172 366 ) 
4 829 874 (-80 -1180 456 ) (-496 -1180 456 ) (-496 -1180 366 ) (-80 -1180 366 ) 
4 829 840 (-80 -1180 366 ) (-496 -1180 366 ) (-496 -1092 366 ) (-80 -1092 366 ) 
4 830 841 (-584 -1172 366 ) (-584 -1092 366 ) (-504 -1092 366 ) (-504 -1172 366 ) 
4 830 831 (-584 -1092 456 ) (-584 -1092 366 ) (-584 -1172 366 ) (-584 -1172 456 ) 
4 831 841 (-620 -1172 366 ) (-620 -1092 366 ) (-584 -1092 366 ) (-584 -1172 366 ) 
4 831 832 (-620 -1172 464 ) (-620 -1092 464 ) (-620 -1092 366 ) (-620 -1172 366 ) 
4 832 841 (-676 -1172 366 ) (-676 -1092 366 ) (-620 -1092 366 ) (-620 -1172 366 ) 
4 832 834 (-676 -1172 464 ) (-676 -1092 464 ) (-676 -1092 366 ) (-676 -1172 366 ) 
4 832 833 (-676 -1172 426 ) (-676 -1172 366 ) (-620 -1172 366 ) (-620 -1172 426 ) 
4 833 874 (-676 -1180 426 ) (-676 -1180 366 ) (-620 -1180 366 ) (-620 -1180 426 ) 
4 834 841 (-792 -1172 366 ) (-792 -1092 366 ) (-676 -1092 366 ) (-676 -1172 366 ) 
4 835 1716 (-1024 -1180 366 ) (-1024 -1180 456 ) (-1024 -1092 456 ) (-1024 -1092 366 ) 
4 835 875 (-1024 -1180 456 ) (-1024 -1180 366 ) (-800 -1180 366 ) (-800 -1180 456 ) 
4 835 843 (-800 -1180 366 ) (-1024 -1180 366 ) (-1024 -1172 366 ) (-800 -1172 366 ) 
4 835 842 (-1024 -1172 366 ) (-1024 -1092 366 ) (-800 -1092 366 ) (-800 -1172 366 ) 
4 836 1708 (-1024 -1084 366 ) (-1024 -1024 366 ) (-1024 -1024 328 ) (-1024 -1084 328 ) 
4 836 844 (-1024 -1084 328 ) (-1024 -1024 328 ) (0 -1024 328 ) (0 -1084 328 ) 
4 836 837 (-80 -1084 328 ) (0 -1084 328 ) (0 -1084 366 ) (-80 -1084 366 ) 
4 836 838 (-800 -1084 328 ) (-496 -1084 328 ) (-496 -1084 366 ) (-800 -1084 366 ) 
4 837 845 (-80 -1084 328 ) (0 -1084 328 ) (0 -1092 328 ) (-80 -1092 328 ) 
4 837 839 (-72 -1092 328 ) (0 -1092 328 ) (0 -1092 366 ) (-72 -1092 366 ) 
4 838 845 (-800 -1084 328 ) (-496 -1084 328 ) (-496 -1092 328 ) (-800 -1092 328 ) 
4 838 841 (-792 -1092 328 ) (-504 -1092 328 ) (-504 -1092 366 ) (-792 -1092 366 ) 
4 839 848 (-72 -1172 328 ) (-72 -1092 328 ) (0 -1092 328 ) (0 -1172 328 ) 
4 840 874 (-80 -1180 366 ) (-496 -1180 366 ) (-496 -1180 328 ) (-80 -1180 328 ) 
4 841 854 (-792 -1092 328 ) (-676 -1092 328 ) (-676 -1172 328 ) (-792 -1172 328 ) 
4 841 852 (-676 -1092 328 ) (-620 -1092 328 ) (-620 -1172 328 ) (-676 -1172 328 ) 
4 841 851 (-620 -1092 328 ) (-584 -1092 328 ) (-584 -1172 328 ) (-620 -1172 328 ) 
4 841 849 (-584 -1092 328 ) (-504 -1092 328 ) (-504 -1172 328 ) (-584 -1172 328 ) 
4 842 1716 (-1024 -1172 366 ) (-1024 -1092 366 ) (-1024 -1092 328 ) (-1024 -1172 328 ) 
4 842 843 (-1024 -1172 328 ) (-800 -1172 328 ) (-800 -1172 366 ) (-1024 -1172 366 ) 
4 843 1716 (-1024 -1180 328 ) (-1024 -1180 366 ) (-1024 -1172 366 ) (-1024 -1172 328 ) 
4 843 875 (-800 -1180 366 ) (-1024 -1180 366 ) (-1024 -1180 328 ) (-800 -1180 328 ) 
4 844 1708 (-1024 -1084 328 ) (-1024 -1024 328 ) (-1024 -1024 56 ) (-1024 -1084 56 ) 
4 844 865 (-712 -1024 56 ) (-584 -1024 56 ) (-584 -1084 56 ) (-712 -1084 56 ) 
4 844 864 (-584 -1024 56 ) (0 -1024 56 ) (0 -1084 56 ) (-584 -1084 56 ) 
4 844 866 (-1024 -1084 56 ) (-1024 -1024 56 ) (-712 -1024 56 ) (-712 -1084 56 ) 
4 844 847 (-916 -1084 94 ) (-916 -1084 154 ) (-972 -1084 154 ) (-972 -1084 94 ) 
4 844 846 (-916 -1084 230 ) (-916 -1084 290 ) (-972 -1084 290 ) (-972 -1084 230 ) 
4 844 845 (-800 -1084 56 ) (0 -1084 56 ) (0 -1084 328 ) (-800 -1084 328 ) 
4 845 868 (-712 -1084 56 ) (-584 -1084 56 ) (-584 -1092 56 ) (-712 -1092 56 ) 
4 845 867 (-584 -1084 56 ) (0 -1084 56 ) (0 -1092 56 ) (-584 -1092 56 ) 
4 845 859 (-792 -1092 56 ) (0 -1092 56 ) (0 -1092 192 ) (-792 -1092 192 ) 
4 845 856 (0 -1092 192 ) (0 -1092 230 ) (-792 -1092 230 ) (-792 -1092 192 ) 
4 845 854 (-676 -1092 328 ) (-792 -1092 328 ) (-792 -1092 230 ) (-676 -1092 230 ) 
4 845 852 (-620 -1092 328 ) (-676 -1092 328 ) (-676 -1092 230 ) (-620 -1092 230 ) 
4 845 851 (-584 -1092 328 ) (-620 -1092 328 ) (-620 -1092 230 ) (-584 -1092 230 ) 
4 845 850 (0 -1092 230 ) (0 -1092 320 ) (-584 -1092 320 ) (-584 -1092 230 ) 
4 845 848 (0 -1092 320 ) (0 -1092 328 ) (-80 -1092 328 ) (-80 -1092 320 ) 
4 845 849 (-496 -1092 328 ) (-584 -1092 328 ) (-584 -1092 320 ) (-496 -1092 320 ) 
4 846 855 (-916 -1092 230 ) (-916 -1092 290 ) (-972 -1092 290 ) (-972 -1092 230 ) 
4 847 860 (-916 -1092 94 ) (-916 -1092 154 ) (-972 -1092 154 ) (-972 -1092 94 ) 
4 848 850 (-80 -1172 320 ) (-80 -1092 320 ) (0 -1092 320 ) (0 -1172 320 ) 
4 849 851 (-584 -1092 328 ) (-584 -1092 320 ) (-584 -1172 320 ) (-584 -1172 328 ) 
4 849 850 (-584 -1172 320 ) (-584 -1092 320 ) (-496 -1092 320 ) (-496 -1172 320 ) 
4 850 856 (-584 -1172 230 ) (-584 -1092 230 ) (0 -1092 230 ) (0 -1172 230 ) 
4 850 851 (-584 -1092 320 ) (-584 -1092 230 ) (-584 -1172 230 ) (-584 -1172 320 ) 
4 851 856 (-620 -1172 230 ) (-620 -1092 230 ) (-584 -1092 230 ) (-584 -1172 230 ) 
4 851 852 (-620 -1092 328 ) (-620 -1092 230 ) (-620 -1172 230 ) (-620 -1172 328 ) 
4 852 856 (-676 -1172 230 ) (-676 -1092 230 ) (-620 -1092 230 ) (-620 -1172 230 ) 
4 852 854 (-676 -1092 328 ) (-676 -1092 230 ) (-676 -1172 230 ) (-676 -1172 328 ) 
4 852 853 (-676 -1172 290 ) (-676 -1172 230 ) (-620 -1172 230 ) (-620 -1172 290 ) 
4 853 880 (-676 -1180 290 ) (-676 -1180 230 ) (-620 -1180 230 ) (-620 -1180 290 ) 
4 854 856 (-792 -1172 230 ) (-792 -1092 230 ) (-676 -1092 230 ) (-676 -1172 230 ) 
4 855 1719 (-1024 -1180 230 ) (-1024 -1180 320 ) (-1024 -1092 320 ) (-1024 -1092 230 ) 
4 855 881 (-1024 -1180 320 ) (-1024 -1180 230 ) (-800 -1180 230 ) (-800 -1180 320 ) 
4 855 858 (-800 -1180 230 ) (-1024 -1180 230 ) (-1024 -1172 230 ) (-800 -1172 230 ) 
4 855 857 (-1024 -1172 230 ) (-1024 -1092 230 ) (-800 -1092 230 ) (-800 -1172 230 ) 
4 856 859 (-792 -1092 192 ) (0 -1092 192 ) (0 -1172 192 ) (-792 -1172 192 ) 
4 857 1719 (-1024 -1172 230 ) (-1024 -1092 230 ) (-1024 -1092 192 ) (-1024 -1172 192 ) 
4 857 858 (-1024 -1172 192 ) (-800 -1172 192 ) (-800 -1172 230 ) (-1024 -1172 230 ) 
4 858 1719 (-1024 -1180 192 ) (-1024 -1180 230 ) (-1024 -1172 230 ) (-1024 -1172 192 ) 
4 858 881 (-800 -1180 230 ) (-1024 -1180 230 ) (-1024 -1180 192 ) (-800 -1180 192 ) 
4 859 871 (-584 -1172 56 ) (-712 -1172 56 ) (-712 -1132 56 ) (-584 -1132 56 ) 
4 859 870 (0 -1132 56 ) (0 -1172 56 ) (-584 -1172 56 ) (-584 -1132 56 ) 
4 859 868 (-712 -1092 56 ) (-584 -1092 56 ) (-584 -1132 56 ) (-712 -1132 56 ) 
4 859 867 (-584 -1092 56 ) (0 -1092 56 ) (0 -1132 56 ) (-584 -1132 56 ) 
4 859 862 (-696 -1172 56 ) (-600 -1172 56 ) (-600 -1172 164 ) (-696 -1172 164 ) 
4 860 1722 (-1024 -1092 184 ) (-1024 -1092 56 ) (-1024 -1172 56 ) (-1024 -1172 184 ) 
4 860 863 (-1024 -1172 56 ) (-800 -1172 56 ) (-800 -1172 164 ) (-1024 -1172 164 ) 
4 860 861 (-800 -1172 164 ) (-800 -1172 184 ) (-1024 -1172 184 ) (-1024 -1172 164 ) 
4 861 1722 (-1024 -1180 164 ) (-1024 -1180 184 ) (-1024 -1172 184 ) (-1024 -1172 164 ) 
4 861 887 (-1024 -1180 184 ) (-1024 -1180 164 ) (-800 -1180 164 ) (-800 -1180 184 ) 
4 861 863 (-800 -1180 164 ) (-1024 -1180 164 ) (-1024 -1172 164 ) (-800 -1172 164 ) 
4 862 886 (-600 -1180 164 ) (-696 -1180 164 ) (-696 -1180 56 ) (-600 -1180 56 ) 
4 863 1722 (-1024 -1180 56 ) (-1024 -1180 164 ) (-1024 -1172 164 ) (-1024 -1172 56 ) 
4 863 887 (-800 -1180 164 ) (-1024 -1180 164 ) (-1024 -1180 56 ) (-800 -1180 56 ) 
4 864 867 (0 -1084 -8 ) (0 -1084 56 ) (-584 -1084 56 ) (-584 -1084 -8 ) 
5 864 865 (-584 -1024 -8 ) (-584 -1076 -8 ) (-584 -1084 -2.666636 ) (-584 -1084 56 ) (-584 -1024 56 ) 
4 865 868 (-584 -1084 56 ) (-712 -1084 56 ) (-712 -1084 -2.666637 ) (-584 -1084 -2.666636 ) 
5 865 866 (-712 -1024 -8 ) (-712 -1076 -8 ) (-712 -1084 -2.666636 ) (-712 -1084 56 ) (-712 -1024 56 ) 
4 866 1708 (-1024 -1084 56 ) (-1024 -1024 56 ) (-1024 -1024 -8 ) (-1024 -1084 -8 ) 
4 867 870 (0 -1132 -8 ) (0 -1132 56 ) (-584 -1132 56 ) (-584 -1132 -8 ) 
4 867 869 (-32 -1132 -8 ) (-544 -1132 -8 ) (-544 -1084 -8 ) (-32 -1084 -8 ) 
4 867 868 (-584 -1084 56 ) (-584 -1084 -2.666637 ) (-584 -1132 29.333473 ) (-584 -1132 56 ) 
4 868 871 (-584 -1132 56 ) (-712 -1132 56 ) (-712 -1132 29.333473 ) (-584 -1132 29.333473 ) 
4 869 870 (-544 -1132 -16 ) (-32 -1132 -16 ) (-32 -1132 -8 ) (-544 -1132 -8 ) 
3 870 871 (-584 -1132 56 ) (-584 -1132 29.333490 ) (-584 -1172 56 ) 
4 872 883 (0 -1180 -152 ) (0 -1180 -24 ) (-584 -1180 -24 ) (-584 -1180 -152 ) 
4 873 1715 (-1024 -1708 464 ) (-1024 -1708 1104 ) (-1024 -1180 1104 ) (-1024 -1180 464 ) 
4 873 888 (0 -1708 464 ) (0 -1708 1104 ) (-1024 -1708 1104 ) (-1024 -1708 464 ) 
4 874 889 (0 -1708 328 ) (0 -1708 456 ) (-704 -1708 456 ) (-704 -1708 328 ) 
4 875 1716 (-1024 -1708 328 ) (-1024 -1708 456 ) (-1024 -1180 456 ) (-1024 -1180 328 ) 
4 875 890 (-1024 -1708 436 ) (-1024 -1708 328 ) (-960 -1708 328 ) (-960 -1708 436 ) 
4 876 891 (-112 -1708 300 ) (-112 -1708 192 ) (-64 -1708 192 ) (-64 -1708 300 ) 
4 877 878 (-384 -1452 192 ) (-288 -1452 192 ) (-288 -1452 300 ) (-384 -1452 300 ) 
4 878 879 (-384 -1460 192 ) (-288 -1460 192 ) (-288 -1460 300 ) (-384 -1460 300 ) 
4 879 892 (-512 -1708 300 ) (-512 -1708 192 ) (-376 -1708 192 ) (-376 -1708 300 ) 
4 880 893 (-592 -1708 320 ) (-704 -1708 320 ) (-704 -1708 192 ) (-592 -1708 192 ) 
4 881 1719 (-1024 -1708 192 ) (-1024 -1708 320 ) (-1024 -1180 320 ) (-1024 -1180 192 ) 
4 881 894 (-1024 -1708 300 ) (-1024 -1708 192 ) (-960 -1708 192 ) (-960 -1708 300 ) 
4 882 895 (-376 -1708 184 ) (-512 -1708 184 ) (-512 -1708 56 ) (-376 -1708 56 ) 
4 882 884 (-512 -1215.692139 -16 ) (-376 -1215.692139 -16 ) (-376 -1530.769043 -16 ) (-512 -1530.769043 -16 ) 
4 883 885 (-512 -1188 -152 ) (-376 -1188 -152 ) (-376 -1188 -24 ) (-512 -1188 -24 ) 
4 884 885 (-376 -1511.082031 -24 ) (-512 -1511.082031 -24 ) (-512 -1196 -24 ) (-376 -1196 -24 ) 
4 886 896 (-592 -1708 56 ) (-592 -1708 184 ) (-704 -1708 184 ) (-704 -1708 56 ) 
4 887 1722 (-1024 -1708 56 ) (-1024 -1708 184 ) (-1024 -1180 184 ) (-1024 -1180 56 ) 
4 887 897 (-1024 -1708 164 ) (-1024 -1708 56 ) (-960 -1708 56 ) (-960 -1708 164 ) 
4 888 1715 (-1024 -1716 464 ) (-1024 -1716 1104 ) (-1024 -1708 1104 ) (-1024 -1708 464 ) 
4 888 898 (-1024 -1716 1104 ) (-1024 -1716 464 ) (0 -1716 464 ) (0 -1716 1104 ) 
4 889 899 (-704 -1716 328 ) (0 -1716 328 ) (0 -1716 456 ) (-704 -1716 456 ) 
4 890 1717 (-1024 -1716 328 ) (-1024 -1716 436 ) (-1024 -1708 436 ) (-1024 -1708 328 ) 
4 890 899 (-1024 -1716 436 ) (-1024 -1716 328 ) (-960 -1716 328 ) (-960 -1716 436 ) 
4 891 900 (-112 -1716 192 ) (-64 -1716 192 ) (-64 -1716 300 ) (-112 -1716 300 ) 
4 892 900 (-512 -1716 192 ) (-376 -1716 192 ) (-376 -1716 300 ) (-512 -1716 300 ) 
4 893 900 (-704 -1716 192 ) (-592 -1716 192 ) (-592 -1716 320 ) (-704 -1716 320 ) 
4 894 1720 (-1024 -1716 192 ) (-1024 -1716 300 ) (-1024 -1708 300 ) (-1024 -1708 192 ) 
4 894 900 (-1024 -1716 300 ) (-1024 -1716 192 ) (-960 -1716 192 ) (-960 -1716 300 ) 
4 895 901 (-512 -1716 56 ) (-376 -1716 56 ) (-376 -1716 184 ) (-512 -1716 184 ) 
4 896 901 (-704 -1716 56 ) (-592 -1716 56 ) (-592 -1716 184 ) (-704 -1716 184 ) 
4 897 1723 (-1024 -1716 56 ) (-1024 -1716 164 ) (-1024 -1708 164 ) (-1024 -1708 56 ) 
4 897 901 (-1024 -1716 164 ) (-1024 -1716 56 ) (-960 -1716 56 ) (-960 -1716 164 ) 
4 898 1725 (-1024 -1908 464 ) (-1024 -1908 1104 ) (-1024 -1716 1104 ) (-1024 -1716 464 ) 
4 898 902 (0 -1908 464 ) (0 -1908 1104 ) (-1024 -1908 1104 ) (-1024 -1908 464 ) 
4 899 1726 (-1024 -1908 328 ) (-1024 -1908 456 ) (-1024 -1716 456 ) (-1024 -1716 328 ) 
4 899 905 (-704 -1908 456 ) (-1024 -1908 456 ) (-1024 -1908 328 ) (-704 -1908 328 ) 
4 899 904 (-680 -1908 436 ) (-680 -1908 328 ) (-632 -1908 328 ) (-632 -1908 436 ) 
4 899 903 (0 -1908 328 ) (0 -1908 456 ) (-608 -1908 456 ) (-608 -1908 328 ) 
4 900 1727 (-1024 -1908 192 ) (-1024 -1908 320 ) (-1024 -1716 320 ) (-1024 -1716 192 ) 
4 900 913 (-704 -1908 320 ) (-1024 -1908 320 ) (-1024 -1908 192 ) (-704 -1908 192 ) 
4 900 911 (0 -1908 192 ) (0 -1908 320 ) (-608 -1908 320 ) (-608 -1908 192 ) 
4 901 1728 (-1024 -1908 56 ) (-1024 -1908 184 ) (-1024 -1716 184 ) (-1024 -1716 56 ) 
4 901 915 (-512 -1908 184 ) (-1024 -1908 184 ) (-1024 -1908 56 ) (-512 -1908 56 ) 
4 901 914 (-64 -1908 184 ) (-512 -1908 184 ) (-512 -1908 56 ) (-64 -1908 56 ) 
4 902 1725 (-1024 -2048 464 ) (-1024 -2048 1104 ) (-1024 -1908 1104 ) (-1024 -1908 464 ) 
4 902 1103 (0 -2048 464 ) (0 -2048 1104 ) (-1024 -2048 1104 ) (-1024 -2048 464 ) 
4 903 909 (-512 -1908 328 ) (-64 -1908 328 ) (-64 -1916 328 ) (-512 -1916 328 ) 
4 903 906 (-608 -1916 328 ) (0 -1916 328 ) (0 -1916 456 ) (-608 -1916 456 ) 
4 904 907 (-680 -1916 328 ) (-632 -1916 328 ) (-632 -1916 436 ) (-680 -1916 436 ) 
4 905 1729 (-1024 -1916 456 ) (-1024 -1908 456 ) (-1024 -1908 328 ) (-1024 -1916 328 ) 
4 905 908 (-1024 -1916 328 ) (-704 -1916 328 ) (-704 -1916 456 ) (-1024 -1916 456 ) 
4 906 1136 (0 -2048 328 ) (0 -2048 366 ) (-608 -2048 366 ) (-608 -2048 328 ) 
4 906 1104 (0 -2048 366 ) (0 -2048 456 ) (-608 -2048 456 ) (-608 -2048 366 ) 
4 906 909 (-64 -2048 328 ) (-512 -2048 328 ) (-512 -1916 328 ) (-64 -1916 328 ) 
4 907 1137 (-696 -2048 366 ) (-696 -2048 328 ) (-616 -2048 328 ) (-616 -2048 366 ) 
4 907 1105 (-616 -2048 456 ) (-696 -2048 456 ) (-696 -2048 366 ) (-616 -2048 366 ) 
4 907 910 (-616 -2048 328 ) (-696 -2048 328 ) (-696 -1998 328 ) (-616 -1998 328 ) 
4 908 1729 (-1024 -2048 328 ) (-1024 -2048 456 ) (-1024 -1916 456 ) (-1024 -1916 328 ) 
4 908 1138 (-1024 -2048 366 ) (-1024 -2048 328 ) (-704 -2048 328 ) (-704 -2048 366 ) 
4 908 1106 (-704 -2048 456 ) (-1024 -2048 456 ) (-1024 -2048 366 ) (-704 -2048 366 ) 
4 909 1163 (-64 -2048 328 ) (-512 -2048 328 ) (-512 -2048 320 ) (-64 -2048 320 ) 
4 909 911 (-64 -2048 320 ) (-512 -2048 320 ) (-512 -1908 320 ) (-64 -1908 320 ) 
4 910 1164 (-616 -2048 328 ) (-696 -2048 328 ) (-696 -2048 320 ) (-616 -2048 320 ) 
4 910 912 (-616 -2048 320 ) (-696 -2048 320 ) (-696 -2010 320 ) (-616 -2010 320 ) 
4 911 1191 (0 -2048 192 ) (0 -2048 230 ) (-608 -2048 230 ) (-608 -2048 192 ) 
4 911 1165 (0 -2048 230 ) (0 -2048 320 ) (-608 -2048 320 ) (-608 -2048 230 ) 
4 911 914 (-512 -1908 192 ) (-64 -1908 192 ) (-64 -2048 192 ) (-512 -2048 192 ) 
4 912 1166 (-616 -2048 320 ) (-696 -2048 320 ) (-696 -2048 294.666656 ) (-616 -2048 294.666656 ) 
4 913 1730 (-1024 -2048 192 ) (-1024 -2048 320 ) (-1024 -1908 320 ) (-1024 -1908 192 ) 
4 913 1193 (-1024 -2048 230 ) (-1024 -2048 192 ) (-704 -2048 192 ) (-704 -2048 230 ) 
4 913 1167 (-704 -2048 320 ) (-1024 -2048 320 ) (-1024 -2048 230 ) (-704 -2048 230 ) 
4 914 1244 (-512 -2048 94 ) (-512 -2048 56 ) (-64 -2048 56 ) (-64 -2048 94 ) 
4 914 1221 (-512 -2048 184 ) (-512 -2048 94 ) (-64 -2048 94 ) (-64 -2048 184 ) 
4 914 1219 (-64 -2048 192 ) (-512 -2048 192 ) (-512 -2048 184 ) (-64 -2048 184 ) 
4 914 915 (-512 -1908 56 ) (-512 -2048 56 ) (-512 -2048 184 ) (-512 -1908 184 ) 
4 915 1731 (-1024 -2048 56 ) (-1024 -2048 184 ) (-1024 -1908 184 ) (-1024 -1908 56 ) 
4 915 1244 (-1024 -2048 94 ) (-1024 -2048 56 ) (-512 -2048 56 ) (-512 -2048 94 ) 
4 915 1221 (-1024 -2048 184 ) (-1024 -2048 94 ) (-512 -2048 94 ) (-512 -2048 184 ) 
4 916 1094 (1024 -2796 88 ) (1024 -2804 88 ) (1024 -2804 94 ) (1024 -2796 94 ) 
4 916 1096 (1024 -2804 88 ) (1024 -3072 88 ) (1024 -3072 94 ) (1024 -2804 94 ) 
4 916 1076 (1024 -2048 94 ) (1024 -2048 88 ) (1024 -2796 88 ) (1024 -2796 94 ) 
4 916 1070 (1024 -2796 94 ) (1024 -2804 94 ) (1024 -2804 192 ) (1024 -2796 192 ) 
4 916 1075 (1024 -2804 94 ) (1024 -3072 94 ) (1024 -3072 192 ) (1024 -2804 192 ) 
4 916 1059 (1024 -2484 94 ) (1024 -2796 94 ) (1024 -2796 192 ) (1024 -2484 192 ) 
4 916 1050 (1024 -2048 192 ) (1024 -2048 94 ) (1024 -2484 94 ) (1024 -2484 192 ) 
4 916 1047 (1024 -2796 192 ) (1024 -2804 192 ) (1024 -2804 230 ) (1024 -2796 230 ) 
4 916 1049 (1024 -2804 192 ) (1024 -3072 192 ) (1024 -3072 230 ) (1024 -2804 230 ) 
4 916 1038 (1024 -2492 192 ) (1024 -2796 192 ) (1024 -2796 230 ) (1024 -2492 230 ) 
4 916 1035 (1024 -2484 192 ) (1024 -2492 192 ) (1024 -2492 230 ) (1024 -2484 230 ) 
4 916 1027 (1024 -2048 230 ) (1024 -2048 192 ) (1024 -2484 192 ) (1024 -2484 230 ) 
4 916 1021 (1024 -2796 230 ) (1024 -2804 230 ) (1024 -2804 328 ) (1024 -2796 328 ) 
4 916 1026 (1024 -2804 230 ) (1024 -3072 230 ) (1024 -3072 328 ) (1024 -2804 328 ) 
4 916 1009 (1024 -2484 230 ) (1024 -2796 230 ) (1024 -2796 328 ) (1024 -2484 328 ) 
4 916 999 (1024 -2048 328 ) (1024 -2048 230 ) (1024 -2484 230 ) (1024 -2484 328 ) 
4 916 996 (1024 -2796 328 ) (1024 -2804 328 ) (1024 -2804 366 ) (1024 -2796 366 ) 
4 916 998 (1024 -2804 328 ) (1024 -3072 328 ) (1024 -3072 366 ) (1024 -2804 366 ) 
4 916 976 (1024 -2048 366 ) (1024 -2048 328 ) (1024 -2796 328 ) (1024 -2796 366 ) 
4 916 970 (1024 -2796 366 ) (1024 -2804 366 ) (1024 -2804 426 ) (1024 -2796 426 ) 
4 916 975 (1024 -2804 366 ) (1024 -3072 366 ) (1024 -3072 426 ) (1024 -2804 426 ) 
4 916 967 (1024 -2804 464 ) (1024 -2796 464 ) (1024 -2796 426 ) (1024 -2804 426 ) 
4 916 969 (1024 -3072 426 ) (1024 -3072 464 ) (1024 -2804 464 ) (1024 -2804 426 ) 
4 916 947 (1024 -2048 426 ) (1024 -2048 366 ) (1024 -2796 366 ) (1024 -2796 426 ) 
4 916 942 (1024 -2048 464 ) (1024 -2048 426 ) (1024 -2796 426 ) (1024 -2796 464 ) 
4 916 941 (1024 -2048 1104 ) (1024 -2048 464 ) (1024 -3072 464 ) (1024 -3072 1104 ) 
4 916 925 (1728 -3072 1104 ) (1056 -3072 1104 ) (1056 -3072 88 ) (1728 -3072 88 ) 
4 916 924 (2048 -3072 88 ) (2048 -3072 1104 ) (1728 -3072 1104 ) (1728 -3072 88 ) 
4 916 927 (1056 -3072 1104 ) (1024 -3072 1104 ) (1024 -3072 88 ) (1056 -3072 88 ) 
4 916 922 (1264 -2536 88 ) (1264 -2048 88 ) (1272 -2048 88 ) (1272 -2536 88 ) 
4 916 923 (1264 -3072 88 ) (1024 -3072 88 ) (1024 -2048 88 ) (1264 -2048 88 ) 
4 916 920 (1580 -3072 88 ) (1572 -3072 88 ) (1572 -2848 88 ) (1580 -2848 88 ) 
4 916 921 (1572 -3072 88 ) (1272 -3072 88 ) (1272 -2544 88 ) (1572 -2544 88 ) 
4 916 919 (1272 -2536 88 ) (1272 -2048 88 ) (1580 -2048 88 ) (1580 -2536 88 ) 
4 916 918 (1580 -2840 88 ) (1580 -2048 88 ) (2048 -2048 88 ) (2048 -3053.020752 88 ) 
4 916 917 (2048 -3072 88 ) (1580 -3072 88 ) (1580 -2848 88 ) (2048 -3061.020508 88 ) 
4 917 932 (2048 -3072 -8 ) (2048 -3072 88 ) (1580 -3072 88 ) (1580 -3072 -8 ) 
4 917 920 (1580 -2848 -8 ) (1580 -3072 -8 ) (1580 -3072 88 ) (1580 -2848 88 ) 
4 918 919 (1580 -2048 -8 ) (1580 -2536 -8 ) (1580 -2536 88 ) (1580 -2048 88 ) 
4 919 922 (1272 -2048 -8 ) (1272 -2536 -8 ) (1272 -2536 88 ) (1272 -2048 88 ) 
4 920 932 (1580 -3072 88 ) (1572 -3072 88 ) (1572 -3072 -8 ) (1580 -3072 -8 ) 
4 920 921 (1572 -2848 -8 ) (1572 -3072 -8 ) (1572 -3072 88 ) (1572 -2848 88 ) 
4 921 933 (1333.346313 -3072 88 ) (1272 -3072 88 ) (1272 -3072 -8 ) (1333.346313 -3072 -8 ) 
4 921 932 (1572 -3072 88 ) (1333.346313 -3072 88 ) (1333.346313 -3072 -8 ) (1572 -3072 -8 ) 
4 922 923 (1264 -2048 -8 ) (1264 -2536 -8 ) (1264 -2536 88 ) (1264 -2048 88 ) 
4 923 1101 (1024 -2804 -8 ) (1024 -3072 -8 ) (1024 -3072 56 ) (1024 -2804 56 ) 
4 923 1100 (1024 -2676 -8 ) (1024 -2804 -8 ) (1024 -2804 56 ) (1024 -2676 56 ) 
4 923 1099 (1024 -2236 -8 ) (1024 -2676 -8 ) (1024 -2676 56 ) (1024 -2236 56 ) 
4 923 1097 (1024 -2048 56 ) (1024 -2048 -8 ) (1024 -2236 -8 ) (1024 -2236 56 ) 
4 923 1094 (1024 -2796 56 ) (1024 -2804 56 ) (1024 -2804 88 ) (1024 -2796 88 ) 
4 923 1096 (1024 -2804 56 ) (1024 -3072 56 ) (1024 -3072 88 ) (1024 -2804 88 ) 
4 923 1076 (1024 -2048 88 ) (1024 -2048 56 ) (1024 -2796 56 ) (1024 -2796 88 ) 
4 923 934 (1264 -3072 88 ) (1024 -3072 88 ) (1024 -3072 -8 ) (1264 -3072 -8 ) 
4 924 936 (2048 -4004 88 ) (2048 -4004 184 ) (1728 -4004 184 ) (1728 -4004 88 ) 
4 924 935 (2048 -4004 184 ) (2048 -4004 1104 ) (1728 -4004 1104 ) (1728 -4004 184 ) 
5 924 932 (2048 -4004 88 ) (1989.588989 -4004 88 ) (1728 -3735.996094 88 ) (1728 -3072 88 ) (2048 -3072 88 ) 
4 924 930 (1980.527832 -4004 88 ) (1728 -4004 88 ) (1728 -3996 88 ) (1972.724731 -3996 88 ) 
3 924 929 (1728 -3996 88 ) (1728 -3745.100830 88 ) (1972.724731 -3996 88 ) 
4 924 926 (1728 -4004 184 ) (1728 -4004 1104 ) (1728 -3996 1104 ) (1728 -3996 184 ) 
4 924 925 (1728 -3072 88 ) (1728 -3996 88 ) (1728 -3996 1104 ) (1728 -3072 1104 ) 
4 925 934 (1056 -3458.372314 88 ) (1056 -3072 88 ) (1264 -3072 88 ) (1264 -3160 88 ) 
3 925 933 (1272 -3072 88 ) (1333.346191 -3072 88 ) (1272 -3160 88 ) 
4 925 932 (1227.748657 -3223.477783 88 ) (1333.346191 -3072 88 ) (1728 -3072 88 ) (1728 -3735.996094 88 ) 
4 925 928 (1056 -3696 88 ) (1056 -3469.848145 88 ) (1224.191162 -3228.580811 88 ) (1680.107544 -3696 88 ) 
5 925 929 (1056 -3996 88 ) (1056 -3704 88 ) (1687.910645 -3704 88 ) (1728 -3745.100830 88 ) (1728 -3996 88 ) 
4 925 926 (1056 -3996 1104 ) (1056 -3996 184 ) (1728 -3996 184 ) (1728 -3996 1104 ) 
4 925 927 (1056 -3072 88 ) (1056 -3996 88 ) (1056 -3996 1104 ) (1056 -3072 1104 ) 
4 926 935 (1728 -4004 1104 ) (1056 -4004 1104 ) (1056 -4004 184 ) (1728 -4004 184 ) 
4 926 927 (1056 -4004 184 ) (1056 -4004 1104 ) (1056 -3996 1104 ) (1056 -3996 184 ) 
4 927 1269 (1024 -3072 1104 ) (1024 -3072 88 ) (1024 -4004 88 ) (1024 -4004 1104 ) 
4 927 940 (1024 -4004 184 ) (1024 -4004 88 ) (1056 -4004 88 ) (1056 -4004 184 ) 
4 927 935 (1056 -4004 1104 ) (1024 -4004 1104 ) (1024 -4004 184 ) (1056 -4004 184 ) 
4 927 934 (1024 -3504.275635 88 ) (1024 -3072 88 ) (1056 -3072 88 ) (1056 -3458.372070 88 ) 
4 927 931 (1056 -4004 88 ) (1024 -4004 88 ) (1024 -3996 88 ) (1056 -3996 88 ) 
4 927 928 (1024 -3696 88 ) (1024 -3515.751953 88 ) (1056 -3469.848389 88 ) (1056 -3696 88 ) 
4 927 929 (1024 -3996 88 ) (1024 -3704 88 ) (1056 -3704 88 ) (1056 -3996 88 ) 
4 928 1270 (1024 -3515.751709 -8 ) (1024 -3696 -8 ) (1024 -3696 88 ) (1024 -3515.751953 88 ) 
4 929 1275 (1024 -3992 -8 ) (1024 -3996 -8 ) (1024 -3996 88 ) (1024 -3992 88 ) 
4 929 1271 (1024 -3704 -8 ) (1024 -3992 -8 ) (1024 -3992 88 ) (1024 -3704 88 ) 
4 929 930 (1728 -3996 -8 ) (1972.726562 -3996 -8 ) (1972.726562 -3996 88 ) (1728 -3996 88 ) 
4 929 931 (1024 -3996 -8 ) (1056 -3996 -8 ) (1056 -3996 88 ) (1024 -3996 88 ) 
4 930 938 (1728 -4004 -8 ) (1980.527832 -4004 -8 ) (1980.527832 -4004 88 ) (1728 -4004 88 ) 
4 931 1275 (1024 -3996 -8 ) (1024 -4004 -8 ) (1024 -4004 88 ) (1024 -3996 88 ) 
4 931 940 (1024 -4004 -8 ) (1056 -4004 -8 ) (1056 -4004 88 ) (1024 -4004 88 ) 
4 932 937 (1989.579102 -4004 -8 ) (2048 -4004 -8 ) (2048 -4004 88 ) (1989.588989 -4004 88 ) 
4 932 933 (1333.344727 -3072 -8 ) (1272 -3159.998047 -8 ) (1272 -3159.997314 88 ) (1333.344238 -3072 88 ) 
4 934 1273 (1024 -3072 56 ) (1024 -3072 -8 ) (1024 -3504.275879 -8 ) (1024 -3504.275635 56 ) 
4 934 1272 (1024 -3072 88 ) (1024 -3072 56 ) (1024 -3504.275635 56 ) (1024 -3504.275635 88 ) 
4 935 1321 (2048 -4096 184 ) (2048 -4096 1104 ) (1024 -4096 1104 ) (1024 -4096 184 ) 
4 935 1269 (1024 -4096 184 ) (1024 -4096 1104 ) (1024 -4004 1104 ) (1024 -4004 184 ) 
4 935 940 (1056 -4096 184 ) (1024 -4096 184 ) (1024 -4004 184 ) (1056 -4004 184 ) 
4 935 936 (2048 -4096 184 ) (1728 -4096 184 ) (1728 -4004 184 ) (2048 -4004 184 ) 
4 936 1322 (2048 -4096 88 ) (2048 -4096 184 ) (1728 -4096 184 ) (1728 -4096 88 ) 
5 936 938 (1728 -4096 88 ) (1728 -4004 88 ) (1980.527710 -4004 88 ) (2048 -4073.174316 88 ) (2048 -4096 88 ) 
3 936 937 (1989.588989 -4004 88 ) (2048 -4004 88 ) (2048 -4063.843262 88 ) 
4 938 1368 (2048 -4096 -8 ) (2048 -4096 36 ) (1728 -4096 36 ) (1728 -4096 -8 ) 
4 938 1322 (2048 -4096 36 ) (2048 -4096 88 ) (1728 -4096 88 ) (1728 -4096 36 ) 
4 939 1395 (1064 -4096 36 ) (1064 -4096 -8 ) (1120 -4096 -8 ) (1120 -4096 36 ) 
4 939 1393 (1120 -4096 -8 ) (1128 -4096 -8 ) (1128 -4096 36 ) (1120 -4096 36 ) 
4 939 1385 (1128 -4096 -8 ) (1328 -4096 -8 ) (1328 -4096 36 ) (1128 -4096 36 ) 
4 939 1382 (1328 -4096 -8 ) (1456 -4096 -8 ) (1456 -4096 36 ) (1328 -4096 36 ) 
4 939 1373 (1456 -4096 -8 ) (1656 -4096 -8 ) (1656 -4096 36 ) (1456 -4096 36 ) 
4 939 1372 (1656 -4096 -8 ) (1664 -4096 -8 ) (1664 -4096 36 ) (1656 -4096 36 ) 
4 939 1370 (1664 -4096 -8 ) (1720 -4096 -8 ) (1720 -4096 36 ) (1664 -4096 36 ) 
4 939 1364 (1064 -4096 176 ) (1064 -4096 36 ) (1120 -4096 36 ) (1120 -4096 176 ) 
4 939 1356 (1120 -4096 36 ) (1128 -4096 36 ) (1128 -4096 176 ) (1120 -4096 176 ) 
4 939 1348 (1128 -4096 36 ) (1328 -4096 36 ) (1328 -4096 176 ) (1128 -4096 176 ) 
4 939 1345 (1328 -4096 36 ) (1456 -4096 36 ) (1456 -4096 176 ) (1328 -4096 176 ) 
4 939 1340 (1456 -4096 36 ) (1464 -4096 36 ) (1464 -4096 176 ) (1456 -4096 176 ) 
4 939 1335 (1464 -4096 36 ) (1656 -4096 36 ) (1656 -4096 176 ) (1464 -4096 176 ) 
4 939 1326 (1656 -4096 36 ) (1664 -4096 36 ) (1664 -4096 176 ) (1656 -4096 176 ) 
4 939 1324 (1664 -4096 36 ) (1720 -4096 36 ) (1720 -4096 176 ) (1664 -4096 176 ) 
4 940 1398 (1024 -4096 36 ) (1024 -4096 -8 ) (1056 -4096 -8 ) (1056 -4096 36 ) 
4 940 1367 (1056 -4096 184 ) (1024 -4096 184 ) (1024 -4096 36 ) (1056 -4096 36 ) 
4 940 1275 (1024 -4096 -8 ) (1024 -4096 88 ) (1024 -4004 88 ) (1024 -4004 -8 ) 
4 940 1269 (1024 -4096 88 ) (1024 -4096 184 ) (1024 -4004 184 ) (1024 -4004 88 ) 
4 941 1269 (1024 -3072 464 ) (1024 -3072 1104 ) (0 -3072 1104 ) (0 -3072 464 ) 
4 941 1103 (0 -2048 1104 ) (0 -2048 464 ) (0 -3072 464 ) (0 -3072 1104 ) 
4 941 968 (0 -2804 464 ) (0 -2796 464 ) (168 -2796 464 ) (168 -2804 464 ) 
4 941 967 (888 -2796 464 ) (1024 -2796 464 ) (1024 -2804 464 ) (888 -2804 464 ) 
4 941 969 (0 -3072 464 ) (0 -2804 464 ) (1024 -2804 464 ) (1024 -3072 464 ) 
4 941 966 (0 -2796 464 ) (0 -2756 464 ) (168 -2756 464 ) (168 -2796 464 ) 
4 941 944 (744 -2048 464 ) (880 -2048 464 ) (880 -2676 464 ) (744 -2676 464 ) 
4 941 943 (880 -2048 464 ) (888 -2048 464 ) (888 -2676 464 ) (880 -2676 464 ) 
4 941 942 (888 -2048 464 ) (1024 -2048 464 ) (1024 -2796 464 ) (888 -2796 464 ) 
4 942 967 (1024 -2796 426 ) (1024 -2796 464 ) (888 -2796 464 ) (888 -2796 426 ) 
4 942 947 (1024 -2796 426 ) (888 -2796 426 ) (888 -2048 426 ) (1024 -2048 426 ) 
4 942 943 (888 -2048 426 ) (888 -2676 426 ) (888 -2676 464 ) (888 -2048 464 ) 
4 943 948 (880 -2676 426 ) (880 -2048 426 ) (888 -2048 426 ) (888 -2676 426 ) 
4 943 944 (880 -2048 426 ) (880 -2676 426 ) (880 -2676 464 ) (880 -2048 464 ) 
4 944 949 (744 -2676 426 ) (744 -2048 426 ) (880 -2048 426 ) (880 -2676 426 ) 
4 945 950 (880 -2796 426 ) (744 -2796 426 ) (744 -2684 426 ) (880 -2684 426 ) 
4 945 946 (744 -2684 426 ) (744 -2796 426 ) (744 -2796 456 ) (744 -2684 456 ) 
4 946 963 (736 -2796 426 ) (736 -2796 456 ) (736 -2748 456 ) (736 -2748 426 ) 
4 946 961 (736 -2748 456 ) (736 -2684 456 ) (736 -2684 426 ) (736 -2748 426 ) 
4 946 952 (744 -2796 426 ) (736 -2796 426 ) (736 -2684 426 ) (744 -2684 426 ) 
4 947 976 (888 -2048 366 ) (1024 -2048 366 ) (1024 -2796 366 ) (888 -2796 366 ) 
4 947 970 (888 -2796 366 ) (1024 -2796 366 ) (1024 -2796 426 ) (888 -2796 426 ) 
4 947 948 (888 -2048 366 ) (888 -2676 366 ) (888 -2676 426 ) (888 -2048 426 ) 
4 948 977 (880 -2048 366 ) (888 -2048 366 ) (888 -2676 366 ) (880 -2676 366 ) 
4 948 949 (880 -2048 366 ) (880 -2676 366 ) (880 -2676 426 ) (880 -2048 426 ) 
4 949 978 (744 -2048 366 ) (880 -2048 366 ) (880 -2676 366 ) (744 -2676 366 ) 
4 949 951 (744 -2360 366 ) (744 -2416 366 ) (744 -2416 426 ) (744 -2360 426 ) 
4 950 979 (880 -2684 366 ) (880 -2796 366 ) (744 -2796 366 ) (744 -2684 366 ) 
4 950 971 (776 -2796 366 ) (832 -2796 366 ) (832 -2796 426 ) (776 -2796 426 ) 
4 950 952 (744 -2684 366 ) (744 -2796 366 ) (744 -2796 426 ) (744 -2684 426 ) 
4 951 956 (736 -2360 366 ) (736 -2416 366 ) (736 -2416 426 ) (736 -2360 426 ) 
4 952 980 (744 -2684 366 ) (744 -2796 366 ) (736 -2796 366 ) (736 -2684 366 ) 
4 952 963 (736 -2748 366 ) (736 -2796 366 ) (736 -2796 426 ) (736 -2748 426 ) 
4 952 961 (736 -2684 366 ) (736 -2748 366 ) (736 -2748 426 ) (736 -2684 426 ) 
4 953 981 (128 -2048 366 ) (736 -2048 366 ) (736 -2284 366 ) (128 -2284 366 ) 
4 953 956 (128 -2284 366 ) (736 -2284 366 ) (736 -2284 456 ) (128 -2284 456 ) 
4 954 982 (40 -2048 366 ) (120 -2048 366 ) (120 -2284 366 ) (40 -2284 366 ) 
4 955 1104 (0 -2048 456 ) (0 -2048 366 ) (0 -2284 366 ) (0 -2284 456 ) 
4 955 983 (0 -2284 366 ) (0 -2048 366 ) (32 -2048 366 ) (32 -2284 366 ) 
4 955 958 (0 -2284 366 ) (32 -2284 366 ) (32 -2284 456 ) (0 -2284 456 ) 
4 956 984 (128 -2284 366 ) (736 -2284 366 ) (736 -2484 366 ) (128 -2484 366 ) 
4 956 959 (608 -2484 366 ) (656 -2484 366 ) (656 -2484 436 ) (608 -2484 436 ) 
4 956 957 (128 -2292 366 ) (128 -2484 366 ) (128 -2484 456 ) (128 -2292 456 ) 
4 957 985 (128 -2292 366 ) (128 -2484 366 ) (32 -2484 366 ) (32 -2292 366 ) 
4 957 960 (32 -2484 366 ) (64 -2484 366 ) (64 -2484 436 ) (32 -2484 436 ) 
4 957 958 (32 -2292 366 ) (32 -2484 366 ) (32 -2484 456 ) (32 -2292 456 ) 
4 958 1107 (0 -2284 366 ) (0 -2484 366 ) (0 -2484 456 ) (0 -2284 456 ) 
4 958 986 (0 -2484 366 ) (0 -2284 366 ) (32 -2284 366 ) (32 -2484 366 ) 
4 958 960 (16 -2484 366 ) (32 -2484 366 ) (32 -2484 436 ) (16 -2484 436 ) 
4 959 987 (608 -2484 366 ) (656 -2484 366 ) (656 -2492 366 ) (608 -2492 366 ) 
4 959 961 (608 -2492 366 ) (656 -2492 366 ) (656 -2492 436 ) (608 -2492 436 ) 
4 960 988 (16 -2484 366 ) (64 -2484 366 ) (64 -2492 366 ) (16 -2492 366 ) 
4 960 962 (16 -2492 366 ) (64 -2492 366 ) (64 -2492 436 ) (16 -2492 436 ) 
4 961 989 (340 -2492 366 ) (736 -2492 366 ) (736 -2748 366 ) (340 -2748 366 ) 
4 961 963 (340 -2748 366 ) (736 -2748 366 ) (736 -2748 456 ) (340 -2748 456 ) 
4 962 1112 (0 -2492 366 ) (0 -2748 366 ) (0 -2748 456 ) (0 -2492 456 ) 
4 962 990 (0 -2748 366 ) (0 -2492 366 ) (332 -2492 366 ) (332 -2748 366 ) 
4 962 965 (4 -2748 366 ) (60 -2748 366 ) (60 -2748 426 ) (4 -2748 426 ) 
4 962 964 (176 -2748 366 ) (332 -2748 366 ) (332 -2748 456 ) (176 -2748 456 ) 
4 963 993 (736 -2756 366 ) (736 -2796 366 ) (340 -2796 366 ) (340 -2756 366 ) 
4 963 991 (340 -2748 366 ) (736 -2748 366 ) (736 -2756 366 ) (340 -2756 366 ) 
4 963 972 (552 -2796 366 ) (608 -2796 366 ) (608 -2796 426 ) (552 -2796 426 ) 
4 964 994 (332 -2756 366 ) (332 -2796 366 ) (176 -2796 366 ) (176 -2756 366 ) 
4 964 992 (176 -2748 366 ) (332 -2748 366 ) (332 -2756 366 ) (176 -2756 366 ) 
4 964 973 (204 -2796 366 ) (260 -2796 366 ) (260 -2796 426 ) (204 -2796 426 ) 
4 965 966 (4 -2756 366 ) (60 -2756 366 ) (60 -2756 426 ) (4 -2756 426 ) 
4 966 1116 (0 -2756 366 ) (0 -2796 366 ) (0 -2796 464 ) (0 -2756 464 ) 
4 966 995 (0 -2796 366 ) (0 -2756 366 ) (168 -2756 366 ) (168 -2796 366 ) 
4 966 974 (0 -2796 366 ) (168 -2796 366 ) (168 -2796 426 ) (0 -2796 426 ) 
4 966 968 (168 -2796 426 ) (168 -2796 464 ) (0 -2796 464 ) (0 -2796 426 ) 
4 967 970 (888 -2796 426 ) (1024 -2796 426 ) (1024 -2804 426 ) (888 -2804 426 ) 
4 967 969 (888 -2804 426 ) (1024 -2804 426 ) (1024 -2804 464 ) (888 -2804 464 ) 
4 968 1123 (0 -2804 464 ) (0 -2796 464 ) (0 -2796 426 ) (0 -2804 426 ) 
4 968 974 (0 -2804 426 ) (0 -2796 426 ) (168 -2796 426 ) (168 -2804 426 ) 
4 968 969 (0 -2804 426 ) (168 -2804 426 ) (168 -2804 464 ) (0 -2804 464 ) 
4 969 1269 (1024 -3072 426 ) (1024 -3072 464 ) (0 -3072 464 ) (0 -3072 426 ) 
4 969 1129 (0 -2852 464 ) (0 -2844 464 ) (0 -2844 426 ) (0 -2852 426 ) 
4 969 1131 (0 -3072 426 ) (0 -3072 464 ) (0 -2852 464 ) (0 -2852 426 ) 
4 969 1123 (0 -2844 464 ) (0 -2804 464 ) (0 -2804 426 ) (0 -2844 426 ) 
4 969 975 (0 -3072 426 ) (0 -2804 426 ) (1024 -2804 426 ) (1024 -3072 426 ) 
4 970 996 (888 -2796 366 ) (1024 -2796 366 ) (1024 -2804 366 ) (888 -2804 366 ) 
4 970 975 (888 -2804 366 ) (1024 -2804 366 ) (1024 -2804 426 ) (888 -2804 426 ) 
4 971 975 (776 -2804 366 ) (832 -2804 366 ) (832 -2804 426 ) (776 -2804 426 ) 
4 972 975 (552 -2804 366 ) (608 -2804 366 ) (608 -2804 426 ) (552 -2804 426 ) 
4 973 975 (204 -2804 366 ) (260 -2804 366 ) (260 -2804 426 ) (204 -2804 426 ) 
4 974 1123 (0 -2796 366 ) (0 -2804 366 ) (0 -2804 426 ) (0 -2796 426 ) 
4 974 997 (0 -2804 366 ) (0 -2796 366 ) (168 -2796 366 ) (168 -2804 366 ) 
4 974 975 (0 -2804 366 ) (168 -2804 366 ) (168 -2804 426 ) (0 -2804 426 ) 
4 975 1269 (1024 -3072 366 ) (1024 -3072 426 ) (0 -3072 426 ) (0 -3072 366 ) 
4 975 1132 (0 -2844 366 ) (0 -2852 366 ) (0 -2852 426 ) (0 -2844 426 ) 
4 975 1135 (0 -2852 366 ) (0 -3072 366 ) (0 -3072 426 ) (0 -2852 426 ) 
4 975 1123 (0 -2804 366 ) (0 -2844 366 ) (0 -2844 426 ) (0 -2804 426 ) 
4 975 998 (1024 -3072 366 ) (0 -3072 366 ) (0 -2804 366 ) (1024 -2804 366 ) 
4 976 1009 (1024 -2484 328 ) (1024 -2796 328 ) (888 -2796 328 ) (888 -2484 328 ) 
4 976 999 (888 -2048 328 ) (1024 -2048 328 ) (1024 -2484 328 ) (888 -2484 328 ) 
4 976 996 (888 -2796 328 ) (1024 -2796 328 ) (1024 -2796 366 ) (888 -2796 366 ) 
4 976 977 (888 -2048 328 ) (888 -2676 328 ) (888 -2676 366 ) (888 -2048 366 ) 
4 977 1010 (888 -2484 328 ) (888 -2676 328 ) (880 -2676 328 ) (880 -2484 328 ) 
4 977 999 (880 -2048 328 ) (888 -2048 328 ) (888 -2484 328 ) (880 -2484 328 ) 
4 977 978 (880 -2048 328 ) (880 -2676 328 ) (880 -2676 366 ) (880 -2048 366 ) 
4 978 1011 (880 -2484 328 ) (880 -2676 328 ) (744 -2676 328 ) (744 -2484 328 ) 
4 978 999 (744 -2048 328 ) (880 -2048 328 ) (880 -2484 328 ) (744 -2484 328 ) 
4 979 980 (744 -2684 328 ) (744 -2796 328 ) (744 -2796 366 ) (744 -2684 366 ) 
4 980 993 (736 -2756 328 ) (736 -2796 328 ) (736 -2796 366 ) (736 -2756 366 ) 
4 980 991 (736 -2748 328 ) (736 -2756 328 ) (736 -2756 366 ) (736 -2748 366 ) 
4 980 989 (736 -2684 328 ) (736 -2748 328 ) (736 -2748 366 ) (736 -2684 366 ) 
4 981 984 (128 -2284 328 ) (736 -2284 328 ) (736 -2284 366 ) (128 -2284 366 ) 
4 982 1001 (40 -2048 328 ) (120 -2048 328 ) (120 -2284 328 ) (40 -2284 328 ) 
4 983 1136 (0 -2048 366 ) (0 -2048 328 ) (0 -2284 328 ) (0 -2284 366 ) 
4 983 986 (0 -2284 328 ) (32 -2284 328 ) (32 -2284 366 ) (0 -2284 366 ) 
4 984 987 (608 -2484 328 ) (656 -2484 328 ) (656 -2484 366 ) (608 -2484 366 ) 
4 984 985 (128 -2292 328 ) (128 -2484 328 ) (128 -2484 366 ) (128 -2292 366 ) 
4 985 988 (32 -2484 328 ) (64 -2484 328 ) (64 -2484 366 ) (32 -2484 366 ) 
4 985 986 (32 -2292 328 ) (32 -2484 328 ) (32 -2484 366 ) (32 -2292 366 ) 
4 986 1139 (0 -2284 328 ) (0 -2484 328 ) (0 -2484 366 ) (0 -2284 366 ) 
4 986 988 (16 -2484 328 ) (32 -2484 328 ) (32 -2484 366 ) (16 -2484 366 ) 
4 987 989 (608 -2492 328 ) (656 -2492 328 ) (656 -2492 366 ) (608 -2492 366 ) 
4 988 990 (16 -2492 328 ) (64 -2492 328 ) (64 -2492 366 ) (16 -2492 366 ) 
4 989 991 (340 -2748 328 ) (736 -2748 328 ) (736 -2748 366 ) (340 -2748 366 ) 
4 990 1144 (0 -2492 328 ) (0 -2748 328 ) (0 -2748 366 ) (0 -2492 366 ) 
4 990 992 (176 -2748 328 ) (332 -2748 328 ) (332 -2748 366 ) (176 -2748 366 ) 
4 991 993 (340 -2756 328 ) (736 -2756 328 ) (736 -2756 366 ) (340 -2756 366 ) 
4 992 994 (176 -2756 328 ) (332 -2756 328 ) (332 -2756 366 ) (176 -2756 366 ) 
4 995 1151 (0 -2756 328 ) (0 -2796 328 ) (0 -2796 366 ) (0 -2756 366 ) 
4 995 1020 (0 -2796 328 ) (0 -2756 328 ) (168 -2756 328 ) (168 -2796 328 ) 
4 995 997 (0 -2796 328 ) (168 -2796 328 ) (168 -2796 366 ) (0 -2796 366 ) 
4 996 1021 (888 -2796 328 ) (1024 -2796 328 ) (1024 -2804 328 ) (888 -2804 328 ) 
4 996 998 (888 -2804 328 ) (1024 -2804 328 ) (1024 -2804 366 ) (888 -2804 366 ) 
4 997 1156 (0 -2796 328 ) (0 -2804 328 ) (0 -2804 366 ) (0 -2796 366 ) 
4 997 1025 (0 -2804 328 ) (0 -2796 328 ) (168 -2796 328 ) (168 -2804 328 ) 
4 997 998 (0 -2804 328 ) (168 -2804 328 ) (168 -2804 366 ) (0 -2804 366 ) 
4 998 1269 (1024 -3072 328 ) (1024 -3072 366 ) (0 -3072 366 ) (0 -3072 328 ) 
4 998 1160 (0 -2844 328 ) (0 -2852 328 ) (0 -2852 366 ) (0 -2844 366 ) 
4 998 1162 (0 -2852 328 ) (0 -3072 328 ) (0 -3072 366 ) (0 -2852 366 ) 
4 998 1156 (0 -2804 328 ) (0 -2844 328 ) (0 -2844 366 ) (0 -2804 366 ) 
4 998 1026 (0 -3072 328 ) (0 -2804 328 ) (1024 -2804 328 ) (1024 -3072 328 ) 
4 999 1027 (744 -2048 230 ) (1024 -2048 230 ) (1024 -2484 230 ) (744 -2484 230 ) 
4 999 1011 (744 -2484 230 ) (880 -2484 230 ) (880 -2484 328 ) (744 -2484 328 ) 
4 999 1010 (880 -2484 230 ) (888 -2484 230 ) (888 -2484 328 ) (880 -2484 328 ) 
4 999 1009 (888 -2484 230 ) (1024 -2484 230 ) (1024 -2484 328 ) (888 -2484 328 ) 
4 999 1000 (744 -2360 230 ) (744 -2416 230 ) (744 -2416 290 ) (744 -2360 290 ) 
4 1000 1008 (736 -2360 230 ) (736 -2416 230 ) (736 -2416 290 ) (736 -2360 290 ) 
4 1001 1003 (40 -2284 320 ) (40 -2048 320 ) (120 -2048 320 ) (120 -2284 320 ) 
4 1002 1028 (128 -2048 230 ) (736 -2048 230 ) (736 -2284 230 ) (128 -2284 230 ) 
4 1002 1005 (128 -2284 230 ) (736 -2284 230 ) (736 -2284 320 ) (128 -2284 320 ) 
4 1003 1029 (120 -2145 230 ) (120 -2284 230 ) (40 -2284 230 ) (40 -2145 230 ) 
4 1003 1006 (56 -2284 230 ) (104 -2284 230 ) (104 -2284 300 ) (56 -2284 300 ) 
4 1004 1165 (0 -2048 320 ) (0 -2048 230 ) (0 -2284 230 ) (0 -2284 320 ) 
4 1004 1030 (0 -2284 230 ) (0 -2048 230 ) (32 -2048 230 ) (32 -2284 230 ) 
4 1004 1007 (0 -2284 230 ) (32 -2284 230 ) (32 -2284 320 ) (0 -2284 320 ) 
4 1005 1031 (128 -2284 230 ) (736 -2284 230 ) (736 -2292 230 ) (128 -2292 230 ) 
4 1005 1008 (128 -2292 230 ) (736 -2292 230 ) (736 -2292 320 ) (128 -2292 320 ) 
4 1006 1032 (56 -2284 230 ) (104 -2284 230 ) (104 -2292 230 ) (56 -2292 230 ) 
4 1006 1008 (56 -2292 230 ) (104 -2292 230 ) (104 -2292 300 ) (56 -2292 300 ) 
4 1007 1168 (0 -2284 230 ) (0 -2292 230 ) (0 -2292 320 ) (0 -2284 320 ) 
4 1007 1033 (0 -2292 230 ) (0 -2284 230 ) (32 -2284 230 ) (32 -2292 230 ) 
4 1007 1008 (0 -2292 230 ) (32 -2292 230 ) (32 -2292 320 ) (0 -2292 320 ) 
4 1008 1171 (0 -2292 230 ) (0 -2484 230 ) (0 -2484 320 ) (0 -2292 320 ) 
4 1008 1034 (0 -2484 230 ) (0 -2292 230 ) (736 -2292 230 ) (736 -2484 230 ) 
4 1008 1015 (16 -2484 230 ) (64 -2484 230 ) (64 -2484 300 ) (16 -2484 300 ) 
4 1008 1013 (608 -2484 230 ) (656 -2484 230 ) (656 -2484 300 ) (608 -2484 300 ) 
4 1009 1038 (1024 -2492 230 ) (1024 -2796 230 ) (888 -2796 230 ) (888 -2492 230 ) 
4 1009 1035 (888 -2484 230 ) (1024 -2484 230 ) (1024 -2492 230 ) (888 -2492 230 ) 
4 1009 1021 (888 -2796 230 ) (1024 -2796 230 ) (1024 -2796 328 ) (888 -2796 328 ) 
4 1009 1010 (888 -2484 328 ) (888 -2484 230 ) (888 -2676 230 ) (888 -2676 328 ) 
4 1010 1039 (888 -2492 230 ) (888 -2676 230 ) (880 -2676 230 ) (880 -2492 230 ) 
4 1010 1035 (880 -2484 230 ) (888 -2484 230 ) (888 -2492 230 ) (880 -2492 230 ) 
4 1010 1011 (880 -2484 328 ) (880 -2484 230 ) (880 -2676 230 ) (880 -2676 328 ) 
4 1011 1040 (880 -2492 230 ) (880 -2676 230 ) (744 -2676 230 ) (744 -2492 230 ) 
4 1011 1035 (744 -2484 230 ) (880 -2484 230 ) (880 -2492 230 ) (744 -2492 230 ) 
4 1012 1042 (744 -2796 230 ) (736 -2796 230 ) (736 -2684 230 ) (744 -2684 230 ) 
4 1012 1041 (880 -2684 230 ) (880 -2796 230 ) (744 -2796 230 ) (744 -2684 230 ) 
4 1012 1022 (776 -2796 230 ) (832 -2796 230 ) (832 -2796 290 ) (776 -2796 290 ) 
4 1012 1014 (736 -2684 230 ) (736 -2796 230 ) (736 -2796 320 ) (736 -2684 320 ) 
4 1013 1036 (608 -2484 230 ) (656 -2484 230 ) (656 -2492 230 ) (608 -2492 230 ) 
4 1013 1014 (608 -2492 300 ) (608 -2492 230 ) (656 -2492 230 ) (656 -2492 300 ) 
4 1014 1043 (736 -2492 230 ) (736 -2796 230 ) (340 -2796 230 ) (340 -2492 230 ) 
4 1014 1023 (552 -2796 230 ) (608 -2796 230 ) (608 -2796 290 ) (552 -2796 290 ) 
4 1015 1037 (16 -2484 230 ) (64 -2484 230 ) (64 -2492 230 ) (16 -2492 230 ) 
4 1015 1016 (16 -2492 230 ) (64 -2492 230 ) (64 -2492 300 ) (16 -2492 300 ) 
4 1016 1174 (0 -2492 230 ) (0 -2748 230 ) (0 -2748 320 ) (0 -2492 320 ) 
4 1016 1045 (0 -2748 230 ) (0 -2492 230 ) (176 -2492 230 ) (176 -2748 230 ) 
4 1016 1044 (176 -2492 230 ) (332 -2492 230 ) (332 -2748 230 ) (176 -2748 230 ) 
4 1016 1018 (4 -2748 230 ) (60 -2748 230 ) (60 -2748 290 ) (4 -2748 290 ) 
4 1016 1017 (176 -2748 230 ) (332 -2748 230 ) (332 -2748 320 ) (176 -2748 320 ) 
4 1017 1044 (176 -2748 230 ) (332 -2748 230 ) (332 -2756 230 ) (176 -2756 230 ) 
4 1017 1019 (176 -2756 230 ) (332 -2756 230 ) (332 -2756 320 ) (176 -2756 320 ) 
4 1018 1020 (4 -2756 230 ) (60 -2756 230 ) (60 -2756 290 ) (4 -2756 290 ) 
4 1019 1044 (176 -2756 230 ) (332 -2756 230 ) (332 -2796 230 ) (176 -2796 230 ) 
4 1019 1024 (204 -2796 230 ) (260 -2796 230 ) (260 -2796 290 ) (204 -2796 290 ) 
4 1020 1178 (0 -2756 230 ) (0 -2796 230 ) (0 -2796 328 ) (0 -2756 328 ) 
4 1020 1046 (0 -2796 230 ) (0 -2756 230 ) (168 -2756 230 ) (168 -2796 230 ) 
4 1020 1025 (0 -2796 230 ) (168 -2796 230 ) (168 -2796 328 ) (0 -2796 328 ) 
4 1021 1047 (888 -2796 230 ) (1024 -2796 230 ) (1024 -2804 230 ) (888 -2804 230 ) 
4 1021 1026 (888 -2804 230 ) (1024 -2804 230 ) (1024 -2804 328 ) (888 -2804 328 ) 
4 1022 1026 (776 -2804 230 ) (832 -2804 230 ) (832 -2804 290 ) (776 -2804 290 ) 
4 1023 1026 (552 -2804 230 ) (608 -2804 230 ) (608 -2804 290 ) (552 -2804 290 ) 
4 1024 1026 (204 -2804 230 ) (260 -2804 230 ) (260 -2804 290 ) (204 -2804 290 ) 
4 1025 1178 (0 -2796 230 ) (0 -2804 230 ) (0 -2804 328 ) (0 -2796 328 ) 
4 1025 1048 (0 -2804 230 ) (0 -2796 230 ) (168 -2796 230 ) (168 -2804 230 ) 
4 1025 1026 (0 -2804 230 ) (168 -2804 230 ) (168 -2804 328 ) (0 -2804 328 ) 
4 1026 1269 (1024 -3072 230 ) (1024 -3072 328 ) (0 -3072 328 ) (0 -3072 230 ) 
4 1026 1187 (0 -2844 230 ) (0 -2852 230 ) (0 -2852 328 ) (0 -2844 328 ) 
4 1026 1190 (0 -2852 230 ) (0 -3072 230 ) (0 -3072 328 ) (0 -2852 328 ) 
4 1026 1178 (0 -2804 230 ) (0 -2844 230 ) (0 -2844 328 ) (0 -2804 328 ) 
4 1026 1049 (1024 -3072 230 ) (0 -3072 230 ) (0 -2804 230 ) (1024 -2804 230 ) 
4 1027 1050 (744 -2048 192 ) (1024 -2048 192 ) (1024 -2484 192 ) (744 -2484 192 ) 
4 1027 1035 (744 -2484 192 ) (1024 -2484 192 ) (1024 -2484 230 ) (744 -2484 230 ) 
4 1028 1031 (128 -2284 192 ) (736 -2284 192 ) (736 -2284 230 ) (128 -2284 230 ) 
4 1029 1032 (56 -2284 192 ) (104 -2284 192 ) (104 -2284 230 ) (56 -2284 230 ) 
4 1030 1191 (0 -2048 230 ) (0 -2048 192 ) (0 -2284 192 ) (0 -2284 230 ) 
4 1030 1033 (0 -2284 192 ) (32 -2284 192 ) (32 -2284 230 ) (0 -2284 230 ) 
4 1031 1034 (128 -2292 192 ) (736 -2292 192 ) (736 -2292 230 ) (128 -2292 230 ) 
4 1032 1034 (56 -2292 192 ) (104 -2292 192 ) (104 -2292 230 ) (56 -2292 230 ) 
4 1033 1194 (0 -2284 192 ) (0 -2292 192 ) (0 -2292 230 ) (0 -2284 230 ) 
4 1033 1034 (0 -2292 192 ) (32 -2292 192 ) (32 -2292 230 ) (0 -2292 230 ) 
4 1034 1197 (0 -2292 192 ) (0 -2484 192 ) (0 -2484 230 ) (0 -2292 230 ) 
4 1034 1036 (608 -2484 192 ) (656 -2484 192 ) (656 -2484 230 ) (608 -2484 230 ) 
4 1034 1037 (16 -2484 192 ) (64 -2484 192 ) (64 -2484 230 ) (16 -2484 230 ) 
4 1035 1061 (744 -2484 192 ) (880 -2484 192 ) (880 -2492 192 ) (744 -2492 192 ) 
4 1035 1060 (880 -2484 192 ) (888 -2484 192 ) (888 -2492 192 ) (880 -2492 192 ) 
4 1035 1059 (888 -2484 192 ) (1024 -2484 192 ) (1024 -2492 192 ) (888 -2492 192 ) 
4 1035 1040 (744 -2492 192 ) (880 -2492 192 ) (880 -2492 230 ) (744 -2492 230 ) 
4 1035 1039 (880 -2492 192 ) (888 -2492 192 ) (888 -2492 230 ) (880 -2492 230 ) 
4 1035 1038 (888 -2492 192 ) (1024 -2492 192 ) (1024 -2492 230 ) (888 -2492 230 ) 
4 1036 1043 (608 -2492 192 ) (656 -2492 192 ) (656 -2492 230 ) (608 -2492 230 ) 
4 1037 1045 (16 -2492 192 ) (64 -2492 192 ) (64 -2492 230 ) (16 -2492 230 ) 
4 1038 1059 (888 -2492 192 ) (1024 -2492 192 ) (1024 -2796 192 ) (888 -2796 192 ) 
4 1038 1047 (888 -2796 192 ) (1024 -2796 192 ) (1024 -2796 230 ) (888 -2796 230 ) 
4 1038 1039 (888 -2492 230 ) (888 -2492 192 ) (888 -2676 192 ) (888 -2676 230 ) 
4 1039 1060 (880 -2492 192 ) (888 -2492 192 ) (888 -2676 192 ) (880 -2676 192 ) 
4 1039 1040 (880 -2492 230 ) (880 -2492 192 ) (880 -2676 192 ) (880 -2676 230 ) 
4 1040 1061 (744 -2492 192 ) (880 -2492 192 ) (880 -2676 192 ) (744 -2676 192 ) 
4 1041 1042 (744 -2684 192 ) (744 -2796 192 ) (744 -2796 230 ) (744 -2684 230 ) 
4 1042 1043 (736 -2684 192 ) (736 -2796 192 ) (736 -2796 230 ) (736 -2684 230 ) 
4 1044 1045 (176 -2492 230 ) (176 -2492 192 ) (176 -2748 192 ) (176 -2748 230 ) 
4 1045 1200 (0 -2492 192 ) (0 -2748 192 ) (0 -2748 230 ) (0 -2492 230 ) 
4 1046 1207 (0 -2756 192 ) (0 -2796 192 ) (0 -2796 230 ) (0 -2756 230 ) 
4 1046 1069 (0 -2796 192 ) (0 -2756 192 ) (168 -2756 192 ) (168 -2796 192 ) 
4 1046 1048 (0 -2796 192 ) (168 -2796 192 ) (168 -2796 230 ) (0 -2796 230 ) 
4 1047 1070 (888 -2796 192 ) (1024 -2796 192 ) (1024 -2804 192 ) (888 -2804 192 ) 
4 1047 1049 (888 -2804 192 ) (1024 -2804 192 ) (1024 -2804 230 ) (888 -2804 230 ) 
4 1048 1212 (0 -2796 192 ) (0 -2804 192 ) (0 -2804 230 ) (0 -2796 230 ) 
4 1048 1074 (0 -2804 192 ) (0 -2796 192 ) (168 -2796 192 ) (168 -2804 192 ) 
4 1048 1049 (0 -2804 192 ) (168 -2804 192 ) (168 -2804 230 ) (0 -2804 230 ) 
4 1049 1269 (1024 -3072 192 ) (1024 -3072 230 ) (0 -3072 230 ) (0 -3072 192 ) 
4 1049 1216 (0 -2844 192 ) (0 -2852 192 ) (0 -2852 230 ) (0 -2844 230 ) 
4 1049 1218 (0 -2852 192 ) (0 -3072 192 ) (0 -3072 230 ) (0 -2852 230 ) 
4 1049 1212 (0 -2804 192 ) (0 -2844 192 ) (0 -2844 230 ) (0 -2804 230 ) 
4 1049 1075 (1024 -3072 192 ) (0 -3072 192 ) (0 -2804 192 ) (1024 -2804 192 ) 
4 1050 1078 (744 -2048 94 ) (880 -2048 94 ) (880 -2484 94 ) (744 -2484 94 ) 
4 1050 1077 (880 -2048 94 ) (888 -2048 94 ) (888 -2484 94 ) (880 -2484 94 ) 
4 1050 1076 (888 -2048 94 ) (1024 -2048 94 ) (1024 -2484 94 ) (888 -2484 94 ) 
4 1050 1061 (744 -2484 94 ) (880 -2484 94 ) (880 -2484 192 ) (744 -2484 192 ) 
4 1050 1060 (880 -2484 94 ) (888 -2484 94 ) (888 -2484 192 ) (880 -2484 192 ) 
4 1050 1059 (888 -2484 94 ) (1024 -2484 94 ) (1024 -2484 192 ) (888 -2484 192 ) 
4 1050 1051 (744 -2360 94 ) (744 -2416 94 ) (744 -2416 154 ) (744 -2360 154 ) 
4 1051 1053 (736 -2360 94 ) (736 -2416 94 ) (736 -2416 154 ) (736 -2360 154 ) 
4 1052 1081 (128 -2048 94 ) (736 -2048 94 ) (736 -2108 94 ) (128 -2108 94 ) 
4 1052 1053 (128 -2108 94 ) (736 -2108 94 ) (736 -2108 184 ) (128 -2108 184 ) 
4 1053 1082 (128 -2108 94 ) (736 -2108 94 ) (736 -2484 94 ) (128 -2484 94 ) 
4 1053 1063 (608 -2484 94 ) (656 -2484 94 ) (656 -2484 164 ) (608 -2484 164 ) 
4 1053 1054 (128 -2108 164 ) (128 -2108 94 ) (128 -2156 94 ) (128 -2156 164 ) 
4 1053 1055 (128 -2156 94 ) (128 -2484 94 ) (128 -2484 184 ) (128 -2156 184 ) 
4 1054 1082 (120 -2108 94 ) (128 -2108 94 ) (128 -2156 94 ) (120 -2156 94 ) 
4 1054 1056 (120 -2108 164 ) (120 -2108 94 ) (120 -2156 94 ) (120 -2156 164 ) 
4 1054 1055 (120 -2156 164 ) (120 -2156 94 ) (128 -2156 94 ) (128 -2156 164 ) 
4 1055 1082 (128 -2156 94 ) (128 -2484 94 ) (120 -2484 94 ) (120 -2156 94 ) 
4 1055 1056 (120 -2156 94 ) (120 -2484 94 ) (120 -2484 184 ) (120 -2156 184 ) 
4 1056 1082 (32 -2108 94 ) (120 -2108 94 ) (120 -2484 94 ) (32 -2484 94 ) 
4 1056 1065 (32 -2484 94 ) (64 -2484 94 ) (64 -2484 164 ) (32 -2484 164 ) 
4 1056 1057 (32 -2108 184 ) (32 -2108 94 ) (32 -2284 94 ) (32 -2284 184 ) 
4 1056 1058 (32 -2292 94 ) (32 -2484 94 ) (32 -2484 184 ) (32 -2292 184 ) 
4 1057 1220 (0 -2108 94 ) (0 -2284 94 ) (0 -2284 184 ) (0 -2108 184 ) 
4 1057 1083 (0 -2284 94 ) (0 -2108 94 ) (32 -2108 94 ) (32 -2284 94 ) 
4 1058 1222 (0 -2292 94 ) (0 -2484 94 ) (0 -2484 184 ) (0 -2292 184 ) 
4 1058 1084 (0 -2484 94 ) (0 -2292 94 ) (32 -2292 94 ) (32 -2484 94 ) 
4 1058 1065 (16 -2484 94 ) (32 -2484 94 ) (32 -2484 164 ) (16 -2484 164 ) 
4 1059 1076 (888 -2484 94 ) (1024 -2484 94 ) (1024 -2796 94 ) (888 -2796 94 ) 
4 1059 1070 (888 -2796 94 ) (1024 -2796 94 ) (1024 -2796 192 ) (888 -2796 192 ) 
4 1059 1060 (888 -2484 192 ) (888 -2484 94 ) (888 -2676 94 ) (888 -2676 192 ) 
4 1060 1077 (880 -2484 94 ) (888 -2484 94 ) (888 -2676 94 ) (880 -2676 94 ) 
4 1060 1061 (880 -2484 192 ) (880 -2484 94 ) (880 -2676 94 ) (880 -2676 192 ) 
4 1061 1078 (744 -2484 94 ) (880 -2484 94 ) (880 -2676 94 ) (744 -2676 94 ) 
4 1062 1080 (744 -2796 94 ) (736 -2796 94 ) (736 -2684 94 ) (744 -2684 94 ) 
4 1062 1079 (880 -2684 94 ) (880 -2796 94 ) (744 -2796 94 ) (744 -2684 94 ) 
4 1062 1071 (776 -2796 94 ) (832 -2796 94 ) (832 -2796 154 ) (776 -2796 154 ) 
4 1062 1064 (736 -2684 94 ) (736 -2796 94 ) (736 -2796 184 ) (736 -2684 184 ) 
4 1063 1085 (608 -2484 94 ) (656 -2484 94 ) (656 -2492 94 ) (608 -2492 94 ) 
4 1063 1064 (608 -2492 164 ) (608 -2492 94 ) (656 -2492 94 ) (656 -2492 164 ) 
4 1064 1091 (736 -2756 94 ) (736 -2796 94 ) (340 -2796 94 ) (340 -2756 94 ) 
4 1064 1089 (736 -2748 94 ) (736 -2756 94 ) (340 -2756 94 ) (340 -2748 94 ) 
4 1064 1087 (736 -2492 94 ) (736 -2748 94 ) (340 -2748 94 ) (340 -2492 94 ) 
4 1064 1072 (552 -2796 94 ) (608 -2796 94 ) (608 -2796 154 ) (552 -2796 154 ) 
4 1065 1086 (16 -2484 94 ) (64 -2484 94 ) (64 -2492 94 ) (16 -2492 94 ) 
4 1065 1066 (16 -2492 94 ) (64 -2492 94 ) (64 -2492 164 ) (16 -2492 164 ) 
4 1066 1226 (0 -2492 94 ) (0 -2748 94 ) (0 -2748 184 ) (0 -2492 184 ) 
4 1066 1088 (0 -2748 94 ) (0 -2492 94 ) (332 -2492 94 ) (332 -2748 94 ) 
4 1066 1068 (4 -2748 94 ) (60 -2748 94 ) (60 -2748 154 ) (4 -2748 154 ) 
4 1066 1067 (176 -2748 94 ) (332 -2748 94 ) (332 -2748 184 ) (176 -2748 184 ) 
4 1067 1092 (332 -2756 94 ) (332 -2796 94 ) (176 -2796 94 ) (176 -2756 94 ) 
4 1067 1090 (176 -2748 94 ) (332 -2748 94 ) (332 -2756 94 ) (176 -2756 94 ) 
4 1067 1073 (204 -2796 94 ) (260 -2796 94 ) (260 -2796 154 ) (204 -2796 154 ) 
4 1068 1069 (4 -2756 94 ) (60 -2756 94 ) (60 -2756 154 ) (4 -2756 154 ) 
4 1069 1230 (0 -2756 94 ) (0 -2796 94 ) (0 -2796 192 ) (0 -2756 192 ) 
4 1069 1093 (0 -2796 94 ) (0 -2756 94 ) (168 -2756 94 ) (168 -2796 94 ) 
4 1069 1074 (0 -2796 94 ) (168 -2796 94 ) (168 -2796 192 ) (0 -2796 192 ) 
4 1070 1094 (888 -2796 94 ) (1024 -2796 94 ) (1024 -2804 94 ) (888 -2804 94 ) 
4 1070 1075 (888 -2804 94 ) (1024 -2804 94 ) (1024 -2804 192 ) (888 -2804 192 ) 
4 1071 1075 (776 -2804 94 ) (832 -2804 94 ) (832 -2804 154 ) (776 -2804 154 ) 
4 1072 1075 (552 -2804 94 ) (608 -2804 94 ) (608 -2804 154 ) (552 -2804 154 ) 
4 1073 1075 (204 -2804 94 ) (260 -2804 94 ) (260 -2804 154 ) (204 -2804 154 ) 
4 1074 1230 (0 -2796 94 ) (0 -2804 94 ) (0 -2804 192 ) (0 -2796 192 ) 
4 1074 1095 (0 -2804 94 ) (0 -2796 94 ) (168 -2796 94 ) (168 -2804 94 ) 
4 1074 1075 (0 -2804 94 ) (168 -2804 94 ) (168 -2804 192 ) (0 -2804 192 ) 
4 1075 1269 (1024 -3072 94 ) (1024 -3072 192 ) (0 -3072 192 ) (0 -3072 94 ) 
4 1075 1239 (0 -2844 94 ) (0 -2852 94 ) (0 -2852 192 ) (0 -2844 192 ) 
4 1075 1242 (0 -2852 94 ) (0 -3072 94 ) (0 -3072 192 ) (0 -2852 192 ) 
4 1075 1230 (0 -2804 94 ) (0 -2844 94 ) (0 -2844 192 ) (0 -2804 192 ) 
4 1075 1096 (1024 -3072 94 ) (0 -3072 94 ) (0 -2804 94 ) (1024 -2804 94 ) 
4 1076 1100 (1024 -2676 56 ) (1024 -2796 56 ) (888 -2796 56 ) (888 -2676 56 ) 
4 1076 1099 (1024 -2236 56 ) (1024 -2676 56 ) (888 -2676 56 ) (888 -2236 56 ) 
4 1076 1097 (888 -2048 56 ) (1024 -2048 56 ) (1024 -2236 56 ) (888 -2236 56 ) 
4 1076 1094 (888 -2796 56 ) (1024 -2796 56 ) (1024 -2796 94 ) (888 -2796 94 ) 
4 1076 1077 (888 -2048 56 ) (888 -2676 56 ) (888 -2676 94 ) (888 -2048 94 ) 
4 1077 1099 (888 -2236 56 ) (888 -2676 56 ) (880 -2676 56 ) (880 -2236 56 ) 
4 1077 1097 (880 -2048 56 ) (888 -2048 56 ) (888 -2236 56 ) (880 -2236 56 ) 
4 1077 1078 (880 -2048 56 ) (880 -2676 56 ) (880 -2676 94 ) (880 -2048 94 ) 
4 1078 1099 (880 -2236 56 ) (880 -2676 56 ) (744 -2676 56 ) (744 -2236 56 ) 
3 1078 1098 (832 -2196 56 ) (832 -2236 56 ) (784 -2236 56 ) 
4 1078 1097 (832 -2048 56 ) (880 -2048 56 ) (880 -2236 56 ) (832 -2236 56 ) 
4 1079 1080 (744 -2684 56 ) (744 -2796 56 ) (744 -2796 94 ) (744 -2684 94 ) 
4 1080 1091 (736 -2756 56 ) (736 -2796 56 ) (736 -2796 94 ) (736 -2756 94 ) 
4 1080 1089 (736 -2748 56 ) (736 -2756 56 ) (736 -2756 94 ) (736 -2748 94 ) 
4 1080 1087 (736 -2684 56 ) (736 -2748 56 ) (736 -2748 94 ) (736 -2684 94 ) 
4 1081 1082 (128 -2108 56 ) (736 -2108 56 ) (736 -2108 94 ) (128 -2108 94 ) 
4 1082 1086 (32 -2484 56 ) (64 -2484 56 ) (64 -2484 94 ) (32 -2484 94 ) 
4 1082 1085 (608 -2484 56 ) (656 -2484 56 ) (656 -2484 94 ) (608 -2484 94 ) 
4 1082 1083 (32 -2108 94 ) (32 -2108 56 ) (32 -2284 56 ) (32 -2284 94 ) 
4 1082 1084 (32 -2292 56 ) (32 -2484 56 ) (32 -2484 94 ) (32 -2292 94 ) 
4 1083 1243 (0 -2108 56 ) (0 -2284 56 ) (0 -2284 94 ) (0 -2108 94 ) 
4 1084 1245 (0 -2292 56 ) (0 -2484 56 ) (0 -2484 94 ) (0 -2292 94 ) 
4 1084 1086 (16 -2484 56 ) (32 -2484 56 ) (32 -2484 94 ) (16 -2484 94 ) 
4 1085 1087 (608 -2492 56 ) (656 -2492 56 ) (656 -2492 94 ) (608 -2492 94 ) 
4 1086 1088 (16 -2492 56 ) (64 -2492 56 ) (64 -2492 94 ) (16 -2492 94 ) 
4 1087 1089 (340 -2748 56 ) (736 -2748 56 ) (736 -2748 94 ) (340 -2748 94 ) 
4 1088 1249 (0 -2492 56 ) (0 -2748 56 ) (0 -2748 94 ) (0 -2492 94 ) 
4 1088 1090 (176 -2748 56 ) (332 -2748 56 ) (332 -2748 94 ) (176 -2748 94 ) 
4 1089 1091 (340 -2756 56 ) (736 -2756 56 ) (736 -2756 94 ) (340 -2756 94 ) 
4 1090 1092 (176 -2756 56 ) (332 -2756 56 ) (332 -2756 94 ) (176 -2756 94 ) 
4 1093 1256 (0 -2756 56 ) (0 -2796 56 ) (0 -2796 94 ) (0 -2756 94 ) 
4 1093 1095 (0 -2796 56 ) (168 -2796 56 ) (168 -2796 94 ) (0 -2796 94 ) 
4 1094 1100 (888 -2796 56 ) (1024 -2796 56 ) (1024 -2804 56 ) (888 -2804 56 ) 
4 1094 1096 (888 -2804 56 ) (1024 -2804 56 ) (1024 -2804 94 ) (888 -2804 94 ) 
4 1095 1261 (0 -2796 56 ) (0 -2804 56 ) (0 -2804 94 ) (0 -2796 94 ) 
4 1095 1096 (0 -2804 56 ) (168 -2804 56 ) (168 -2804 94 ) (0 -2804 94 ) 
4 1096 1272 (1024 -3072 56 ) (1024 -3072 88 ) (0 -3072 88 ) (0 -3072 56 ) 
4 1096 1269 (1024 -3072 88 ) (1024 -3072 94 ) (0 -3072 94 ) (0 -3072 88 ) 
4 1096 1265 (0 -2844 56 ) (0 -2852 56 ) (0 -2852 94 ) (0 -2844 94 ) 
4 1096 1268 (0 -2852 56 ) (0 -3072 56 ) (0 -3072 94 ) (0 -2852 94 ) 
4 1096 1261 (0 -2804 56 ) (0 -2844 56 ) (0 -2844 94 ) (0 -2804 94 ) 
3 1096 1102 (832 -2804 56 ) (981.565247 -2804 56 ) (832 -2976 56 ) 
4 1096 1101 (981.565247 -2804 56 ) (1024 -2804 56 ) (1024 -3072 56 ) (748.521729 -3072 56 ) 
4 1097 1099 (1024 -2236 56 ) (832 -2236 56 ) (832 -2236 -8 ) (1024 -2236 -8 ) 
4 1097 1098 (832 -2236 -8 ) (832 -2236 56 ) (832 -2196 56 ) (832 -2196 -8 ) 
4 1098 1099 (832 -2236 56 ) (784 -2236 56 ) (784 -2236 -8 ) (832 -2236 -8 ) 
4 1099 1100 (888 -2676 -8 ) (1024 -2676 -8 ) (1024 -2676 56 ) (888 -2676 56 ) 
4 1100 1102 (981.565186 -2804 56 ) (888 -2804 56 ) (888 -2804 -8 ) (981.565186 -2804 -8 ) 
4 1100 1101 (1024 -2804 -8 ) (1024 -2804 56 ) (981.565186 -2804 56 ) (981.565186 -2804 -8 ) 
4 1101 1273 (1024 -3072 -8 ) (1024 -3072 56 ) (748.521729 -3072 56 ) (748.521729 -3072 -8 ) 
4 1101 1102 (981.570312 -2804 56 ) (981.570312 -2804 -8 ) (832 -2976.005859 -8 ) (832 -2976.006348 56 ) 
4 1103 1799 (-1024 -3072 464 ) (-1024 -3072 1104 ) (-1024 -2048 1104 ) (-1024 -2048 464 ) 
4 1103 1279 (0 -3072 464 ) (0 -3072 1104 ) (-1024 -3072 1104 ) (-1024 -3072 464 ) 
4 1103 1130 (-384 -2852 464 ) (-1024 -2852 464 ) (-1024 -2844 464 ) (-384 -2844 464 ) 
4 1103 1129 (0 -2844 464 ) (0 -2852 464 ) (-192 -2852 464 ) (-192 -2844 464 ) 
4 1103 1131 (0 -2852 464 ) (0 -3072 464 ) (-1024 -3072 464 ) (-1024 -2852 464 ) 
4 1103 1128 (-780 -2844 464 ) (-1024 -2844 464 ) (-1024 -2804 464 ) (-780 -2804 464 ) 
4 1103 1126 (-744 -2844 464 ) (-780 -2844 464 ) (-780 -2804 464 ) (-744 -2804 464 ) 
4 1103 1125 (-364 -2844 464 ) (-744 -2844 464 ) (-744 -2796 464 ) (-364 -2796 464 ) 
4 1103 1123 (0 -2796 464 ) (0 -2844 464 ) (-212 -2844 464 ) (-212 -2796 464 ) 
4 1103 1120 (-580 -2796 464 ) (-744 -2796 464 ) (-744 -2756 464 ) (-580 -2756 464 ) 
4 1103 1118 (-364 -2796 464 ) (-580 -2796 464 ) (-580 -2756 464 ) (-364 -2756 464 ) 
4 1103 1116 (0 -2756 464 ) (0 -2796 464 ) (-212 -2796 464 ) (-212 -2756 464 ) 
4 1104 1136 (-608 -2048 366 ) (0 -2048 366 ) (0 -2284 366 ) (-608 -2284 366 ) 
4 1104 1107 (-608 -2284 366 ) (0 -2284 366 ) (0 -2284 456 ) (-608 -2284 456 ) 
4 1105 1137 (-696 -2048 366 ) (-616 -2048 366 ) (-616 -2284 366 ) (-696 -2284 366 ) 
4 1106 1810 (-1024 -2048 426 ) (-1024 -2048 366 ) (-1024 -2284 366 ) (-1024 -2284 426 ) 
4 1106 1800 (-1024 -2048 456 ) (-1024 -2048 426 ) (-1024 -2284 426 ) (-1024 -2284 456 ) 
4 1106 1138 (-1024 -2284 366 ) (-1024 -2048 366 ) (-704 -2048 366 ) (-704 -2284 366 ) 
4 1106 1109 (-1024 -2284 366 ) (-704 -2284 366 ) (-704 -2284 456 ) (-1024 -2284 456 ) 
4 1107 1139 (-608 -2284 366 ) (0 -2284 366 ) (0 -2484 366 ) (-608 -2484 366 ) 
4 1107 1111 (-608 -2484 366 ) (-592 -2484 366 ) (-592 -2484 436 ) (-608 -2484 436 ) 
4 1107 1110 (-512 -2484 366 ) (-64 -2484 366 ) (-64 -2484 456 ) (-512 -2484 456 ) 
4 1107 1108 (-608 -2292 366 ) (-608 -2484 366 ) (-608 -2484 456 ) (-608 -2292 456 ) 
4 1108 1140 (-608 -2292 366 ) (-608 -2484 366 ) (-704 -2484 366 ) (-704 -2292 366 ) 
4 1108 1111 (-640 -2484 366 ) (-608 -2484 366 ) (-608 -2484 436 ) (-640 -2484 436 ) 
4 1108 1109 (-704 -2292 366 ) (-704 -2484 366 ) (-704 -2484 456 ) (-704 -2292 456 ) 
4 1109 1810 (-1024 -2284 366 ) (-1024 -2484 366 ) (-1024 -2484 426 ) (-1024 -2284 426 ) 
4 1109 1800 (-1024 -2484 426 ) (-1024 -2484 456 ) (-1024 -2284 456 ) (-1024 -2284 426 ) 
4 1109 1141 (-1024 -2484 366 ) (-1024 -2284 366 ) (-704 -2284 366 ) (-704 -2484 366 ) 
4 1110 1142 (-512 -2484 366 ) (-64 -2484 366 ) (-64 -2492 366 ) (-512 -2492 366 ) 
4 1110 1113 (-512 -2492 366 ) (-64 -2492 366 ) (-64 -2492 456 ) (-512 -2492 456 ) 
4 1111 1143 (-640 -2484 366 ) (-592 -2484 366 ) (-592 -2492 366 ) (-640 -2492 366 ) 
4 1111 1114 (-640 -2492 366 ) (-592 -2492 366 ) (-592 -2492 436 ) (-640 -2492 436 ) 
4 1112 1144 (-56 -2492 366 ) (0 -2492 366 ) (0 -2748 366 ) (-56 -2748 366 ) 
4 1113 1145 (-512 -2492 366 ) (-64 -2492 366 ) (-64 -2748 366 ) (-512 -2748 366 ) 
4 1113 1117 (-356 -2748 366 ) (-220 -2748 366 ) (-220 -2748 456 ) (-356 -2748 456 ) 
4 1114 1146 (-908 -2492 366 ) (-520 -2492 366 ) (-520 -2748 366 ) (-908 -2748 366 ) 
4 1114 1121 (-908 -2748 366 ) (-752 -2748 366 ) (-752 -2748 456 ) (-908 -2748 456 ) 
4 1114 1119 (-636 -2748 366 ) (-580 -2748 366 ) (-580 -2748 426 ) (-636 -2748 426 ) 
4 1115 1814 (-1024 -2492 366 ) (-1024 -2748 366 ) (-1024 -2748 426 ) (-1024 -2492 426 ) 
4 1115 1803 (-1024 -2748 426 ) (-1024 -2748 456 ) (-1024 -2492 456 ) (-1024 -2492 426 ) 
4 1115 1147 (-1024 -2748 366 ) (-1024 -2492 366 ) (-916 -2492 366 ) (-916 -2748 366 ) 
4 1115 1122 (-1024 -2748 366 ) (-916 -2748 366 ) (-916 -2748 456 ) (-1024 -2748 456 ) 
4 1116 1151 (0 -2756 366 ) (0 -2796 366 ) (-212 -2796 366 ) (-212 -2756 366 ) 
4 1116 1123 (-212 -2796 366 ) (0 -2796 366 ) (0 -2796 464 ) (-212 -2796 464 ) 
4 1117 1152 (-220 -2756 366 ) (-220 -2796 366 ) (-356 -2796 366 ) (-356 -2756 366 ) 
4 1117 1148 (-356 -2748 366 ) (-220 -2748 366 ) (-220 -2756 366 ) (-356 -2756 366 ) 
4 1117 1124 (-356 -2796 366 ) (-220 -2796 366 ) (-220 -2796 456 ) (-356 -2796 456 ) 
4 1118 1153 (-364 -2756 366 ) (-364 -2796 366 ) (-580 -2796 366 ) (-580 -2756 366 ) 
4 1118 1125 (-580 -2796 366 ) (-364 -2796 366 ) (-364 -2796 464 ) (-580 -2796 464 ) 
4 1118 1120 (-580 -2756 366 ) (-580 -2796 366 ) (-580 -2796 464 ) (-580 -2756 464 ) 
4 1119 1120 (-636 -2756 366 ) (-580 -2756 366 ) (-580 -2756 426 ) (-636 -2756 426 ) 
4 1120 1153 (-580 -2756 366 ) (-580 -2796 366 ) (-744 -2796 366 ) (-744 -2756 366 ) 
4 1120 1125 (-744 -2796 366 ) (-580 -2796 366 ) (-580 -2796 464 ) (-744 -2796 464 ) 
4 1121 1154 (-752 -2756 366 ) (-752 -2796 366 ) (-908 -2796 366 ) (-908 -2756 366 ) 
4 1121 1149 (-908 -2748 366 ) (-752 -2748 366 ) (-752 -2756 366 ) (-908 -2756 366 ) 
4 1121 1127 (-836 -2796 366 ) (-780 -2796 366 ) (-780 -2796 426 ) (-836 -2796 426 ) 
4 1122 1814 (-1024 -2748 426 ) (-1024 -2748 366 ) (-1024 -2796 366 ) (-1024 -2796 426 ) 
4 1122 1803 (-1024 -2748 456 ) (-1024 -2748 426 ) (-1024 -2796 426 ) (-1024 -2796 456 ) 
4 1122 1155 (-1024 -2796 366 ) (-1024 -2756 366 ) (-916 -2756 366 ) (-916 -2796 366 ) 
4 1122 1150 (-1024 -2756 366 ) (-1024 -2748 366 ) (-916 -2748 366 ) (-916 -2756 366 ) 
4 1123 1156 (-212 -2796 366 ) (0 -2796 366 ) (0 -2844 366 ) (-212 -2844 366 ) 
4 1123 1132 (-192 -2844 366 ) (0 -2844 366 ) (0 -2844 426 ) (-192 -2844 426 ) 
4 1123 1129 (0 -2844 426 ) (0 -2844 464 ) (-192 -2844 464 ) (-192 -2844 426 ) 
4 1124 1157 (-356 -2796 366 ) (-220 -2796 366 ) (-220 -2844 366 ) (-356 -2844 366 ) 
4 1124 1133 (-316 -2844 366 ) (-260 -2844 366 ) (-260 -2844 426 ) (-316 -2844 426 ) 
4 1125 1158 (-744 -2796 366 ) (-364 -2796 366 ) (-364 -2844 366 ) (-744 -2844 366 ) 
4 1125 1134 (-744 -2844 366 ) (-384 -2844 366 ) (-384 -2844 426 ) (-744 -2844 426 ) 
4 1125 1130 (-384 -2844 464 ) (-744 -2844 464 ) (-744 -2844 426 ) (-384 -2844 426 ) 
4 1125 1126 (-744 -2804 366 ) (-744 -2844 366 ) (-744 -2844 464 ) (-744 -2804 464 ) 
4 1126 1159 (-744 -2804 366 ) (-744 -2844 366 ) (-780 -2844 366 ) (-780 -2804 366 ) 
4 1126 1134 (-780 -2844 366 ) (-744 -2844 366 ) (-744 -2844 426 ) (-780 -2844 426 ) 
4 1126 1130 (-744 -2844 426 ) (-744 -2844 464 ) (-780 -2844 464 ) (-780 -2844 426 ) 
4 1126 1128 (-780 -2804 366 ) (-780 -2844 366 ) (-780 -2844 464 ) (-780 -2804 464 ) 
4 1127 1128 (-836 -2804 366 ) (-780 -2804 366 ) (-780 -2804 426 ) (-836 -2804 426 ) 
4 1128 1823 (-1024 -2804 426 ) (-1024 -2804 366 ) (-1024 -2844 366 ) (-1024 -2844 426 ) 
4 1128 1809 (-1024 -2844 464 ) (-1024 -2804 464 ) (-1024 -2804 426 ) (-1024 -2844 426 ) 
4 1128 1159 (-1024 -2844 366 ) (-1024 -2804 366 ) (-780 -2804 366 ) (-780 -2844 366 ) 
4 1128 1134 (-1024 -2844 366 ) (-780 -2844 366 ) (-780 -2844 426 ) (-1024 -2844 426 ) 
4 1128 1130 (-780 -2844 426 ) (-780 -2844 464 ) (-1024 -2844 464 ) (-1024 -2844 426 ) 
4 1129 1132 (-192 -2844 426 ) (0 -2844 426 ) (0 -2852 426 ) (-192 -2852 426 ) 
4 1129 1131 (-192 -2852 426 ) (0 -2852 426 ) (0 -2852 464 ) (-192 -2852 464 ) 
4 1130 1809 (-1024 -2852 464 ) (-1024 -2844 464 ) (-1024 -2844 426 ) (-1024 -2852 426 ) 
4 1130 1134 (-1024 -2852 426 ) (-1024 -2844 426 ) (-384 -2844 426 ) (-384 -2852 426 ) 
4 1130 1131 (-1024 -2852 426 ) (-384 -2852 426 ) (-384 -2852 464 ) (-1024 -2852 464 ) 
4 1131 1809 (-1024 -3072 426 ) (-1024 -3072 464 ) (-1024 -2852 464 ) (-1024 -2852 426 ) 
4 1131 1279 (0 -3072 426 ) (0 -3072 464 ) (-1024 -3072 464 ) (-1024 -3072 426 ) 
4 1131 1135 (0 -3072 426 ) (-1024 -3072 426 ) (-1024 -2852 426 ) (0 -2852 426 ) 
4 1132 1160 (-192 -2844 366 ) (0 -2844 366 ) (0 -2852 366 ) (-192 -2852 366 ) 
4 1132 1135 (-192 -2852 366 ) (0 -2852 366 ) (0 -2852 426 ) (-192 -2852 426 ) 
4 1133 1135 (-316 -2852 366 ) (-260 -2852 366 ) (-260 -2852 426 ) (-316 -2852 426 ) 
4 1134 1823 (-1024 -2852 426 ) (-1024 -2844 426 ) (-1024 -2844 366 ) (-1024 -2852 366 ) 
4 1134 1161 (-1024 -2852 366 ) (-1024 -2844 366 ) (-384 -2844 366 ) (-384 -2852 366 ) 
4 1134 1135 (-1024 -2852 366 ) (-384 -2852 366 ) (-384 -2852 426 ) (-1024 -2852 426 ) 
4 1135 1823 (-1024 -3072 366 ) (-1024 -3072 426 ) (-1024 -2852 426 ) (-1024 -2852 366 ) 
4 1135 1279 (0 -3072 366 ) (0 -3072 426 ) (-1024 -3072 426 ) (-1024 -3072 366 ) 
4 1135 1162 (0 -3072 366 ) (-1024 -3072 366 ) (-1024 -2852 366 ) (0 -2852 366 ) 
4 1136 1163 (-64 -2284 328 ) (-512 -2284 328 ) (-512 -2048 328 ) (-64 -2048 328 ) 
4 1136 1139 (-608 -2284 328 ) (0 -2284 328 ) (0 -2284 366 ) (-608 -2284 366 ) 
4 1137 1164 (-616 -2284 328 ) (-696 -2284 328 ) (-696 -2048 328 ) (-616 -2048 328 ) 
4 1138 1824 (-1024 -2284 366 ) (-1024 -2048 366 ) (-1024 -2048 328 ) (-1024 -2284 328 ) 
4 1138 1141 (-1024 -2284 328 ) (-704 -2284 328 ) (-704 -2284 366 ) (-1024 -2284 366 ) 
4 1139 1163 (-64 -2484 328 ) (-512 -2484 328 ) (-512 -2284 328 ) (-64 -2284 328 ) 
4 1139 1143 (-608 -2484 328 ) (-592 -2484 328 ) (-592 -2484 366 ) (-608 -2484 366 ) 
4 1139 1142 (-512 -2484 328 ) (-64 -2484 328 ) (-64 -2484 366 ) (-512 -2484 366 ) 
4 1139 1140 (-608 -2292 328 ) (-608 -2484 328 ) (-608 -2484 366 ) (-608 -2292 366 ) 
4 1140 1143 (-640 -2484 328 ) (-608 -2484 328 ) (-608 -2484 366 ) (-640 -2484 366 ) 
4 1140 1141 (-704 -2292 328 ) (-704 -2484 328 ) (-704 -2484 366 ) (-704 -2292 366 ) 
4 1141 1824 (-1024 -2484 366 ) (-1024 -2284 366 ) (-1024 -2284 328 ) (-1024 -2484 328 ) 
4 1142 1163 (-64 -2492 328 ) (-512 -2492 328 ) (-512 -2484 328 ) (-64 -2484 328 ) 
4 1142 1145 (-512 -2492 328 ) (-64 -2492 328 ) (-64 -2492 366 ) (-512 -2492 366 ) 
4 1143 1146 (-640 -2492 328 ) (-592 -2492 328 ) (-592 -2492 366 ) (-640 -2492 366 ) 
4 1145 1163 (-64 -2748 328 ) (-512 -2748 328 ) (-512 -2492 328 ) (-64 -2492 328 ) 
4 1145 1148 (-356 -2748 328 ) (-220 -2748 328 ) (-220 -2748 366 ) (-356 -2748 366 ) 
4 1146 1149 (-908 -2748 328 ) (-752 -2748 328 ) (-752 -2748 366 ) (-908 -2748 366 ) 
4 1147 1826 (-1024 -2748 366 ) (-1024 -2492 366 ) (-1024 -2492 328 ) (-1024 -2748 328 ) 
4 1147 1150 (-1024 -2748 328 ) (-916 -2748 328 ) (-916 -2748 366 ) (-1024 -2748 366 ) 
4 1148 1179 (-220 -2756 328 ) (-356 -2756 328 ) (-356 -2748 328 ) (-220 -2748 328 ) 
4 1148 1152 (-356 -2756 328 ) (-220 -2756 328 ) (-220 -2756 366 ) (-356 -2756 366 ) 
4 1149 1154 (-908 -2756 328 ) (-752 -2756 328 ) (-752 -2756 366 ) (-908 -2756 366 ) 
4 1150 1826 (-1024 -2756 366 ) (-1024 -2748 366 ) (-1024 -2748 328 ) (-1024 -2756 328 ) 
4 1150 1155 (-1024 -2756 328 ) (-916 -2756 328 ) (-916 -2756 366 ) (-1024 -2756 366 ) 
4 1151 1178 (0 -2756 328 ) (0 -2796 328 ) (-212 -2796 328 ) (-212 -2756 328 ) 
4 1151 1156 (-212 -2796 328 ) (0 -2796 328 ) (0 -2796 366 ) (-212 -2796 366 ) 
4 1152 1179 (-220 -2796 328 ) (-356 -2796 328 ) (-356 -2756 328 ) (-220 -2756 328 ) 
4 1152 1157 (-356 -2796 328 ) (-220 -2796 328 ) (-220 -2796 366 ) (-356 -2796 366 ) 
4 1153 1181 (-364 -2796 328 ) (-744 -2796 328 ) (-744 -2756 328 ) (-364 -2756 328 ) 
4 1153 1158 (-744 -2796 328 ) (-364 -2796 328 ) (-364 -2796 366 ) (-744 -2796 366 ) 
4 1155 1826 (-1024 -2796 366 ) (-1024 -2756 366 ) (-1024 -2756 328 ) (-1024 -2796 328 ) 
4 1156 1178 (0 -2796 328 ) (0 -2844 328 ) (-212 -2844 328 ) (-212 -2796 328 ) 
4 1156 1160 (-192 -2844 328 ) (0 -2844 328 ) (0 -2844 366 ) (-192 -2844 366 ) 
4 1157 1179 (-220 -2844 328 ) (-356 -2844 328 ) (-356 -2796 328 ) (-220 -2796 328 ) 
4 1158 1184 (-744 -2804 328 ) (-744 -2796 328 ) (-364 -2796 328 ) (-364 -2804 328 ) 
4 1158 1186 (-364 -2844 328 ) (-744 -2844 328 ) (-744 -2804 328 ) (-364 -2804 328 ) 
4 1158 1161 (-744 -2844 328 ) (-384 -2844 328 ) (-384 -2844 366 ) (-744 -2844 366 ) 
4 1158 1159 (-744 -2804 328 ) (-744 -2844 328 ) (-744 -2844 366 ) (-744 -2804 366 ) 
4 1159 1832 (-1024 -2844 366 ) (-1024 -2804 366 ) (-1024 -2804 328 ) (-1024 -2844 328 ) 
4 1159 1186 (-744 -2844 328 ) (-1024 -2844 328 ) (-1024 -2804 328 ) (-744 -2804 328 ) 
4 1159 1161 (-1024 -2844 328 ) (-744 -2844 328 ) (-744 -2844 366 ) (-1024 -2844 366 ) 
4 1160 1187 (0 -2844 328 ) (0 -2852 328 ) (-192 -2852 328 ) (-192 -2844 328 ) 
4 1160 1162 (-192 -2852 328 ) (0 -2852 328 ) (0 -2852 366 ) (-192 -2852 366 ) 
4 1161 1832 (-1024 -2852 366 ) (-1024 -2844 366 ) (-1024 -2844 328 ) (-1024 -2852 328 ) 
4 1161 1189 (-384 -2852 328 ) (-1024 -2852 328 ) (-1024 -2844 328 ) (-384 -2844 328 ) 
4 1161 1162 (-1024 -2852 328 ) (-384 -2852 328 ) (-384 -2852 366 ) (-1024 -2852 366 ) 
4 1162 1832 (-1024 -3072 328 ) (-1024 -3072 366 ) (-1024 -2852 366 ) (-1024 -2852 328 ) 
4 1162 1279 (0 -3072 328 ) (0 -3072 366 ) (-1024 -3072 366 ) (-1024 -3072 328 ) 
4 1162 1190 (0 -2852 328 ) (0 -3072 328 ) (-1024 -3072 328 ) (-1024 -2852 328 ) 
4 1163 1179 (-220 -2748 328 ) (-356 -2748 328 ) (-356 -2748 320 ) (-220 -2748 320 ) 
4 1163 1175 (-64 -2748 320 ) (-512 -2748 320 ) (-512 -2492 320 ) (-64 -2492 320 ) 
4 1163 1172 (-512 -2492 320 ) (-512 -2484 320 ) (-64 -2484 320 ) (-64 -2492 320 ) 
4 1163 1168 (-512 -2292 320 ) (-512 -2284 320 ) (-64 -2284 320 ) (-64 -2292 320 ) 
4 1163 1171 (-512 -2484 320 ) (-512 -2292 320 ) (-64 -2292 320 ) (-64 -2484 320 ) 
4 1163 1165 (-512 -2284 320 ) (-512 -2048 320 ) (-64 -2048 320 ) (-64 -2284 320 ) 
4 1164 1166 (-696 -2284 320 ) (-696 -2048 320 ) (-616 -2048 320 ) (-616 -2284 320 ) 
4 1165 1191 (0 -2048 230 ) (0 -2284 230 ) (-608 -2284 230 ) (-608 -2048 230 ) 
4 1165 1168 (-608 -2284 230 ) (0 -2284 230 ) (0 -2284 320 ) (-608 -2284 320 ) 
4 1166 1192 (-616 -2284 230 ) (-696 -2284 230 ) (-696 -2145 230 ) (-616 -2145 230 ) 
4 1166 1169 (-680 -2284 230 ) (-632 -2284 230 ) (-632 -2284 300 ) (-680 -2284 300 ) 
4 1167 1833 (-1024 -2048 320 ) (-1024 -2048 230 ) (-1024 -2284 230 ) (-1024 -2284 320 ) 
4 1167 1193 (-704 -2284 230 ) (-1024 -2284 230 ) (-1024 -2048 230 ) (-704 -2048 230 ) 
4 1167 1170 (-1024 -2284 230 ) (-704 -2284 230 ) (-704 -2284 320 ) (-1024 -2284 320 ) 
4 1168 1194 (0 -2284 230 ) (0 -2292 230 ) (-608 -2292 230 ) (-608 -2284 230 ) 
4 1168 1171 (-608 -2292 230 ) (0 -2292 230 ) (0 -2292 320 ) (-608 -2292 320 ) 
4 1169 1195 (-632 -2292 230 ) (-680 -2292 230 ) (-680 -2284 230 ) (-632 -2284 230 ) 
4 1169 1171 (-680 -2292 230 ) (-632 -2292 230 ) (-632 -2292 300 ) (-680 -2292 300 ) 
4 1170 1833 (-1024 -2284 230 ) (-1024 -2292 230 ) (-1024 -2292 320 ) (-1024 -2284 320 ) 
4 1170 1196 (-704 -2292 230 ) (-1024 -2292 230 ) (-1024 -2284 230 ) (-704 -2284 230 ) 
4 1170 1171 (-1024 -2292 230 ) (-704 -2292 230 ) (-704 -2292 320 ) (-1024 -2292 320 ) 
4 1171 1833 (-1024 -2292 230 ) (-1024 -2484 230 ) (-1024 -2484 320 ) (-1024 -2292 320 ) 
4 1171 1197 (0 -2292 230 ) (0 -2484 230 ) (-1024 -2484 230 ) (-1024 -2292 230 ) 
4 1171 1173 (-640 -2484 230 ) (-592 -2484 230 ) (-592 -2484 300 ) (-640 -2484 300 ) 
4 1171 1172 (-512 -2484 230 ) (-64 -2484 230 ) (-64 -2484 320 ) (-512 -2484 320 ) 
4 1172 1198 (-64 -2492 230 ) (-512 -2492 230 ) (-512 -2484 230 ) (-64 -2484 230 ) 
4 1172 1175 (-512 -2492 230 ) (-64 -2492 230 ) (-64 -2492 320 ) (-512 -2492 320 ) 
4 1173 1199 (-592 -2492 230 ) (-640 -2492 230 ) (-640 -2484 230 ) (-592 -2484 230 ) 
4 1173 1176 (-640 -2492 230 ) (-592 -2492 230 ) (-592 -2492 300 ) (-640 -2492 300 ) 
4 1174 1200 (0 -2492 230 ) (0 -2748 230 ) (-56 -2748 230 ) (-56 -2492 230 ) 
4 1175 1201 (-64 -2748 230 ) (-512 -2748 230 ) (-512 -2492 230 ) (-64 -2492 230 ) 
4 1175 1179 (-356 -2748 230 ) (-220 -2748 230 ) (-220 -2748 320 ) (-356 -2748 320 ) 
4 1176 1202 (-520 -2748 230 ) (-908 -2748 230 ) (-908 -2492 230 ) (-520 -2492 230 ) 
4 1176 1182 (-908 -2748 230 ) (-752 -2748 230 ) (-752 -2748 320 ) (-908 -2748 320 ) 
4 1176 1180 (-636 -2748 230 ) (-580 -2748 230 ) (-580 -2748 290 ) (-636 -2748 290 ) 
4 1177 1835 (-1024 -2492 230 ) (-1024 -2748 230 ) (-1024 -2748 320 ) (-1024 -2492 320 ) 
4 1177 1203 (-916 -2748 230 ) (-1024 -2748 230 ) (-1024 -2492 230 ) (-916 -2492 230 ) 
4 1177 1183 (-1024 -2748 230 ) (-916 -2748 230 ) (-916 -2748 320 ) (-1024 -2748 320 ) 
4 1178 1212 (0 -2796 230 ) (0 -2844 230 ) (-212 -2844 230 ) (-212 -2796 230 ) 
4 1178 1207 (0 -2756 230 ) (0 -2796 230 ) (-212 -2796 230 ) (-212 -2756 230 ) 
4 1178 1187 (-192 -2844 230 ) (0 -2844 230 ) (0 -2844 328 ) (-192 -2844 328 ) 
4 1179 1213 (-220 -2844 230 ) (-356 -2844 230 ) (-356 -2796 230 ) (-220 -2796 230 ) 
4 1179 1208 (-356 -2796 230 ) (-356 -2756 230 ) (-220 -2756 230 ) (-220 -2796 230 ) 
4 1179 1204 (-356 -2756 230 ) (-356 -2748 230 ) (-220 -2748 230 ) (-220 -2756 230 ) 
4 1179 1188 (-316 -2844 230 ) (-260 -2844 230 ) (-260 -2844 290 ) (-316 -2844 290 ) 
4 1180 1181 (-636 -2756 230 ) (-580 -2756 230 ) (-580 -2756 290 ) (-636 -2756 290 ) 
4 1181 1209 (-364 -2756 230 ) (-364 -2796 230 ) (-744 -2796 230 ) (-744 -2756 230 ) 
4 1181 1184 (-744 -2796 230 ) (-364 -2796 230 ) (-364 -2796 328 ) (-744 -2796 328 ) 
4 1182 1210 (-752 -2756 230 ) (-752 -2796 230 ) (-908 -2796 230 ) (-908 -2756 230 ) 
4 1182 1205 (-908 -2748 230 ) (-752 -2748 230 ) (-752 -2756 230 ) (-908 -2756 230 ) 
4 1182 1185 (-836 -2796 230 ) (-780 -2796 230 ) (-780 -2796 290 ) (-836 -2796 290 ) 
4 1183 1835 (-1024 -2748 320 ) (-1024 -2748 230 ) (-1024 -2796 230 ) (-1024 -2796 320 ) 
4 1183 1211 (-1024 -2796 230 ) (-1024 -2756 230 ) (-916 -2756 230 ) (-916 -2796 230 ) 
4 1183 1206 (-1024 -2756 230 ) (-1024 -2748 230 ) (-916 -2748 230 ) (-916 -2756 230 ) 
4 1184 1214 (-744 -2796 230 ) (-364 -2796 230 ) (-364 -2804 230 ) (-744 -2804 230 ) 
4 1184 1186 (-744 -2804 230 ) (-364 -2804 230 ) (-364 -2804 328 ) (-744 -2804 328 ) 
4 1185 1186 (-836 -2804 230 ) (-780 -2804 230 ) (-780 -2804 290 ) (-836 -2804 290 ) 
4 1186 1837 (-1024 -2844 328 ) (-1024 -2804 328 ) (-1024 -2804 230 ) (-1024 -2844 230 ) 
4 1186 1215 (-364 -2844 230 ) (-1024 -2844 230 ) (-1024 -2804 230 ) (-364 -2804 230 ) 
4 1186 1189 (-1024 -2844 230 ) (-384 -2844 230 ) (-384 -2844 328 ) (-1024 -2844 328 ) 
4 1187 1216 (0 -2844 230 ) (0 -2852 230 ) (-192 -2852 230 ) (-192 -2844 230 ) 
4 1187 1190 (-192 -2852 230 ) (0 -2852 230 ) (0 -2852 328 ) (-192 -2852 328 ) 
4 1188 1190 (-316 -2852 230 ) (-260 -2852 230 ) (-260 -2852 290 ) (-316 -2852 290 ) 
4 1189 1837 (-1024 -2852 328 ) (-1024 -2844 328 ) (-1024 -2844 230 ) (-1024 -2852 230 ) 
4 1189 1217 (-384 -2852 230 ) (-1024 -2852 230 ) (-1024 -2844 230 ) (-384 -2844 230 ) 
4 1189 1190 (-1024 -2852 230 ) (-384 -2852 230 ) (-384 -2852 328 ) (-1024 -2852 328 ) 
4 1190 1837 (-1024 -3072 230 ) (-1024 -3072 328 ) (-1024 -2852 328 ) (-1024 -2852 230 ) 
4 1190 1279 (0 -3072 230 ) (0 -3072 328 ) (-1024 -3072 328 ) (-1024 -3072 230 ) 
4 1190 1218 (0 -2852 230 ) (0 -3072 230 ) (-1024 -3072 230 ) (-1024 -2852 230 ) 
4 1191 1219 (-512 -2048 192 ) (-64 -2048 192 ) (-64 -2284 192 ) (-512 -2284 192 ) 
4 1191 1194 (-608 -2284 192 ) (0 -2284 192 ) (0 -2284 230 ) (-608 -2284 230 ) 
4 1192 1195 (-680 -2284 192 ) (-632 -2284 192 ) (-632 -2284 230 ) (-680 -2284 230 ) 
4 1193 1848 (-1024 -2284 230 ) (-1024 -2048 230 ) (-1024 -2048 192 ) (-1024 -2284 192 ) 
4 1193 1196 (-1024 -2284 192 ) (-704 -2284 192 ) (-704 -2284 230 ) (-1024 -2284 230 ) 
4 1194 1219 (-512 -2284 192 ) (-64 -2284 192 ) (-64 -2292 192 ) (-512 -2292 192 ) 
4 1194 1197 (-608 -2292 192 ) (0 -2292 192 ) (0 -2292 230 ) (-608 -2292 230 ) 
4 1195 1197 (-680 -2292 192 ) (-632 -2292 192 ) (-632 -2292 230 ) (-680 -2292 230 ) 
4 1196 1848 (-1024 -2292 230 ) (-1024 -2284 230 ) (-1024 -2284 192 ) (-1024 -2292 192 ) 
4 1196 1197 (-1024 -2292 192 ) (-704 -2292 192 ) (-704 -2292 230 ) (-1024 -2292 230 ) 
4 1197 1848 (-1024 -2484 230 ) (-1024 -2292 230 ) (-1024 -2292 192 ) (-1024 -2484 192 ) 
4 1197 1219 (-512 -2292 192 ) (-64 -2292 192 ) (-64 -2484 192 ) (-512 -2484 192 ) 
4 1197 1199 (-640 -2484 192 ) (-592 -2484 192 ) (-592 -2484 230 ) (-640 -2484 230 ) 
4 1197 1198 (-512 -2484 192 ) (-64 -2484 192 ) (-64 -2484 230 ) (-512 -2484 230 ) 
4 1198 1219 (-512 -2484 192 ) (-64 -2484 192 ) (-64 -2492 192 ) (-512 -2492 192 ) 
4 1198 1201 (-512 -2492 192 ) (-64 -2492 192 ) (-64 -2492 230 ) (-512 -2492 230 ) 
4 1199 1202 (-640 -2492 192 ) (-592 -2492 192 ) (-592 -2492 230 ) (-640 -2492 230 ) 
4 1201 1219 (-512 -2492 192 ) (-64 -2492 192 ) (-64 -2748 192 ) (-512 -2748 192 ) 
4 1201 1204 (-356 -2748 192 ) (-220 -2748 192 ) (-220 -2748 230 ) (-356 -2748 230 ) 
4 1202 1205 (-908 -2748 192 ) (-752 -2748 192 ) (-752 -2748 230 ) (-908 -2748 230 ) 
4 1203 1850 (-1024 -2748 230 ) (-1024 -2492 230 ) (-1024 -2492 192 ) (-1024 -2748 192 ) 
4 1203 1206 (-1024 -2748 192 ) (-916 -2748 192 ) (-916 -2748 230 ) (-1024 -2748 230 ) 
4 1204 1231 (-356 -2748 192 ) (-220 -2748 192 ) (-220 -2756 192 ) (-356 -2756 192 ) 
4 1204 1208 (-356 -2756 192 ) (-220 -2756 192 ) (-220 -2756 230 ) (-356 -2756 230 ) 
4 1205 1210 (-908 -2756 192 ) (-752 -2756 192 ) (-752 -2756 230 ) (-908 -2756 230 ) 
4 1206 1850 (-1024 -2756 230 ) (-1024 -2748 230 ) (-1024 -2748 192 ) (-1024 -2756 192 ) 
4 1206 1211 (-1024 -2756 192 ) (-916 -2756 192 ) (-916 -2756 230 ) (-1024 -2756 230 ) 
4 1207 1230 (-212 -2756 192 ) (0 -2756 192 ) (0 -2796 192 ) (-212 -2796 192 ) 
4 1207 1212 (-212 -2796 192 ) (0 -2796 192 ) (0 -2796 230 ) (-212 -2796 230 ) 
4 1208 1231 (-356 -2756 192 ) (-220 -2756 192 ) (-220 -2796 192 ) (-356 -2796 192 ) 
4 1208 1213 (-356 -2796 192 ) (-220 -2796 192 ) (-220 -2796 230 ) (-356 -2796 230 ) 
4 1209 1233 (-744 -2756 192 ) (-364 -2756 192 ) (-364 -2796 192 ) (-744 -2796 192 ) 
4 1209 1214 (-744 -2796 192 ) (-364 -2796 192 ) (-364 -2796 230 ) (-744 -2796 230 ) 
4 1211 1850 (-1024 -2796 230 ) (-1024 -2756 230 ) (-1024 -2756 192 ) (-1024 -2796 192 ) 
4 1212 1230 (-212 -2796 192 ) (0 -2796 192 ) (0 -2844 192 ) (-212 -2844 192 ) 
4 1212 1216 (-192 -2844 192 ) (0 -2844 192 ) (0 -2844 230 ) (-192 -2844 230 ) 
4 1213 1231 (-356 -2796 192 ) (-220 -2796 192 ) (-220 -2844 192 ) (-356 -2844 192 ) 
4 1214 1236 (-744 -2796 192 ) (-364 -2796 192 ) (-364 -2804 192 ) (-744 -2804 192 ) 
4 1214 1215 (-744 -2804 192 ) (-364 -2804 192 ) (-364 -2804 230 ) (-744 -2804 230 ) 
4 1215 1856 (-1024 -2844 230 ) (-1024 -2804 230 ) (-1024 -2804 192 ) (-1024 -2844 192 ) 
4 1215 1238 (-1024 -2844 192 ) (-1024 -2804 192 ) (-364 -2804 192 ) (-364 -2844 192 ) 
4 1215 1217 (-1024 -2844 192 ) (-384 -2844 192 ) (-384 -2844 230 ) (-1024 -2844 230 ) 
4 1216 1239 (-192 -2844 192 ) (0 -2844 192 ) (0 -2852 192 ) (-192 -2852 192 ) 
4 1216 1218 (-192 -2852 192 ) (0 -2852 192 ) (0 -2852 230 ) (-192 -2852 230 ) 
4 1217 1856 (-1024 -2852 230 ) (-1024 -2844 230 ) (-1024 -2844 192 ) (-1024 -2852 192 ) 
4 1217 1241 (-1024 -2852 192 ) (-1024 -2844 192 ) (-384 -2844 192 ) (-384 -2852 192 ) 
4 1217 1218 (-1024 -2852 192 ) (-384 -2852 192 ) (-384 -2852 230 ) (-1024 -2852 230 ) 
4 1218 1856 (-1024 -3072 192 ) (-1024 -3072 230 ) (-1024 -2852 230 ) (-1024 -2852 192 ) 
4 1218 1279 (0 -3072 192 ) (0 -3072 230 ) (-1024 -3072 230 ) (-1024 -3072 192 ) 
4 1218 1242 (0 -3072 192 ) (-1024 -3072 192 ) (-1024 -2852 192 ) (0 -2852 192 ) 
4 1219 1231 (-220 -2748 192 ) (-356 -2748 192 ) (-356 -2748 184 ) (-220 -2748 184 ) 
4 1219 1227 (-64 -2748 184 ) (-512 -2748 184 ) (-512 -2492 184 ) (-64 -2492 184 ) 
4 1219 1224 (-512 -2492 184 ) (-512 -2484 184 ) (-64 -2484 184 ) (-64 -2492 184 ) 
4 1219 1223 (-512 -2484 184 ) (-512 -2284 184 ) (-64 -2284 184 ) (-64 -2484 184 ) 
4 1219 1221 (-512 -2284 184 ) (-512 -2048 184 ) (-64 -2048 184 ) (-64 -2284 184 ) 
4 1220 1243 (0 -2108 94 ) (0 -2284 94 ) (-56 -2284 94 ) (-56 -2108 94 ) 
4 1221 1857 (-1024 -2048 184 ) (-1024 -2048 94 ) (-1024 -2284 94 ) (-1024 -2284 184 ) 
4 1221 1244 (-64 -2284 94 ) (-1024 -2284 94 ) (-1024 -2048 94 ) (-64 -2048 94 ) 
4 1221 1223 (-1024 -2284 94 ) (-64 -2284 94 ) (-64 -2284 184 ) (-1024 -2284 184 ) 
4 1222 1245 (0 -2292 94 ) (0 -2484 94 ) (-64 -2484 94 ) (-64 -2292 94 ) 
4 1222 1223 (-64 -2292 94 ) (-64 -2484 94 ) (-64 -2484 184 ) (-64 -2292 184 ) 
4 1223 1857 (-1024 -2284 94 ) (-1024 -2484 94 ) (-1024 -2484 184 ) (-1024 -2284 184 ) 
4 1223 1246 (-64 -2484 94 ) (-1024 -2484 94 ) (-1024 -2284 94 ) (-64 -2284 94 ) 
4 1223 1225 (-640 -2484 94 ) (-592 -2484 94 ) (-592 -2484 164 ) (-640 -2484 164 ) 
4 1223 1224 (-512 -2484 94 ) (-64 -2484 94 ) (-64 -2484 184 ) (-512 -2484 184 ) 
4 1224 1247 (-64 -2492 94 ) (-512 -2492 94 ) (-512 -2484 94 ) (-64 -2484 94 ) 
4 1224 1227 (-512 -2492 94 ) (-64 -2492 94 ) (-64 -2492 184 ) (-512 -2492 184 ) 
4 1225 1248 (-592 -2492 94 ) (-640 -2492 94 ) (-640 -2484 94 ) (-592 -2484 94 ) 
4 1225 1228 (-640 -2492 94 ) (-592 -2492 94 ) (-592 -2492 164 ) (-640 -2492 164 ) 
4 1226 1249 (0 -2492 94 ) (0 -2748 94 ) (-56 -2748 94 ) (-56 -2492 94 ) 
4 1227 1250 (-64 -2748 94 ) (-512 -2748 94 ) (-512 -2492 94 ) (-64 -2492 94 ) 
4 1227 1231 (-356 -2748 94 ) (-220 -2748 94 ) (-220 -2748 184 ) (-356 -2748 184 ) 
4 1228 1251 (-520 -2748 94 ) (-908 -2748 94 ) (-908 -2492 94 ) (-520 -2492 94 ) 
4 1228 1234 (-908 -2748 94 ) (-752 -2748 94 ) (-752 -2748 184 ) (-908 -2748 184 ) 
4 1228 1232 (-636 -2748 94 ) (-580 -2748 94 ) (-580 -2748 154 ) (-636 -2748 154 ) 
4 1229 1859 (-1024 -2492 94 ) (-1024 -2748 94 ) (-1024 -2748 184 ) (-1024 -2492 184 ) 
4 1229 1252 (-916 -2748 94 ) (-1024 -2748 94 ) (-1024 -2492 94 ) (-916 -2492 94 ) 
4 1229 1235 (-1024 -2748 94 ) (-916 -2748 94 ) (-916 -2748 184 ) (-1024 -2748 184 ) 
4 1230 1261 (0 -2796 94 ) (0 -2844 94 ) (-212 -2844 94 ) (-212 -2796 94 ) 
4 1230 1256 (0 -2756 94 ) (0 -2796 94 ) (-212 -2796 94 ) (-212 -2756 94 ) 
4 1230 1239 (-192 -2844 94 ) (0 -2844 94 ) (0 -2844 192 ) (-192 -2844 192 ) 
4 1231 1262 (-220 -2844 94 ) (-356 -2844 94 ) (-356 -2796 94 ) (-220 -2796 94 ) 
4 1231 1257 (-356 -2796 94 ) (-356 -2756 94 ) (-220 -2756 94 ) (-220 -2796 94 ) 
4 1231 1253 (-356 -2756 94 ) (-356 -2748 94 ) (-220 -2748 94 ) (-220 -2756 94 ) 
4 1231 1240 (-336 -2844 94 ) (-240 -2844 94 ) (-240 -2844 164 ) (-336 -2844 164 ) 
4 1232 1233 (-636 -2756 94 ) (-580 -2756 94 ) (-580 -2756 154 ) (-636 -2756 154 ) 
4 1233 1258 (-364 -2756 94 ) (-364 -2796 94 ) (-744 -2796 94 ) (-744 -2756 94 ) 
4 1233 1236 (-744 -2796 94 ) (-364 -2796 94 ) (-364 -2796 192 ) (-744 -2796 192 ) 
4 1234 1259 (-752 -2756 94 ) (-752 -2796 94 ) (-908 -2796 94 ) (-908 -2756 94 ) 
4 1234 1254 (-908 -2748 94 ) (-752 -2748 94 ) (-752 -2756 94 ) (-908 -2756 94 ) 
4 1234 1237 (-836 -2796 94 ) (-780 -2796 94 ) (-780 -2796 154 ) (-836 -2796 154 ) 
4 1235 1859 (-1024 -2748 184 ) (-1024 -2748 94 ) (-1024 -2796 94 ) (-1024 -2796 184 ) 
4 1235 1260 (-1024 -2796 94 ) (-1024 -2756 94 ) (-916 -2756 94 ) (-916 -2796 94 ) 
4 1235 1255 (-1024 -2756 94 ) (-1024 -2748 94 ) (-916 -2748 94 ) (-916 -2756 94 ) 
4 1236 1263 (-744 -2796 94 ) (-364 -2796 94 ) (-364 -2804 94 ) (-744 -2804 94 ) 
4 1236 1238 (-744 -2804 94 ) (-364 -2804 94 ) (-364 -2804 192 ) (-744 -2804 192 ) 
4 1237 1238 (-836 -2804 94 ) (-780 -2804 94 ) (-780 -2804 154 ) (-836 -2804 154 ) 
4 1238 1861 (-1024 -2844 192 ) (-1024 -2804 192 ) (-1024 -2804 94 ) (-1024 -2844 94 ) 
4 1238 1264 (-364 -2844 94 ) (-1024 -2844 94 ) (-1024 -2804 94 ) (-364 -2804 94 ) 
4 1238 1241 (-1024 -2844 94 ) (-384 -2844 94 ) (-384 -2844 192 ) (-1024 -2844 192 ) 
4 1239 1265 (0 -2844 94 ) (0 -2852 94 ) (-192 -2852 94 ) (-192 -2844 94 ) 
4 1239 1242 (-192 -2852 94 ) (0 -2852 94 ) (0 -2852 192 ) (-192 -2852 192 ) 
4 1240 1266 (-240 -2852 94 ) (-336 -2852 94 ) (-336 -2844 94 ) (-240 -2844 94 ) 
4 1240 1242 (-336 -2852 94 ) (-240 -2852 94 ) (-240 -2852 164 ) (-336 -2852 164 ) 
4 1241 1861 (-1024 -2852 192 ) (-1024 -2844 192 ) (-1024 -2844 94 ) (-1024 -2852 94 ) 
4 1241 1267 (-384 -2852 94 ) (-1024 -2852 94 ) (-1024 -2844 94 ) (-384 -2844 94 ) 
4 1241 1242 (-1024 -2852 94 ) (-384 -2852 94 ) (-384 -2852 192 ) (-1024 -2852 192 ) 
4 1242 1861 (-1024 -3072 94 ) (-1024 -3072 192 ) (-1024 -2852 192 ) (-1024 -2852 94 ) 
4 1242 1279 (0 -3072 94 ) (0 -3072 192 ) (-1024 -3072 192 ) (-1024 -3072 94 ) 
4 1242 1268 (0 -2852 94 ) (0 -3072 94 ) (-1024 -3072 94 ) (-1024 -2852 94 ) 
4 1244 1872 (-1024 -2284 94 ) (-1024 -2048 94 ) (-1024 -2048 56 ) (-1024 -2284 56 ) 
4 1244 1246 (-1024 -2284 56 ) (-64 -2284 56 ) (-64 -2284 94 ) (-1024 -2284 94 ) 
4 1245 1246 (-64 -2292 56 ) (-64 -2484 56 ) (-64 -2484 94 ) (-64 -2292 94 ) 
4 1246 1872 (-1024 -2484 94 ) (-1024 -2284 94 ) (-1024 -2284 56 ) (-1024 -2484 56 ) 
4 1246 1248 (-640 -2484 56 ) (-592 -2484 56 ) (-592 -2484 94 ) (-640 -2484 94 ) 
4 1246 1247 (-512 -2484 56 ) (-64 -2484 56 ) (-64 -2484 94 ) (-512 -2484 94 ) 
4 1247 1250 (-512 -2492 56 ) (-64 -2492 56 ) (-64 -2492 94 ) (-512 -2492 94 ) 
4 1248 1251 (-640 -2492 56 ) (-592 -2492 56 ) (-592 -2492 94 ) (-640 -2492 94 ) 
4 1250 1253 (-356 -2748 56 ) (-220 -2748 56 ) (-220 -2748 94 ) (-356 -2748 94 ) 
4 1251 1254 (-908 -2748 56 ) (-752 -2748 56 ) (-752 -2748 94 ) (-908 -2748 94 ) 
4 1252 1874 (-1024 -2748 94 ) (-1024 -2492 94 ) (-1024 -2492 56 ) (-1024 -2748 56 ) 
4 1252 1255 (-1024 -2748 56 ) (-916 -2748 56 ) (-916 -2748 94 ) (-1024 -2748 94 ) 
4 1253 1257 (-356 -2756 56 ) (-220 -2756 56 ) (-220 -2756 94 ) (-356 -2756 94 ) 
4 1254 1259 (-908 -2756 56 ) (-752 -2756 56 ) (-752 -2756 94 ) (-908 -2756 94 ) 
4 1255 1874 (-1024 -2756 94 ) (-1024 -2748 94 ) (-1024 -2748 56 ) (-1024 -2756 56 ) 
4 1255 1260 (-1024 -2756 56 ) (-916 -2756 56 ) (-916 -2756 94 ) (-1024 -2756 94 ) 
4 1256 1261 (-212 -2796 56 ) (0 -2796 56 ) (0 -2796 94 ) (-212 -2796 94 ) 
4 1257 1262 (-356 -2796 56 ) (-220 -2796 56 ) (-220 -2796 94 ) (-356 -2796 94 ) 
4 1258 1263 (-744 -2796 56 ) (-364 -2796 56 ) (-364 -2796 94 ) (-744 -2796 94 ) 
4 1260 1874 (-1024 -2796 94 ) (-1024 -2756 94 ) (-1024 -2756 56 ) (-1024 -2796 56 ) 
4 1261 1265 (-192 -2844 56 ) (0 -2844 56 ) (0 -2844 94 ) (-192 -2844 94 ) 
4 1262 1266 (-336 -2844 56 ) (-240 -2844 56 ) (-240 -2844 94 ) (-336 -2844 94 ) 
4 1263 1264 (-744 -2804 56 ) (-364 -2804 56 ) (-364 -2804 94 ) (-744 -2804 94 ) 
4 1264 1875 (-1024 -2844 94 ) (-1024 -2804 94 ) (-1024 -2804 56 ) (-1024 -2844 56 ) 
4 1264 1267 (-1024 -2844 56 ) (-384 -2844 56 ) (-384 -2844 94 ) (-1024 -2844 94 ) 
4 1265 1268 (-192 -2852 56 ) (0 -2852 56 ) (0 -2852 94 ) (-192 -2852 94 ) 
4 1266 1268 (-336 -2852 56 ) (-240 -2852 56 ) (-240 -2852 94 ) (-336 -2852 94 ) 
4 1267 1875 (-1024 -2852 94 ) (-1024 -2844 94 ) (-1024 -2844 56 ) (-1024 -2852 56 ) 
4 1267 1268 (-1024 -2852 56 ) (-384 -2852 56 ) (-384 -2852 94 ) (-1024 -2852 94 ) 
4 1268 1875 (-1024 -3072 56 ) (-1024 -3072 94 ) (-1024 -2852 94 ) (-1024 -2852 56 ) 
4 1268 1280 (0 -3072 56 ) (0 -3072 88 ) (-1024 -3072 88 ) (-1024 -3072 56 ) 
4 1268 1279 (0 -3072 88 ) (0 -3072 94 ) (-1024 -3072 94 ) (-1024 -3072 88 ) 
4 1269 1467 (1024 -4096 88 ) (1024 -4096 1104 ) (0 -4096 1104 ) (0 -4096 88 ) 
4 1269 1279 (0 -3072 1104 ) (0 -3072 88 ) (0 -4096 88 ) (0 -4096 1104 ) 
4 1269 1278 (119.172379 -4096 88 ) (0 -4096 88 ) (0 -4000 88 ) (208.551941 -4000 88 ) 
4 1269 1277 (0 -4000 88 ) (0 -3992 88 ) (216 -3992 88 ) (208.551941 -4000 88 ) 
4 1269 1276 (684 -4096 88 ) (126.857239 -4096 88 ) (216 -4000 88 ) (684 -4000 88 ) 
4 1269 1275 (1024 -4096 88 ) (692 -4096 88 ) (692 -3992 88 ) (1024 -3992 88 ) 
5 1269 1272 (0 -3992 88 ) (0 -3072 88 ) (1024 -3072 88 ) (1024 -3504.275635 88 ) (684 -3992 88 ) 
3 1269 1270 (1024 -3515.751953 88 ) (1024 -3696 88 ) (898.346252 -3696 88 ) 
4 1269 1271 (1024 -3704 88 ) (1024 -3992 88 ) (692 -3992 88 ) (892.769348 -3704 88 ) 
4 1271 1275 (692 -3992 -8 ) (1024 -3992 -8 ) (1024 -3992 88 ) (692 -3992 88 ) 
4 1272 1280 (0 -3072 88 ) (0 -3072 56 ) (0 -3992 56 ) (0 -3992 88 ) 
4 1272 1277 (216 -3992 88 ) (0 -3992 88 ) (0 -3992 56 ) (216 -3992 56 ) 
3 1272 1274 (512 -3344 56 ) (0 -3932.800049 56 ) (0 -3344 56 ) 
6 1272 1273 (748.521729 -3072 56 ) (1024 -3072 56 ) (1024 -3504.275635 56 ) (684 -3992 56 ) (0 -3992 56 ) (0 -3932.800049 56 ) 
4 1273 1284 (0 -3932.800049 -8 ) (0 -3992 -8 ) (0 -3992 56 ) (0 -3932.800049 56 ) 
4 1273 1277 (0 -3992 -8 ) (216 -3992 -8 ) (216 -3992 56 ) (0 -3992 56 ) 
4 1273 1274 (0 -3932.802002 56 ) (512.001587 -3344 56 ) (512.001587 -3344 -8 ) (0 -3932.802246 -8 ) 
4 1274 1284 (0 -3344 -8 ) (0 -3932.800049 -8 ) (0 -3932.800049 56 ) (0 -3344 56 ) 
4 1275 1468 (1024 -4096 -8 ) (1024 -4096 88 ) (692 -4096 88 ) (692 -4096 -8 ) 
4 1276 1472 (160 -4096 88 ) (126.857239 -4096 88 ) (126.857246 -4096 -8 ) (160 -4096 -8 ) 
4 1276 1469 (684 -4096 88 ) (160 -4096 88 ) (160 -4096 -8 ) (684 -4096 -8 ) 
4 1277 1287 (0 -3992 -8 ) (0 -4000 -8 ) (0 -4000 56 ) (0 -3992 56 ) 
4 1277 1281 (0 -4000 56 ) (0 -4000 88 ) (0 -3992 88 ) (0 -3992 56 ) 
4 1277 1278 (0 -4000 -8 ) (208.551926 -4000 -8 ) (208.551926 -4000 88 ) (0 -4000 88 ) 
4 1278 1473 (8 -4096 88 ) (0 -4096 88 ) (0 -4096 -8 ) (8 -4096 -8 ) 
4 1278 1471 (119.172379 -4096 88 ) (8 -4096 88 ) (8 -4096 -8 ) (119.172386 -4096 -8 ) 
4 1278 1288 (0 -4000 -8 ) (0 -4096 -8 ) (0 -4096 56 ) (0 -4000 56 ) 
4 1278 1283 (0 -4096 56 ) (0 -4096 88 ) (0 -4000 88 ) (0 -4000 56 ) 
4 1279 1911 (-1024 -4096 88 ) (-1024 -4096 1104 ) (-1024 -3992 1104 ) (-1024 -3992 88 ) 
4 1279 1901 (-1024 -3992 1104 ) (-1024 -3072 1104 ) (-1024 -3072 88 ) (-1024 -3992 88 ) 
4 1279 1499 (0 -4096 88 ) (0 -4096 1104 ) (-1024 -4096 1104 ) (-1024 -4096 88 ) 
4 1279 1283 (0 -4000 88 ) (0 -4096 88 ) (-695.172485 -4096 88 ) (-784.551697 -4000 88 ) 
4 1279 1282 (-702.856995 -4096 88 ) (-1024 -4096 88 ) (-1024 -4000 88 ) (-792 -4000 88 ) 
4 1279 1281 (0 -3992 88 ) (0 -4000 88 ) (-784.551758 -4000 88 ) (-792 -3992 88 ) 
4 1279 1280 (0 -3072 88 ) (0 -3992 88 ) (-1024 -3992 88 ) (-1024 -3072 88 ) 
4 1280 1905 (-1024 -3992 88 ) (-1024 -3072 88 ) (-1024 -3072 56 ) (-1024 -3992 56 ) 
4 1280 1285 (-1024 -3992 56 ) (-1024 -3344 56 ) (-576 -3344 56 ) (-801.642883 -3992 56 ) 
5 1280 1284 (0 -3344 56 ) (0 -3992 56 ) (-801.642883 -3992 56 ) (-498 -3120 56 ) (-78 -3120 56 ) 
4 1280 1281 (-792 -3992 56 ) (0 -3992 56 ) (0 -3992 88 ) (-792 -3992 88 ) 
4 1281 1287 (-792 -3992 56 ) (0 -3992 56 ) (0 -4000 56 ) (-784.551758 -4000 56 ) 
4 1281 1283 (-784.551697 -4000 56 ) (0 -4000 56 ) (0 -4000 88 ) (-784.551758 -4000 88 ) 
4 1282 1912 (-1024 -4096 56 ) (-1024 -4096 88 ) (-1024 -4000 88 ) (-1024 -4000 56 ) 
4 1282 1579 (-1024 -4096 59 ) (-1024 -4096 56 ) (-702.856934 -4096 56 ) (-702.856934 -4096 59 ) 
4 1282 1534 (-702.856995 -4096 88 ) (-1024 -4096 88 ) (-1024 -4096 59 ) (-702.856934 -4096 59 ) 
4 1282 1286 (-702.856995 -4096 56 ) (-1024 -4096 56 ) (-1024 -4000 56 ) (-792 -4000 56 ) 
4 1283 1580 (-576 -4096 59 ) (-695.172424 -4096 59 ) (-695.172424 -4096 56 ) (-576 -4096 56 ) 
4 1283 1578 (-432 -4096 59 ) (-576 -4096 59 ) (-576 -4096 56 ) (-432 -4096 56 ) 
4 1283 1573 (-144 -4096 59 ) (-432 -4096 59 ) (-432 -4096 56 ) (-144 -4096 56 ) 
4 1283 1566 (0 -4096 56 ) (0 -4096 59 ) (-144 -4096 59 ) (-144 -4096 56 ) 
4 1283 1535 (-584 -4096 88 ) (-695.172485 -4096 88 ) (-695.172424 -4096 59 ) (-584 -4096 59 ) 
4 1283 1533 (-576 -4096 88 ) (-584 -4096 88 ) (-584 -4096 59 ) (-576 -4096 59 ) 
4 1283 1532 (-432 -4096 88 ) (-576 -4096 88 ) (-576 -4096 59 ) (-432 -4096 59 ) 
4 1283 1500 (0 -4096 59 ) (0 -4096 88 ) (-432 -4096 88 ) (-432 -4096 59 ) 
4 1283 1288 (0 -4096 56 ) (-695.172485 -4096 56 ) (-784.551697 -4000 56 ) (0 -4000 56 ) 
4 1284 1287 (-792 -3992 -8 ) (0 -3992 -8 ) (0 -3992 56 ) (-792 -3992 56 ) 
4 1284 1285 (-575.998413 -3344 -8 ) (-801.643555 -3992 -8 ) (-801.643555 -3992 56 ) (-576 -3344 56 ) 
4 1285 1907 (-1024 -3992 56 ) (-1024 -3344 56 ) (-1024 -3344 -8 ) (-1024 -3992 -8 ) 
4 1286 1912 (-1024 -4096 -8 ) (-1024 -4096 56 ) (-1024 -4000 56 ) (-1024 -4000 -8 ) 
4 1286 1579 (-702.856995 -4096 56 ) (-1024 -4096 56 ) (-1024 -4096 -8 ) (-702.856934 -4096 -8 ) 
4 1287 1288 (-784.551941 -4000 -8 ) (0 -4000 -8 ) (0 -4000 56 ) (-784.552002 -4000 56 ) 
4 1288 1580 (-576 -4096 56 ) (-695.172485 -4096 56 ) (-695.172424 -4096 -8 ) (-576 -4096 -8 ) 
4 1288 1578 (-432 -4096 56 ) (-576 -4096 56 ) (-576 -4096 -8 ) (-432 -4096 -8 ) 
4 1288 1573 (-144 -4096 56 ) (-432 -4096 56 ) (-432 -4096 -8 ) (-144 -4096 -8 ) 
4 1288 1566 (0 -4096 -8 ) (0 -4096 56 ) (-144 -4096 56 ) (-144 -4096 -8 ) 
4 1289 1296 (3408 -5120 1104 ) (3308 -5120 1104 ) (3308 -5120 184 ) (3408 -5120 184 ) 
4 1289 1290 (3308 -5120 184 ) (3308 -5120 1104 ) (3308 -4096 1104 ) (3308 -4096 184 ) 
4 1290 1297 (3308 -5120 1104 ) (3072 -5120 1104 ) (3072 -5120 40 ) (3308 -5120 40 ) 
4 1290 1292 (3072 -4096 88 ) (3072 -4096 40 ) (3072 -5120 40 ) (3072 -5120 88 ) 
4 1290 1291 (3072 -4096 1104 ) (3072 -4096 88 ) (3072 -5120 88 ) (3072 -5120 1104 ) 
4 1291 1322 (2048 -4096 184 ) (2048 -4096 88 ) (2048 -5120 88 ) (2048 -5120 184 ) 
4 1291 1321 (2048 -4096 1104 ) (2048 -4096 184 ) (2048 -5120 184 ) (2048 -5120 1104 ) 
4 1291 1298 (3072 -5120 88 ) (3072 -5120 1104 ) (2048 -5120 1104 ) (2048 -5120 88 ) 
5 1291 1295 (2160 -5120 88 ) (2048 -5120 88 ) (2048 -4096 88 ) (2070.263916 -4096 88 ) (2160 -4188 88 ) 
3 1291 1294 (2079.386963 -4096 88 ) (2160 -4096 88 ) (2160 -4178.589844 88 ) 
4 1291 1293 (2660 -5120 88 ) (2168 -5120 88 ) (2168 -4096 88 ) (2660 -4096 88 ) 
4 1291 1292 (3072 -5120 88 ) (2668 -5120 88 ) (2668 -4096 88 ) (3072 -4096 88 ) 
4 1292 1299 (3072 -5120 40 ) (3072 -5120 88 ) (2668 -5120 88 ) (2668 -5120 40 ) 
4 1293 1301 (2660 -5120 88 ) (2168 -5120 88 ) (2168 -5120 -8 ) (2660 -5120 -8 ) 
4 1295 1368 (2048 -4096 36 ) (2048 -4096 -8 ) (2048 -5120 -8 ) (2048 -5120 36 ) 
4 1295 1322 (2048 -4096 88 ) (2048 -4096 36 ) (2048 -5120 36 ) (2048 -5120 88 ) 
4 1295 1307 (2160 -5120 88 ) (2048 -5120 88 ) (2048 -5120 -8 ) (2160 -5120 -8 ) 
4 1296 1309 (3408 -6144 1104 ) (3308 -6144 1104 ) (3308 -6144 184 ) (3408 -6144 184 ) 
4 1296 1297 (3308 -6144 184 ) (3308 -6144 1104 ) (3308 -5120 1104 ) (3308 -5120 184 ) 
4 1297 1310 (3308 -6144 1104 ) (3072 -6144 1104 ) (3072 -6144 40 ) (3308 -6144 40 ) 
4 1297 1299 (3072 -5120 88 ) (3072 -5120 40 ) (3072 -6144 40 ) (3072 -6144 88 ) 
4 1297 1298 (3072 -5120 1104 ) (3072 -5120 88 ) (3072 -6144 88 ) (3072 -6144 1104 ) 
4 1298 1434 (2048 -5800 184 ) (2048 -5792 184 ) (2048 -5792 88 ) (2048 -5800 88 ) 
4 1298 1433 (2048 -5792 184 ) (2048 -5692 184 ) (2048 -5692 88 ) (2048 -5792 88 ) 
4 1298 1435 (2048 -6144 88 ) (2048 -6144 184 ) (2048 -5800 184 ) (2048 -5800 88 ) 
4 1298 1431 (2048 -5692 184 ) (2048 -5684 184 ) (2048 -5684 88 ) (2048 -5692 88 ) 
4 1298 1428 (2048 -5684 184 ) (2048 -5609 184 ) (2048 -5609 88 ) (2048 -5684 88 ) 
4 1298 1423 (2048 -5609 184 ) (2048 -5479 184 ) (2048 -5479 88 ) (2048 -5609 88 ) 
4 1298 1419 (2048 -5479 184 ) (2048 -5412 184 ) (2048 -5412 88 ) (2048 -5479 88 ) 
4 1298 1414 (2048 -5412 184 ) (2048 -5348 184 ) (2048 -5348 88 ) (2048 -5412 88 ) 
4 1298 1400 (2048 -5348 184 ) (2048 -5120 184 ) (2048 -5120 88 ) (2048 -5348 88 ) 
4 1298 1399 (2048 -6144 184 ) (2048 -6144 1104 ) (2048 -5120 1104 ) (2048 -5120 184 ) 
4 1298 1320 (2168 -6144 184 ) (2048 -6144 184 ) (2048 -6144 88 ) (2168 -6144 88 ) 
4 1298 1315 (2668 -6144 184 ) (2550.133057 -6144 184 ) (2550.133057 -6144 88 ) (2668 -6144 88 ) 
4 1298 1314 (2550.133057 -6144 184 ) (2168 -6144 184 ) (2168 -6144 88 ) (2550.133057 -6144 88 ) 
4 1298 1313 (3072 -6144 88 ) (3072 -6144 184 ) (2668 -6144 184 ) (2668 -6144 88 ) 
4 1298 1312 (3072 -6144 184 ) (3072 -6144 1104 ) (2048 -6144 1104 ) (2048 -6144 184 ) 
4 1298 1307 (2048 -5792 88 ) (2048 -5120 88 ) (2160 -5120 88 ) (2160 -5792 88 ) 
4 1298 1308 (2160 -6144 88 ) (2048 -6144 88 ) (2048 -5800 88 ) (2160 -5800 88 ) 
4 1298 1306 (2168 -6144 88 ) (2160 -6144 88 ) (2160 -5800 88 ) (2168 -5800 88 ) 
4 1298 1305 (2316 -6144 88 ) (2168 -6144 88 ) (2168 -5800 88 ) (2316 -5800 88 ) 
4 1298 1304 (2540 -6144 88 ) (2316 -6144 88 ) (2316 -5792 88 ) (2540 -5792 88 ) 
4 1298 1303 (2550.133057 -6144 88 ) (2540 -6144 88 ) (2540 -5800 88 ) (2596 -5800 88 ) 
4 1298 1302 (2660 -6144 88 ) (2558.133545 -6144 88 ) (2604 -5800 88 ) (2660 -5800 88 ) 
4 1298 1301 (2168 -5792 88 ) (2168 -5120 88 ) (2660 -5120 88 ) (2660 -5792 88 ) 
4 1298 1300 (2668 -6144 88 ) (2660 -6144 88 ) (2660 -5800 88 ) (2668 -5800 88 ) 
4 1298 1299 (3072 -6144 88 ) (2668 -6144 88 ) (2668 -5120 88 ) (3072 -5120 88 ) 
4 1299 1313 (3072 -6144 40 ) (3072 -6144 88 ) (2668 -6144 88 ) (2668 -6144 40 ) 
4 1299 1300 (2668 -6144 40 ) (2668 -6144 88 ) (2668 -5800 88 ) (2668 -5800 40 ) 
4 1300 1316 (2668 -6144 88 ) (2660 -6144 88 ) (2660 -6144 40 ) (2668 -6144 40 ) 
4 1300 1302 (2660 -6144 40 ) (2660 -6144 88 ) (2660 -5800 88 ) (2660 -5800 40 ) 
4 1301 1304 (2316 -5792 -8 ) (2540 -5792 -8 ) (2540 -5792 88 ) (2316 -5792 88 ) 
4 1302 1316 (2660 -6144 88 ) (2558.133545 -6144 88 ) (2558.133545 -6144 40 ) (2660 -6144 40 ) 
4 1303 1319 (2540 -6144 40 ) (2540 -6144 -8 ) (2550.133057 -6144 -8 ) (2550.133057 -6144 40 ) 
4 1303 1314 (2550.133057 -6144 88 ) (2540 -6144 88 ) (2540 -6144 40 ) (2550.133057 -6144 40 ) 
4 1303 1304 (2540 -5800 -8 ) (2540 -6144 -8 ) (2540 -6144 88 ) (2540 -5800 88 ) 
4 1304 1319 (2316 -6144 40 ) (2316 -6144 -8 ) (2540 -6144 -8 ) (2540 -6144 40 ) 
4 1304 1314 (2540 -6144 88 ) (2316 -6144 88 ) (2316 -6144 40 ) (2540 -6144 40 ) 
4 1304 1305 (2316 -5800 -8 ) (2316 -6144 -8 ) (2316 -6144 88 ) (2316 -5800 88 ) 
4 1305 1319 (2168 -6144 40 ) (2168 -6144 -8 ) (2316 -6144 -8 ) (2316 -6144 40 ) 
4 1305 1314 (2316 -6144 88 ) (2168 -6144 88 ) (2168 -6144 40 ) (2316 -6144 40 ) 
4 1305 1306 (2168 -5800 -8 ) (2168 -6144 -8 ) (2168 -6144 88 ) (2168 -5800 88 ) 
4 1306 1320 (2168 -6144 88 ) (2160 -6144 88 ) (2160 -6144 -8 ) (2168 -6144 -8 ) 
4 1306 1308 (2160 -5800 -8 ) (2160 -6144 -8 ) (2160 -6144 88 ) (2160 -5800 88 ) 
4 1307 1463 (2048 -5684 -8 ) (2048 -5792 -8 ) (2048 -5792 36 ) (2048 -5684 36 ) 
4 1307 1460 (2048 -5609 -8 ) (2048 -5684 -8 ) (2048 -5684 36 ) (2048 -5609 36 ) 
4 1307 1457 (2048 -5479 -8 ) (2048 -5609 -8 ) (2048 -5609 23 ) (2048 -5479 23 ) 
4 1307 1456 (2048 -5609 23 ) (2048 -5609 36 ) (2048 -5479 36 ) (2048 -5479 23 ) 
4 1307 1446 (2048 -5348 -8 ) (2048 -5479 -8 ) (2048 -5479 36 ) (2048 -5348 36 ) 
4 1307 1436 (2048 -5120 36 ) (2048 -5120 -8 ) (2048 -5348 -8 ) (2048 -5348 36 ) 
4 1307 1433 (2048 -5792 88 ) (2048 -5692 88 ) (2048 -5692 36 ) (2048 -5792 36 ) 
4 1307 1431 (2048 -5692 88 ) (2048 -5684 88 ) (2048 -5684 36 ) (2048 -5692 36 ) 
4 1307 1428 (2048 -5684 88 ) (2048 -5609 88 ) (2048 -5609 36 ) (2048 -5684 36 ) 
4 1307 1423 (2048 -5609 88 ) (2048 -5479 88 ) (2048 -5479 36 ) (2048 -5609 36 ) 
4 1307 1419 (2048 -5479 88 ) (2048 -5412 88 ) (2048 -5412 36 ) (2048 -5479 36 ) 
4 1307 1414 (2048 -5412 88 ) (2048 -5348 88 ) (2048 -5348 36 ) (2048 -5412 36 ) 
4 1307 1400 (2048 -5348 88 ) (2048 -5120 88 ) (2048 -5120 36 ) (2048 -5348 36 ) 
4 1308 1466 (2048 -6144 -8 ) (2048 -6144 36 ) (2048 -5800 36 ) (2048 -5800 -8 ) 
4 1308 1435 (2048 -6144 36 ) (2048 -6144 88 ) (2048 -5800 88 ) (2048 -5800 36 ) 
4 1308 1320 (2160 -6144 88 ) (2048 -6144 88 ) (2048 -6144 -8 ) (2160 -6144 -8 ) 
4 1309 1311 (3308 -6400 184 ) (3308 -6400 1104 ) (3308 -6300 1104 ) (3308 -6300 184 ) 
4 1309 1310 (3308 -6300 1104 ) (3308 -6144 1104 ) (3308 -6144 184 ) (3308 -6300 184 ) 
4 1310 1313 (3072 -6144 184 ) (3072 -6144 40 ) (3072 -6300 40 ) (3072 -6300 184 ) 
4 1310 1312 (3072 -6144 1104 ) (3072 -6144 184 ) (3072 -6300 184 ) (3072 -6300 1104 ) 
4 1310 1311 (3308 -6300 184 ) (3308 -6300 1104 ) (3072 -6300 1104 ) (3072 -6300 184 ) 
4 1311 1312 (3072 -6400 184 ) (3072 -6400 1104 ) (3072 -6300 1104 ) (3072 -6300 184 ) 
4 1312 1684 (2048 -6400 184 ) (2048 -6400 1104 ) (2048 -6144 1104 ) (2048 -6144 184 ) 
4 1312 1320 (2048 -6336 184 ) (2048 -6144 184 ) (2168 -6144 184 ) (2168 -6336 184 ) 
3 1312 1317 (2530 -6400 184 ) (2516 -6400 184 ) (2530 -6294.998047 184 ) 
5 1312 1315 (2530 -6300 184 ) (2530 -6294.998047 184 ) (2550.133057 -6144 184 ) (2668 -6144 184 ) (2668 -6300 184 ) 
4 1312 1314 (2516 -6400 184 ) (2168 -6400 184 ) (2168 -6144 184 ) (2550.133057 -6144 184 ) 
4 1312 1313 (2668 -6300 184 ) (2668 -6144 184 ) (3072 -6144 184 ) (3072 -6300 184 ) 
4 1313 1316 (2668 -6144 88 ) (2668 -6144 40 ) (2668 -6300 40 ) (2668 -6300 88 ) 
4 1313 1315 (2668 -6300 184 ) (2668 -6144 184 ) (2668 -6144 88 ) (2668 -6300 88 ) 
4 1314 1320 (2168 -6336 184 ) (2168 -6144 184 ) (2168 -6144 40 ) (2168 -6336 40 ) 
4 1314 1319 (2168 -6400 40 ) (2168 -6144 40 ) (2550.133057 -6144 40 ) (2516 -6400 40 ) 
4 1314 1317 (2530 -6294.996094 88 ) (2530 -6294.996094 184 ) (2516 -6400 184 ) (2516 -6400 88 ) 
4 1314 1315 (2550.132812 -6144 88 ) (2550.132812 -6144 184 ) (2530 -6294.996094 184 ) (2530 -6294.996094 88 ) 
4 1315 1317 (2530 -6294.994141 184 ) (2530 -6294.994141 88 ) (2530 -6300 88 ) (2530 -6300 184 ) 
4 1315 1316 (2558.133301 -6144 88 ) (2668 -6144 88 ) (2668 -6300 88 ) (2537.333496 -6300 88 ) 
3 1317 1318 (2530 -6355.001465 88 ) (2530 -6400 88 ) (2524 -6400 88 ) 
4 1319 1320 (2168 -6144 -8 ) (2168 -6336 -8 ) (2168 -6336 40 ) (2168 -6144 40 ) 
4 1320 1685 (2048 -6336 184 ) (2048 -6144 184 ) (2048 -6144 -8 ) (2048 -6336 -8 ) 
4 1321 1467 (1024 -4096 1104 ) (1024 -4096 184 ) (1024 -5120 184 ) (1024 -5120 1104 ) 
4 1321 1399 (2048 -5120 184 ) (2048 -5120 1104 ) (1024 -5120 1104 ) (1024 -5120 184 ) 
4 1321 1366 (1064 -5120 184 ) (1056 -5120 184 ) (1056 -4284 184 ) (1064 -4284 184 ) 
4 1321 1367 (1056 -5120 184 ) (1024 -5120 184 ) (1024 -4096 184 ) (1056 -4096 184 ) 
4 1321 1365 (1120 -5120 184 ) (1064 -5120 184 ) (1064 -4284 184 ) (1120 -4284 184 ) 
4 1321 1325 (1720 -5120 184 ) (1664 -5120 184 ) (1664 -4284 184 ) (1720 -4284 184 ) 
4 1321 1323 (1728 -5120 184 ) (1720 -5120 184 ) (1720 -4284 184 ) (1728 -4284 184 ) 
4 1321 1322 (2048 -5120 184 ) (1728 -5120 184 ) (1728 -4096 184 ) (2048 -4096 184 ) 
4 1322 1400 (2048 -5120 36 ) (2048 -5120 184 ) (1728 -5120 184 ) (1728 -5120 36 ) 
4 1322 1368 (1728 -4096 36 ) (2048 -4096 36 ) (2048 -5120 36 ) (1728 -5120 36 ) 
4 1322 1323 (1728 -4284 36 ) (1728 -5120 36 ) (1728 -5120 184 ) (1728 -4284 184 ) 
4 1323 1400 (1728 -5120 184 ) (1720 -5120 184 ) (1720 -5120 36 ) (1728 -5120 36 ) 
4 1323 1369 (1728 -4284 36 ) (1728 -5120 36 ) (1720 -5120 36 ) (1720 -4284 36 ) 
4 1323 1325 (1720 -4284 36 ) (1720 -5120 36 ) (1720 -5120 184 ) (1720 -4284 184 ) 
4 1324 1370 (1664 -4096 36 ) (1720 -4096 36 ) (1720 -4276 36 ) (1664 -4276 36 ) 
4 1324 1326 (1664 -4096 36 ) (1664 -4276 36 ) (1664 -4276 176 ) (1664 -4096 176 ) 
4 1325 1400 (1720 -5120 184 ) (1664 -5120 184 ) (1664 -5120 36 ) (1720 -5120 36 ) 
4 1325 1371 (1720 -4284 36 ) (1720 -5120 36 ) (1664 -5120 36 ) (1664 -4284 36 ) 
4 1325 1334 (1664 -5064 36 ) (1664 -5104 36 ) (1664 -5104 91 ) (1664 -5064 91 ) 
4 1325 1333 (1664 -4984 36 ) (1664 -5024 36 ) (1664 -5024 91 ) (1664 -4984 91 ) 
4 1325 1332 (1664 -4864 36 ) (1664 -4904 36 ) (1664 -4904 91 ) (1664 -4864 91 ) 
4 1325 1331 (1664 -4784 36 ) (1664 -4824 36 ) (1664 -4824 91 ) (1664 -4784 91 ) 
4 1325 1330 (1664 -4664 36 ) (1664 -4704 36 ) (1664 -4704 91 ) (1664 -4664 91 ) 
4 1325 1329 (1664 -4584 36 ) (1664 -4624 36 ) (1664 -4624 91 ) (1664 -4584 91 ) 
4 1325 1328 (1664 -4464 36 ) (1664 -4504 36 ) (1664 -4504 91 ) (1664 -4464 91 ) 
4 1325 1327 (1664 -4384 36 ) (1664 -4424 36 ) (1664 -4424 91 ) (1664 -4384 91 ) 
4 1326 1372 (1656 -4096 36 ) (1664 -4096 36 ) (1664 -4276 36 ) (1656 -4276 36 ) 
4 1326 1335 (1656 -4096 36 ) (1656 -4276 36 ) (1656 -4276 176 ) (1656 -4096 176 ) 
4 1327 1336 (1656 -4384 36 ) (1656 -4424 36 ) (1656 -4424 91 ) (1656 -4384 91 ) 
4 1328 1336 (1656 -4464 36 ) (1656 -4504 36 ) (1656 -4504 91 ) (1656 -4464 91 ) 
4 1329 1337 (1656 -4584 36 ) (1656 -4624 36 ) (1656 -4624 91 ) (1656 -4584 91 ) 
4 1330 1337 (1656 -4664 36 ) (1656 -4704 36 ) (1656 -4704 91 ) (1656 -4664 91 ) 
4 1331 1338 (1656 -4784 36 ) (1656 -4824 36 ) (1656 -4824 91 ) (1656 -4784 91 ) 
4 1332 1338 (1656 -4864 36 ) (1656 -4904 36 ) (1656 -4904 91 ) (1656 -4864 91 ) 
4 1333 1339 (1656 -4984 36 ) (1656 -5024 36 ) (1656 -5024 91 ) (1656 -4984 91 ) 
4 1334 1339 (1656 -5064 36 ) (1656 -5104 36 ) (1656 -5104 91 ) (1656 -5064 91 ) 
4 1335 1373 (1464 -4096 36 ) (1656 -4096 36 ) (1656 -4340 36 ) (1464 -4340 36 ) 
4 1335 1340 (1464 -4096 36 ) (1464 -4340 36 ) (1464 -4340 176 ) (1464 -4096 176 ) 
4 1336 1374 (1656 -4348 36 ) (1656 -4540 36 ) (1464 -4540 36 ) (1464 -4348 36 ) 
4 1336 1341 (1464 -4452 36 ) (1464 -4500 36 ) (1464 -4500 100 ) (1464 -4452 100 ) 
4 1337 1376 (1656 -4548 36 ) (1656 -4740 36 ) (1464 -4740 36 ) (1464 -4548 36 ) 
4 1337 1342 (1464 -4652 36 ) (1464 -4700 36 ) (1464 -4700 100 ) (1464 -4652 100 ) 
4 1338 1378 (1656 -4748 36 ) (1656 -4940 36 ) (1464 -4940 36 ) (1464 -4748 36 ) 
4 1338 1343 (1464 -4852 36 ) (1464 -4900 36 ) (1464 -4900 100 ) (1464 -4852 100 ) 
4 1339 1403 (1464 -5120 112 ) (1464 -5120 36 ) (1656 -5120 36 ) (1656 -5120 112 ) 
4 1339 1380 (1656 -4948 36 ) (1656 -5120 36 ) (1464 -5120 36 ) (1464 -4948 36 ) 
4 1339 1344 (1464 -5052 36 ) (1464 -5100 36 ) (1464 -5100 100 ) (1464 -5052 100 ) 
4 1340 1373 (1456 -4096 36 ) (1464 -4096 36 ) (1464 -4340 36 ) (1456 -4340 36 ) 
4 1340 1345 (1456 -4096 36 ) (1456 -4340 36 ) (1456 -4340 176 ) (1456 -4096 176 ) 
4 1341 1375 (1464 -4452 36 ) (1464 -4500 36 ) (1456 -4500 36 ) (1456 -4452 36 ) 
4 1341 1347 (1456 -4452 36 ) (1456 -4500 36 ) (1456 -4500 100 ) (1456 -4452 100 ) 
4 1342 1377 (1464 -4652 36 ) (1464 -4700 36 ) (1456 -4700 36 ) (1456 -4652 36 ) 
4 1342 1347 (1456 -4652 36 ) (1456 -4700 36 ) (1456 -4700 100 ) (1456 -4652 100 ) 
4 1343 1379 (1464 -4852 36 ) (1464 -4900 36 ) (1456 -4900 36 ) (1456 -4852 36 ) 
4 1343 1347 (1456 -4852 36 ) (1456 -4900 36 ) (1456 -4900 100 ) (1456 -4852 100 ) 
4 1344 1381 (1464 -5052 36 ) (1464 -5100 36 ) (1456 -5100 36 ) (1456 -5052 36 ) 
4 1344 1347 (1456 -5052 36 ) (1456 -5100 36 ) (1456 -5100 100 ) (1456 -5052 100 ) 
4 1345 1382 (1328 -4096 36 ) (1456 -4096 36 ) (1456 -4340 36 ) (1328 -4340 36 ) 
4 1345 1348 (1328 -4096 36 ) (1328 -4340 36 ) (1328 -4340 176 ) (1328 -4096 176 ) 
4 1345 1346 (1344 -4340 36 ) (1440 -4340 36 ) (1440 -4340 100 ) (1344 -4340 100 ) 
4 1346 1383 (1440 -4348 36 ) (1344 -4348 36 ) (1344 -4340 36 ) (1440 -4340 36 ) 
4 1346 1347 (1344 -4348 36 ) (1440 -4348 36 ) (1440 -4348 100 ) (1344 -4348 100 ) 
4 1347 1406 (1328 -5120 112 ) (1328 -5120 36 ) (1456 -5120 36 ) (1456 -5120 112 ) 
4 1347 1384 (1456 -4348 36 ) (1456 -5120 36 ) (1328 -5120 36 ) (1328 -4348 36 ) 
4 1347 1354 (1328 -5052 36 ) (1328 -5100 36 ) (1328 -5100 100 ) (1328 -5052 100 ) 
4 1347 1353 (1328 -4748 36 ) (1328 -4940 36 ) (1328 -4940 112 ) (1328 -4748 112 ) 
4 1347 1351 (1328 -4652 36 ) (1328 -4700 36 ) (1328 -4700 100 ) (1328 -4652 100 ) 
4 1347 1349 (1328 -4452 36 ) (1328 -4500 36 ) (1328 -4500 100 ) (1328 -4452 100 ) 
4 1348 1385 (1128 -4096 36 ) (1328 -4096 36 ) (1328 -4340 36 ) (1128 -4340 36 ) 
4 1348 1356 (1128 -4096 36 ) (1128 -4276 36 ) (1128 -4276 176 ) (1128 -4096 176 ) 
4 1349 1386 (1328 -4452 36 ) (1328 -4500 36 ) (1320 -4500 36 ) (1320 -4452 36 ) 
4 1349 1350 (1320 -4452 36 ) (1320 -4500 36 ) (1320 -4500 100 ) (1320 -4452 100 ) 
4 1350 1387 (1128 -4540 36 ) (1128 -4348 36 ) (1320 -4348 36 ) (1320 -4540 36 ) 
4 1350 1358 (1128 -4464 36 ) (1128 -4504 36 ) (1128 -4504 91 ) (1128 -4464 91 ) 
4 1350 1357 (1128 -4384 36 ) (1128 -4424 36 ) (1128 -4424 91 ) (1128 -4384 91 ) 
4 1351 1388 (1328 -4652 36 ) (1328 -4700 36 ) (1320 -4700 36 ) (1320 -4652 36 ) 
4 1351 1352 (1320 -4652 36 ) (1320 -4700 36 ) (1320 -4700 100 ) (1320 -4652 100 ) 
4 1352 1389 (1320 -4740 36 ) (1128 -4740 36 ) (1128 -4548 36 ) (1320 -4548 36 ) 
4 1352 1360 (1128 -4664 36 ) (1128 -4704 36 ) (1128 -4704 91 ) (1128 -4664 91 ) 
4 1352 1359 (1128 -4584 36 ) (1128 -4624 36 ) (1128 -4624 91 ) (1128 -4584 91 ) 
4 1353 1390 (1328 -4748 36 ) (1328 -4940 36 ) (1128 -4940 36 ) (1128 -4748 36 ) 
4 1353 1361 (1128 -4796 36 ) (1128 -4892 36 ) (1128 -4892 100 ) (1128 -4796 100 ) 
4 1354 1391 (1328 -5052 36 ) (1328 -5100 36 ) (1320 -5100 36 ) (1320 -5052 36 ) 
4 1354 1355 (1320 -5052 36 ) (1320 -5100 36 ) (1320 -5100 100 ) (1320 -5052 100 ) 
4 1355 1408 (1128 -5120 112 ) (1128 -5120 36 ) (1320 -5120 36 ) (1320 -5120 112 ) 
4 1355 1392 (1320 -5120 36 ) (1128 -5120 36 ) (1128 -4948 36 ) (1320 -4948 36 ) 
4 1355 1363 (1128 -5064 36 ) (1128 -5104 36 ) (1128 -5104 91 ) (1128 -5064 91 ) 
4 1355 1362 (1128 -4984 36 ) (1128 -5024 36 ) (1128 -5024 91 ) (1128 -4984 91 ) 
4 1356 1393 (1120 -4096 36 ) (1128 -4096 36 ) (1128 -4276 36 ) (1120 -4276 36 ) 
4 1356 1364 (1120 -4096 36 ) (1120 -4276 36 ) (1120 -4276 176 ) (1120 -4096 176 ) 
4 1357 1365 (1120 -4384 36 ) (1120 -4424 36 ) (1120 -4424 91 ) (1120 -4384 91 ) 
4 1358 1365 (1120 -4464 36 ) (1120 -4504 36 ) (1120 -4504 91 ) (1120 -4464 91 ) 
4 1359 1365 (1120 -4584 36 ) (1120 -4624 36 ) (1120 -4624 91 ) (1120 -4584 91 ) 
4 1360 1365 (1120 -4664 36 ) (1120 -4704 36 ) (1120 -4704 91 ) (1120 -4664 91 ) 
4 1361 1394 (1128 -4796 36 ) (1128 -4892 36 ) (1120 -4892 36 ) (1120 -4796 36 ) 
4 1361 1365 (1120 -4796 36 ) (1120 -4892 36 ) (1120 -4892 100 ) (1120 -4796 100 ) 
4 1362 1365 (1120 -4984 36 ) (1120 -5024 36 ) (1120 -5024 91 ) (1120 -4984 91 ) 
4 1363 1365 (1120 -5064 36 ) (1120 -5104 36 ) (1120 -5104 91 ) (1120 -5064 91 ) 
4 1364 1395 (1064 -4096 36 ) (1120 -4096 36 ) (1120 -4276 36 ) (1064 -4276 36 ) 
4 1365 1413 (1120 -5120 184 ) (1064 -5120 184 ) (1064 -5120 36 ) (1120 -5120 36 ) 
4 1365 1396 (1120 -4284 36 ) (1120 -5120 36 ) (1064 -5120 36 ) (1064 -4284 36 ) 
4 1365 1366 (1064 -4284 36 ) (1064 -5120 36 ) (1064 -5120 184 ) (1064 -4284 184 ) 
4 1366 1413 (1064 -5120 184 ) (1056 -5120 184 ) (1056 -5120 36 ) (1064 -5120 36 ) 
4 1366 1397 (1064 -4284 36 ) (1064 -5120 36 ) (1056 -5120 36 ) (1056 -4284 36 ) 
4 1366 1367 (1056 -4284 36 ) (1056 -5120 36 ) (1056 -5120 184 ) (1056 -4284 184 ) 
4 1367 1488 (1024 -4952 36 ) (1024 -5120 36 ) (1024 -5120 88 ) (1024 -4952 88 ) 
4 1367 1486 (1024 -4760 36 ) (1024 -4952 36 ) (1024 -4952 88 ) (1024 -4760 88 ) 
4 1367 1468 (1024 -4096 88 ) (1024 -4096 36 ) (1024 -4760 36 ) (1024 -4760 88 ) 
4 1367 1467 (1024 -4096 184 ) (1024 -4096 88 ) (1024 -5120 88 ) (1024 -5120 184 ) 
4 1367 1413 (1056 -5120 184 ) (1024 -5120 184 ) (1024 -5120 36 ) (1056 -5120 36 ) 
4 1367 1398 (1024 -5120 36 ) (1024 -4096 36 ) (1056 -4096 36 ) (1056 -5120 36 ) 
4 1368 1436 (2048 -5120 -8 ) (2048 -5120 36 ) (1728 -5120 36 ) (1728 -5120 -8 ) 
4 1368 1369 (1728 -4284 -8 ) (1728 -5120 -8 ) (1728 -5120 36 ) (1728 -4284 36 ) 
4 1369 1436 (1728 -5120 36 ) (1720 -5120 36 ) (1720 -5120 -8 ) (1728 -5120 -8 ) 
4 1369 1371 (1720 -4284 -8 ) (1720 -5120 -8 ) (1720 -5120 36 ) (1720 -4284 36 ) 
4 1370 1372 (1664 -4096 -8 ) (1664 -4276 -8 ) (1664 -4276 36 ) (1664 -4096 36 ) 
4 1371 1436 (1720 -5120 36 ) (1664 -5120 36 ) (1664 -5120 -8 ) (1720 -5120 -8 ) 
4 1372 1373 (1656 -4096 -8 ) (1656 -4276 -8 ) (1656 -4276 36 ) (1656 -4096 36 ) 
4 1373 1382 (1456 -4096 -8 ) (1456 -4340 -8 ) (1456 -4340 36 ) (1456 -4096 36 ) 
4 1374 1375 (1464 -4452 -8 ) (1464 -4500 -8 ) (1464 -4500 36 ) (1464 -4452 36 ) 
4 1375 1384 (1456 -4452 -8 ) (1456 -4500 -8 ) (1456 -4500 36 ) (1456 -4452 36 ) 
4 1376 1377 (1464 -4652 -8 ) (1464 -4700 -8 ) (1464 -4700 36 ) (1464 -4652 36 ) 
4 1377 1384 (1456 -4652 -8 ) (1456 -4700 -8 ) (1456 -4700 36 ) (1456 -4652 36 ) 
4 1378 1379 (1464 -4852 -8 ) (1464 -4900 -8 ) (1464 -4900 36 ) (1464 -4852 36 ) 
4 1379 1384 (1456 -4852 -8 ) (1456 -4900 -8 ) (1456 -4900 36 ) (1456 -4852 36 ) 
4 1380 1437 (1656 -5120 36 ) (1464 -5120 36 ) (1464 -5120 -8 ) (1656 -5120 -8 ) 
4 1380 1381 (1464 -5052 -8 ) (1464 -5100 -8 ) (1464 -5100 36 ) (1464 -5052 36 ) 
4 1381 1384 (1456 -5052 -8 ) (1456 -5100 -8 ) (1456 -5100 36 ) (1456 -5052 36 ) 
4 1382 1385 (1328 -4096 -8 ) (1328 -4340 -8 ) (1328 -4340 36 ) (1328 -4096 36 ) 
4 1382 1383 (1344 -4340 -8 ) (1440 -4340 -8 ) (1440 -4340 36 ) (1344 -4340 36 ) 
4 1383 1384 (1344 -4348 -8 ) (1440 -4348 -8 ) (1440 -4348 36 ) (1344 -4348 36 ) 
4 1384 1440 (1456 -5120 36 ) (1328 -5120 36 ) (1328 -5120 -8 ) (1456 -5120 -8 ) 
4 1384 1391 (1328 -5052 -8 ) (1328 -5100 -8 ) (1328 -5100 36 ) (1328 -5052 36 ) 
4 1384 1390 (1328 -4748 -8 ) (1328 -4940 -8 ) (1328 -4940 36 ) (1328 -4748 36 ) 
4 1384 1388 (1328 -4652 -8 ) (1328 -4700 -8 ) (1328 -4700 36 ) (1328 -4652 36 ) 
4 1384 1386 (1328 -4452 -8 ) (1328 -4500 -8 ) (1328 -4500 36 ) (1328 -4452 36 ) 
4 1385 1393 (1128 -4096 -8 ) (1128 -4276 -8 ) (1128 -4276 36 ) (1128 -4096 36 ) 
4 1386 1387 (1320 -4452 -8 ) (1320 -4500 -8 ) (1320 -4500 36 ) (1320 -4452 36 ) 
4 1388 1389 (1320 -4652 -8 ) (1320 -4700 -8 ) (1320 -4700 36 ) (1320 -4652 36 ) 
4 1390 1394 (1128 -4796 -8 ) (1128 -4892 -8 ) (1128 -4892 36 ) (1128 -4796 36 ) 
4 1391 1392 (1320 -5052 -8 ) (1320 -5100 -8 ) (1320 -5100 36 ) (1320 -5052 36 ) 
4 1392 1442 (1320 -5120 36 ) (1128 -5120 36 ) (1128 -5120 -8 ) (1320 -5120 -8 ) 
4 1393 1395 (1120 -4096 -8 ) (1120 -4276 -8 ) (1120 -4276 36 ) (1120 -4096 36 ) 
4 1394 1396 (1120 -4796 -8 ) (1120 -4892 -8 ) (1120 -4892 36 ) (1120 -4796 36 ) 
4 1396 1445 (1120 -5120 36 ) (1064 -5120 36 ) (1064 -5120 -8 ) (1120 -5120 -8 ) 
4 1396 1397 (1064 -4284 -8 ) (1064 -5120 -8 ) (1064 -5120 36 ) (1064 -4284 36 ) 
4 1397 1445 (1064 -5120 36 ) (1056 -5120 36 ) (1056 -5120 -8 ) (1064 -5120 -8 ) 
4 1397 1398 (1056 -4284 -8 ) (1056 -5120 -8 ) (1056 -5120 36 ) (1056 -4284 36 ) 
4 1398 1488 (1024 -4952 -8 ) (1024 -5120 -8 ) (1024 -5120 36 ) (1024 -4952 36 ) 
4 1398 1487 (1024 -4760 -8 ) (1024 -4952 -8 ) (1024 -4952 32 ) (1024 -4760 32 ) 
4 1398 1486 (1024 -4952 32 ) (1024 -4952 36 ) (1024 -4760 36 ) (1024 -4760 32 ) 
4 1398 1468 (1024 -4096 36 ) (1024 -4096 -8 ) (1024 -4760 -8 ) (1024 -4760 36 ) 
4 1398 1445 (1056 -5120 36 ) (1024 -5120 36 ) (1024 -5120 -8 ) (1056 -5120 -8 ) 
4 1399 1684 (2048 -6144 184 ) (2048 -6144 1104 ) (1024 -6144 1104 ) (1024 -6144 184 ) 
4 1399 1654 (1024 -6144 184 ) (1024 -6144 1104 ) (1024 -5120 1104 ) (1024 -5120 184 ) 
4 1399 1434 (1024 -5800 184 ) (1024 -5792 184 ) (2048 -5792 184 ) (2048 -5800 184 ) 
4 1399 1433 (1024 -5792 184 ) (1024 -5692 184 ) (2048 -5692 184 ) (2048 -5792 184 ) 
4 1399 1435 (2048 -6144 184 ) (1024 -6144 184 ) (1024 -5800 184 ) (2048 -5800 184 ) 
4 1399 1431 (1728 -5684 184 ) (2048 -5684 184 ) (2048 -5692 184 ) (1728 -5692 184 ) 
4 1399 1432 (1024 -5692 184 ) (1024 -5684 184 ) (1056 -5684 184 ) (1056 -5692 184 ) 
4 1399 1430 (1024 -5684 184 ) (1024 -5609 184 ) (1056 -5609 184 ) (1056 -5684 184 ) 
4 1399 1428 (1728 -5609 184 ) (2048 -5609 184 ) (2048 -5684 184 ) (1728 -5684 184 ) 
4 1399 1427 (1024 -5609 184 ) (1024 -5479 184 ) (1056 -5479 184 ) (1056 -5609 184 ) 
4 1399 1423 (1728 -5479 184 ) (2048 -5479 184 ) (2048 -5609 184 ) (1728 -5609 184 ) 
4 1399 1421 (1056 -5348 184 ) (1064 -5348 184 ) (1064 -5404 184 ) (1056 -5404 184 ) 
4 1399 1422 (1024 -5479 184 ) (1024 -5348 184 ) (1056 -5348 184 ) (1056 -5479 184 ) 
4 1399 1419 (2048 -5412 184 ) (2048 -5479 184 ) (1728 -5479 184 ) (1728 -5412 184 ) 
4 1399 1418 (1064 -5348 184 ) (1120 -5348 184 ) (1120 -5404 184 ) (1064 -5404 184 ) 
4 1399 1416 (1664 -5348 184 ) (1720 -5348 184 ) (1720 -5404 184 ) (1664 -5404 184 ) 
4 1399 1415 (1720 -5348 184 ) (1728 -5348 184 ) (1728 -5404 184 ) (1720 -5404 184 ) 
4 1399 1414 (1728 -5348 184 ) (2048 -5348 184 ) (2048 -5412 184 ) (1728 -5412 184 ) 
4 1399 1413 (1024 -5348 184 ) (1024 -5120 184 ) (1120 -5120 184 ) (1120 -5348 184 ) 
4 1399 1400 (1664 -5120 184 ) (2048 -5120 184 ) (2048 -5348 184 ) (1664 -5348 184 ) 
4 1400 1436 (1664 -5120 36 ) (2048 -5120 36 ) (2048 -5348 36 ) (1664 -5348 36 ) 
4 1400 1416 (1664 -5348 36 ) (1720 -5348 36 ) (1720 -5348 184 ) (1664 -5348 184 ) 
4 1400 1415 (1720 -5348 36 ) (1728 -5348 36 ) (1728 -5348 184 ) (1720 -5348 184 ) 
4 1400 1414 (1728 -5348 36 ) (2048 -5348 36 ) (2048 -5348 184 ) (1728 -5348 184 ) 
4 1400 1402 (1664 -5264 36 ) (1664 -5304 36 ) (1664 -5304 91 ) (1664 -5264 91 ) 
4 1400 1401 (1664 -5184 36 ) (1664 -5224 36 ) (1664 -5224 91 ) (1664 -5184 91 ) 
4 1401 1404 (1656 -5184 36 ) (1656 -5224 36 ) (1656 -5224 91 ) (1656 -5184 91 ) 
4 1402 1404 (1656 -5264 36 ) (1656 -5304 36 ) (1656 -5304 91 ) (1656 -5264 91 ) 
4 1403 1437 (1464 -5120 36 ) (1656 -5120 36 ) (1656 -5140 36 ) (1464 -5140 36 ) 
4 1404 1438 (1656 -5148 36 ) (1656 -5340 36 ) (1464 -5340 36 ) (1464 -5148 36 ) 
4 1404 1405 (1464 -5252 36 ) (1464 -5300 36 ) (1464 -5300 100 ) (1464 -5252 100 ) 
4 1405 1439 (1464 -5252 36 ) (1464 -5300 36 ) (1456 -5300 36 ) (1456 -5252 36 ) 
4 1405 1406 (1456 -5252 36 ) (1456 -5300 36 ) (1456 -5300 100 ) (1456 -5252 100 ) 
4 1406 1440 (1328 -5120 36 ) (1456 -5120 36 ) (1456 -5340 36 ) (1328 -5340 36 ) 
4 1406 1409 (1328 -5252 36 ) (1328 -5300 36 ) (1328 -5300 100 ) (1328 -5252 100 ) 
4 1406 1407 (1344 -5340 36 ) (1440 -5340 36 ) (1440 -5340 100 ) (1344 -5340 100 ) 
4 1407 1441 (1440 -5348 36 ) (1344 -5348 36 ) (1344 -5340 36 ) (1440 -5340 36 ) 
4 1407 1417 (1344 -5348 36 ) (1440 -5348 36 ) (1440 -5348 100 ) (1344 -5348 100 ) 
4 1408 1442 (1128 -5120 36 ) (1320 -5120 36 ) (1320 -5140 36 ) (1128 -5140 36 ) 
4 1409 1443 (1328 -5252 36 ) (1328 -5300 36 ) (1320 -5300 36 ) (1320 -5252 36 ) 
4 1409 1410 (1320 -5252 36 ) (1320 -5300 36 ) (1320 -5300 100 ) (1320 -5252 100 ) 
4 1410 1444 (1320 -5340 36 ) (1128 -5340 36 ) (1128 -5148 36 ) (1320 -5148 36 ) 
4 1410 1412 (1128 -5264 36 ) (1128 -5304 36 ) (1128 -5304 91 ) (1128 -5264 91 ) 
4 1410 1411 (1128 -5184 36 ) (1128 -5224 36 ) (1128 -5224 91 ) (1128 -5184 91 ) 
4 1411 1413 (1120 -5184 36 ) (1120 -5224 36 ) (1120 -5224 91 ) (1120 -5184 91 ) 
4 1412 1413 (1120 -5264 36 ) (1120 -5304 36 ) (1120 -5304 91 ) (1120 -5264 91 ) 
4 1413 1655 (1024 -5120 88 ) (1024 -5120 36 ) (1024 -5348 36 ) (1024 -5348 88 ) 
4 1413 1654 (1024 -5348 184 ) (1024 -5120 184 ) (1024 -5120 88 ) (1024 -5348 88 ) 
4 1413 1445 (1024 -5348 36 ) (1024 -5120 36 ) (1120 -5120 36 ) (1120 -5348 36 ) 
4 1413 1421 (1056 -5348 36 ) (1064 -5348 36 ) (1064 -5348 184 ) (1056 -5348 184 ) 
4 1413 1422 (1024 -5348 36 ) (1056 -5348 36 ) (1056 -5348 184 ) (1024 -5348 184 ) 
4 1413 1418 (1064 -5348 36 ) (1120 -5348 36 ) (1120 -5348 184 ) (1064 -5348 184 ) 
4 1414 1446 (1728 -5348 36 ) (2048 -5348 36 ) (2048 -5412 36 ) (1728 -5412 36 ) 
4 1414 1419 (1728 -5412 36 ) (2048 -5412 36 ) (2048 -5412 184 ) (1728 -5412 184 ) 
4 1414 1415 (1728 -5348 184 ) (1728 -5348 36 ) (1728 -5404 36 ) (1728 -5404 184 ) 
4 1415 1447 (1720 -5348 36 ) (1728 -5348 36 ) (1728 -5404 36 ) (1720 -5404 36 ) 
4 1415 1416 (1720 -5348 184 ) (1720 -5348 36 ) (1720 -5404 36 ) (1720 -5404 184 ) 
4 1416 1448 (1664 -5348 36 ) (1720 -5348 36 ) (1720 -5404 36 ) (1664 -5404 36 ) 
4 1417 1450 (1128 -5348 36 ) (1656 -5348 36 ) (1656 -5412 36 ) (1128 -5412 36 ) 
4 1417 1420 (1128 -5412 36 ) (1656 -5412 36 ) (1656 -5412 176 ) (1128 -5412 176 ) 
4 1418 1452 (1064 -5348 36 ) (1120 -5348 36 ) (1120 -5404 36 ) (1064 -5404 36 ) 
4 1418 1421 (1064 -5348 184 ) (1064 -5348 36 ) (1064 -5404 36 ) (1064 -5404 184 ) 
4 1419 1446 (2048 -5412 36 ) (2048 -5479 36 ) (1728 -5479 36 ) (1728 -5412 36 ) 
4 1419 1423 (1728 -5479 36 ) (2048 -5479 36 ) (2048 -5479 184 ) (1728 -5479 184 ) 
4 1420 1453 (1120 -5479 36 ) (1064 -5479 36 ) (1064 -5412 36 ) (1120 -5412 36 ) 
4 1420 1451 (1664 -5479 36 ) (1120 -5479 36 ) (1120 -5412 36 ) (1664 -5412 36 ) 
4 1420 1449 (1720 -5479 36 ) (1664 -5479 36 ) (1664 -5412 36 ) (1720 -5412 36 ) 
4 1420 1425 (1064 -5479 36 ) (1720 -5479 36 ) (1720 -5479 176 ) (1064 -5479 176 ) 
4 1421 1454 (1056 -5348 36 ) (1064 -5348 36 ) (1064 -5404 36 ) (1056 -5404 36 ) 
4 1421 1422 (1056 -5348 184 ) (1056 -5348 36 ) (1056 -5404 36 ) (1056 -5404 184 ) 
4 1422 1655 (1024 -5348 88 ) (1024 -5348 36 ) (1024 -5479 36 ) (1024 -5479 88 ) 
4 1422 1654 (1024 -5479 184 ) (1024 -5348 184 ) (1024 -5348 88 ) (1024 -5479 88 ) 
4 1422 1455 (1024 -5479 36 ) (1024 -5348 36 ) (1056 -5348 36 ) (1056 -5479 36 ) 
4 1422 1427 (1024 -5479 36 ) (1056 -5479 36 ) (1056 -5479 184 ) (1024 -5479 184 ) 
4 1423 1456 (1728 -5479 36 ) (2048 -5479 36 ) (2048 -5609 36 ) (1728 -5609 36 ) 
4 1423 1428 (1728 -5609 36 ) (2048 -5609 36 ) (2048 -5609 184 ) (1728 -5609 184 ) 
4 1423 1424 (1728 -5479 105 ) (1728 -5479 36 ) (1728 -5609 36 ) (1728 -5609 105 ) 
4 1424 1456 (1720 -5479 36 ) (1728 -5479 36 ) (1728 -5609 36 ) (1720 -5609 36 ) 
4 1424 1425 (1720 -5479 105 ) (1720 -5479 36 ) (1720 -5609 36 ) (1720 -5609 105 ) 
4 1425 1456 (1064 -5479 36 ) (1720 -5479 36 ) (1720 -5609 36 ) (1064 -5609 36 ) 
4 1425 1429 (1064 -5609 36 ) (1720 -5609 36 ) (1720 -5609 176 ) (1064 -5609 176 ) 
4 1425 1426 (1064 -5479 105 ) (1064 -5479 36 ) (1064 -5609 36 ) (1064 -5609 105 ) 
4 1426 1456 (1056 -5479 36 ) (1064 -5479 36 ) (1064 -5609 36 ) (1056 -5609 36 ) 
4 1426 1427 (1056 -5479 105 ) (1056 -5479 36 ) (1056 -5609 36 ) (1056 -5609 105 ) 
4 1427 1655 (1024 -5479 88 ) (1024 -5479 36 ) (1024 -5609 36 ) (1024 -5609 88 ) 
4 1427 1654 (1024 -5609 184 ) (1024 -5479 184 ) (1024 -5479 88 ) (1024 -5609 88 ) 
4 1427 1456 (1024 -5609 36 ) (1024 -5479 36 ) (1056 -5479 36 ) (1056 -5609 36 ) 
4 1427 1430 (1024 -5609 36 ) (1056 -5609 36 ) (1056 -5609 184 ) (1024 -5609 184 ) 
4 1428 1460 (1728 -5609 36 ) (2048 -5609 36 ) (2048 -5684 36 ) (1728 -5684 36 ) 
4 1428 1431 (1728 -5684 36 ) (2048 -5684 36 ) (2048 -5684 184 ) (1728 -5684 184 ) 
4 1429 1461 (1064 -5609 36 ) (1720 -5609 36 ) (1720 -5684 36 ) (1064 -5684 36 ) 
4 1430 1655 (1024 -5609 88 ) (1024 -5609 36 ) (1024 -5684 36 ) (1024 -5684 88 ) 
4 1430 1654 (1024 -5684 184 ) (1024 -5609 184 ) (1024 -5609 88 ) (1024 -5684 88 ) 
4 1430 1462 (1024 -5684 36 ) (1024 -5609 36 ) (1056 -5609 36 ) (1056 -5684 36 ) 
4 1430 1432 (1024 -5684 36 ) (1056 -5684 36 ) (1056 -5684 184 ) (1024 -5684 184 ) 
4 1431 1463 (1728 -5684 36 ) (2048 -5684 36 ) (2048 -5692 36 ) (1728 -5692 36 ) 
4 1431 1433 (1728 -5692 36 ) (2048 -5692 36 ) (2048 -5692 184 ) (1728 -5692 184 ) 
4 1432 1655 (1024 -5684 88 ) (1024 -5684 36 ) (1024 -5692 36 ) (1024 -5692 88 ) 
4 1432 1654 (1024 -5692 184 ) (1024 -5684 184 ) (1024 -5684 88 ) (1024 -5692 88 ) 
4 1432 1465 (1024 -5692 36 ) (1024 -5684 36 ) (1056 -5684 36 ) (1056 -5692 36 ) 
4 1432 1433 (1024 -5692 36 ) (1056 -5692 36 ) (1056 -5692 184 ) (1024 -5692 184 ) 
4 1433 1655 (1024 -5692 88 ) (1024 -5692 36 ) (1024 -5792 36 ) (1024 -5792 88 ) 
4 1433 1654 (1024 -5792 184 ) (1024 -5692 184 ) (1024 -5692 88 ) (1024 -5792 88 ) 
4 1433 1464 (1056 -5692 36 ) (1728 -5692 36 ) (1728 -5792 36 ) (1056 -5792 36 ) 
4 1433 1463 (1728 -5692 36 ) (2048 -5692 36 ) (2048 -5792 36 ) (1728 -5792 36 ) 
4 1433 1465 (1024 -5792 36 ) (1024 -5692 36 ) (1056 -5692 36 ) (1056 -5792 36 ) 
4 1433 1434 (2048 -5792 88 ) (2048 -5792 184 ) (1024 -5792 184 ) (1024 -5792 88 ) 
4 1434 1654 (1024 -5800 184 ) (1024 -5792 184 ) (1024 -5792 88 ) (1024 -5800 88 ) 
4 1434 1435 (2048 -5800 88 ) (2048 -5800 184 ) (1024 -5800 184 ) (1024 -5800 88 ) 
4 1435 1685 (2048 -6144 36 ) (2048 -6144 184 ) (1024 -6144 184 ) (1024 -6144 36 ) 
4 1435 1656 (1024 -6144 36 ) (1024 -6144 88 ) (1024 -5800 88 ) (1024 -5800 36 ) 
4 1435 1654 (1024 -6144 88 ) (1024 -6144 184 ) (1024 -5800 184 ) (1024 -5800 88 ) 
4 1435 1466 (1024 -6144 36 ) (1024 -5800 36 ) (2048 -5800 36 ) (2048 -6144 36 ) 
4 1436 1448 (1664 -5348 -8 ) (1720 -5348 -8 ) (1720 -5348 36 ) (1664 -5348 36 ) 
4 1436 1447 (1720 -5348 -8 ) (1728 -5348 -8 ) (1728 -5348 36 ) (1720 -5348 36 ) 
4 1436 1446 (1728 -5348 -8 ) (2048 -5348 -8 ) (2048 -5348 36 ) (1728 -5348 36 ) 
4 1438 1439 (1464 -5252 -8 ) (1464 -5300 -8 ) (1464 -5300 36 ) (1464 -5252 36 ) 
4 1439 1440 (1456 -5252 -8 ) (1456 -5300 -8 ) (1456 -5300 36 ) (1456 -5252 36 ) 
4 1440 1443 (1328 -5252 -8 ) (1328 -5300 -8 ) (1328 -5300 36 ) (1328 -5252 36 ) 
4 1440 1441 (1344 -5340 -8 ) (1440 -5340 -8 ) (1440 -5340 36 ) (1344 -5340 36 ) 
4 1441 1450 (1344 -5348 -8 ) (1440 -5348 -8 ) (1440 -5348 36 ) (1344 -5348 36 ) 
4 1443 1444 (1320 -5252 -8 ) (1320 -5300 -8 ) (1320 -5300 36 ) (1320 -5252 36 ) 
4 1445 1655 (1024 -5348 36 ) (1024 -5120 36 ) (1024 -5120 -8 ) (1024 -5348 -8 ) 
4 1445 1454 (1056 -5348 -8 ) (1064 -5348 -8 ) (1064 -5348 36 ) (1056 -5348 36 ) 
4 1445 1455 (1024 -5348 -8 ) (1056 -5348 -8 ) (1056 -5348 36 ) (1024 -5348 36 ) 
4 1445 1452 (1064 -5348 -8 ) (1120 -5348 -8 ) (1120 -5348 36 ) (1064 -5348 36 ) 
4 1446 1457 (1728 -5479 -8 ) (2048 -5479 -8 ) (2048 -5479 23 ) (1728 -5479 23 ) 
4 1446 1456 (2048 -5479 23 ) (2048 -5479 36 ) (1728 -5479 36 ) (1728 -5479 23 ) 
4 1446 1447 (1728 -5348 36 ) (1728 -5348 -8 ) (1728 -5404 -8 ) (1728 -5404 36 ) 
4 1447 1448 (1720 -5348 36 ) (1720 -5348 -8 ) (1720 -5404 -8 ) (1720 -5404 36 ) 
4 1449 1458 (1664 -5479 -8 ) (1720 -5479 -8 ) (1720 -5479 23 ) (1664 -5479 23 ) 
4 1449 1456 (1720 -5479 23 ) (1720 -5479 36 ) (1664 -5479 36 ) (1664 -5479 23 ) 
4 1449 1451 (1664 -5412 -8 ) (1664 -5479 -8 ) (1664 -5479 36 ) (1664 -5412 36 ) 
4 1450 1451 (1128 -5412 -8 ) (1656 -5412 -8 ) (1656 -5412 36 ) (1128 -5412 36 ) 
4 1451 1458 (1120 -5479 -8 ) (1664 -5479 -8 ) (1664 -5479 23 ) (1120 -5479 23 ) 
4 1451 1456 (1664 -5479 23 ) (1664 -5479 36 ) (1120 -5479 36 ) (1120 -5479 23 ) 
4 1451 1453 (1120 -5412 -8 ) (1120 -5479 -8 ) (1120 -5479 36 ) (1120 -5412 36 ) 
4 1452 1454 (1064 -5348 36 ) (1064 -5348 -8 ) (1064 -5404 -8 ) (1064 -5404 36 ) 
4 1453 1458 (1064 -5479 -8 ) (1120 -5479 -8 ) (1120 -5479 23 ) (1064 -5479 23 ) 
4 1453 1456 (1120 -5479 23 ) (1120 -5479 36 ) (1064 -5479 36 ) (1064 -5479 23 ) 
4 1454 1455 (1056 -5348 36 ) (1056 -5348 -8 ) (1056 -5404 -8 ) (1056 -5404 36 ) 
4 1455 1655 (1024 -5479 36 ) (1024 -5348 36 ) (1024 -5348 -8 ) (1024 -5479 -8 ) 
4 1455 1459 (1024 -5479 -8 ) (1056 -5479 -8 ) (1056 -5479 23 ) (1024 -5479 23 ) 
4 1455 1456 (1056 -5479 23 ) (1056 -5479 36 ) (1024 -5479 36 ) (1024 -5479 23 ) 
4 1456 1655 (1024 -5609 36 ) (1024 -5479 36 ) (1024 -5479 23 ) (1024 -5609 23 ) 
4 1456 1462 (1056 -5609 36 ) (1024 -5609 36 ) (1024 -5609 23 ) (1056 -5609 23 ) 
4 1456 1460 (2048 -5609 23 ) (2048 -5609 36 ) (1728 -5609 36 ) (1728 -5609 23 ) 
4 1456 1461 (1720 -5609 36 ) (1064 -5609 36 ) (1064 -5609 23 ) (1720 -5609 23 ) 
4 1456 1459 (1056 -5609 23 ) (1024 -5609 23 ) (1024 -5479 23 ) (1056 -5479 23 ) 
4 1456 1457 (2048 -5609 23 ) (1728 -5609 23 ) (1728 -5479 23 ) (2048 -5479 23 ) 
4 1456 1458 (1720 -5609 23 ) (1064 -5609 23 ) (1064 -5479 23 ) (1720 -5479 23 ) 
4 1457 1460 (1728 -5609 -8 ) (2048 -5609 -8 ) (2048 -5609 23 ) (1728 -5609 23 ) 
4 1458 1461 (1064 -5609 -8 ) (1720 -5609 -8 ) (1720 -5609 23 ) (1064 -5609 23 ) 
4 1459 1655 (1024 -5479 23 ) (1024 -5479 -8 ) (1024 -5609 -8 ) (1024 -5609 23 ) 
4 1459 1462 (1024 -5609 -8 ) (1056 -5609 -8 ) (1056 -5609 23 ) (1024 -5609 23 ) 
4 1460 1463 (1728 -5684 -8 ) (2048 -5684 -8 ) (2048 -5684 36 ) (1728 -5684 36 ) 
4 1462 1655 (1024 -5684 36 ) (1024 -5609 36 ) (1024 -5609 -8 ) (1024 -5684 -8 ) 
4 1462 1465 (1024 -5684 -8 ) (1056 -5684 -8 ) (1056 -5684 36 ) (1024 -5684 36 ) 
4 1463 1464 (1728 -5692 -8 ) (1728 -5792 -8 ) (1728 -5792 36 ) (1728 -5692 36 ) 
4 1464 1465 (1056 -5692 -8 ) (1056 -5792 -8 ) (1056 -5792 36 ) (1056 -5692 36 ) 
4 1465 1655 (1024 -5792 36 ) (1024 -5684 36 ) (1024 -5684 -8 ) (1024 -5792 -8 ) 
4 1466 1685 (2048 -6144 -8 ) (2048 -6144 36 ) (1024 -6144 36 ) (1024 -6144 -8 ) 
4 1466 1656 (1024 -6144 -8 ) (1024 -6144 36 ) (1024 -5800 36 ) (1024 -5800 -8 ) 
4 1467 1654 (1024 -5120 88 ) (1024 -5120 1104 ) (0 -5120 1104 ) (0 -5120 88 ) 
4 1467 1499 (0 -4096 1104 ) (0 -4096 88 ) (0 -5120 88 ) (0 -5120 1104 ) 
4 1467 1497 (0 -5120 88 ) (0 -5088 88 ) (40 -5048 88 ) (40 -5120 88 ) 
4 1467 1495 (32 -4952 88 ) (40 -4952 88 ) (40 -4976 88 ) (32 -4984 88 ) 
4 1467 1496 (0 -5080 88 ) (0 -4952 88 ) (32 -4952 88 ) (32 -5048 88 ) 
3 1467 1494 (160 -4960 88 ) (160 -4984 88 ) (136 -4960 88 ) 
3 1467 1493 (40 -4976 88 ) (40 -4960 88 ) (56 -4960 88 ) 
6 1467 1492 (152 -5120 88 ) (40 -5120 88 ) (40 -4984 88 ) (64 -4960 88 ) (128 -4960 88 ) (152 -4984 88 ) 
4 1467 1491 (40 -4952 88 ) (64 -4952 88 ) (56 -4960 88 ) (40 -4960 88 ) 
4 1467 1490 (128 -4952 88 ) (160 -4952 88 ) (160 -4960 88 ) (136 -4960 88 ) 
4 1467 1488 (692 -4952 88 ) (1024 -4952 88 ) (1024 -5120 88 ) (692 -5120 88 ) 
4 1467 1489 (160 -4952 88 ) (684 -4952 88 ) (684 -5120 88 ) (160 -5120 88 ) 
4 1467 1486 (0 -4952 88 ) (0 -4760 88 ) (1024 -4760 88 ) (1024 -4952 88 ) 
4 1467 1485 (0 -4760 88 ) (0 -4752 88 ) (56 -4752 88 ) (64 -4760 88 ) 
4 1467 1484 (136 -4752 88 ) (160 -4752 88 ) (160 -4760 88 ) (128 -4760 88 ) 
4 1467 1482 (0 -4624 88 ) (0 -4424 88 ) (40 -4424 88 ) (40 -4664 88 ) 
4 1467 1480 (40 -4736 88 ) (40 -4752 88 ) (32 -4752 88 ) (32 -4727.998535 88 ) 
4 1467 1481 (0 -4752 88 ) (0 -4632 88 ) (32 -4664 88 ) (32 -4752 88 ) 
4 1467 1479 (8 -4416 88 ) (40 -4416 88 ) (40 -4424 88 ) (8 -4424 88 ) 
3 1467 1478 (56 -4752 88 ) (40 -4752 88 ) (40 -4736 88 ) 
6 1467 1477 (128 -4752 88 ) (64 -4752 88 ) (40 -4728 88 ) (40 -4560 88 ) (152 -4560 88 ) (152 -4728 88 ) 
3 1467 1476 (152 -4752 88 ) (136 -4752 88 ) (152 -4736 88 ) 
4 1467 1475 (160 -4728 88 ) (160 -4752 88 ) (152 -4752 88 ) (152 -4736 88 ) 
4 1467 1474 (40 -4416 88 ) (160 -4416 88 ) (160 -4560 88 ) (40 -4560 88 ) 
4 1467 1473 (0 -4224 88 ) (0 -4096 88 ) (8 -4096 88 ) (8 -4215.407227 88 ) 
5 1467 1472 (126.857277 -4096 88 ) (160 -4096 88 ) (160 -4416 88 ) (8 -4416 88 ) (8 -4224 88 ) 
3 1467 1471 (8 -4096 88 ) (119.172539 -4096 88 ) (8 -4215.407227 88 ) 
4 1467 1469 (160 -4096 88 ) (684 -4096 88 ) (684 -4560 88 ) (160 -4560 88 ) 
4 1467 1470 (684 -4568 88 ) (684 -4760 88 ) (160 -4760 88 ) (160 -4568 88 ) 
4 1467 1468 (692 -4096 88 ) (1024 -4096 88 ) (1024 -4760 88 ) (692 -4760 88 ) 
4 1468 1487 (692 -4760 -8 ) (1024 -4760 -8 ) (1024 -4760 32 ) (692 -4760 32 ) 
4 1468 1486 (1024 -4760 32 ) (1024 -4760 88 ) (692 -4760 88 ) (692 -4760 32 ) 
4 1469 1474 (160 -4416 -8 ) (160 -4560 -8 ) (160 -4560 88 ) (160 -4416 88 ) 
4 1469 1472 (160 -4096 -8 ) (160 -4416 -8 ) (160 -4416 88 ) (160 -4096 88 ) 
4 1470 1487 (160 -4760 -8 ) (684 -4760 -8 ) (684 -4760 32 ) (160 -4760 32 ) 
4 1470 1486 (684 -4760 32 ) (684 -4760 88 ) (160 -4760 88 ) (160 -4760 32 ) 
4 1470 1484 (160 -4752 -8 ) (160 -4760 -8 ) (160 -4760 88 ) (160 -4752 88 ) 
4 1470 1475 (160 -4728 -8 ) (160 -4752 -8 ) (160 -4752 88 ) (160 -4728 88 ) 
4 1471 1473 (8 -4096 -8 ) (8 -4215.407227 -8 ) (8 -4215.407227 88 ) (8 -4096 88 ) 
4 1472 1479 (8 -4416 -8 ) (40 -4416 -8 ) (40 -4416 88 ) (8 -4416 88 ) 
4 1472 1474 (40 -4416 -8 ) (160 -4416 -8 ) (160 -4416 88 ) (40 -4416 88 ) 
4 1473 1566 (0 -4096 59 ) (0 -4096 -8 ) (0 -4224 -8 ) (0 -4224 59 ) 
4 1473 1500 (0 -4096 88 ) (0 -4096 59 ) (0 -4224 59 ) (0 -4224 88 ) 
4 1474 1483 (40 -4424 -8 ) (40 -4560 -8 ) (40 -4560 32 ) (40 -4424 32 ) 
4 1474 1482 (40 -4560 32 ) (40 -4560 88 ) (40 -4424 88 ) (40 -4424 32 ) 
4 1474 1479 (40 -4416 88 ) (40 -4416 -8 ) (40 -4424 -8 ) (40 -4424 88 ) 
4 1474 1477 (40 -4560 88 ) (40 -4560 -8 ) (152 -4560 -8 ) (152 -4560 88 ) 
4 1475 1484 (152 -4752 -8 ) (160 -4752 -8 ) (160 -4752 88 ) (152 -4752 88 ) 
4 1475 1476 (152 -4736 -8 ) (152 -4752 -8 ) (152 -4752 88 ) (152 -4736 88 ) 
4 1476 1484 (136 -4752 -8 ) (152 -4752 -8 ) (152 -4752 88 ) (136 -4752 88 ) 
4 1477 1483 (40 -4560 -8 ) (40 -4664 -8 ) (40 -4664 32 ) (40 -4560 32 ) 
4 1477 1482 (40 -4664 88 ) (40 -4560 88 ) (40 -4560 32 ) (40 -4664 32 ) 
4 1478 1485 (56 -4752 88 ) (40 -4752 88 ) (40 -4752 32 ) (56 -4752 32 ) 
4 1478 1480 (40 -4752 32 ) (40 -4752 88 ) (40 -4736 88 ) (40 -4736 32 ) 
4 1479 1483 (8 -4424 -8 ) (40 -4424 -8 ) (40 -4424 32 ) (8 -4424 32 ) 
4 1479 1482 (40 -4424 32 ) (40 -4424 88 ) (8 -4424 88 ) (8 -4424 32 ) 
4 1480 1485 (40 -4752 32 ) (40 -4752 88 ) (32 -4752 88 ) (32 -4752 32 ) 
4 1480 1481 (32 -4727.998535 32 ) (32 -4752 32 ) (32 -4752 88 ) (32 -4727.998535 88 ) 
4 1481 1591 (0 -4752 32 ) (0 -4752 59 ) (0 -4632 59 ) (0 -4632 32 ) 
4 1481 1510 (0 -4752 59 ) (0 -4752 88 ) (0 -4632 88 ) (0 -4632 59 ) 
4 1481 1485 (32 -4752 88 ) (0 -4752 88 ) (0 -4752 32 ) (32 -4752 32 ) 
4 1482 1590 (0 -4608 32 ) (0 -4624 32 ) (0 -4624 59 ) (0 -4608 59 ) 
4 1482 1588 (0 -4600 32 ) (0 -4608 32 ) (0 -4608 59 ) (0 -4600 59 ) 
4 1482 1569 (0 -4424 59 ) (0 -4424 32 ) (0 -4600 32 ) (0 -4600 59 ) 
4 1482 1509 (0 -4624 88 ) (0 -4608 88 ) (0 -4608 59 ) (0 -4624 59 ) 
4 1482 1508 (0 -4608 88 ) (0 -4600 88 ) (0 -4600 59 ) (0 -4608 59 ) 
4 1482 1504 (0 -4600 88 ) (0 -4424 88 ) (0 -4424 59 ) (0 -4600 59 ) 
4 1482 1483 (0 -4424 32 ) (40 -4424 32 ) (40 -4664 32 ) (0 -4624 32 ) 
4 1483 1607 (0 -4600 -8 ) (0 -4624 -8 ) (0 -4624 32 ) (0 -4600 32 ) 
4 1483 1569 (0 -4424 -8 ) (0 -4600 -8 ) (0 -4600 32 ) (0 -4424 32 ) 
4 1484 1487 (128 -4760 -8 ) (160 -4760 -8 ) (160 -4760 32 ) (128 -4760 32 ) 
4 1484 1486 (160 -4760 32 ) (160 -4760 88 ) (128 -4760 88 ) (128 -4760 32 ) 
4 1485 1591 (0 -4760 32 ) (0 -4760 59 ) (0 -4752 59 ) (0 -4752 32 ) 
4 1485 1510 (0 -4760 59 ) (0 -4760 88 ) (0 -4752 88 ) (0 -4752 59 ) 
4 1485 1486 (64 -4760 88 ) (0 -4760 88 ) (0 -4760 32 ) (64 -4760 32 ) 
4 1486 1628 (0 -4952 32 ) (0 -4952 59 ) (0 -4760 59 ) (0 -4760 32 ) 
4 1486 1518 (0 -4952 59 ) (0 -4952 64 ) (0 -4830.587891 64 ) (0 -4830.587891 59 ) 
4 1486 1513 (0 -4952 64 ) (0 -4952 88 ) (0 -4830.587891 88 ) (0 -4830.587891 64 ) 
4 1486 1510 (0 -4830.587891 88 ) (0 -4760 88 ) (0 -4760 59 ) (0 -4830.587891 59 ) 
4 1486 1495 (40 -4952 88 ) (32 -4952 88 ) (32 -4952 32 ) (40 -4952 32 ) 
4 1486 1496 (32 -4952 88 ) (0 -4952 88 ) (0 -4952 32 ) (32 -4952 32 ) 
4 1486 1491 (64 -4952 88 ) (40 -4952 88 ) (40 -4952 32 ) (64 -4952 32 ) 
4 1486 1490 (160 -4952 88 ) (128 -4952 88 ) (128 -4952 32 ) (160 -4952 32 ) 
4 1486 1488 (1024 -4952 32 ) (1024 -4952 88 ) (692 -4952 88 ) (692 -4952 32 ) 
4 1486 1489 (684 -4952 88 ) (160 -4952 88 ) (160 -4952 32 ) (684 -4952 32 ) 
4 1486 1487 (1024 -4952 32 ) (64 -4952 32 ) (64 -4760 32 ) (1024 -4760 32 ) 
4 1487 1490 (128 -4952 -8 ) (160 -4952 -8 ) (160 -4952 32 ) (128 -4952 32 ) 
4 1487 1488 (692 -4952 -8 ) (1024 -4952 -8 ) (1024 -4952 32 ) (692 -4952 32 ) 
4 1487 1489 (160 -4952 -8 ) (684 -4952 -8 ) (684 -4952 32 ) (160 -4952 32 ) 
4 1488 1655 (1024 -5120 -8 ) (1024 -5120 88 ) (692 -5120 88 ) (692 -5120 -8 ) 
4 1489 1657 (684 -5120 88 ) (160 -5120 88 ) (160 -5120 -8 ) (684 -5120 -8 ) 
4 1489 1494 (160 -4960 -8 ) (160 -4984 -8 ) (160 -4984 88 ) (160 -4960 88 ) 
4 1489 1490 (160 -4952 88 ) (160 -4952 -8 ) (160 -4960 -8 ) (160 -4960 88 ) 
4 1490 1494 (136 -4960 -8 ) (160 -4960 -8 ) (160 -4960 88 ) (136 -4960 88 ) 
4 1491 1495 (40 -4952 88 ) (40 -4952 32 ) (40 -4960 32 ) (40 -4960 88 ) 
4 1491 1493 (40 -4960 88 ) (40 -4960 32 ) (56 -4960 32 ) (56 -4960 88 ) 
4 1492 1660 (152 -5120 88 ) (40 -5120 88 ) (40 -5120 -8 ) (152 -5120 -8 ) 
4 1492 1498 (40 -5048 -8 ) (40 -5120 -8 ) (40 -5120 32 ) (40 -5048 32 ) 
4 1492 1497 (40 -5120 32 ) (40 -5120 88 ) (40 -5048 88 ) (40 -5048 32 ) 
4 1493 1495 (40 -4976 88 ) (40 -4960 88 ) (40 -4960 32 ) (40 -4976 32 ) 
4 1495 1496 (32 -4952 88 ) (32 -4952 32 ) (32 -4984 32 ) (32 -4984 88 ) 
4 1496 1629 (0 -4984.003906 32 ) (0 -5080 32 ) (0 -5080 59 ) (0 -4984.003906 59 ) 
4 1496 1628 (0 -4952 59 ) (0 -4952 32 ) (0 -4984.003906 32 ) (0 -4984.003906 59 ) 
4 1496 1519 (0 -4984.003906 59 ) (0 -5080 59 ) (0 -5080 64 ) (0 -4984.003906 64 ) 
4 1496 1518 (0 -4952 64 ) (0 -4952 59 ) (0 -4984.003906 59 ) (0 -4984.003906 64 ) 
4 1496 1514 (0 -5080 88 ) (0 -4984.003906 88 ) (0 -4984.003906 64 ) (0 -5080 64 ) 
4 1496 1513 (0 -4984.003906 88 ) (0 -4952 88 ) (0 -4952 64 ) (0 -4984.003906 64 ) 
4 1497 1661 (8 -5120 88 ) (0 -5120 88 ) (0 -5120 32 ) (8 -5120 32 ) 
4 1497 1660 (40 -5120 88 ) (8 -5120 88 ) (8 -5120 32 ) (40 -5120 32 ) 
4 1497 1632 (0 -5120 32 ) (0 -5120 59 ) (0 -5112 59 ) (0 -5112 32 ) 
4 1497 1630 (0 -5112 59 ) (0 -5088 59 ) (0 -5088 32 ) (0 -5112 32 ) 
4 1497 1522 (0 -5120 59 ) (0 -5120 64 ) (0 -5112 64 ) (0 -5112 59 ) 
4 1497 1520 (0 -5112 64 ) (0 -5088 64 ) (0 -5088 59 ) (0 -5112 59 ) 
4 1497 1517 (0 -5120 64 ) (0 -5120 88 ) (0 -5112 88 ) (0 -5112 64 ) 
4 1497 1515 (0 -5112 88 ) (0 -5088 88 ) (0 -5088 64 ) (0 -5112 64 ) 
4 1497 1498 (0 -5120 32 ) (0 -5088 32 ) (40 -5048 32 ) (40 -5120 32 ) 
4 1498 1661 (0 -5120 32 ) (0 -5120 -8 ) (8 -5120 -8 ) (8 -5120 32 ) 
4 1498 1660 (8 -5120 -8 ) (40 -5120 -8 ) (40 -5120 32 ) (8 -5120 32 ) 
4 1498 1651 (0 -5112 -8 ) (0 -5120 -8 ) (0 -5120 32 ) (0 -5112 32 ) 
4 1498 1645 (0 -5088 -8 ) (0 -5112 -8 ) (0 -5112 32 ) (0 -5088 32 ) 
4 1499 1987 (-1024 -5120 88 ) (-1024 -5120 1104 ) (-1024 -4096 1104 ) (-1024 -4096 88 ) 
4 1499 1662 (0 -5120 88 ) (0 -5120 1104 ) (-1024 -5120 1104 ) (-1024 -5120 88 ) 
3 1499 1565 (-736 -5120 88 ) (-872.005188 -5120 88 ) (-736 -4984 88 ) 
5 1499 1564 (-872.005188 -5120 88 ) (-1024 -5120 88 ) (-1024 -4760 88 ) (-728 -4760 88 ) (-728 -4976 88 ) 
3 1499 1563 (-728 -4976 88 ) (-728 -4952 88 ) (-704 -4952 88 ) 
6 1499 1562 (-616 -5120 88 ) (-728 -5120 88 ) (-728 -4984 88 ) (-704 -4960 88 ) (-640 -4960 88 ) (-616 -4984 88 ) 
3 1499 1561 (-728 -4952 88 ) (-728 -4864.001953 88 ) (-640 -4952 88 ) 
4 1499 1560 (-728 -4864.001953 88 ) (-728 -4760 88 ) (-616 -4760 88 ) (-616 -4976 88 ) 
4 1499 1559 (-448 -5120 88 ) (-616 -5120 88 ) (-616 -5112 88 ) (-456 -5112 88 ) 
4 1499 1558 (-432 -5120 88 ) (-440 -5120 88 ) (-448 -5112 88 ) (-432 -5112 88 ) 
4 1499 1557 (-616 -5112 88 ) (-616 -5104 88 ) (-560 -5104 88 ) (-552 -5112 88 ) 
4 1499 1556 (-616 -5104 88 ) (-616 -5048 88 ) (-608 -5056 88 ) (-608 -5104 88 ) 
3 1499 1555 (-560 -5104 88 ) (-608 -5104 88 ) (-608 -5056 88 ) 
4 1499 1554 (-608 -4984 88 ) (-487.995148 -5104 88 ) (-552 -5104 88 ) (-608 -5048 88 ) 
4 1499 1553 (-616 -4976 88 ) (-616 -4944.005371 88 ) (-456 -5104 88 ) (-487.995148 -5104 88 ) 
5 1499 1552 (-616 -4944.005371 88 ) (-616 -4760 88 ) (-432 -4760 88 ) (-432 -5112 88 ) (-448 -5112 88 ) 
4 1499 1551 (-1024 -4760 88 ) (-1024 -4568 88 ) (-736 -4568 88 ) (-736 -4760 88 ) 
4 1499 1550 (-728 -4736 88 ) (-728 -4760 88 ) (-736 -4760 88 ) (-736 -4728 88 ) 
3 1499 1549 (-704 -4760 88 ) (-728 -4760 88 ) (-728 -4736 88 ) 
4 1499 1548 (-608 -4752 88 ) (-608 -4760 88 ) (-640 -4760 88 ) (-632 -4752 88 ) 
5 1499 1547 (-640 -4752 88 ) (-704 -4752 88 ) (-704.001160 -4752 88 ) (-616 -4664 88 ) (-616 -4728 88 ) 
3 1499 1546 (-616 -4752 88 ) (-632 -4752 88 ) (-616 -4736 88 ) 
4 1499 1545 (-608 -4728 88 ) (-608 -4752 88 ) (-616 -4752 88 ) (-616 -4736 88 ) 
5 1499 1544 (-728 -4560 88 ) (-608 -4560 88 ) (-608 -4656 88 ) (-704.001160 -4752 88 ) (-728 -4728 88 ) 
3 1499 1543 (-608 -4656 88 ) (-608 -4608 88 ) (-560 -4608 88 ) 
5 1499 1542 (-432 -4608 88 ) (-432 -4760 88 ) (-608 -4760 88 ) (-608 -4664 88 ) (-552 -4608 88 ) 
3 1499 1541 (-432 -4584 88 ) (-432 -4608 88 ) (-456 -4608 88 ) 
4 1499 1540 (-560 -4608 88 ) (-608 -4608 88 ) (-608 -4600 88 ) (-552 -4600 88 ) 
5 1499 1539 (-608 -4560 88 ) (-432 -4560 88 ) (-432 -4576 88 ) (-456 -4600 88 ) (-608 -4600 88 ) 
3 1499 1537 (-456 -4416 88 ) (-432 -4416 88 ) (-432 -4440 88 ) 
5 1499 1536 (-456 -4424 88 ) (-432 -4448 88 ) (-432 -4560 88 ) (-584 -4560 88 ) (-584 -4424 88 ) 
4 1499 1538 (-1024 -4560 88 ) (-1024 -4416 88 ) (-584 -4416 88 ) (-584 -4560 88 ) 
3 1499 1535 (-695.172485 -4096 88 ) (-584 -4096 88 ) (-584 -4215.407227 88 ) 
5 1499 1534 (-1024 -4416 88 ) (-1024 -4096 88 ) (-702.856995 -4096 88 ) (-584 -4224 88 ) (-584 -4416 88 ) 
4 1499 1533 (-584 -4096 88 ) (-576 -4096 88 ) (-576 -4224 88 ) (-584 -4215.407227 88 ) 
4 1499 1532 (-576 -4096 88 ) (-432 -4096 88 ) (-432 -4416 88 ) (-576 -4416 88 ) 
4 1499 1517 (0 -5120 88 ) (-128 -5120 88 ) (-120 -5112 88 ) (0 -5112 88 ) 
4 1499 1516 (-136 -5120 88 ) (-432 -5120 88 ) (-432 -5112 88 ) (-128 -5112 88 ) 
3 1499 1515 (0 -5088 88 ) (0 -5112 88 ) (-24 -5112 88 ) 
4 1499 1514 (0 -4984.003906 88 ) (0 -5080 88 ) (-24 -5104 88 ) (-120 -5104 88 ) 
5 1499 1513 (-432 -5112 88 ) (-432 -4652.705566 88 ) (0 -4830.587891 88 ) (0 -4984.003906 88 ) (-128 -5112 88 ) 
4 1499 1512 (-432 -4652.705566 88 ) (-432 -4584 88 ) (-424 -4576 88 ) (-424 -4656 88 ) 
3 1499 1511 (-424 -4448 88 ) (-70.380142 -4801.607910 88 ) (-424 -4656 88 ) 
5 1499 1510 (0 -4632 88 ) (0 -4830.587891 88 ) (-70.380142 -4801.607910 88 ) (-263.993927 -4608 88 ) (-24 -4608 88 ) 
3 1499 1509 (0 -4608 88 ) (0 -4624 88 ) (-16 -4608 88 ) 
4 1499 1508 (0 -4600 88 ) (0 -4608 88 ) (-16 -4608 88 ) (-24 -4600 88 ) 
4 1499 1507 (-120 -4608 88 ) (-263.993927 -4608 88 ) (-271.994171 -4600 88 ) (-128 -4600 88 ) 
4 1499 1505 (-144 -4600 88 ) (-152 -4600 88 ) (-152 -4576 88 ) (-144 -4584 88 ) 
6 1499 1504 (-120 -4424 88 ) (0 -4424 88 ) (0 -4600 88 ) (-120 -4600 88 ) (-144 -4576 88 ) (-144 -4448 88 ) 
3 1499 1503 (-128 -4600 88 ) (-144 -4600 88 ) (-144 -4584 88 ) 
4 1499 1506 (-152 -4600 88 ) (-271.994171 -4600 88 ) (-288 -4583.994629 88 ) (-152 -4448 88 ) 
4 1499 1502 (-432 -4440 88 ) (-432 -4424 88 ) (-128 -4424 88 ) (-288 -4583.994629 88 ) 
3 1499 1501 (0 -4296.003906 88 ) (0 -4416 88 ) (-120 -4416 88 ) 
5 1499 1500 (-432 -4424 88 ) (-432 -4096 88 ) (0 -4096 88 ) (0 -4296.003906 88 ) (-128 -4424 88 ) 
5 1500 1573 (-144 -4424 59 ) (-303.994568 -4424 59 ) (-432 -4295.990723 59 ) (-432 -4096 59 ) (-144 -4096 59 ) 
3 1500 1571 (-303.994568 -4424 59 ) (-432 -4424 59 ) (-432 -4295.990723 59 ) 
5 1500 1566 (0 -4096 59 ) (0 -4296.003906 59 ) (-128 -4424 59 ) (-144 -4424 59 ) (-144 -4096 59 ) 
4 1500 1537 (-432 -4416 59 ) (-432 -4424 59 ) (-432 -4424 88 ) (-432 -4416 88 ) 
4 1500 1532 (-432 -4096 59 ) (-432 -4416 59 ) (-432 -4416 88 ) (-432 -4096 88 ) 
4 1500 1502 (-432 -4424 88 ) (-432 -4424 59 ) (-128 -4424 59 ) (-128 -4424 88 ) 
4 1500 1501 (-120.003662 -4416 59 ) (0 -4296 59 ) (0 -4296 88 ) (-120.003723 -4416 88 ) 
3 1501 1567 (0 -4296.003906 59 ) (0 -4416 59 ) (-120 -4416 59 ) 
4 1502 1573 (-303.994598 -4424 59 ) (-144 -4424 59 ) (-144 -4440 59 ) (-216 -4511.997070 59 ) 
5 1502 1571 (-288 -4583.994629 59 ) (-432 -4440 59 ) (-432 -4424 59 ) (-303.994598 -4424 59 ) (-216 -4511.997070 59 ) 
3 1502 1568 (-144 -4424 59 ) (-128 -4424 59 ) (-144 -4440 59 ) 
4 1502 1537 (-432 -4424 59 ) (-432 -4440 59 ) (-432 -4440 88 ) (-432 -4424 88 ) 
4 1502 1511 (-424 -4447.997070 59 ) (-288 -4583.993652 59 ) (-288 -4583.993652 88 ) (-424 -4447.997070 88 ) 
4 1502 1506 (-288.001495 -4583.993164 88 ) (-288.001495 -4583.993164 59 ) (-152 -4447.995605 59 ) (-152 -4447.995605 88 ) 
3 1503 1570 (-128 -4600 59 ) (-144 -4600 59 ) (-144 -4584 59 ) 
4 1503 1507 (-144 -4600 59 ) (-128 -4600 59 ) (-128 -4600 88 ) (-144 -4600 88 ) 
4 1503 1505 (-144 -4584 59 ) (-144 -4600 59 ) (-144 -4600 88 ) (-144 -4584 88 ) 
6 1504 1569 (0 -4424 59 ) (0 -4600 59 ) (-120 -4600 59 ) (-144 -4576 59 ) (-144 -4448 59 ) (-120 -4424 59 ) 
4 1504 1508 (-24 -4600 59 ) (0 -4600 59 ) (0 -4600 88 ) (-24 -4600 88 ) 
4 1505 1571 (-144 -4600 59 ) (-152 -4600 59 ) (-152 -4576 59 ) (-144 -4584 59 ) 
4 1505 1507 (-152 -4600 59 ) (-144 -4600 59 ) (-144 -4600 88 ) (-152 -4600 88 ) 
4 1505 1506 (-152 -4576 59 ) (-152 -4600 59 ) (-152 -4600 88 ) (-152 -4576 88 ) 
3 1506 1574 (-216 -4511.997070 59 ) (-152 -4448 59 ) (-152 -4576 59 ) 
5 1506 1571 (-152 -4600 59 ) (-271.994171 -4600 59 ) (-288 -4583.994629 59 ) (-216 -4511.997070 59 ) (-152 -4576 59 ) 
4 1506 1511 (-288 -4583.993652 59 ) (-271.992584 -4600 59 ) (-271.992584 -4600 88 ) (-288 -4583.993652 88 ) 
4 1506 1507 (-271.992188 -4600 88 ) (-271.992188 -4600 59 ) (-152 -4600 59 ) (-152 -4600 88 ) 
4 1507 1589 (-120 -4608 59 ) (-263.993927 -4608 59 ) (-271.994171 -4600 59 ) (-128 -4600 59 ) 
4 1507 1511 (-271.992584 -4600 59 ) (-263.992340 -4608 59 ) (-263.992340 -4608 88 ) (-271.992584 -4600 88 ) 
4 1507 1510 (-263.992188 -4608 88 ) (-263.992188 -4608 59 ) (-120 -4608 59 ) (-120 -4608 88 ) 
4 1508 1588 (0 -4600 59 ) (0 -4608 59 ) (-16 -4608 59 ) (-24 -4600 59 ) 
4 1508 1509 (-16 -4608 59 ) (0 -4608 59 ) (0 -4608 88 ) (-16 -4608 88 ) 
3 1509 1590 (0 -4608 59 ) (0 -4624 59 ) (-16 -4608 59 ) 
3 1510 1634 (-106.667053 -4765.322266 59 ) (-111.989319 -4760 59 ) (-104.475899 -4760 59 ) 
5 1510 1628 (0 -4760 59 ) (0 -4830.587891 59 ) (-70.380142 -4801.607910 59 ) (-106.667053 -4765.322266 59 ) (-104.475899 -4760 59 ) 
5 1510 1591 (0 -4632 59 ) (0 -4760 59 ) (-111.989319 -4760 59 ) (-263.993927 -4608 59 ) (-24 -4608 59 ) 
4 1510 1518 (-70.380829 -4801.606934 59 ) (0 -4830.587402 59 ) (0 -4830.587402 64 ) (-70.380829 -4801.606934 64 ) 
4 1510 1513 (0 -4830.587402 64 ) (0 -4830.587402 88 ) (-70.380829 -4801.606934 88 ) (-70.380829 -4801.606934 64 ) 
4 1510 1511 (-263.992340 -4608 59 ) (-70.380859 -4801.605469 59 ) (-70.380859 -4801.605469 88 ) (-263.992340 -4608 88 ) 
4 1511 1634 (-114.180794 -4783.572266 59 ) (-171.427765 -4760 59 ) (-111.989319 -4760 59 ) (-106.667053 -4765.322266 59 ) 
3 1511 1628 (-70.380142 -4801.607910 59 ) (-114.180794 -4783.572266 59 ) (-106.667053 -4765.322266 59 ) 
5 1511 1591 (-171.427765 -4760 59 ) (-424 -4656 59 ) (-424 -4608 59 ) (-263.994049 -4608 59 ) (-111.989319 -4760 59 ) 
4 1511 1589 (-424 -4608 59 ) (-424 -4600 59 ) (-271.994293 -4600 59 ) (-263.994049 -4608 59 ) 
3 1511 1575 (-424 -4600 59 ) (-424 -4448 59 ) (-271.994293 -4600 59 ) 
4 1511 1526 (-185.995926 -4754 59 ) (-114.180573 -4783.571777 59 ) (-114.180573 -4783.571777 64 ) (-185.995789 -4754 64 ) 
4 1511 1523 (-424 -4656 59 ) (-287.998718 -4712 59 ) (-288 -4712 64 ) (-424 -4656 64 ) 
4 1511 1518 (-114.180573 -4783.571777 59 ) (-70.380829 -4801.606934 59 ) (-70.380829 -4801.606934 64 ) (-114.180573 -4783.571777 64 ) 
4 1511 1513 (-70.380829 -4801.606934 64 ) (-70.380829 -4801.606934 88 ) (-424 -4656 88 ) (-424 -4656 64 ) 
4 1511 1512 (-424 -4576 59 ) (-424 -4656 59 ) (-424 -4656 88 ) (-424 -4576 88 ) 
4 1512 1591 (-424 -4656 59 ) (-432 -4652.705566 59 ) (-432 -4608 59 ) (-424 -4608 59 ) 
4 1512 1589 (-432 -4608 59 ) (-432 -4600 59 ) (-424 -4600 59 ) (-424 -4608 59 ) 
4 1512 1577 (-432 -4600 59 ) (-432 -4584 59 ) (-424 -4576 59 ) (-424 -4600 59 ) 
4 1512 1542 (-432 -4608 59 ) (-432 -4652.705566 59 ) (-432 -4652.705566 88 ) (-432 -4608 88 ) 
4 1512 1541 (-432 -4584 59 ) (-432 -4608 59 ) (-432 -4608 88 ) (-432 -4584 88 ) 
4 1512 1523 (-432 -4652.705078 64 ) (-432 -4652.705078 59 ) (-424 -4656 59 ) (-424 -4656 64 ) 
4 1512 1513 (-432 -4652.705078 88 ) (-432 -4652.705078 64 ) (-424 -4656 64 ) (-424 -4656 88 ) 
4 1513 1552 (-432 -5112 88 ) (-432 -4760 88 ) (-432 -4760 64 ) (-432 -5112 64 ) 
4 1513 1542 (-432 -4760 88 ) (-432 -4652.705566 88 ) (-432 -4652.705566 64 ) (-432 -4760 64 ) 
4 1513 1531 (-372.378143 -4965.256348 64 ) (-348.551575 -5024.932129 64 ) (-360.421722 -5029.819336 64 ) (-390 -4958 64 ) 
4 1513 1530 (-287.998840 -5000 64 ) (-348.551575 -5024.932129 64 ) (-352.383087 -5015.335938 64 ) (-302.347626 -4994.089355 64 ) 
3 1513 1529 (-352.383087 -5015.335938 64 ) (-372.378143 -4965.256348 64 ) (-302.348755 -4994.089844 64 ) 
8 1513 1528 (-197.331268 -4762.506348 64 ) (-160 -4856 64 ) (-197.331909 -4949.498535 64 ) (-288.003082 -4987.998535 64 ) (-378.668396 -4949.501465 64 ) (-416 -4856 64 ) (-378.667542 -4762.502441 64 ) (-288.001770 -4724.002930 64 ) 
4 1513 1527 (-185.994751 -4958 64 ) (-249.397385 -5112 64 ) (-326.575989 -5112 64 ) (-360.421722 -5029.819336 64 ) 
3 1513 1526 (-185.992981 -4754.007812 64 ) (-114.182770 -4783.576660 64 ) (-144 -4856 64 ) 
3 1513 1525 (-432 -5112 64 ) (-432 -4856.020020 64 ) (-326.575989 -5112 64 ) 
3 1513 1524 (-432 -4856 64 ) (-432 -4771.284180 64 ) (-390.009674 -4753.997070 64 ) 
3 1513 1523 (-432 -4771.284180 64 ) (-432 -4652.710938 64 ) (-288.006500 -4712.002441 64 ) 
5 1513 1518 (-114.182770 -4783.576660 64 ) (0 -4830.593262 64 ) (0 -4984.003906 64 ) (-128 -5112 64 ) (-249.397385 -5112 64 ) 
4 1513 1516 (-432 -5112 88 ) (-432 -5112 64 ) (-128 -5112 64 ) (-128 -5112 88 ) 
4 1513 1514 (-120.003662 -5104 64 ) (0 -4984 64 ) (0 -4984 88 ) (-120.003662 -5104 88 ) 
4 1514 1519 (0 -4984.003906 64 ) (0 -5080 64 ) (-24 -5104 64 ) (-120 -5104 64 ) 
3 1515 1520 (0 -5088 64 ) (0 -5112 64 ) (-24 -5112 64 ) 
4 1515 1517 (-24 -5112 64 ) (0 -5112 64 ) (0 -5112 88 ) (-24 -5112 88 ) 
4 1516 1671 (-144 -5120 88 ) (-295.994507 -5120 88 ) (-295.994537 -5120 64 ) (-144 -5120 64 ) 
4 1516 1667 (-295.994507 -5120 88 ) (-432 -5120 88 ) (-432 -5120 64 ) (-295.994537 -5120 64 ) 
4 1516 1665 (-136 -5120 88 ) (-144 -5120 88 ) (-144 -5120 64 ) (-136 -5120 64 ) 
4 1516 1558 (-432 -5120 64 ) (-432 -5120 88 ) (-432 -5112 88 ) (-432 -5112 64 ) 
4 1516 1527 (-326.575989 -5112 64 ) (-249.397400 -5112 64 ) (-252.691086 -5120 64 ) (-323.281158 -5120 64 ) 
4 1516 1525 (-432 -5120 64 ) (-432 -5112 64 ) (-326.575989 -5112 64 ) (-323.281158 -5120 64 ) 
4 1516 1521 (-249.397400 -5112 64 ) (-128 -5112 64 ) (-136 -5120 64 ) (-252.691086 -5120 64 ) 
4 1517 1664 (0 -5120 64 ) (0 -5120 88 ) (-128 -5120 88 ) (-128 -5120 64 ) 
4 1517 1522 (-120 -5112 64 ) (0 -5112 64 ) (0 -5120 64 ) (-128 -5120 64 ) 
5 1518 1628 (0 -4830.587891 59 ) (0 -4984.003906 59 ) (-128 -5112 59 ) (-249.397400 -5112 59 ) (-114.180817 -4783.572266 59 ) 
4 1518 1527 (-249.397461 -5112 64 ) (-185.994873 -4958.001465 64 ) (-185.994873 -4958.001465 59 ) (-249.397461 -5112 59 ) 
4 1518 1526 (-144 -4856 64 ) (-114.181641 -4783.574219 64 ) (-114.181641 -4783.574219 59 ) (-144 -4856 59 ) 
4 1518 1521 (-249.392578 -5112 64 ) (-249.392578 -5112 59 ) (-128 -5112 59 ) (-128 -5112 64 ) 
4 1518 1519 (-120.003632 -5104 59 ) (0 -4984 59 ) (0 -4984 64 ) (-120.003632 -5104 64 ) 
4 1519 1629 (0 -4984.003906 59 ) (0 -5080 59 ) (-24 -5104 59 ) (-120 -5104 59 ) 
3 1520 1630 (0 -5088 59 ) (0 -5112 59 ) (-24 -5112 59 ) 
4 1520 1522 (-24 -5112 59 ) (0 -5112 59 ) (0 -5112 64 ) (-24 -5112 64 ) 
4 1521 1671 (-144 -5120 64 ) (-252.691071 -5120 64 ) (-252.691071 -5120 59 ) (-144 -5120 59 ) 
4 1521 1665 (-136 -5120 64 ) (-144 -5120 64 ) (-144 -5120 59 ) (-136 -5120 59 ) 
4 1521 1631 (-136 -5120 59 ) (-252.691071 -5120 59 ) (-249.397400 -5112 59 ) (-128 -5112 59 ) 
4 1521 1527 (-252.691132 -5120 64 ) (-249.397461 -5112 64 ) (-249.397461 -5112 59 ) (-252.691132 -5120 59 ) 
4 1522 1664 (0 -5120 59 ) (0 -5120 64 ) (-128 -5120 64 ) (-128 -5120 59 ) 
4 1522 1632 (0 -5112 59 ) (0 -5120 59 ) (-128 -5120 59 ) (-120 -5112 59 ) 
3 1523 1633 (-432 -4771.284668 59 ) (-432 -4760 59 ) (-404.589966 -4760 59 ) 
4 1523 1592 (-432 -4760 59 ) (-432 -4652.705566 59 ) (-288 -4712 59 ) (-404.589966 -4760 59 ) 
4 1523 1552 (-432 -4760 59 ) (-432 -4771.284668 59 ) (-432 -4771.284180 64 ) (-432 -4760 64 ) 
4 1523 1542 (-432 -4652.705566 59 ) (-432 -4760 59 ) (-432 -4760 64 ) (-432 -4652.705566 64 ) 
4 1523 1524 (-390.010590 -4754 64 ) (-432 -4771.286133 64 ) (-432 -4771.286621 59 ) (-390.010620 -4754 59 ) 
4 1524 1633 (-432 -4856 59 ) (-432 -4771.284668 59 ) (-404.589600 -4760 59 ) (-392.480682 -4760 59 ) 
3 1524 1594 (-404.589600 -4760 59 ) (-390.009705 -4753.997559 59 ) (-392.480682 -4760 59 ) 
4 1524 1552 (-432 -4771.284668 59 ) (-432 -4856 59 ) (-432 -4856 64 ) (-432 -4771.284180 64 ) 
4 1525 1667 (-323.281128 -5120 64 ) (-432 -5120 64 ) (-432 -5120 59 ) (-323.281128 -5120 59 ) 
4 1525 1619 (-323.281128 -5120 59 ) (-432 -5120 59 ) (-432 -5112 59 ) (-326.575897 -5112 59 ) 
3 1525 1616 (-432 -5112 59 ) (-432 -4856.020020 59 ) (-326.575897 -5112 59 ) 
4 1525 1558 (-432 -5112 59 ) (-432 -5120 59 ) (-432 -5120 64 ) (-432 -5112 64 ) 
4 1525 1552 (-432 -4856 59 ) (-432 -5112 59 ) (-432 -5112 64 ) (-432 -4856 64 ) 
4 1525 1531 (-360.421509 -5029.819336 59 ) (-390 -4958 59 ) (-390 -4958 64 ) (-360.421509 -5029.819336 64 ) 
4 1525 1527 (-323.281006 -5120 59 ) (-360.421509 -5029.819336 59 ) (-360.421509 -5029.819336 64 ) (-323.281006 -5120 64 ) 
4 1526 1634 (-171.427612 -4760 59 ) (-114.180817 -4783.572266 59 ) (-144 -4856 59 ) (-183.525696 -4760 59 ) 
3 1526 1593 (-185.995453 -4754.001465 59 ) (-171.427612 -4760 59 ) (-183.525696 -4760 59 ) 
4 1527 1671 (-252.691071 -5120 64 ) (-295.994446 -5120 64 ) (-295.994446 -5120 59 ) (-252.691071 -5120 59 ) 
4 1527 1667 (-295.994446 -5120 64 ) (-323.281128 -5120 64 ) (-323.281128 -5120 59 ) (-295.994446 -5120 59 ) 
4 1527 1635 (-252.691071 -5120 59 ) (-323.281128 -5120 59 ) (-360.421661 -5029.819336 59 ) (-185.994812 -4958.001465 59 ) 
4 1527 1531 (-348.551758 -5024.931152 59 ) (-360.421906 -5029.818359 59 ) (-360.421906 -5029.818359 64 ) (-348.551758 -5024.931152 64 ) 
4 1527 1530 (-288 -5000 59 ) (-348.551758 -5024.931152 59 ) (-348.551758 -5024.931152 64 ) (-288 -5000 64 ) 
9 1528 1636 (-197.331223 -4762.506348 59 ) (-160 -4856 59 ) (-197.331726 -4949.498535 59 ) (-288.002777 -4987.998535 59 ) (-378.668365 -4949.501465 59 ) (-416 -4856 59 ) (-378.667328 -4762.501465 59 ) (-372.776428 -4760 59 ) (-203.233337 -4760 59 ) 
3 1528 1595 (-372.776428 -4760 59 ) (-288.002899 -4724.002441 59 ) (-203.233337 -4760 59 ) 
3 1529 1637 (-352.383026 -5015.335938 59 ) (-372.378113 -4965.256348 59 ) (-302.348541 -4994.089844 59 ) 
4 1529 1531 (-372.376953 -4965.256836 59 ) (-352.382385 -5015.334961 59 ) (-352.382385 -5015.334961 64 ) (-372.376953 -4965.256836 64 ) 
4 1529 1530 (-352.382843 -5015.335938 64 ) (-352.382843 -5015.335938 59 ) (-302.347534 -4994.090332 59 ) (-302.347504 -4994.090332 64 ) 
4 1530 1638 (-287.998535 -5000 59 ) (-348.551514 -5024.932129 59 ) (-352.383026 -5015.335938 59 ) (-302.347412 -4994.089355 59 ) 
4 1530 1531 (-352.382385 -5015.334961 59 ) (-348.551086 -5024.930664 59 ) (-348.551086 -5024.930664 64 ) (-352.382385 -5015.334961 64 ) 
4 1531 1639 (-360.421661 -5029.819336 59 ) (-390 -4958 59 ) (-372.378082 -4965.256348 59 ) (-348.551514 -5024.932129 59 ) 
4 1532 1578 (-576 -4096 59 ) (-432 -4096 59 ) (-432 -4416 59 ) (-576 -4416 59 ) 
4 1532 1537 (-456 -4416 59 ) (-432 -4416 59 ) (-432 -4416 88 ) (-456 -4416 88 ) 
4 1532 1533 (-576 -4096 59 ) (-576 -4224 59 ) (-576 -4224 88 ) (-576 -4096 88 ) 
4 1533 1580 (-584 -4096 59 ) (-576 -4096 59 ) (-576 -4224 59 ) (-584 -4215.407227 59 ) 
4 1533 1535 (-584 -4096 59 ) (-584 -4215.407227 59 ) (-584 -4215.407227 88 ) (-584 -4096 88 ) 
4 1534 1988 (-1024 -4416 88 ) (-1024 -4096 88 ) (-1024 -4096 59 ) (-1024 -4416 59 ) 
5 1534 1579 (-1024 -4416 59 ) (-1024 -4096 59 ) (-702.856995 -4096 59 ) (-584 -4224 59 ) (-584 -4416 59 ) 
4 1534 1538 (-1024 -4416 59 ) (-584 -4416 59 ) (-584 -4416 88 ) (-1024 -4416 88 ) 
3 1535 1580 (-695.172485 -4096 59 ) (-584 -4096 59 ) (-584 -4215.407227 59 ) 
5 1536 1582 (-456 -4424 59 ) (-432 -4448 59 ) (-432 -4560 59 ) (-584 -4560 59 ) (-584 -4424 59 ) 
4 1536 1539 (-584 -4560 59 ) (-432 -4560 59 ) (-432 -4560 88 ) (-584 -4560 88 ) 
4 1536 1538 (-584 -4424 59 ) (-584 -4560 59 ) (-584 -4560 88 ) (-584 -4424 88 ) 
3 1537 1583 (-432 -4424 59 ) (-432 -4440 59 ) (-448 -4424 59 ) 
4 1537 1581 (-456 -4416 59 ) (-432 -4416 59 ) (-432 -4424 59 ) (-448 -4424 59 ) 
4 1538 1988 (-1024 -4560 88 ) (-1024 -4416 88 ) (-1024 -4416 59 ) (-1024 -4560 59 ) 
4 1538 1584 (-1024 -4560 59 ) (-1024 -4416 59 ) (-584 -4416 59 ) (-584 -4560 59 ) 
4 1538 1544 (-728 -4560 59 ) (-608 -4560 59 ) (-608 -4560 88 ) (-728 -4560 88 ) 
4 1538 1539 (-608 -4560 59 ) (-584 -4560 59 ) (-584 -4560 88 ) (-608 -4560 88 ) 
5 1539 1585 (-608 -4560 59 ) (-432 -4560 59 ) (-432 -4576 59 ) (-456 -4600 59 ) (-608 -4600 59 ) 
4 1539 1544 (-608 -4560 88 ) (-608 -4560 59 ) (-608 -4600 59 ) (-608 -4600 88 ) 
4 1539 1540 (-608 -4600 88 ) (-608 -4600 59 ) (-552 -4600 59 ) (-552 -4600 88 ) 
4 1540 1597 (-560 -4608 59 ) (-608 -4608 59 ) (-608 -4600 59 ) (-552 -4600 59 ) 
4 1540 1544 (-608 -4600 59 ) (-608 -4608 59 ) (-608 -4608 88 ) (-608 -4600 88 ) 
4 1540 1543 (-608 -4608 88 ) (-608 -4608 59 ) (-560 -4608 59 ) (-560 -4608 88 ) 
4 1541 1589 (-432 -4600 59 ) (-432 -4608 59 ) (-456 -4608 59 ) (-448 -4600 59 ) 
3 1541 1586 (-432 -4584 59 ) (-432 -4600 59 ) (-448 -4600 59 ) 
4 1541 1542 (-456 -4608 59 ) (-432 -4608 59 ) (-432 -4608 88 ) (-456 -4608 88 ) 
5 1542 1596 (-607.994812 -4760 59 ) (-608 -4760 59 ) (-608 -4664 59 ) (-552 -4608 59 ) (-456 -4608 59 ) 
4 1542 1592 (-432 -4652.705566 59 ) (-432 -4760 59 ) (-607.994812 -4760 59 ) (-480.665588 -4632.666504 59 ) 
4 1542 1591 (-432 -4608 59 ) (-432 -4652.705566 59 ) (-480.665588 -4632.666504 59 ) (-456 -4608 59 ) 
4 1542 1552 (-608 -4760 59 ) (-432 -4760 59 ) (-432 -4760 88 ) (-608 -4760 88 ) 
4 1542 1548 (-608 -4752 59 ) (-608 -4760 59 ) (-608 -4760 88 ) (-608 -4752 88 ) 
4 1542 1545 (-608 -4728 59 ) (-608 -4752 59 ) (-608 -4752 88 ) (-608 -4728 88 ) 
3 1543 1597 (-608 -4656 59 ) (-608 -4608 59 ) (-560 -4608 59 ) 
4 1543 1544 (-608 -4608 59 ) (-608 -4656 59 ) (-608 -4656 88 ) (-608 -4608 88 ) 
5 1544 1601 (-616 -4664 59 ) (-704.001160 -4752 59 ) (-728 -4728 59 ) (-728 -4600 59 ) (-616 -4600 59 ) 
4 1544 1598 (-608 -4600 59 ) (-608 -4656 59 ) (-616 -4664 59 ) (-616 -4600 59 ) 
4 1544 1585 (-728 -4560 59 ) (-608 -4560 59 ) (-608 -4600 59 ) (-728 -4600 59 ) 
4 1544 1547 (-704 -4752 88 ) (-704 -4752 59 ) (-616 -4664.002930 59 ) (-616 -4664.002930 88 ) 
4 1545 1599 (-608 -4728 59 ) (-608 -4752 59 ) (-616 -4752 59 ) (-616 -4736 59 ) 
4 1545 1548 (-616 -4752 59 ) (-608 -4752 59 ) (-608 -4752 88 ) (-616 -4752 88 ) 
4 1545 1546 (-616 -4736 59 ) (-616 -4752 59 ) (-616 -4752 88 ) (-616 -4736 88 ) 
3 1546 1603 (-616 -4752 59 ) (-632 -4752 59 ) (-616 -4736 59 ) 
4 1546 1548 (-632 -4752 59 ) (-616 -4752 59 ) (-616 -4752 88 ) (-632 -4752 88 ) 
5 1547 1601 (-640 -4752 59 ) (-704 -4752 59 ) (-704.001160 -4752 59 ) (-616 -4664 59 ) (-616 -4728 59 ) 
4 1548 1604 (-616 -4760 59 ) (-640 -4760 59 ) (-632 -4752 59 ) (-616 -4752 59 ) 
4 1548 1599 (-608 -4752 59 ) (-608 -4760 59 ) (-616 -4760 59 ) (-616 -4752 59 ) 
4 1548 1560 (-640 -4760 59 ) (-616 -4760 59 ) (-616 -4760 88 ) (-640 -4760 88 ) 
4 1548 1552 (-616 -4760 59 ) (-608 -4760 59 ) (-608 -4760 88 ) (-616 -4760 88 ) 
4 1549 1602 (-704 -4760 59 ) (-728 -4760 59 ) (-728 -4752 59 ) (-712 -4752 59 ) 
3 1549 1600 (-728 -4752 59 ) (-728 -4736 59 ) (-712 -4752 59 ) 
4 1549 1560 (-728 -4760 59 ) (-704 -4760 59 ) (-704 -4760 88 ) (-728 -4760 88 ) 
4 1549 1550 (-728 -4736 59 ) (-728 -4760 59 ) (-728 -4760 88 ) (-728 -4736 88 ) 
4 1550 1605 (-728 -4736 59 ) (-728 -4760 59 ) (-736 -4760 59 ) (-736 -4728 59 ) 
4 1550 1564 (-736 -4760 59 ) (-728 -4760 59 ) (-728 -4760 88 ) (-736 -4760 88 ) 
4 1550 1551 (-736 -4728 59 ) (-736 -4760 59 ) (-736 -4760 88 ) (-736 -4728 88 ) 
4 1551 1989 (-1024 -4760 88 ) (-1024 -4568 88 ) (-1024 -4568 59 ) (-1024 -4760 59 ) 
4 1551 1606 (-1024 -4760 59 ) (-1024 -4600 59 ) (-736 -4600 59 ) (-736 -4760 59 ) 
4 1551 1587 (-1024 -4600 59 ) (-1024 -4568 59 ) (-736 -4568 59 ) (-736 -4600 59 ) 
4 1551 1564 (-1024 -4760 59 ) (-736 -4760 59 ) (-736 -4760 88 ) (-1024 -4760 88 ) 
3 1552 1633 (-471.545349 -4760 59 ) (-432 -4760 59 ) (-432 -4856.020020 59 ) 
6 1552 1616 (-616 -4944.005371 59 ) (-616 -4760 59 ) (-471.545349 -4760 59 ) (-432 -4856.020020 59 ) (-432 -5112 59 ) (-448 -5112 59 ) 
4 1552 1560 (-616 -4760 88 ) (-616 -4760 59 ) (-616 -4944.005371 59 ) (-616 -4944.005371 88 ) 
4 1552 1558 (-448 -5112 59 ) (-432 -5112 59 ) (-432 -5112 88 ) (-448 -5112 88 ) 
4 1552 1553 (-616 -4944 88 ) (-616 -4944 59 ) (-455.996338 -5104 59 ) (-455.996338 -5104 88 ) 
4 1553 1617 (-616 -4976 59 ) (-616 -4944.005371 59 ) (-456 -5104 59 ) (-487.995148 -5104 59 ) 
4 1553 1560 (-616 -4944.005371 59 ) (-616 -4976 59 ) (-616 -4976 88 ) (-616 -4944.005371 88 ) 
4 1553 1554 (-608 -4983.994141 59 ) (-487.990234 -5104 59 ) (-487.990234 -5104 88 ) (-608 -4983.994141 88 ) 
4 1554 1618 (-608 -4984 59 ) (-487.995148 -5104 59 ) (-552 -5104 59 ) (-608 -5048 59 ) 
3 1555 1615 (-560 -5104 59 ) (-608 -5104 59 ) (-608 -5056 59 ) 
4 1555 1557 (-608 -5104 59 ) (-560 -5104 59 ) (-560 -5104 88 ) (-608 -5104 88 ) 
4 1555 1556 (-608 -5056 59 ) (-608 -5104 59 ) (-608 -5104 88 ) (-608 -5056 88 ) 
4 1556 1615 (-616 -5104 59 ) (-616 -5048 59 ) (-608 -5056 59 ) (-608 -5104 59 ) 
4 1556 1562 (-616 -5048 59 ) (-616 -5104 59 ) (-616 -5104 88 ) (-616 -5048 88 ) 
4 1556 1557 (-616 -5104 88 ) (-616 -5104 59 ) (-608 -5104 59 ) (-608 -5104 88 ) 
4 1557 1615 (-616 -5112 59 ) (-616 -5104 59 ) (-560 -5104 59 ) (-552 -5112 59 ) 
4 1557 1562 (-616 -5104 59 ) (-616 -5112 59 ) (-616 -5112 88 ) (-616 -5104 88 ) 
4 1557 1559 (-616 -5112 88 ) (-616 -5112 59 ) (-552 -5112 59 ) (-552 -5112 88 ) 
4 1558 1675 (-432 -5120 88 ) (-440 -5120 88 ) (-440 -5120 59 ) (-432 -5120 59 ) 
4 1558 1619 (-432 -5120 59 ) (-440 -5120 59 ) (-448 -5112 59 ) (-432 -5112 59 ) 
4 1559 1674 (-448 -5120 88 ) (-616 -5120 88 ) (-616 -5120 59 ) (-448 -5120 59 ) 
4 1559 1620 (-448 -5120 59 ) (-616 -5120 59 ) (-616 -5112 59 ) (-456 -5112 59 ) 
4 1559 1562 (-616 -5112 59 ) (-616 -5120 59 ) (-616 -5120 88 ) (-616 -5112 88 ) 
3 1560 1624 (-616 -4960 59 ) (-616 -4976 59 ) (-632 -4960 59 ) 
4 1560 1622 (-616 -4864.002441 59 ) (-616 -4960 59 ) (-632 -4960 59 ) (-672 -4920 59 ) 
5 1560 1621 (-728 -4864.001953 59 ) (-728 -4760 59 ) (-616 -4760 59 ) (-616 -4864.002441 59 ) (-672 -4920 59 ) 
4 1560 1564 (-728 -4760 88 ) (-728 -4760 59 ) (-728 -4864.001953 59 ) (-728 -4864.001953 88 ) 
4 1560 1561 (-728 -4864 88 ) (-728 -4864 59 ) (-639.996948 -4952 59 ) (-639.996948 -4952 88 ) 
3 1561 1623 (-672 -4920 59 ) (-640 -4952 59 ) (-704 -4952 59 ) 
4 1561 1621 (-728 -4952 59 ) (-728 -4864.001953 59 ) (-672 -4920 59 ) (-704 -4952 59 ) 
4 1561 1564 (-728 -4864.001953 59 ) (-728 -4952 59 ) (-728 -4952 88 ) (-728 -4864.001953 88 ) 
4 1561 1563 (-728 -4952 88 ) (-728 -4952 59 ) (-704 -4952 59 ) (-704 -4952 88 ) 
4 1562 1674 (-616 -5120 88 ) (-728 -5120 88 ) (-728 -5120 59 ) (-616 -5120 59 ) 
6 1562 1625 (-616 -5120 59 ) (-728 -5120 59 ) (-728 -4984 59 ) (-704 -4960 59 ) (-640 -4960 59 ) (-616 -4984 59 ) 
3 1563 1621 (-728 -4976 59 ) (-728 -4952 59 ) (-704 -4952 59 ) 
4 1563 1564 (-728 -4952 59 ) (-728 -4976 59 ) (-728 -4976 88 ) (-728 -4952 88 ) 
4 1564 1989 (-1024 -5120 59 ) (-1024 -5120 88 ) (-1024 -4760 88 ) (-1024 -4760 59 ) 
4 1564 1676 (-872.005188 -5120 88 ) (-1024 -5120 88 ) (-1024 -5120 59 ) (-872.005188 -5120 59 ) 
5 1564 1626 (-872.005188 -5120 59 ) (-1024 -5120 59 ) (-1024 -4760 59 ) (-728 -4760 59 ) (-728 -4976 59 ) 
4 1564 1565 (-872.003906 -5120 59 ) (-736 -4983.998047 59 ) (-736 -4983.998047 88 ) (-872.006348 -5120 88 ) 
4 1565 1676 (-736 -5120 88 ) (-872.005188 -5120 88 ) (-872.005188 -5120 59 ) (-736 -5120 59 ) 
3 1565 1627 (-736 -5120 59 ) (-872.005188 -5120 59 ) (-736 -4984 59 ) 
4 1566 1573 (-144 -4096 -8 ) (-144 -4424 -8 ) (-144 -4424 59 ) (-144 -4096 59 ) 
4 1566 1568 (-144 -4424 59 ) (-144 -4424 -8 ) (-128 -4424 -8 ) (-128 -4424 59 ) 
4 1566 1567 (-120.003662 -4416 -8 ) (0 -4296 -8 ) (0 -4296 59 ) (-120.003662 -4416 59 ) 
4 1568 1573 (-144 -4424 -8 ) (-144 -4440 -8 ) (-144 -4440 59 ) (-144 -4424 59 ) 
4 1569 1607 (-24 -4600 -8 ) (0 -4600 -8 ) (0 -4600 32 ) (-24 -4600 32 ) 
4 1569 1588 (0 -4600 32 ) (0 -4600 59 ) (-24 -4600 59 ) (-24 -4600 32 ) 
4 1570 1589 (-128 -4600 32 ) (-128 -4600 59 ) (-144 -4600 59 ) (-144 -4600 32 ) 
4 1570 1572 (-144 -4600 32 ) (-144 -4600 48 ) (-144 -4584 37.332630 ) (-144 -4584 32 ) 
4 1570 1571 (-144 -4600 48 ) (-144 -4600 59 ) (-144 -4584 59 ) (-144 -4584 37.332630 ) 
4 1571 1589 (-144 -4600 48 ) (-144 -4600 59 ) (-271.994202 -4600 59 ) (-271.994202 -4600 48 ) 
4 1571 1583 (-432 -4424 -8 ) (-432 -4440 -8 ) (-432 -4440 59 ) (-432 -4424 59 ) 
4 1571 1581 (-432 -4416 -8 ) (-432 -4424 -8 ) (-432 -4424 59 ) (-432 -4416 59 ) 
4 1571 1578 (-432 -4295.990234 -8 ) (-432 -4416 -8 ) (-432 -4416 59 ) (-432 -4295.990234 59 ) 
5 1571 1575 (-424 -4447.998535 -8 ) (-355.996613 -4516 -8 ) (-271.994019 -4600 48 ) (-271.994019 -4600 59 ) (-424 -4447.998535 59 ) 
5 1571 1574 (-152 -4575.993652 31.995770 ) (-211.992477 -4516 -8 ) (-215.997513 -4511.994141 -8 ) (-215.997498 -4511.994629 59 ) (-152 -4575.994141 59 ) 
4 1571 1573 (-215.997513 -4511.994141 -8 ) (-432 -4295.985840 -8 ) (-432 -4295.985840 59 ) (-215.997498 -4511.994629 59 ) 
5 1571 1572 (-271.996307 -4600 48 ) (-295.998077 -4576 32 ) (-151.997894 -4576.001953 32 ) (-144 -4584 37.332031 ) (-144 -4600 47.998840 ) 
4 1572 1589 (-144 -4600 32 ) (-144 -4600 48 ) (-271.994202 -4600 48 ) (-271.994202 -4600 32 ) 
3 1572 1576 (-271.994019 -4600 32 ) (-271.994019 -4600 48 ) (-295.994446 -4576 32 ) 
4 1573 1578 (-432 -4096 -8 ) (-432 -4295.990234 -8 ) (-432 -4295.990234 59 ) (-432 -4096 59 ) 
4 1573 1574 (-216.001953 -4511.998047 59 ) (-216.001953 -4511.998047 -8 ) (-152 -4447.998535 -8 ) (-152 -4447.998535 59 ) 
4 1575 1589 (-271.994202 -4600 48 ) (-271.994202 -4600 59 ) (-424 -4600 59 ) (-424 -4600 48 ) 
4 1575 1577 (-424 -4576 32 ) (-424 -4600 48 ) (-424 -4600 59 ) (-424 -4576 59 ) 
4 1575 1576 (-424 -4600 48.003906 ) (-424 -4575.994141 32 ) (-295.997009 -4575.995117 32 ) (-271.991333 -4600 48.003151 ) 
4 1576 1589 (-271.994202 -4600 32 ) (-271.994202 -4600 48 ) (-424 -4600 48 ) (-424 -4600 32 ) 
3 1576 1577 (-424 -4600 32 ) (-424 -4600 48 ) (-424 -4576 32 ) 
4 1577 1589 (-424 -4600 32 ) (-424 -4600 59 ) (-432 -4600 59 ) (-432 -4600 32 ) 
4 1577 1586 (-432 -4600 32 ) (-432 -4600 59 ) (-432 -4584 59 ) (-432 -4584 32 ) 
4 1578 1581 (-456 -4416 -8 ) (-432 -4416 -8 ) (-432 -4416 59 ) (-456 -4416 59 ) 
4 1578 1580 (-576 -4096 -8 ) (-576 -4224 -8 ) (-576 -4224 59 ) (-576 -4096 59 ) 
4 1579 1988 (-1024 -4416 59 ) (-1024 -4096 59 ) (-1024 -4096 -8 ) (-1024 -4416 -8 ) 
4 1579 1584 (-1024 -4416 -8 ) (-584 -4416 -8 ) (-584 -4416 59 ) (-1024 -4416 59 ) 
4 1581 1583 (-448 -4424 -8 ) (-432 -4424 -8 ) (-432 -4424 59 ) (-448 -4424 59 ) 
4 1582 1585 (-584 -4560 -8 ) (-432 -4560 -8 ) (-432 -4560 59 ) (-584 -4560 59 ) 
4 1582 1584 (-584 -4424 -8 ) (-584 -4560 -8 ) (-584 -4560 59 ) (-584 -4424 59 ) 
4 1584 1988 (-1024 -4560 59 ) (-1024 -4416 59 ) (-1024 -4416 -8 ) (-1024 -4560 -8 ) 
4 1584 1585 (-728 -4560 -8 ) (-584 -4560 -8 ) (-584 -4560 59 ) (-728 -4560 59 ) 
4 1585 1609 (-728 -4600 -8 ) (-552 -4600 -8 ) (-552 -4600 32 ) (-728 -4600 32 ) 
4 1585 1601 (-616 -4600 59 ) (-728 -4600 59 ) (-728 -4600 32 ) (-616 -4600 32 ) 
4 1585 1598 (-608 -4600 59 ) (-616 -4600 59 ) (-616 -4600 32 ) (-608 -4600 32 ) 
4 1585 1597 (-552 -4600 59 ) (-608 -4600 59 ) (-608 -4600 32 ) (-552 -4600 32 ) 
4 1586 1589 (-432 -4600 32 ) (-432 -4600 59 ) (-448 -4600 59 ) (-448 -4600 32 ) 
4 1587 1989 (-1024 -4600 59 ) (-1024 -4568 59 ) (-1024 -4568 -8 ) (-1024 -4600 -8 ) 
4 1587 1613 (-1024 -4600 -8 ) (-736 -4600 -8 ) (-736 -4600 32 ) (-1024 -4600 32 ) 
4 1587 1606 (-736 -4600 32 ) (-736 -4600 59 ) (-1024 -4600 59 ) (-1024 -4600 32 ) 
4 1588 1607 (-24 -4600 32 ) (0 -4600 32 ) (0 -4608 32 ) (-16 -4608 32 ) 
4 1588 1590 (-16 -4608 32 ) (0 -4608 32 ) (0 -4608 59 ) (-16 -4608 59 ) 
4 1589 1591 (-456 -4608 59 ) (-456 -4608 32 ) (-120 -4608 32 ) (-120 -4608 59 ) 
3 1590 1607 (-16 -4608 32 ) (0 -4608 32 ) (0 -4624 32 ) 
4 1591 1634 (-104.475922 -4760 59 ) (-171.427399 -4760 59 ) (-171.427399 -4760 32 ) (-104.475922 -4760 32 ) 
4 1591 1628 (0 -4760 32 ) (0 -4760 59 ) (-104.475922 -4760 59 ) (-104.475922 -4760 32 ) 
4 1591 1596 (-456.003662 -4608 32 ) (-480.668396 -4632.665527 32 ) (-480.668396 -4632.665527 59 ) (-456.003662 -4608 59 ) 
4 1591 1593 (-186 -4754 32 ) (-171.429138 -4760 32 ) (-171.429138 -4760 59 ) (-186 -4754 59 ) 
4 1591 1592 (-480.664062 -4632.667969 59 ) (-480.664062 -4632.667969 32 ) (-288.017181 -4711.993164 32 ) (-288.017181 -4711.993164 59 ) 
4 1592 1633 (-404.567017 -4760 59 ) (-471.545349 -4760 59 ) (-471.545349 -4760 32 ) (-404.567047 -4760 32 ) 
4 1592 1616 (-471.545349 -4760 59 ) (-607.994995 -4760 59 ) (-607.994995 -4760 32 ) (-471.545349 -4760 32 ) 
4 1592 1596 (-480.668396 -4632.665527 32 ) (-607.998901 -4760 32 ) (-607.998901 -4760 59 ) (-480.668396 -4632.665527 59 ) 
4 1592 1594 (-404.567322 -4760 59 ) (-404.567322 -4760 32 ) (-390 -4754 32 ) (-390 -4754 59 ) 
4 1593 1634 (-171.427399 -4760 59 ) (-183.529327 -4760 59 ) (-183.529312 -4760 32 ) (-171.427399 -4760 32 ) 
4 1594 1633 (-392.470337 -4760 59 ) (-404.567017 -4760 59 ) (-404.567047 -4760 32 ) (-392.470245 -4760 32 ) 
4 1595 1636 (-203.234192 -4760 59 ) (-372.776794 -4760 59 ) (-372.779114 -4760 33 ) (-203.234299 -4760 33 ) 
4 1596 1599 (-608 -4728 32 ) (-608 -4760 32 ) (-608 -4760 59 ) (-608 -4728 59 ) 
3 1597 1609 (-608 -4656 32 ) (-608 -4600 32 ) (-552 -4600 32 ) 
4 1597 1598 (-608 -4600 59 ) (-608 -4600 32 ) (-608 -4656 32 ) (-608 -4656 59 ) 
4 1598 1609 (-616 -4664 32 ) (-616 -4600 32 ) (-608 -4600 32 ) (-608 -4656 32 ) 
4 1598 1601 (-616 -4600 59 ) (-616 -4600 32 ) (-616 -4664 32 ) (-616 -4664 59 ) 
4 1599 1616 (-607.994995 -4760 59 ) (-616 -4760 59 ) (-616 -4760 32 ) (-607.994995 -4760 32 ) 
4 1599 1604 (-616 -4752 32 ) (-616 -4760 32 ) (-616 -4760 59 ) (-616 -4752 59 ) 
4 1599 1603 (-616 -4736 32 ) (-616 -4752 32 ) (-616 -4752 59 ) (-616 -4736 59 ) 
3 1600 1611 (-728 -4752 32 ) (-728 -4736 32 ) (-712 -4752 32 ) 
4 1600 1605 (-728 -4736 32 ) (-728 -4752 32 ) (-728 -4752 59 ) (-728 -4736 59 ) 
4 1600 1602 (-728 -4752 59 ) (-728 -4752 32 ) (-712 -4752 32 ) (-712 -4752 59 ) 
5 1601 1610 (-616 -4663.998535 32 ) (-616 -4672 32 ) (-696 -4752 32 ) (-704 -4752 32 ) (-704.001099 -4752 32 ) 
5 1601 1609 (-728 -4728 32 ) (-728 -4600 32 ) (-616 -4600 32 ) (-616 -4663.998535 32 ) (-704.001099 -4752 32 ) 
4 1601 1608 (-616 -4672 32 ) (-616 -4728 32 ) (-640 -4752 32 ) (-696 -4752 32 ) 
4 1602 1621 (-704 -4760 59 ) (-728 -4760 59 ) (-728 -4760 32 ) (-704 -4760 32 ) 
4 1602 1614 (-704 -4760 32 ) (-728 -4760 32 ) (-728 -4752 32 ) (-712 -4752 32 ) 
4 1602 1605 (-728 -4752 32 ) (-728 -4760 32 ) (-728 -4760 59 ) (-728 -4752 59 ) 
4 1603 1604 (-632 -4752 32 ) (-616 -4752 32 ) (-616 -4752 59 ) (-632 -4752 59 ) 
4 1604 1621 (-616 -4760 59 ) (-640 -4760 59 ) (-640 -4760 32 ) (-616 -4760 32 ) 
4 1605 1626 (-728 -4760 59 ) (-736 -4760 59 ) (-736 -4760 32 ) (-728 -4760 32 ) 
4 1605 1614 (-728 -4760 32 ) (-736 -4760 32 ) (-736 -4752 32 ) (-728 -4752 32 ) 
4 1605 1612 (-736 -4752 32 ) (-736 -4728 32 ) (-728 -4736 32 ) (-728 -4752 32 ) 
4 1605 1606 (-736 -4728 32 ) (-736 -4760 32 ) (-736 -4760 59 ) (-736 -4728 59 ) 
4 1606 1989 (-1024 -4760 59 ) (-1024 -4600 59 ) (-1024 -4600 32 ) (-1024 -4760 32 ) 
4 1606 1626 (-736 -4760 59 ) (-1024 -4760 59 ) (-1024 -4760 32 ) (-736 -4760 32 ) 
4 1606 1614 (-736 -4760 32 ) (-1024 -4760 32 ) (-1024 -4752 32 ) (-736 -4752 32 ) 
4 1606 1613 (-1024 -4752 32 ) (-1024 -4600 32 ) (-736 -4600 32 ) (-736 -4752 32 ) 
4 1608 1610 (-696 -4752 -8 ) (-696 -4752 32 ) (-616 -4672 32 ) (-616 -4672 -8 ) 
4 1609 1610 (-704 -4752 32 ) (-704 -4752 -8 ) (-616 -4664.002441 -8 ) (-616 -4664.002441 32 ) 
4 1611 1614 (-728 -4752 -8 ) (-712 -4752 -8 ) (-712 -4752 32 ) (-728 -4752 32 ) 
4 1611 1612 (-728 -4752 -8 ) (-728 -4752 32 ) (-728 -4736 32 ) (-728 -4736 -8 ) 
4 1612 1614 (-736 -4752 -8 ) (-728 -4752 -8 ) (-728 -4752 32 ) (-736 -4752 32 ) 
4 1612 1613 (-736 -4752 -8 ) (-736 -4752 32 ) (-736 -4728 32 ) (-736 -4728 -8 ) 
4 1613 1989 (-1024 -4600 32 ) (-1024 -4600 -8 ) (-1024 -4752 -8 ) (-1024 -4752 32 ) 
4 1613 1614 (-1024 -4752 -8 ) (-736 -4752 -8 ) (-736 -4752 32 ) (-1024 -4752 32 ) 
4 1614 1989 (-1024 -4752 -8 ) (-1024 -4760 -8 ) (-1024 -4760 32 ) (-1024 -4752 32 ) 
4 1614 1643 (-1024 -4760 -8 ) (-832.005371 -4760 -8 ) (-832.005432 -4760 32 ) (-1024 -4760 32 ) 
4 1614 1642 (-832.005371 -4760 -8 ) (-704 -4760 -8 ) (-704 -4760 32 ) (-832.005432 -4760 32 ) 
3 1615 1646 (-616 -5112 32 ) (-616 -5048 32 ) (-552 -5112 32 ) 
4 1615 1625 (-616 -5048 32 ) (-616 -5112 32 ) (-616 -5112 59 ) (-616 -5048 59 ) 
4 1615 1620 (-616 -5112 59 ) (-616 -5112 32 ) (-552 -5112 32 ) (-552 -5112 59 ) 
4 1616 1641 (-360.421600 -5029.819336 32 ) (-364.302307 -5020.396484 32 ) (-364.302307 -5020.396484 33 ) (-360.421600 -5029.819336 33 ) 
4 1616 1640 (-364.302307 -5020.396484 32 ) (-390 -4958 32 ) (-390 -4958 33 ) (-364.302307 -5020.396484 33 ) 
4 1616 1639 (-390 -4958 59 ) (-360.421356 -5029.819336 59 ) (-360.421600 -5029.819336 33 ) (-390 -4958 33 ) 
4 1616 1635 (-326.575928 -5112 32 ) (-360.421600 -5029.819336 32 ) (-360.421356 -5029.819336 59 ) (-326.575623 -5112 59 ) 
4 1616 1633 (-432.003967 -4856.009766 32 ) (-471.544922 -4760 32 ) (-471.544922 -4760 59 ) (-432.003906 -4856.009766 59 ) 
4 1616 1622 (-616 -4864.002441 32 ) (-616 -4944.005371 32 ) (-616 -4944.005371 59 ) (-616 -4864.002441 59 ) 
4 1616 1621 (-616 -4760 59 ) (-616 -4760 32 ) (-616 -4864.002441 32 ) (-616 -4864.002441 59 ) 
4 1616 1619 (-448 -5112 32 ) (-326.577087 -5112 32 ) (-326.577087 -5112 59 ) (-448 -5112 59 ) 
4 1616 1617 (-616 -4944 59 ) (-616 -4944 32 ) (-455.996338 -5104 32 ) (-455.996338 -5104 59 ) 
4 1617 1624 (-616 -4960 32 ) (-616 -4976 32 ) (-616 -4976 59 ) (-616 -4960 59 ) 
4 1617 1622 (-616 -4944.005371 32 ) (-616 -4960 32 ) (-616 -4960 59 ) (-616 -4944.005371 59 ) 
4 1617 1618 (-608 -4983.994141 32 ) (-487.990234 -5104 32 ) (-487.990234 -5104 59 ) (-608 -4983.994141 59 ) 
4 1619 1675 (-432 -5120 59 ) (-440 -5120 59 ) (-440 -5120 32 ) (-432 -5120 32 ) 
4 1619 1667 (-323.281158 -5120 59 ) (-432 -5120 59 ) (-432 -5120 32 ) (-323.281189 -5120 32 ) 
4 1619 1635 (-323.281189 -5120 32 ) (-326.575928 -5112 32 ) (-326.575623 -5112 59 ) (-323.280884 -5120 59 ) 
4 1620 1674 (-448 -5120 59 ) (-616 -5120 59 ) (-616 -5120 32 ) (-448 -5120 32 ) 
4 1620 1652 (-448 -5120 32 ) (-616 -5120 32 ) (-616 -5112 32 ) (-456 -5112 32 ) 
4 1620 1625 (-616 -5112 32 ) (-616 -5120 32 ) (-616 -5120 59 ) (-616 -5112 59 ) 
3 1621 1648 (-728 -4976 32 ) (-728 -4960 32 ) (-712 -4960 32 ) 
4 1621 1644 (-728 -4960 32 ) (-728 -4952 32 ) (-704 -4952 32 ) (-712 -4960 32 ) 
4 1621 1643 (-728 -4952 32 ) (-728 -4864.002441 32 ) (-672 -4920 32 ) (-704 -4952 32 ) 
5 1621 1642 (-728 -4864.002441 32 ) (-728 -4760 32 ) (-640 -4760 32 ) (-640 -4888.001953 32 ) (-672 -4920 32 ) 
4 1621 1626 (-728 -4760 59 ) (-728 -4760 32 ) (-728 -4976 32 ) (-728 -4976 59 ) 
4 1621 1623 (-704.001282 -4952 32 ) (-672 -4920 32 ) (-672 -4920 59 ) (-704.001282 -4952 59 ) 
4 1621 1622 (-672 -4920 32 ) (-616 -4864.001465 32 ) (-616 -4864.001465 59 ) (-672 -4920 59 ) 
3 1622 1642 (-672 -4920 32 ) (-640 -4888.001953 32 ) (-640 -4952 32 ) 
4 1622 1624 (-632 -4960 32 ) (-616 -4960 32 ) (-616 -4960 59 ) (-632 -4960 59 ) 
4 1622 1623 (-672.001038 -4920 59 ) (-672.001038 -4920 32 ) (-639.998535 -4952 32 ) (-639.998535 -4952 59 ) 
3 1623 1643 (-704 -4952 32 ) (-672 -4920 32 ) (-640 -4952 32 ) 
4 1625 1674 (-616 -5120 59 ) (-728 -5120 59 ) (-728 -5120 32 ) (-616 -5120 32 ) 
4 1625 1652 (-616 -5120 32 ) (-728 -5120 32 ) (-728 -5112 32 ) (-616 -5112 32 ) 
6 1625 1647 (-728 -5112 32 ) (-728 -4984 32 ) (-704 -4960 32 ) (-640 -4960 32 ) (-616 -4984 32 ) (-616 -5112 32 ) 
4 1626 1989 (-1024 -5120 32 ) (-1024 -5120 59 ) (-1024 -4760 59 ) (-1024 -4760 32 ) 
4 1626 1676 (-872.005188 -5120 59 ) (-1024 -5120 59 ) (-1024 -5120 32 ) (-872.005188 -5120 32 ) 
4 1626 1653 (-872.005188 -5120 32 ) (-1024 -5120 32 ) (-1024 -5112 32 ) (-864.004944 -5112 32 ) 
5 1626 1649 (-1024 -5112 32 ) (-1024 -4960 32 ) (-728 -4960 32 ) (-728 -4976 32 ) (-864.004944 -5112 32 ) 
4 1626 1644 (-1024 -4960 32 ) (-1024 -4952 32 ) (-728 -4952 32 ) (-728 -4960 32 ) 
5 1626 1643 (-1024 -4952 32 ) (-1024 -4760 32 ) (-832.005371 -4760 32 ) (-728 -4864.002441 32 ) (-728 -4952 32 ) 
3 1626 1642 (-832.005371 -4760 32 ) (-728 -4760 32 ) (-728 -4864.002441 32 ) 
4 1626 1627 (-872.006714 -5120 32 ) (-736 -4983.997559 32 ) (-736 -4983.998047 59 ) (-872.006226 -5120 59 ) 
4 1627 1676 (-736 -5120 59 ) (-872.005188 -5120 59 ) (-872.005188 -5120 32 ) (-736 -5120 32 ) 
4 1627 1653 (-736 -5120 32 ) (-872.005188 -5120 32 ) (-864.004944 -5112 32 ) (-736 -5112 32 ) 
3 1627 1650 (-864.004944 -5112 32 ) (-736 -4984 32 ) (-736 -5112 32 ) 
4 1628 1635 (-185.994583 -4958 32 ) (-249.398132 -5112 32 ) (-249.398148 -5112 59 ) (-185.994583 -4958 59 ) 
4 1628 1634 (-104.474609 -4760 59 ) (-104.474609 -4760 32 ) (-144 -4856 32 ) (-144 -4856 59 ) 
4 1628 1631 (-249.392578 -5112 59 ) (-249.392578 -5112 32 ) (-128 -5112 32 ) (-128 -5112 59 ) 
4 1628 1629 (-120.003662 -5104 32 ) (0 -4984 32 ) (0 -4984 59 ) (-120.003662 -5104 59 ) 
3 1630 1645 (0 -5088 32 ) (0 -5112 32 ) (-24 -5112 32 ) 
4 1630 1632 (-24 -5112 32 ) (0 -5112 32 ) (0 -5112 59 ) (-24 -5112 59 ) 
4 1631 1671 (-144 -5120 59 ) (-252.691040 -5120 59 ) (-252.691071 -5120 32 ) (-144 -5120 32 ) 
4 1631 1665 (-136 -5120 59 ) (-144 -5120 59 ) (-144 -5120 32 ) (-136 -5120 32 ) 
4 1631 1635 (-249.398132 -5112 32 ) (-252.691849 -5120 32 ) (-252.691864 -5120 59 ) (-249.398148 -5112 59 ) 
4 1632 1664 (0 -5120 32 ) (0 -5120 59 ) (-128 -5120 59 ) (-128 -5120 32 ) 
4 1632 1651 (0 -5120 32 ) (-128 -5120 32 ) (-120 -5112 32 ) (0 -5112 32 ) 
4 1635 1671 (-252.691040 -5120 59 ) (-295.994446 -5120 59 ) (-295.994476 -5120 32 ) (-252.691071 -5120 32 ) 
4 1635 1667 (-295.994446 -5120 59 ) (-323.281158 -5120 59 ) (-323.281189 -5120 32 ) (-295.994476 -5120 32 ) 
4 1635 1641 (-288 -5000 32 ) (-360.421936 -5029.818848 32 ) (-360.421936 -5029.818848 33 ) (-288 -5000 33 ) 
4 1635 1639 (-348.551819 -5024.931641 33 ) (-360.421936 -5029.818848 33 ) (-360.421936 -5029.818848 59 ) (-348.551788 -5024.931641 59 ) 
4 1635 1638 (-288 -5000 33 ) (-348.551819 -5024.931641 33 ) (-348.551788 -5024.931641 59 ) (-288 -5000 59 ) 
3 1637 1640 (-352.383270 -5015.335449 33 ) (-372.378296 -4965.256348 33 ) (-302.348755 -4994.089844 33 ) 
4 1637 1639 (-372.377075 -4965.256348 33 ) (-352.382202 -5015.335449 33 ) (-352.382202 -5015.335449 59 ) (-372.377075 -4965.256348 59 ) 
4 1637 1638 (-352.382843 -5015.335938 59 ) (-352.382843 -5015.335938 33 ) (-302.347534 -4994.090332 33 ) (-302.347504 -4994.090332 59 ) 
4 1638 1641 (-287.997375 -5000 33 ) (-348.551239 -5024.933105 33 ) (-352.383270 -5015.335449 33 ) (-302.347656 -4994.089355 33 ) 
4 1638 1639 (-352.382202 -5015.335449 33 ) (-348.550659 -5024.931641 33 ) (-348.550659 -5024.931641 59 ) (-352.382202 -5015.335449 59 ) 
4 1639 1641 (-348.551239 -5024.933105 33 ) (-360.421387 -5029.820312 33 ) (-364.302429 -5020.396973 33 ) (-352.383270 -5015.335449 33 ) 
4 1639 1640 (-364.302429 -5020.396973 33 ) (-390 -4958 33 ) (-372.378326 -4965.255859 33 ) (-352.383270 -5015.335449 33 ) 
4 1640 1641 (-302.347534 -4994.090332 33 ) (-364.302032 -5020.396973 33 ) (-364.302032 -5020.396973 32 ) (-302.347534 -4994.090332 32 ) 
4 1642 1643 (-640 -4951.998047 32 ) (-832.004150 -4760 32 ) (-832.004150 -4760 -8 ) (-700 -4892 -8 ) 
4 1643 1989 (-1024 -4952 32 ) (-1024 -4760 32 ) (-1024 -4760 -8 ) (-1024 -4952 -8 ) 
4 1643 1644 (-1024 -4952 -8 ) (-704 -4952 -8 ) (-704 -4952 32 ) (-1024 -4952 32 ) 
4 1644 1989 (-1024 -4960 32 ) (-1024 -4952 32 ) (-1024 -4952 -8 ) (-1024 -4960 -8 ) 
4 1644 1649 (-1024 -4960 -8 ) (-728 -4960 -8 ) (-728 -4960 32 ) (-1024 -4960 32 ) 
4 1644 1648 (-728 -4960 -8 ) (-712 -4960 -8 ) (-712 -4960 32 ) (-728 -4960 32 ) 
4 1645 1651 (-24 -5112 -8 ) (0 -5112 -8 ) (0 -5112 32 ) (-24 -5112 32 ) 
4 1646 1652 (-616 -5112 -8 ) (-552 -5112 -8 ) (-552 -5112 32 ) (-616 -5112 32 ) 
4 1646 1647 (-616 -5048 -8 ) (-616 -5112 -8 ) (-616 -5112 32 ) (-616 -5048 32 ) 
4 1647 1652 (-728 -5112 -8 ) (-616 -5112 -8 ) (-616 -5112 32 ) (-728 -5112 32 ) 
4 1648 1649 (-728 -4960 32 ) (-728 -4960 -8 ) (-728 -4976 -8 ) (-728 -4976 32 ) 
4 1649 1989 (-1024 -5112 32 ) (-1024 -4960 32 ) (-1024 -4960 -8 ) (-1024 -5112 -8 ) 
4 1649 1653 (-1024 -5112 -8 ) (-864.004883 -5112 -8 ) (-864.004883 -5112 32 ) (-1024 -5112 32 ) 
4 1649 1650 (-864.005981 -5112 32 ) (-864.005981 -5112 -8 ) (-736 -4983.998047 -8 ) (-736 -4983.998047 32 ) 
4 1650 1653 (-864.004883 -5112 -8 ) (-736 -5112 -8 ) (-736 -5112 32 ) (-864.004883 -5112 32 ) 
4 1651 1664 (0 -5120 -8 ) (0 -5120 32 ) (-128 -5120 32 ) (-128 -5120 -8 ) 
4 1652 1674 (-448 -5120 32 ) (-728 -5120 32 ) (-728 -5120 -8 ) (-448 -5120 -8 ) 
4 1653 1989 (-1024 -5120 -8 ) (-1024 -5120 32 ) (-1024 -5112 32 ) (-1024 -5112 -8 ) 
4 1653 1676 (-736 -5120 32 ) (-1024 -5120 32 ) (-1024 -5120 -8 ) (-736 -5120 -8 ) 
4 1654 1686 (1024 -6144 88 ) (1024 -6144 1104 ) (0 -6144 1104 ) (0 -6144 88 ) 
4 1654 1662 (0 -5120 1104 ) (0 -5120 88 ) (0 -6144 88 ) (0 -6144 1104 ) 
4 1654 1661 (0 -5288 88 ) (0 -5120 88 ) (8 -5120 88 ) (8 -5288 88 ) 
4 1654 1659 (160 -6144 88 ) (152 -6144 88 ) (152 -5152 88 ) (160 -5152 88 ) 
4 1654 1660 (152 -6144 88 ) (8 -6144 88 ) (8 -5120 88 ) (152 -5120 88 ) 
4 1654 1657 (160 -5144 88 ) (160 -5120 88 ) (684 -5120 88 ) (684 -5144 88 ) 
4 1654 1658 (684 -6144 88 ) (160 -6144 88 ) (160 -5152 88 ) (684 -5152 88 ) 
4 1654 1655 (692 -5792 88 ) (692 -5120 88 ) (1024 -5120 88 ) (1024 -5792 88 ) 
4 1654 1656 (1024 -6144 88 ) (692 -6144 88 ) (692 -5800 88 ) (1024 -5800 88 ) 
4 1656 1687 (1024 -6144 -8 ) (1024 -6144 88 ) (692 -6144 88 ) (692 -6144 -8 ) 
4 1658 1688 (684 -6144 88 ) (160 -6144 88 ) (160 -6144 -8 ) (684 -6144 -8 ) 
4 1658 1659 (160 -5152 -8 ) (160 -6144 -8 ) (160 -6144 88 ) (160 -5152 88 ) 
4 1659 1688 (160 -6144 88 ) (152 -6144 88 ) (152 -6144 -8 ) (160 -6144 -8 ) 
4 1659 1660 (152 -5152 -8 ) (152 -6144 -8 ) (152 -6144 88 ) (152 -5152 88 ) 
4 1660 1688 (152 -6144 88 ) (8 -6144 88 ) (8 -6144 -8 ) (152 -6144 -8 ) 
4 1660 1661 (8 -5120 -8 ) (8 -5288 -8 ) (8 -5288 88 ) (8 -5120 88 ) 
4 1661 1664 (0 -5120 88 ) (0 -5120 -8 ) (0 -5288 -8 ) (0 -5288 88 ) 
4 1662 2039 (-1024 -6144 88 ) (-1024 -6144 184 ) (-1024 -5984 184 ) (-1024 -5984 88 ) 
4 1662 2033 (-1024 -5984 184 ) (-1024 -5720 184 ) (-1024 -5720 88 ) (-1024 -5984 88 ) 
4 1662 2032 (-1024 -5720 184 ) (-1024 -5712 184 ) (-1024 -5712 88 ) (-1024 -5720 88 ) 
4 1662 2025 (-1024 -5152 184 ) (-1024 -5144 184 ) (-1024 -5144 88 ) (-1024 -5152 88 ) 
4 1662 2024 (-1024 -5144 184 ) (-1024 -5120 184 ) (-1024 -5120 88 ) (-1024 -5144 88 ) 
4 1662 2026 (-1024 -5712 184 ) (-1024 -5152 184 ) (-1024 -5152 88 ) (-1024 -5712 88 ) 
4 1662 2023 (-1024 -6144 184 ) (-1024 -6144 1104 ) (-1024 -5120 1104 ) (-1024 -5120 184 ) 
4 1662 1690 (0 -6144 88 ) (0 -6144 1104 ) (-1024 -6144 1104 ) (-1024 -6144 88 ) 
4 1662 1682 (-1024 -5712 88 ) (-1024 -5296 88 ) (-584 -5296 88 ) (-584 -5712 88 ) 
4 1662 1683 (-584 -6144 88 ) (-1024 -6144 88 ) (-1024 -5720 88 ) (-584 -5720 88 ) 
4 1662 1681 (0 -6144 88 ) (-576 -6144 88 ) (-576 -5296 88 ) (0 -5296 88 ) 
4 1662 1679 (-432 -5288 88 ) (-432 -5296 88 ) (-456 -5296 88 ) (-448 -5288 88 ) 
3 1662 1678 (-432 -5272 88 ) (-432 -5288 88 ) (-448 -5288 88 ) 
5 1662 1677 (-584 -5152 88 ) (-432 -5152 88 ) (-432 -5264 88 ) (-456 -5288 88 ) (-584 -5288 88 ) 
4 1662 1680 (-1024 -5296 88 ) (-1024 -5152 88 ) (-584 -5152 88 ) (-584 -5296 88 ) 
4 1662 1676 (-1024 -5144 88 ) (-1024 -5120 88 ) (-736 -5120 88 ) (-736 -5144 88 ) 
3 1662 1675 (-440 -5120 88 ) (-432 -5120 88 ) (-432 -5128 88 ) 
5 1662 1674 (-728 -5120 88 ) (-448 -5120 88 ) (-432 -5136 88 ) (-432 -5152 88 ) (-728 -5152 88 ) 
3 1662 1673 (-152 -5264 88 ) (-216 -5199.997070 88 ) (-152 -5136 88 ) 
4 1662 1671 (-295.994537 -5120 88 ) (-144 -5120 88 ) (-144 -5128 88 ) (-216 -5199.997070 88 ) 
4 1662 1670 (-424 -5296 88 ) (-432 -5296 88 ) (-432 -5272 88 ) (-424 -5264 88 ) 
3 1662 1669 (-263.993896 -5296 88 ) (-424 -5296 88 ) (-424 -5136 88 ) 
6 1662 1667 (-432 -5120 88 ) (-295.994537 -5120 88 ) (-144 -5272 88 ) (-144 -5296 88 ) (-263.993896 -5296 88 ) (-432 -5128 88 ) 
4 1662 1666 (-120 -5296 88 ) (-144 -5296 88 ) (-144 -5288 88 ) (-128 -5288 88 ) 
3 1662 1665 (-144 -5120 88 ) (-136 -5120 88 ) (-144 -5128 88 ) 
6 1662 1664 (-128 -5120 88 ) (0 -5120 88 ) (0 -5288 88 ) (-120 -5288 88 ) (-144 -5264 88 ) (-144 -5136 88 ) 
3 1662 1663 (-128 -5288 88 ) (-144 -5288 88 ) (-144 -5272 88 ) 
4 1663 1668 (-144 -5272 -8 ) (-144 -5288 -8 ) (-144 -5288 32 ) (-144 -5272 32 ) 
4 1663 1667 (-144 -5288 32 ) (-144 -5288 88 ) (-144 -5272 88 ) (-144 -5272 32 ) 
4 1663 1666 (-144 -5288 88 ) (-144 -5288 -8 ) (-128 -5288 -8 ) (-128 -5288 88 ) 
4 1665 1671 (-144 -5128 88 ) (-144 -5120 88 ) (-144 -5120 32 ) (-144 -5128 32 ) 
4 1666 1681 (-144 -5296 -8 ) (-120 -5296 -8 ) (-120 -5296 88 ) (-144 -5296 88 ) 
4 1666 1668 (-144 -5288 -8 ) (-144 -5296 -8 ) (-144 -5296 32 ) (-144 -5288 32 ) 
4 1666 1667 (-144 -5296 32 ) (-144 -5296 88 ) (-144 -5288 88 ) (-144 -5288 32 ) 
4 1667 1681 (-144 -5296 32 ) (-144 -5296 88 ) (-263.993896 -5296 88 ) (-263.993896 -5296 32 ) 
4 1667 1675 (-432 -5128 32 ) (-432 -5128 88 ) (-432 -5120 88 ) (-432 -5120 32 ) 
4 1667 1673 (-152 -5264 32 ) (-216 -5199.997559 32 ) (-216 -5199.997559 88 ) (-152 -5264 88 ) 
4 1667 1671 (-216 -5199.997559 32 ) (-295.995605 -5120 32 ) (-295.995605 -5120 88 ) (-216 -5199.997559 88 ) 
4 1667 1669 (-424 -5135.996582 32 ) (-263.991760 -5296 32 ) (-263.991760 -5296 88 ) (-424 -5135.996582 88 ) 
5 1667 1668 (-263.995850 -5296 32 ) (-424 -5136 32 ) (-279.996246 -5136 32 ) (-144 -5272 32 ) (-144 -5296 32 ) 
4 1668 1681 (-263.993896 -5296 -8 ) (-144 -5296 -8 ) (-144 -5296 32 ) (-263.993896 -5296 32 ) 
4 1668 1673 (-152 -5264 -8 ) (-216 -5199.997559 -8 ) (-216 -5199.997559 32 ) (-152 -5264 32 ) 
4 1668 1672 (-216 -5199.997559 -8 ) (-219.997803 -5196 -8 ) (-279.996002 -5136 32 ) (-216 -5199.997559 32 ) 
4 1668 1669 (-363.994690 -5196 -8 ) (-263.991760 -5296 -8 ) (-263.991760 -5296 32 ) (-423.996429 -5136 32 ) 
4 1669 1681 (-424 -5296 -8 ) (-263.993896 -5296 -8 ) (-263.993896 -5296 88 ) (-424 -5296 88 ) 
4 1669 1670 (-424 -5264 -8 ) (-424 -5296 -8 ) (-424 -5296 88 ) (-424 -5264 88 ) 
4 1670 1681 (-432 -5296 -8 ) (-424 -5296 -8 ) (-424 -5296 88 ) (-432 -5296 88 ) 
4 1670 1679 (-432 -5288 -8 ) (-432 -5296 -8 ) (-432 -5296 88 ) (-432 -5288 88 ) 
4 1670 1678 (-432 -5272 -8 ) (-432 -5288 -8 ) (-432 -5288 88 ) (-432 -5272 88 ) 
4 1671 1673 (-216 -5199.996094 88 ) (-216 -5199.996094 32 ) (-152 -5136 32 ) (-152 -5136 88 ) 
3 1671 1672 (-151.989243 -5136 32 ) (-216 -5200.003906 32 ) (-280.001801 -5136 32 ) 
4 1672 1673 (-216 -5199.996094 32 ) (-216 -5199.996094 -8 ) (-212.003418 -5196 -8 ) (-152 -5136 32 ) 
4 1674 1677 (-584 -5152 -8 ) (-432 -5152 -8 ) (-432 -5152 88 ) (-584 -5152 88 ) 
4 1674 1680 (-728 -5152 -8 ) (-584 -5152 -8 ) (-584 -5152 88 ) (-728 -5152 88 ) 
4 1676 2024 (-1024 -5144 88 ) (-1024 -5120 88 ) (-1024 -5120 -8 ) (-1024 -5144 -8 ) 
4 1677 1680 (-584 -5152 88 ) (-584 -5152 -8 ) (-584 -5288 -8 ) (-584 -5288 88 ) 
4 1678 1679 (-448 -5288 -8 ) (-432 -5288 -8 ) (-432 -5288 88 ) (-448 -5288 88 ) 
4 1679 1681 (-456 -5296 -8 ) (-432 -5296 -8 ) (-432 -5296 88 ) (-456 -5296 88 ) 
4 1680 2026 (-1024 -5296 88 ) (-1024 -5152 88 ) (-1024 -5152 -8 ) (-1024 -5296 -8 ) 
4 1680 1682 (-1024 -5296 -8 ) (-584 -5296 -8 ) (-584 -5296 88 ) (-1024 -5296 88 ) 
4 1681 1691 (0 -6144 -8 ) (0 -6144 88 ) (-576 -6144 88 ) (-576 -6144 -8 ) 
4 1682 2026 (-1024 -5712 88 ) (-1024 -5296 88 ) (-1024 -5296 -8 ) (-1024 -5712 -8 ) 
4 1683 2039 (-1024 -6144 -8 ) (-1024 -6144 88 ) (-1024 -5984 88 ) (-1024 -5984 -8 ) 
4 1683 2033 (-1024 -5984 88 ) (-1024 -5720 88 ) (-1024 -5720 -8 ) (-1024 -5984 -8 ) 
4 1683 1692 (-584 -6144 88 ) (-1024 -6144 88 ) (-1024 -6144 -8 ) (-584 -6144 -8 ) 
4 1684 1689 (1024 -6336 184 ) (1024 -6400 184 ) (1024 -6400 1104 ) (1024 -6336 1104 ) 
4 1684 1686 (1024 -6144 1104 ) (1024 -6144 184 ) (1024 -6336 184 ) (1024 -6336 1104 ) 
4 1684 1685 (1024 -6336 184 ) (1024 -6144 184 ) (2048 -6144 184 ) (2048 -6336 184 ) 
4 1685 1687 (1024 -6144 88 ) (1024 -6144 -8 ) (1024 -6336 -8 ) (1024 -6336 88 ) 
4 1685 1686 (1024 -6144 184 ) (1024 -6144 88 ) (1024 -6336 88 ) (1024 -6336 184 ) 
4 1686 1690 (0 -6144 1104 ) (0 -6144 88 ) (0 -6336 88 ) (0 -6336 1104 ) 
4 1686 1689 (0 -6336 1104 ) (0 -6336 184 ) (1024 -6336 184 ) (1024 -6336 1104 ) 
4 1686 1688 (684 -6336 88 ) (8 -6336 88 ) (8 -6144 88 ) (684 -6144 88 ) 
4 1686 1687 (1024 -6336 88 ) (692 -6336 88 ) (692 -6144 88 ) (1024 -6144 88 ) 
4 1689 1693 (0 -6400 184 ) (0 -6400 1104 ) (0 -6336 1104 ) (0 -6336 184 ) 
4 1690 2166 (-1024 -6144 184 ) (-1024 -6144 88 ) (-1024 -6336 88 ) (-1024 -6336 184 ) 
4 1690 2165 (-1024 -6144 1104 ) (-1024 -6144 184 ) (-1024 -6336 184 ) (-1024 -6336 1104 ) 
4 1690 1694 (-368 -6336 88 ) (-208 -6336 88 ) (-208 -6336 136 ) (-368 -6336 136 ) 
4 1690 1693 (-1024 -6336 1104 ) (-1024 -6336 184 ) (0 -6336 184 ) (0 -6336 1104 ) 
4 1690 1691 (0 -6336 88 ) (-576 -6336 88 ) (-576 -6144 88 ) (0 -6144 88 ) 
4 1690 1692 (-584 -6336 88 ) (-1024 -6336 88 ) (-1024 -6144 88 ) (-584 -6144 88 ) 
4 1691 1694 (-368 -6336 -8 ) (-208 -6336 -8 ) (-208 -6336 88 ) (-368 -6336 88 ) 
4 1692 2166 (-1024 -6144 88 ) (-1024 -6144 -8 ) (-1024 -6336 -8 ) (-1024 -6336 88 ) 
4 1693 2165 (-1024 -6336 1104 ) (-1024 -6336 184 ) (-1024 -6400 184 ) (-1024 -6400 1104 ) 
4 1695 1708 (-1024 -1024 88 ) (-1024 -1024 1104 ) (-1184 -1024 1104 ) (-1184 -1024 88 ) 
5 1695 1699 (-1024 -108 88 ) (-1024 -1024 88 ) (-1184 -1024 88 ) (-1184 -182.918823 88 ) (-1100 -108 88 ) 
3 1695 1698 (-1184 -175.016052 88 ) (-1184 -100 88 ) (-1100 -100 88 ) 
4 1695 1697 (-1184 0 88 ) (-1024 0 88 ) (-1024 -100 88 ) (-1184 -100 88 ) 
4 1695 1696 (-1184 0 88 ) (-1184 -1024 88 ) (-1184 -1024 1104 ) (-1184 0 1104 ) 
4 1696 1745 (-1848 -1024 1104 ) (-1848 -1024 88 ) (-1320 -1024 88 ) (-1320 -1024 1104 ) 
4 1696 1743 (-1320 -1024 88 ) (-1312 -1024 88 ) (-1312 -1024 94 ) (-1320 -1024 94 ) 
4 1696 1740 (-1312 -1024 94 ) (-1312 -1024 230 ) (-1320 -1024 230 ) (-1320 -1024 94 ) 
4 1696 1737 (-1312 -1024 230 ) (-1312 -1024 366 ) (-1320 -1024 366 ) (-1320 -1024 230 ) 
4 1696 1734 (-1312 -1024 366 ) (-1312 -1024 426 ) (-1320 -1024 426 ) (-1320 -1024 366 ) 
4 1696 1733 (-1312 -1024 426 ) (-1312 -1024 464 ) (-1320 -1024 464 ) (-1320 -1024 426 ) 
4 1696 1732 (-1312 -1024 464 ) (-1312 -1024 1104 ) (-1320 -1024 1104 ) (-1320 -1024 464 ) 
4 1696 1708 (-1312 -1024 88 ) (-1184 -1024 88 ) (-1184 -1024 1104 ) (-1312 -1024 1104 ) 
4 1696 1705 (-1848 -936 136 ) (-1848 -928 136 ) (-1848 -928 88 ) (-1848 -936 88 ) 
4 1696 1706 (-1848 -1024 88 ) (-1848 -1024 136 ) (-1848 -936 136 ) (-1848 -936 88 ) 
4 1696 1703 (-1848 -928 136 ) (-1848 -556 136 ) (-1848 -556 88 ) (-1848 -928 88 ) 
4 1696 1701 (-1848 -556 136 ) (-1848 0 136 ) (-1848 0 88 ) (-1848 -556 88 ) 
4 1696 1700 (-1848 -1024 136 ) (-1848 -1024 1104 ) (-1848 0 1104 ) (-1848 0 136 ) 
4 1696 1699 (-1184 -182.918915 88 ) (-1184 -1024 88 ) (-1840 -1024 88 ) (-1840 -768 88 ) 
4 1696 1698 (-1848 -768 88 ) (-1848 -100 88 ) (-1184 -100 88 ) (-1184 -175.016022 88 ) 
4 1696 1697 (-1848 -100 88 ) (-1848 0 88 ) (-1184 0 88 ) (-1184 -100 88 ) 
4 1697 1701 (-1848 -100 40 ) (-1848 -100 88 ) (-1848 0 88 ) (-1848 0 40 ) 
4 1697 1698 (-1100 -100 88 ) (-1848 -100 88 ) (-1848 -100 40 ) (-1100 -100 40 ) 
4 1698 1703 (-1848 -768 40 ) (-1848 -768 88 ) (-1848 -556 88 ) (-1848 -556 40 ) 
4 1698 1701 (-1848 -556 88 ) (-1848 -100 88 ) (-1848 -100 40 ) (-1848 -556 40 ) 
4 1699 1752 (-1840 -1024 56 ) (-1840 -1024 -8 ) (-1408 -1024 -8 ) (-1408 -1024 56 ) 
4 1699 1750 (-1408 -1024 -8 ) (-1320 -1024 -8 ) (-1320 -1024 56 ) (-1408 -1024 56 ) 
4 1699 1746 (-1320 -1024 88 ) (-1840 -1024 88 ) (-1840 -1024 56 ) (-1320 -1024 56 ) 
4 1699 1744 (-1320 -1024 56 ) (-1320 -1024 -8 ) (-1312 -1024 -8 ) (-1312 -1024 56 ) 
4 1699 1743 (-1312 -1024 88 ) (-1320 -1024 88 ) (-1320 -1024 56 ) (-1312 -1024 56 ) 
4 1699 1708 (-1024 -1024 -8 ) (-1024 -1024 88 ) (-1312 -1024 88 ) (-1312 -1024 -8 ) 
4 1700 1756 (-2048 0 1104 ) (-2048 0 136 ) (-2048 -1024 136 ) (-2048 -1024 1104 ) 
4 1700 1745 (-2048 -1024 1104 ) (-2048 -1024 136 ) (-1848 -1024 136 ) (-1848 -1024 1104 ) 
4 1700 1705 (-1848 -928 136 ) (-1848 -936 136 ) (-2048 -936 136 ) (-2048 -928 136 ) 
4 1700 1706 (-1848 -936 136 ) (-1848 -1024 136 ) (-2048 -1024 136 ) (-2048 -936 136 ) 
4 1700 1704 (-1872 -928 136 ) (-2048 -928 136 ) (-2048 -564 136 ) (-1872 -564 136 ) 
4 1700 1703 (-1848 -556 136 ) (-1848 -928 136 ) (-1872 -928 136 ) (-1872 -556 136 ) 
4 1700 1701 (-1872 0 136 ) (-1848 0 136 ) (-1848 -556 136 ) (-1872 -556 136 ) 
4 1700 1702 (-2048 0 136 ) (-1880 0 136 ) (-1880 -556 136 ) (-2048 -556 136 ) 
4 1701 1703 (-1872 -556 40 ) (-1848 -556 40 ) (-1848 -556 136 ) (-1872 -556 136 ) 
4 1702 1757 (-2048 0 136 ) (-2048 0 40 ) (-2048 -556 40 ) (-2048 -556 136 ) 
4 1703 1705 (-1848 -928 88 ) (-1848 -928 136 ) (-1872 -928 136 ) (-1872 -928 88 ) 
4 1703 1704 (-1872 -564 40 ) (-1872 -928 40 ) (-1872 -928 136 ) (-1872 -564 136 ) 
4 1704 1759 (-2048 -564 40 ) (-2048 -928 40 ) (-2048 -928 136 ) (-2048 -564 136 ) 
4 1704 1705 (-1872 -928 88 ) (-1872 -928 136 ) (-2048 -928 136 ) (-2048 -928 88 ) 
4 1705 1760 (-2048 -936 88 ) (-2048 -936 136 ) (-2048 -928 136 ) (-2048 -928 88 ) 
4 1705 1706 (-1848 -936 88 ) (-1848 -936 136 ) (-2048 -936 136 ) (-2048 -936 88 ) 
4 1706 1761 (-2048 -936 40 ) (-2048 -1024 40 ) (-2048 -1024 136 ) (-2048 -936 136 ) 
4 1706 1754 (-2048 -1024 56 ) (-2048 -1024 40 ) (-1848 -1024 40 ) (-1848 -1024 56 ) 
4 1706 1748 (-2048 -1024 88 ) (-2048 -1024 56 ) (-1848 -1024 56 ) (-1848 -1024 88 ) 
4 1706 1745 (-2048 -1024 136 ) (-2048 -1024 88 ) (-1848 -1024 88 ) (-1848 -1024 136 ) 
4 1706 1707 (-2048 -1024 40 ) (-2048 -936 40 ) (-1848 -936 40 ) (-1848 -1024 40 ) 
4 1707 1761 (-2048 -936 -8 ) (-2048 -1024 -8 ) (-2048 -1024 40 ) (-2048 -936 40 ) 
4 1707 1754 (-2048 -1024 40 ) (-2048 -1024 -8 ) (-1848 -1024 -8 ) (-1848 -1024 40 ) 
4 1708 1744 (-1312 -1024 56 ) (-1312 -1024 -8 ) (-1312 -1084 -8 ) (-1312 -1084 56 ) 
4 1708 1743 (-1312 -1024 94 ) (-1312 -1024 56 ) (-1312 -1084 56 ) (-1312 -1084 94 ) 
4 1708 1740 (-1312 -1024 230 ) (-1312 -1024 94 ) (-1312 -1084 94 ) (-1312 -1084 230 ) 
4 1708 1737 (-1312 -1024 366 ) (-1312 -1024 230 ) (-1312 -1084 230 ) (-1312 -1084 366 ) 
4 1708 1734 (-1312 -1024 426 ) (-1312 -1024 366 ) (-1312 -1084 366 ) (-1312 -1084 426 ) 
4 1708 1733 (-1312 -1024 464 ) (-1312 -1024 426 ) (-1312 -1084 426 ) (-1312 -1084 464 ) 
4 1708 1732 (-1312 -1024 1104 ) (-1312 -1024 464 ) (-1312 -1084 464 ) (-1312 -1084 1104 ) 
4 1708 1714 (-1312 -1084 1104 ) (-1312 -1084 464 ) (-1196 -1084 464 ) (-1196 -1084 1104 ) 
4 1708 1713 (-1140 -1084 94 ) (-1140 -1084 154 ) (-1196 -1084 154 ) (-1196 -1084 94 ) 
4 1708 1712 (-1140 -1084 230 ) (-1140 -1084 290 ) (-1196 -1084 290 ) (-1196 -1084 230 ) 
4 1708 1711 (-1140 -1084 366 ) (-1140 -1084 426 ) (-1196 -1084 426 ) (-1196 -1084 366 ) 
4 1708 1710 (-1140 -1084 464 ) (-1140 -1084 1104 ) (-1196 -1084 1104 ) (-1196 -1084 464 ) 
4 1708 1709 (-1024 -1084 464 ) (-1024 -1084 1104 ) (-1140 -1084 1104 ) (-1140 -1084 464 ) 
4 1709 1715 (-1024 -1092 464 ) (-1024 -1092 1104 ) (-1140 -1092 1104 ) (-1140 -1092 464 ) 
4 1709 1710 (-1140 -1084 1104 ) (-1140 -1084 464 ) (-1140 -1092 464 ) (-1140 -1092 1104 ) 
4 1710 1715 (-1140 -1092 464 ) (-1140 -1092 1104 ) (-1196 -1092 1104 ) (-1196 -1092 464 ) 
4 1710 1714 (-1196 -1084 1104 ) (-1196 -1084 464 ) (-1196 -1092 464 ) (-1196 -1092 1104 ) 
4 1711 1718 (-1140 -1092 366 ) (-1140 -1092 426 ) (-1196 -1092 426 ) (-1196 -1092 366 ) 
4 1712 1721 (-1140 -1092 230 ) (-1140 -1092 290 ) (-1196 -1092 290 ) (-1196 -1092 230 ) 
4 1713 1724 (-1140 -1092 94 ) (-1140 -1092 154 ) (-1196 -1092 154 ) (-1196 -1092 94 ) 
4 1714 1732 (-1312 -1092 464 ) (-1312 -1092 1104 ) (-1312 -1084 1104 ) (-1312 -1084 464 ) 
4 1714 1715 (-1312 -1092 1104 ) (-1312 -1092 464 ) (-1196 -1092 464 ) (-1196 -1092 1104 ) 
4 1715 1732 (-1312 -1716 464 ) (-1312 -1716 1104 ) (-1312 -1092 1104 ) (-1312 -1092 464 ) 
4 1715 1725 (-1312 -1716 1104 ) (-1312 -1716 464 ) (-1024 -1716 464 ) (-1024 -1716 1104 ) 
4 1716 1718 (-1056 -1092 328 ) (-1056 -1708 328 ) (-1056 -1708 456 ) (-1056 -1092 456 ) 
4 1716 1717 (-1056 -1708 436 ) (-1056 -1708 328 ) (-1024 -1708 328 ) (-1024 -1708 436 ) 
4 1717 1726 (-1056 -1716 328 ) (-1024 -1716 328 ) (-1024 -1716 436 ) (-1056 -1716 436 ) 
4 1718 1736 (-1312 -1424 366 ) (-1312 -1480 366 ) (-1312 -1480 426 ) (-1312 -1424 426 ) 
4 1718 1735 (-1312 -1200 366 ) (-1312 -1256 366 ) (-1312 -1256 426 ) (-1312 -1200 426 ) 
4 1719 1721 (-1056 -1092 192 ) (-1056 -1708 192 ) (-1056 -1708 320 ) (-1056 -1092 320 ) 
4 1719 1720 (-1056 -1708 300 ) (-1056 -1708 192 ) (-1024 -1708 192 ) (-1024 -1708 300 ) 
4 1720 1727 (-1056 -1716 192 ) (-1024 -1716 192 ) (-1024 -1716 300 ) (-1056 -1716 300 ) 
4 1721 1739 (-1312 -1424 290 ) (-1312 -1424 230 ) (-1312 -1480 230 ) (-1312 -1480 290 ) 
4 1721 1738 (-1312 -1200 290 ) (-1312 -1200 230 ) (-1312 -1256 230 ) (-1312 -1256 290 ) 
4 1722 1724 (-1056 -1092 56 ) (-1056 -1708 56 ) (-1056 -1708 184 ) (-1056 -1092 184 ) 
4 1722 1723 (-1056 -1708 164 ) (-1056 -1708 56 ) (-1024 -1708 56 ) (-1024 -1708 164 ) 
4 1723 1728 (-1056 -1716 56 ) (-1024 -1716 56 ) (-1024 -1716 164 ) (-1056 -1716 164 ) 
4 1724 1742 (-1312 -1424 154 ) (-1312 -1424 94 ) (-1312 -1480 94 ) (-1312 -1480 154 ) 
4 1724 1741 (-1312 -1200 154 ) (-1312 -1200 94 ) (-1312 -1256 94 ) (-1312 -1256 154 ) 
4 1725 1799 (-1024 -2048 464 ) (-1024 -2048 1104 ) (-1312 -2048 1104 ) (-1312 -2048 464 ) 
4 1725 1732 (-1312 -2048 464 ) (-1312 -2048 1104 ) (-1312 -1716 1104 ) (-1312 -1716 464 ) 
4 1726 1729 (-1024 -1908 456 ) (-1312 -1908 456 ) (-1312 -1908 328 ) (-1024 -1908 328 ) 
4 1727 1730 (-1312 -1908 320 ) (-1312 -1908 192 ) (-1024 -1908 192 ) (-1024 -1908 320 ) 
4 1728 1731 (-1312 -1908 184 ) (-1312 -1908 56 ) (-1024 -1908 56 ) (-1024 -1908 184 ) 
4 1729 1824 (-1024 -2048 328 ) (-1024 -2048 366 ) (-1312 -2048 366 ) (-1312 -2048 328 ) 
4 1729 1810 (-1024 -2048 366 ) (-1024 -2048 426 ) (-1312 -2048 426 ) (-1312 -2048 366 ) 
4 1729 1800 (-1024 -2048 426 ) (-1024 -2048 456 ) (-1312 -2048 456 ) (-1312 -2048 426 ) 
4 1730 1848 (-1024 -2048 192 ) (-1024 -2048 230 ) (-1312 -2048 230 ) (-1312 -2048 192 ) 
4 1730 1833 (-1024 -2048 230 ) (-1024 -2048 320 ) (-1312 -2048 320 ) (-1312 -2048 230 ) 
4 1731 1872 (-1024 -2048 56 ) (-1024 -2048 94 ) (-1312 -2048 94 ) (-1312 -2048 56 ) 
4 1731 1857 (-1024 -2048 94 ) (-1024 -2048 184 ) (-1312 -2048 184 ) (-1312 -2048 94 ) 
4 1732 1799 (-1312 -2048 464 ) (-1312 -2048 1104 ) (-1320 -2048 1104 ) (-1320 -2048 464 ) 
4 1732 1745 (-1320 -2048 464 ) (-1320 -2048 1104 ) (-1320 -1024 1104 ) (-1320 -1024 464 ) 
4 1732 1733 (-1320 -1084 464 ) (-1320 -1024 464 ) (-1312 -1024 464 ) (-1312 -1084 464 ) 
4 1733 1745 (-1320 -1084 464 ) (-1320 -1024 464 ) (-1320 -1024 426 ) (-1320 -1084 426 ) 
4 1733 1734 (-1320 -1084 426 ) (-1320 -1024 426 ) (-1312 -1024 426 ) (-1312 -1084 426 ) 
4 1734 1745 (-1320 -1084 426 ) (-1320 -1024 426 ) (-1320 -1024 366 ) (-1320 -1084 366 ) 
4 1734 1737 (-1320 -1084 366 ) (-1320 -1024 366 ) (-1312 -1024 366 ) (-1312 -1084 366 ) 
4 1735 1745 (-1320 -1256 426 ) (-1320 -1200 426 ) (-1320 -1200 366 ) (-1320 -1256 366 ) 
4 1736 1745 (-1320 -1480 426 ) (-1320 -1424 426 ) (-1320 -1424 366 ) (-1320 -1480 366 ) 
4 1737 1745 (-1320 -1084 366 ) (-1320 -1024 366 ) (-1320 -1024 230 ) (-1320 -1084 230 ) 
4 1737 1740 (-1320 -1084 230 ) (-1320 -1024 230 ) (-1312 -1024 230 ) (-1312 -1084 230 ) 
4 1738 1745 (-1320 -1200 290 ) (-1320 -1200 230 ) (-1320 -1256 230 ) (-1320 -1256 290 ) 
4 1739 1745 (-1320 -1424 290 ) (-1320 -1424 230 ) (-1320 -1480 230 ) (-1320 -1480 290 ) 
4 1740 1745 (-1320 -1084 230 ) (-1320 -1024 230 ) (-1320 -1024 94 ) (-1320 -1084 94 ) 
4 1740 1743 (-1320 -1084 94 ) (-1320 -1024 94 ) (-1312 -1024 94 ) (-1312 -1084 94 ) 
4 1741 1745 (-1320 -1200 154 ) (-1320 -1200 94 ) (-1320 -1256 94 ) (-1320 -1256 154 ) 
4 1742 1745 (-1320 -1424 154 ) (-1320 -1424 94 ) (-1320 -1480 94 ) (-1320 -1480 154 ) 
4 1743 1746 (-1320 -1024 88 ) (-1320 -1024 56 ) (-1320 -1084 56 ) (-1320 -1084 88 ) 
4 1743 1745 (-1320 -1084 94 ) (-1320 -1024 94 ) (-1320 -1024 88 ) (-1320 -1084 88 ) 
4 1743 1744 (-1320 -1084 56 ) (-1320 -1024 56 ) (-1312 -1024 56 ) (-1312 -1084 56 ) 
4 1744 1750 (-1320 -1084 -8 ) (-1320 -1084 56 ) (-1320 -1024 56 ) (-1320 -1024 -8 ) 
4 1745 1886 (-1848 -2048 94 ) (-2048 -2048 94 ) (-2048 -2048 88 ) (-1848 -2048 88 ) 
4 1745 1884 (-1840 -2048 94 ) (-1848 -2048 94 ) (-1848 -2048 88 ) (-1840 -2048 88 ) 
4 1745 1881 (-1456 -2048 94 ) (-1464 -2048 94 ) (-1464 -2048 88 ) (-1456 -2048 88 ) 
4 1745 1883 (-1464 -2048 94 ) (-1840 -2048 94 ) (-1840 -2048 88 ) (-1464 -2048 88 ) 
4 1745 1878 (-1320 -2048 88 ) (-1320 -2048 94 ) (-1456 -2048 94 ) (-1456 -2048 88 ) 
4 1745 1869 (-1456 -2048 192 ) (-1464 -2048 192 ) (-1464 -2048 94 ) (-1456 -2048 94 ) 
4 1745 1871 (-1464 -2048 192 ) (-2048 -2048 192 ) (-2048 -2048 94 ) (-1464 -2048 94 ) 
4 1745 1865 (-1320 -2048 94 ) (-1320 -2048 192 ) (-1456 -2048 192 ) (-1456 -2048 94 ) 
4 1745 1854 (-1456 -2048 230 ) (-1464 -2048 230 ) (-1464 -2048 192 ) (-1456 -2048 192 ) 
4 1745 1855 (-1464 -2048 230 ) (-2048 -2048 230 ) (-2048 -2048 192 ) (-1464 -2048 192 ) 
4 1745 1852 (-1320 -2048 192 ) (-1320 -2048 230 ) (-1456 -2048 230 ) (-1456 -2048 192 ) 
4 1745 1845 (-1456 -2048 328 ) (-1464 -2048 328 ) (-1464 -2048 230 ) (-1456 -2048 230 ) 
4 1745 1847 (-1464 -2048 328 ) (-2048 -2048 328 ) (-2048 -2048 230 ) (-1464 -2048 230 ) 
4 1745 1841 (-1320 -2048 230 ) (-1320 -2048 328 ) (-1456 -2048 328 ) (-1456 -2048 230 ) 
4 1745 1830 (-1456 -2048 366 ) (-1464 -2048 366 ) (-1464 -2048 328 ) (-1456 -2048 328 ) 
4 1745 1831 (-1464 -2048 366 ) (-2048 -2048 366 ) (-2048 -2048 328 ) (-1464 -2048 328 ) 
4 1745 1828 (-1320 -2048 328 ) (-1320 -2048 366 ) (-1456 -2048 366 ) (-1456 -2048 328 ) 
4 1745 1812 (-1320 -2048 366 ) (-1320 -2048 426 ) (-2048 -2048 426 ) (-2048 -2048 366 ) 
4 1745 1801 (-1320 -2048 426 ) (-1320 -2048 464 ) (-2048 -2048 464 ) (-2048 -2048 426 ) 
4 1745 1799 (-1320 -2048 464 ) (-1320 -2048 1104 ) (-2048 -2048 1104 ) (-2048 -2048 464 ) 
4 1745 1779 (-2048 -2048 88 ) (-2048 -2048 1104 ) (-2048 -1776 1104 ) (-2048 -1776 88 ) 
4 1745 1774 (-2048 -1512 88 ) (-2048 -1776 88 ) (-2048 -1776 136 ) (-2048 -1512 136 ) 
4 1745 1773 (-2048 -1024 136 ) (-2048 -1024 88 ) (-2048 -1512 88 ) (-2048 -1512 136 ) 
4 1745 1772 (-2048 -1776 1104 ) (-2048 -1024 1104 ) (-2048 -1024 136 ) (-2048 -1776 136 ) 
4 1745 1748 (-2048 -1512 88 ) (-2048 -1024 88 ) (-1848 -1024 88 ) (-1848 -1512 88 ) 
4 1745 1749 (-2048 -2048 88 ) (-2048 -1520 88 ) (-1848 -1520 88 ) (-1848 -2048 88 ) 
4 1745 1747 (-1840 -1520 88 ) (-1840 -2048 88 ) (-1848 -2048 88 ) (-1848 -1520 88 ) 
4 1745 1746 (-1840 -1024 88 ) (-1320 -1024 88 ) (-1320 -2048 88 ) (-1840 -2048 88 ) 
4 1746 1881 (-1456 -2048 88 ) (-1464 -2048 88 ) (-1464 -2048 56 ) (-1456 -2048 56 ) 
4 1746 1883 (-1464 -2048 88 ) (-1840 -2048 88 ) (-1840 -2048 56 ) (-1464 -2048 56 ) 
4 1746 1878 (-1320 -2048 56 ) (-1320 -2048 88 ) (-1456 -2048 88 ) (-1456 -2048 56 ) 
4 1746 1752 (-1408 -2048 56 ) (-1840 -2048 56 ) (-1840 -1024 56 ) (-1408 -1024 56 ) 
3 1746 1751 (-1408 -1636 56 ) (-1408 -1596 56 ) (-1360 -1596 56 ) 
4 1746 1750 (-1320 -1024 56 ) (-1320 -1596 56 ) (-1408 -1596 56 ) (-1408 -1024 56 ) 
4 1746 1747 (-1840 -1520 56 ) (-1840 -2048 56 ) (-1840 -2048 88 ) (-1840 -1520 88 ) 
4 1747 1884 (-1840 -2048 88 ) (-1848 -2048 88 ) (-1848 -2048 56 ) (-1840 -2048 56 ) 
4 1747 1753 (-1840 -2048 56 ) (-1848 -2048 56 ) (-1848 -1520 56 ) (-1840 -1520 56 ) 
4 1747 1749 (-1848 -1520 56 ) (-1848 -2048 56 ) (-1848 -2048 88 ) (-1848 -1520 88 ) 
4 1748 1773 (-2048 -1512 88 ) (-2048 -1024 88 ) (-2048 -1024 56 ) (-2048 -1512 56 ) 
4 1748 1754 (-2048 -1512 56 ) (-2048 -1024 56 ) (-1848 -1024 56 ) (-1848 -1512 56 ) 
4 1749 1887 (-1848 -2048 88 ) (-2048 -2048 88 ) (-2048 -2048 56 ) (-1848 -2048 56 ) 
4 1749 1779 (-2048 -2048 56 ) (-2048 -2048 88 ) (-2048 -1776 88 ) (-2048 -1776 56 ) 
4 1749 1776 (-2048 -1776 88 ) (-2048 -1520 88 ) (-2048 -1520 56 ) (-2048 -1776 56 ) 
4 1749 1755 (-1848 -2048 56 ) (-2048 -2048 56 ) (-2048 -1520 56 ) (-1848 -1520 56 ) 
4 1750 1752 (-1408 -1024 -8 ) (-1408 -1596 -8 ) (-1408 -1596 56 ) (-1408 -1024 56 ) 
4 1750 1751 (-1408 -1596 56 ) (-1408 -1596 -8 ) (-1360 -1596 -8 ) (-1360 -1596 56 ) 
4 1751 1752 (-1408 -1596 -8 ) (-1408 -1636 -8 ) (-1408 -1636 56 ) (-1408 -1596 56 ) 
4 1752 1891 (-1408 -2048 56 ) (-1840 -2048 56 ) (-1840 -2048 -8 ) (-1408 -2048 -8 ) 
4 1752 1753 (-1840 -1520 -8 ) (-1840 -2048 -8 ) (-1840 -2048 56 ) (-1840 -1520 56 ) 
4 1753 1891 (-1840 -2048 56 ) (-1848 -2048 56 ) (-1848 -2048 -8 ) (-1840 -2048 -8 ) 
4 1753 1755 (-1848 -1520 -8 ) (-1848 -2048 -8 ) (-1848 -2048 56 ) (-1848 -1520 56 ) 
4 1754 1773 (-2048 -1512 56 ) (-2048 -1024 56 ) (-2048 -1024 -8 ) (-2048 -1512 -8 ) 
4 1755 1891 (-1848 -2048 56 ) (-2048 -2048 56 ) (-2048 -2048 -8 ) (-1848 -2048 -8 ) 
4 1755 1779 (-2048 -2048 -8 ) (-2048 -2048 56 ) (-2048 -1776 56 ) (-2048 -1776 -8 ) 
4 1755 1776 (-2048 -1776 56 ) (-2048 -1520 56 ) (-2048 -1520 -8 ) (-2048 -1776 -8 ) 
4 1756 1780 (-2552 -1024 1104 ) (-3072 -1024 1104 ) (-3072 -1024 136 ) (-2552 -1024 136 ) 
4 1756 1772 (-2048 -1024 136 ) (-2048 -1024 1104 ) (-2552 -1024 1104 ) (-2552 -1024 136 ) 
4 1756 1763 (-3072 0 1104 ) (-3072 0 136 ) (-3072 -1024 136 ) (-3072 -1024 1104 ) 
4 1756 1762 (-2552 -1024 136 ) (-3072 -1024 136 ) (-3072 -936 136 ) (-2552 -936 136 ) 
4 1756 1761 (-2048 -1024 136 ) (-2544 -1024 136 ) (-2544 -936 136 ) (-2048 -936 136 ) 
4 1756 1760 (-2544 -928 136 ) (-2048 -928 136 ) (-2048 -936 136 ) (-2544 -936 136 ) 
4 1756 1759 (-3072 -928 136 ) (-3072 -564 136 ) (-2048 -564 136 ) (-2048 -928 136 ) 
4 1756 1758 (-3072 -564 136 ) (-3072 -192 136 ) (-2660 -192 136 ) (-2660 -564 136 ) 
4 1756 1757 (-2652 0 136 ) (-2048 0 136 ) (-2048 -556 136 ) (-2652 -556 136 ) 
4 1758 1764 (-3072 -192 40 ) (-3072 -564 40 ) (-3072 -564 136 ) (-3072 -192 136 ) 
4 1758 1759 (-2660 -564 136 ) (-3072 -564 136 ) (-3072 -564 40 ) (-2660 -564 40 ) 
4 1759 1764 (-3072 -928 40 ) (-3072 -928 136 ) (-3072 -564 136 ) (-3072 -564 40 ) 
4 1759 1760 (-2048 -928 136 ) (-2544 -928 136 ) (-2544 -928 88 ) (-2048 -928 88 ) 
4 1760 1761 (-2048 -936 88 ) (-2048 -936 136 ) (-2544 -936 136 ) (-2544 -936 88 ) 
4 1761 1773 (-2048 -1024 -8 ) (-2048 -1024 136 ) (-2544 -1024 136 ) (-2544 -1024 -8 ) 
4 1762 1780 (-2552 -1024 40 ) (-2552 -1024 136 ) (-3072 -1024 136 ) (-3072 -1024 40 ) 
4 1762 1765 (-3072 -1024 40 ) (-3072 -1024 136 ) (-3072 -936 136 ) (-3072 -936 40 ) 
4 1763 1967 (-4096 -564 136 ) (-4096 -1024 136 ) (-4096 -1024 1104 ) (-4096 -564 1104 ) 
4 1763 1965 (-4096 0 1104 ) (-4096 0 136 ) (-4096 -564 136 ) (-4096 -564 1104 ) 
4 1763 1785 (-3224 -1024 1104 ) (-4096 -1024 1104 ) (-4096 -1024 136 ) (-3224 -1024 136 ) 
4 1763 1783 (-3222 -1024 328 ) (-3224 -1024 328 ) (-3224 -1024 136 ) (-3222 -1024 136 ) 
4 1763 1782 (-3072 -1024 136 ) (-3072 -1024 328 ) (-3222 -1024 328 ) (-3222 -1024 136 ) 
4 1763 1781 (-3072 -1024 328 ) (-3072 -1024 1104 ) (-3224 -1024 1104 ) (-3224 -1024 328 ) 
4 1763 1770 (-4012 -1024 136 ) (-4096 -1024 136 ) (-4096 -928 136 ) (-4012 -928 136 ) 
4 1763 1769 (-3232 -1024 136 ) (-4004 -1024 136 ) (-4004 -936 136 ) (-3232 -936 136 ) 
4 1763 1767 (-3232 -564 136 ) (-3232 -928 136 ) (-3600 -928 136 ) (-3600 -564 136 ) 
4 1763 1768 (-4096 -928 136 ) (-4096 -192 136 ) (-3600 -192 136 ) (-3600 -928 136 ) 
4 1763 1766 (-4096 -192 136 ) (-4096 0 136 ) (-3600 0 136 ) (-3600 -192 136 ) 
4 1763 1765 (-3072 -1024 136 ) (-3224 -1024 136 ) (-3224 -936 136 ) (-3072 -936 136 ) 
4 1763 1764 (-3232 -928 136 ) (-3232 -192 136 ) (-3072 -192 136 ) (-3072 -928 136 ) 
4 1764 1767 (-3232 -564 40 ) (-3232 -928 40 ) (-3232 -928 136 ) (-3232 -564 136 ) 
4 1765 1783 (-3222 -1024 136 ) (-3224 -1024 136 ) (-3224 -1024 40 ) (-3222 -1024 40 ) 
4 1765 1782 (-3072 -1024 40 ) (-3072 -1024 136 ) (-3222 -1024 136 ) (-3222 -1024 40 ) 
4 1766 1965 (-4096 0 136 ) (-4096 0 40 ) (-4096 -192 40 ) (-4096 -192 136 ) 
4 1766 1771 (-4096 0 40 ) (-3600 0 40 ) (-3600 -192 40 ) (-4096 -192 40 ) 
4 1766 1768 (-4096 -192 40 ) (-3600 -192 40 ) (-3600 -192 136 ) (-4096 -192 136 ) 
4 1767 1768 (-3600 -564 40 ) (-3600 -928 40 ) (-3600 -928 136 ) (-3600 -564 136 ) 
4 1768 1967 (-4096 -564 40 ) (-4096 -928 40 ) (-4096 -928 136 ) (-4096 -564 136 ) 
4 1768 1965 (-4096 -192 40 ) (-4096 -564 40 ) (-4096 -564 136 ) (-4096 -192 136 ) 
4 1768 1771 (-4096 -564 40 ) (-4096 -192 40 ) (-3600 -192 40 ) (-3600 -564 40 ) 
4 1768 1770 (-4096 -928 40 ) (-4012 -928 40 ) (-4012 -928 136 ) (-4096 -928 136 ) 
4 1769 1786 (-3232 -1024 136 ) (-4004 -1024 136 ) (-4004 -1024 40 ) (-3232 -1024 40 ) 
4 1770 1967 (-4096 -928 40 ) (-4096 -1024 40 ) (-4096 -1024 136 ) (-4096 -928 136 ) 
4 1770 1787 (-4012 -1024 136 ) (-4096 -1024 136 ) (-4096 -1024 40 ) (-4012 -1024 40 ) 
4 1771 1965 (-4096 0 40 ) (-4096 0 32 ) (-4096 -564 32 ) (-4096 -564 40 ) 
4 1772 1780 (-2552 -1776 136 ) (-2552 -1776 1104 ) (-2552 -1024 1104 ) (-2552 -1024 136 ) 
4 1772 1779 (-2552 -1776 1104 ) (-2552 -1776 136 ) (-2048 -1776 136 ) (-2048 -1776 1104 ) 
4 1772 1778 (-2232 -1776 136 ) (-2552 -1776 136 ) (-2552 -1768 136 ) (-2240 -1768 136 ) 
4 1772 1777 (-2544 -1512 136 ) (-2496 -1512 136 ) (-2240 -1768 136 ) (-2544 -1768 136 ) 
4 1772 1774 (-2048 -1776 136 ) (-2232 -1776 136 ) (-2496 -1512 136 ) (-2048 -1512 136 ) 
4 1772 1773 (-2544 -1024 136 ) (-2048 -1024 136 ) (-2048 -1512 136 ) (-2544 -1512 136 ) 
4 1773 1777 (-2496 -1512 136 ) (-2544 -1512 136 ) (-2544 -1512 -8 ) (-2496 -1512 -8 ) 
4 1773 1775 (-2496 -1512 88 ) (-2496 -1512 -8 ) (-2104 -1512 -8 ) (-2104 -1512 88 ) 
4 1773 1774 (-2048 -1512 136 ) (-2496 -1512 136 ) (-2496 -1512 88 ) (-2048 -1512 88 ) 
4 1774 1779 (-2048 -1776 88 ) (-2048 -1776 136 ) (-2232 -1776 136 ) (-2232 -1776 88 ) 
4 1774 1778 (-2240.003906 -1768 88 ) (-2232.003906 -1776 88 ) (-2232.003906 -1776 136 ) (-2240.003906 -1768 136 ) 
4 1774 1777 (-2496.001953 -1512 136 ) (-2496.001953 -1512 88 ) (-2240.003906 -1768 88 ) (-2240.003906 -1768 136 ) 
5 1774 1776 (-2048 -1776 88 ) (-2231.996094 -1776 88 ) (-2231.998535 -1775.997437 88 ) (-2096 -1520 88 ) (-2048 -1520 88 ) 
3 1774 1775 (-2239.998779 -1767.997437 88 ) (-2495.996094 -1512 88 ) (-2104 -1512 88 ) 
4 1775 1777 (-2496.001953 -1512 88 ) (-2496.001953 -1512 -8 ) (-2240.001465 -1768.002441 -8 ) (-2240.001465 -1768.002441 88 ) 
4 1776 1779 (-2232 -1776 -8 ) (-2048 -1776 -8 ) (-2048 -1776 88 ) (-2232 -1776 88 ) 
4 1777 1778 (-2240 -1768 88 ) (-2240 -1768 136 ) (-2544 -1768 136 ) (-2544 -1768 134.769226 ) 
3 1778 1779 (-2552 -1776 136 ) (-2232 -1776 86.769211 ) (-2232 -1776 136 ) 
5 1779 1919 (-2048 -2048 -8 ) (-2048 -2048 1104 ) (-2552 -2048 1104 ) (-2552 -2048 40 ) (-2480 -2048 -8 ) 
4 1779 1780 (-2552 -2048 40 ) (-2552 -2048 1104 ) (-2552 -1776 1104 ) (-2552 -1776 40 ) 
4 1780 1928 (-3072 -2048 1104 ) (-3072 -2048 40 ) (-2552 -2048 40 ) (-2552 -2048 1104 ) 
4 1780 1782 (-3072 -1024 328 ) (-3072 -1024 40 ) (-3072 -2048 40 ) (-3072 -2048 328 ) 
4 1780 1781 (-3072 -1024 1104 ) (-3072 -1024 328 ) (-3072 -2048 328 ) (-3072 -2048 1104 ) 
4 1781 1932 (-3072 -2048 328 ) (-3072 -2048 1104 ) (-3224 -2048 1104 ) (-3224 -2048 328 ) 
4 1781 1792 (-3224 -2048 328 ) (-3224 -2048 1104 ) (-3224 -2012 1104 ) (-3224 -2012 328 ) 
4 1781 1790 (-3224 -2012 1104 ) (-3224 -1916 1104 ) (-3224 -1916 328 ) (-3224 -2012 328 ) 
4 1781 1789 (-3224 -1916 1104 ) (-3224 -1280 1104 ) (-3224 -1280 328 ) (-3224 -1916 328 ) 
4 1781 1788 (-3224 -1280 1104 ) (-3224 -1272 1104 ) (-3224 -1272 328 ) (-3224 -1280 328 ) 
4 1781 1785 (-3224 -1272 1104 ) (-3224 -1024 1104 ) (-3224 -1024 328 ) (-3224 -1272 328 ) 
4 1781 1783 (-3224 -1534 328 ) (-3224 -1024 328 ) (-3222 -1024 328 ) (-3222 -1534 328 ) 
4 1781 1784 (-3224 -2048 328 ) (-3224 -1662 328 ) (-3222 -1662 328 ) (-3222 -2048 328 ) 
4 1781 1782 (-3222 -1024 328 ) (-3072 -1024 328 ) (-3072 -2048 328 ) (-3222 -2048 328 ) 
4 1782 1932 (-3072 -2048 40 ) (-3072 -2048 328 ) (-3222 -2048 328 ) (-3222 -2048 40 ) 
4 1782 1783 (-3222 -1024 40 ) (-3222 -1534 40 ) (-3222 -1534 328 ) (-3222 -1024 328 ) 
4 1782 1784 (-3222 -1662 40 ) (-3222 -2048 40 ) (-3222 -2048 328 ) (-3222 -1662 328 ) 
4 1783 1785 (-3224 -1272 328 ) (-3224 -1024 328 ) (-3224 -1024 136 ) (-3224 -1272 136 ) 
4 1784 1932 (-3222 -2048 328 ) (-3224 -2048 328 ) (-3224 -2048 40 ) (-3222 -2048 40 ) 
4 1784 1791 (-3224 -1916 172 ) (-3224 -1916 64 ) (-3224 -2012 64 ) (-3224 -2012 172 ) 
4 1785 1970 (-4096 -1272 136 ) (-4096 -1272 1104 ) (-4096 -1024 1104 ) (-4096 -1024 136 ) 
4 1785 1788 (-3224 -1272 328 ) (-3224 -1272 1104 ) (-4096 -1272 1104 ) (-4096 -1272 328 ) 
4 1785 1786 (-3232 -1272 136 ) (-4004 -1272 136 ) (-4004 -1024 136 ) (-3232 -1024 136 ) 
4 1785 1787 (-4012 -1272 136 ) (-4096 -1272 136 ) (-4096 -1024 136 ) (-4012 -1024 136 ) 
4 1787 1970 (-4096 -1272 40 ) (-4096 -1272 136 ) (-4096 -1024 136 ) (-4096 -1024 40 ) 
4 1788 1971 (-4096 -1280 328 ) (-4096 -1280 1104 ) (-4096 -1272 1104 ) (-4096 -1272 328 ) 
4 1788 1793 (-4096 -1280 1104 ) (-4096 -1280 328 ) (-3232 -1280 328 ) (-3232 -1280 1104 ) 
4 1788 1789 (-3232 -1280 328 ) (-3224 -1280 328 ) (-3224 -1280 1104 ) (-3232 -1280 1104 ) 
4 1789 1793 (-3232 -1280 1104 ) (-3232 -1280 328 ) (-3232 -1916 328 ) (-3232 -1916 1104 ) 
4 1789 1790 (-3232 -1916 1104 ) (-3232 -1916 328 ) (-3224 -1916 328 ) (-3224 -1916 1104 ) 
4 1790 1793 (-3232 -2012 328 ) (-3232 -2012 1104 ) (-3232 -1916 1104 ) (-3232 -1916 328 ) 
4 1790 1792 (-3232 -2012 1104 ) (-3232 -2012 328 ) (-3224 -2012 328 ) (-3224 -2012 1104 ) 
4 1791 1796 (-3232 -1916 64 ) (-3232 -2012 64 ) (-3232 -2012 172 ) (-3232 -1916 172 ) 
4 1792 1933 (-3224 -2048 328 ) (-3224 -2048 1104 ) (-3232 -2048 1104 ) (-3232 -2048 328 ) 
4 1792 1793 (-3232 -2048 328 ) (-3232 -2048 1104 ) (-3232 -2012 1104 ) (-3232 -2012 328 ) 
4 1793 1972 (-4096 -2048 328 ) (-4096 -2048 1104 ) (-4096 -1280 1104 ) (-4096 -1280 328 ) 
4 1793 1934 (-3232 -2048 328 ) (-3232 -2048 1104 ) (-4096 -2048 1104 ) (-4096 -2048 328 ) 
4 1794 1935 (-3232 -2048 196 ) (-3232 -2048 320 ) (-3416 -2048 320 ) (-3416 -2048 196 ) 
4 1794 1796 (-3416 -1280 196 ) (-3232 -1280 196 ) (-3232 -2048 196 ) (-3416 -2048 196 ) 
4 1795 1973 (-4096 -2048 196 ) (-4096 -2048 320 ) (-4096 -1280 320 ) (-4096 -1280 196 ) 
4 1795 1936 (-3424 -2048 320 ) (-4096 -2048 320 ) (-4096 -2048 196 ) (-3424 -2048 196 ) 
4 1795 1798 (-4096 -2048 196 ) (-4096 -1280 196 ) (-3424 -1280 196 ) (-3424 -2048 196 ) 
4 1796 1937 (-3232 -2048 64 ) (-3232 -2048 196 ) (-3416 -2048 196 ) (-3416 -2048 64 ) 
4 1796 1797 (-3416 -1916 64 ) (-3416 -2012 64 ) (-3416 -2012 196 ) (-3416 -1916 196 ) 
4 1797 1798 (-3424 -1916 64 ) (-3424 -2012 64 ) (-3424 -2012 196 ) (-3424 -1916 196 ) 
4 1798 1973 (-4096 -2048 64 ) (-4096 -2048 196 ) (-4096 -1280 196 ) (-4096 -1280 64 ) 
4 1798 1938 (-3424 -2048 196 ) (-4096 -2048 196 ) (-4096 -2048 64 ) (-3424 -2048 64 ) 
4 1799 1931 (-2048 -3000 464 ) (-2048 -3072 464 ) (-2048 -3072 1104 ) (-2048 -3000 1104 ) 
4 1799 1929 (-2048 -2992 464 ) (-2048 -3000 464 ) (-2048 -3000 1104 ) (-2048 -2992 1104 ) 
4 1799 1920 (-2048 -2152 464 ) (-2048 -2992 464 ) (-2048 -2992 1104 ) (-2048 -2152 1104 ) 
4 1799 1919 (-2048 -2048 1104 ) (-2048 -2048 464 ) (-2048 -2152 464 ) (-2048 -2152 1104 ) 
4 1799 1901 (-1024 -3072 464 ) (-1024 -3072 1104 ) (-2048 -3072 1104 ) (-2048 -3072 464 ) 
4 1799 1808 (-2048 -2804 464 ) (-2048 -2796 464 ) (-1464 -2796 464 ) (-1464 -2804 464 ) 
4 1799 1809 (-2048 -3072 464 ) (-2048 -2804 464 ) (-1024 -2804 464 ) (-1024 -3072 464 ) 
4 1799 1806 (-1464 -2484 464 ) (-1456 -2484 464 ) (-1456 -2676 464 ) (-1464 -2676 464 ) 
4 1799 1807 (-2048 -2796 464 ) (-2048 -2484 464 ) (-1464 -2484 464 ) (-1464 -2796 464 ) 
4 1799 1804 (-1456 -2484 464 ) (-1320 -2484 464 ) (-1320 -2676 464 ) (-1456 -2676 464 ) 
4 1799 1801 (-2048 -2484 464 ) (-2048 -2048 464 ) (-1320 -2048 464 ) (-1320 -2484 464 ) 
4 1800 1810 (-1312 -2048 426 ) (-1024 -2048 426 ) (-1024 -2484 426 ) (-1312 -2484 426 ) 
4 1800 1802 (-1232 -2484 426 ) (-1184 -2484 426 ) (-1184 -2484 436 ) (-1232 -2484 436 ) 
4 1801 1920 (-2048 -2152 426 ) (-2048 -2484 426 ) (-2048 -2484 464 ) (-2048 -2152 464 ) 
4 1801 1919 (-2048 -2048 464 ) (-2048 -2048 426 ) (-2048 -2152 426 ) (-2048 -2152 464 ) 
4 1801 1812 (-2048 -2484 426 ) (-2048 -2048 426 ) (-1320 -2048 426 ) (-1320 -2484 426 ) 
4 1801 1806 (-1464 -2484 426 ) (-1456 -2484 426 ) (-1456 -2484 464 ) (-1464 -2484 464 ) 
4 1801 1807 (-2048 -2484 426 ) (-1464 -2484 426 ) (-1464 -2484 464 ) (-2048 -2484 464 ) 
4 1801 1804 (-1456 -2484 426 ) (-1320 -2484 426 ) (-1320 -2484 464 ) (-1456 -2484 464 ) 
4 1802 1813 (-1232 -2484 426 ) (-1184 -2484 426 ) (-1184 -2492 426 ) (-1232 -2492 426 ) 
4 1802 1803 (-1232 -2492 436 ) (-1232 -2492 426 ) (-1184 -2492 426 ) (-1184 -2492 436 ) 
4 1803 1814 (-1024 -2492 426 ) (-1024 -2796 426 ) (-1312 -2796 426 ) (-1312 -2492 426 ) 
4 1803 1805 (-1312 -2684 426 ) (-1312 -2796 426 ) (-1312 -2796 456 ) (-1312 -2684 456 ) 
4 1804 1816 (-1456 -2484 426 ) (-1320 -2484 426 ) (-1320 -2676 426 ) (-1456 -2676 426 ) 
4 1804 1806 (-1456 -2484 464 ) (-1456 -2484 426 ) (-1456 -2676 426 ) (-1456 -2676 464 ) 
4 1805 1817 (-1320 -2796 426 ) (-1456 -2796 426 ) (-1456 -2684 426 ) (-1320 -2684 426 ) 
4 1805 1815 (-1312 -2684 426 ) (-1312 -2796 426 ) (-1320 -2796 426 ) (-1320 -2684 426 ) 
4 1806 1818 (-1464 -2484 426 ) (-1456 -2484 426 ) (-1456 -2676 426 ) (-1464 -2676 426 ) 
4 1806 1807 (-1464 -2484 464 ) (-1464 -2484 426 ) (-1464 -2676 426 ) (-1464 -2676 464 ) 
4 1807 1920 (-2048 -2484 426 ) (-2048 -2796 426 ) (-2048 -2796 464 ) (-2048 -2484 464 ) 
4 1807 1819 (-2048 -2796 426 ) (-2048 -2484 426 ) (-1464 -2484 426 ) (-1464 -2796 426 ) 
4 1807 1808 (-2048 -2796 426 ) (-1464 -2796 426 ) (-1464 -2796 464 ) (-2048 -2796 464 ) 
4 1808 1920 (-2048 -2796 426 ) (-2048 -2804 426 ) (-2048 -2804 464 ) (-2048 -2796 464 ) 
4 1808 1822 (-2048 -2804 426 ) (-2048 -2796 426 ) (-1464 -2796 426 ) (-1464 -2804 426 ) 
4 1808 1809 (-2048 -2804 426 ) (-1464 -2804 426 ) (-1464 -2804 464 ) (-2048 -2804 464 ) 
4 1809 1931 (-2048 -3000 426 ) (-2048 -3072 426 ) (-2048 -3072 464 ) (-2048 -3000 464 ) 
4 1809 1929 (-2048 -2992 426 ) (-2048 -3000 426 ) (-2048 -3000 464 ) (-2048 -2992 464 ) 
4 1809 1920 (-2048 -2804 426 ) (-2048 -2992 426 ) (-2048 -2992 464 ) (-2048 -2804 464 ) 
4 1809 1901 (-1024 -3072 426 ) (-1024 -3072 464 ) (-2048 -3072 464 ) (-2048 -3072 426 ) 
4 1809 1823 (-1024 -3072 426 ) (-2048 -3072 426 ) (-2048 -2804 426 ) (-1024 -2804 426 ) 
4 1810 1824 (-1312 -2048 366 ) (-1024 -2048 366 ) (-1024 -2484 366 ) (-1312 -2484 366 ) 
4 1810 1813 (-1232 -2484 366 ) (-1184 -2484 366 ) (-1184 -2484 426 ) (-1232 -2484 426 ) 
4 1810 1811 (-1312 -2360 366 ) (-1312 -2416 366 ) (-1312 -2416 426 ) (-1312 -2360 426 ) 
4 1811 1812 (-1320 -2360 366 ) (-1320 -2416 366 ) (-1320 -2416 426 ) (-1320 -2360 426 ) 
4 1812 1920 (-2048 -2152 366 ) (-2048 -2484 366 ) (-2048 -2484 426 ) (-2048 -2152 426 ) 
4 1812 1919 (-2048 -2048 426 ) (-2048 -2048 366 ) (-2048 -2152 366 ) (-2048 -2152 426 ) 
4 1812 1830 (-1464 -2048 366 ) (-1456 -2048 366 ) (-1456 -2484 366 ) (-1464 -2484 366 ) 
4 1812 1831 (-2048 -2484 366 ) (-2048 -2048 366 ) (-1464 -2048 366 ) (-1464 -2484 366 ) 
4 1812 1828 (-1456 -2048 366 ) (-1320 -2048 366 ) (-1320 -2484 366 ) (-1456 -2484 366 ) 
4 1812 1818 (-1464 -2484 366 ) (-1456 -2484 366 ) (-1456 -2484 426 ) (-1464 -2484 426 ) 
4 1812 1819 (-2048 -2484 366 ) (-1464 -2484 366 ) (-1464 -2484 426 ) (-2048 -2484 426 ) 
4 1812 1816 (-1456 -2484 366 ) (-1320 -2484 366 ) (-1320 -2484 426 ) (-1456 -2484 426 ) 
4 1813 1825 (-1232 -2484 366 ) (-1184 -2484 366 ) (-1184 -2492 366 ) (-1232 -2492 366 ) 
4 1813 1814 (-1232 -2492 366 ) (-1184 -2492 366 ) (-1184 -2492 426 ) (-1232 -2492 426 ) 
4 1814 1826 (-1024 -2492 366 ) (-1024 -2796 366 ) (-1312 -2796 366 ) (-1312 -2492 366 ) 
4 1814 1820 (-1184 -2796 366 ) (-1128 -2796 366 ) (-1128 -2796 426 ) (-1184 -2796 426 ) 
4 1814 1815 (-1312 -2684 366 ) (-1312 -2796 366 ) (-1312 -2796 426 ) (-1312 -2684 426 ) 
4 1815 1827 (-1312 -2684 366 ) (-1312 -2796 366 ) (-1320 -2796 366 ) (-1320 -2684 366 ) 
4 1815 1817 (-1320 -2684 366 ) (-1320 -2796 366 ) (-1320 -2796 426 ) (-1320 -2684 426 ) 
4 1816 1828 (-1456 -2484 366 ) (-1320 -2484 366 ) (-1320 -2676 366 ) (-1456 -2676 366 ) 
4 1816 1818 (-1456 -2484 426 ) (-1456 -2484 366 ) (-1456 -2676 366 ) (-1456 -2676 426 ) 
4 1817 1829 (-1320 -2684 366 ) (-1320 -2796 366 ) (-1456 -2796 366 ) (-1456 -2684 366 ) 
4 1817 1821 (-1408 -2796 366 ) (-1352 -2796 366 ) (-1352 -2796 426 ) (-1408 -2796 426 ) 
4 1818 1830 (-1464 -2484 366 ) (-1456 -2484 366 ) (-1456 -2676 366 ) (-1464 -2676 366 ) 
4 1818 1819 (-1464 -2484 426 ) (-1464 -2484 366 ) (-1464 -2676 366 ) (-1464 -2676 426 ) 
4 1819 1920 (-2048 -2484 366 ) (-2048 -2796 366 ) (-2048 -2796 426 ) (-2048 -2484 426 ) 
4 1819 1831 (-2048 -2796 366 ) (-2048 -2484 366 ) (-1464 -2484 366 ) (-1464 -2796 366 ) 
4 1819 1822 (-2048 -2796 366 ) (-1464 -2796 366 ) (-1464 -2796 426 ) (-2048 -2796 426 ) 
4 1820 1823 (-1184 -2804 366 ) (-1128 -2804 366 ) (-1128 -2804 426 ) (-1184 -2804 426 ) 
4 1821 1823 (-1408 -2804 366 ) (-1352 -2804 366 ) (-1352 -2804 426 ) (-1408 -2804 426 ) 
4 1822 1920 (-2048 -2796 366 ) (-2048 -2804 366 ) (-2048 -2804 426 ) (-2048 -2796 426 ) 
4 1822 1831 (-2048 -2804 366 ) (-2048 -2796 366 ) (-1464 -2796 366 ) (-1464 -2804 366 ) 
4 1822 1823 (-2048 -2804 366 ) (-1464 -2804 366 ) (-1464 -2804 426 ) (-2048 -2804 426 ) 
4 1823 1931 (-2048 -3000 366 ) (-2048 -3072 366 ) (-2048 -3072 426 ) (-2048 -3000 426 ) 
4 1823 1929 (-2048 -2992 366 ) (-2048 -3000 366 ) (-2048 -3000 426 ) (-2048 -2992 426 ) 
4 1823 1920 (-2048 -2804 366 ) (-2048 -2992 366 ) (-2048 -2992 426 ) (-2048 -2804 426 ) 
4 1823 1901 (-1024 -3072 366 ) (-1024 -3072 426 ) (-2048 -3072 426 ) (-2048 -3072 366 ) 
4 1823 1832 (-2048 -3072 366 ) (-2048 -2804 366 ) (-1024 -2804 366 ) (-1024 -3072 366 ) 
4 1824 1825 (-1232 -2484 328 ) (-1184 -2484 328 ) (-1184 -2484 366 ) (-1232 -2484 366 ) 
4 1825 1826 (-1232 -2492 328 ) (-1184 -2492 328 ) (-1184 -2492 366 ) (-1232 -2492 366 ) 
4 1826 1827 (-1312 -2684 328 ) (-1312 -2796 328 ) (-1312 -2796 366 ) (-1312 -2684 366 ) 
4 1827 1829 (-1320 -2684 328 ) (-1320 -2796 328 ) (-1320 -2796 366 ) (-1320 -2684 366 ) 
4 1828 1841 (-1456 -2048 328 ) (-1320 -2048 328 ) (-1320 -2676 328 ) (-1456 -2676 328 ) 
4 1828 1830 (-1456 -2048 328 ) (-1456 -2676 328 ) (-1456 -2676 366 ) (-1456 -2048 366 ) 
4 1830 1845 (-1464 -2048 328 ) (-1456 -2048 328 ) (-1456 -2676 328 ) (-1464 -2676 328 ) 
4 1830 1831 (-1464 -2048 328 ) (-1464 -2676 328 ) (-1464 -2676 366 ) (-1464 -2048 366 ) 
4 1831 1920 (-2048 -2152 328 ) (-2048 -2804 328 ) (-2048 -2804 366 ) (-2048 -2152 366 ) 
4 1831 1919 (-2048 -2048 366 ) (-2048 -2048 328 ) (-2048 -2152 328 ) (-2048 -2152 366 ) 
4 1831 1847 (-2048 -2804 328 ) (-2048 -2048 328 ) (-1464 -2048 328 ) (-1464 -2804 328 ) 
4 1831 1832 (-2048 -2804 328 ) (-1464 -2804 328 ) (-1464 -2804 366 ) (-2048 -2804 366 ) 
4 1832 1931 (-2048 -3000 328 ) (-2048 -3072 328 ) (-2048 -3072 366 ) (-2048 -3000 366 ) 
4 1832 1929 (-2048 -2992 328 ) (-2048 -3000 328 ) (-2048 -3000 366 ) (-2048 -2992 366 ) 
4 1832 1920 (-2048 -2804 328 ) (-2048 -2992 328 ) (-2048 -2992 366 ) (-2048 -2804 366 ) 
4 1832 1901 (-1024 -3072 328 ) (-1024 -3072 366 ) (-2048 -3072 366 ) (-2048 -3072 328 ) 
4 1832 1846 (-1456 -3072 328 ) (-1464 -3072 328 ) (-1464 -2804 328 ) (-1456 -2804 328 ) 
4 1832 1847 (-1464 -3072 328 ) (-2048 -3072 328 ) (-2048 -2804 328 ) (-1464 -2804 328 ) 
4 1832 1844 (-1320 -3072 328 ) (-1456 -3072 328 ) (-1456 -2804 328 ) (-1320 -2804 328 ) 
4 1832 1840 (-1312 -3072 328 ) (-1320 -3072 328 ) (-1320 -2804 328 ) (-1312 -2804 328 ) 
4 1832 1837 (-1024 -3072 328 ) (-1312 -3072 328 ) (-1312 -2804 328 ) (-1024 -2804 328 ) 
4 1833 1848 (-1312 -2048 230 ) (-1024 -2048 230 ) (-1024 -2484 230 ) (-1312 -2484 230 ) 
4 1833 1838 (-1312 -2360 230 ) (-1312 -2416 230 ) (-1312 -2416 290 ) (-1312 -2360 290 ) 
4 1833 1834 (-1232 -2484 300 ) (-1232 -2484 230 ) (-1184 -2484 230 ) (-1184 -2484 300 ) 
4 1834 1849 (-1184 -2492 230 ) (-1232 -2492 230 ) (-1232 -2484 230 ) (-1184 -2484 230 ) 
4 1834 1835 (-1232 -2492 300 ) (-1232 -2492 230 ) (-1184 -2492 230 ) (-1184 -2492 300 ) 
4 1835 1850 (-1024 -2492 230 ) (-1024 -2796 230 ) (-1312 -2796 230 ) (-1312 -2492 230 ) 
4 1835 1839 (-1312 -2684 230 ) (-1312 -2796 230 ) (-1312 -2796 320 ) (-1312 -2684 320 ) 
4 1835 1836 (-1184 -2796 230 ) (-1128 -2796 230 ) (-1128 -2796 290 ) (-1184 -2796 290 ) 
4 1836 1837 (-1184 -2804 230 ) (-1128 -2804 230 ) (-1128 -2804 290 ) (-1184 -2804 290 ) 
4 1837 1901 (-1024 -3072 230 ) (-1024 -3072 328 ) (-1312 -3072 328 ) (-1312 -3072 230 ) 
4 1837 1856 (-1024 -2804 230 ) (-1024 -3072 230 ) (-1312 -3072 230 ) (-1312 -2804 230 ) 
4 1837 1840 (-1312 -2804 230 ) (-1312 -3072 230 ) (-1312 -3072 328 ) (-1312 -2804 328 ) 
4 1838 1841 (-1320 -2360 230 ) (-1320 -2416 230 ) (-1320 -2416 290 ) (-1320 -2360 290 ) 
4 1839 1851 (-1312 -2684 230 ) (-1312 -2796 230 ) (-1320 -2796 230 ) (-1320 -2684 230 ) 
4 1839 1842 (-1320 -2684 230 ) (-1320 -2796 230 ) (-1320 -2796 320 ) (-1320 -2684 320 ) 
4 1840 1901 (-1312 -3072 328 ) (-1320 -3072 328 ) (-1320 -3072 230 ) (-1312 -3072 230 ) 
4 1840 1856 (-1312 -2804 230 ) (-1312 -3072 230 ) (-1320 -3072 230 ) (-1320 -2804 230 ) 
4 1840 1844 (-1320 -2804 230 ) (-1320 -3072 230 ) (-1320 -3072 328 ) (-1320 -2804 328 ) 
4 1841 1852 (-1456 -2048 230 ) (-1320 -2048 230 ) (-1320 -2676 230 ) (-1456 -2676 230 ) 
4 1841 1845 (-1456 -2048 230 ) (-1456 -2676 230 ) (-1456 -2676 328 ) (-1456 -2048 328 ) 
4 1842 1853 (-1320 -2684 230 ) (-1320 -2796 230 ) (-1456 -2796 230 ) (-1456 -2684 230 ) 
4 1842 1843 (-1408 -2796 230 ) (-1352 -2796 230 ) (-1352 -2796 290 ) (-1408 -2796 290 ) 
4 1843 1844 (-1408 -2804 230 ) (-1352 -2804 230 ) (-1352 -2804 290 ) (-1408 -2804 290 ) 
4 1844 1901 (-1320 -3072 328 ) (-1456 -3072 328 ) (-1456 -3072 230 ) (-1320 -3072 230 ) 
4 1844 1856 (-1320 -2804 230 ) (-1320 -3072 230 ) (-1456 -3072 230 ) (-1456 -2804 230 ) 
4 1844 1846 (-1456 -2804 230 ) (-1456 -3072 230 ) (-1456 -3072 328 ) (-1456 -2804 328 ) 
4 1845 1854 (-1464 -2048 230 ) (-1456 -2048 230 ) (-1456 -2676 230 ) (-1464 -2676 230 ) 
4 1845 1847 (-1464 -2048 230 ) (-1464 -2676 230 ) (-1464 -2676 328 ) (-1464 -2048 328 ) 
4 1846 1901 (-1456 -3072 328 ) (-1464 -3072 328 ) (-1464 -3072 230 ) (-1456 -3072 230 ) 
4 1846 1856 (-1456 -2804 230 ) (-1456 -3072 230 ) (-1464 -3072 230 ) (-1464 -2804 230 ) 
4 1846 1847 (-1464 -2804 230 ) (-1464 -3072 230 ) (-1464 -3072 328 ) (-1464 -2804 328 ) 
4 1847 1931 (-2048 -3000 230 ) (-2048 -3072 230 ) (-2048 -3072 328 ) (-2048 -3000 328 ) 
4 1847 1929 (-2048 -2992 230 ) (-2048 -3000 230 ) (-2048 -3000 328 ) (-2048 -2992 328 ) 
4 1847 1920 (-2048 -2152 230 ) (-2048 -2992 230 ) (-2048 -2992 328 ) (-2048 -2152 328 ) 
4 1847 1919 (-2048 -2048 328 ) (-2048 -2048 230 ) (-2048 -2152 230 ) (-2048 -2152 328 ) 
4 1847 1901 (-1464 -3072 328 ) (-2048 -3072 328 ) (-2048 -3072 230 ) (-1464 -3072 230 ) 
4 1847 1855 (-2048 -2804 230 ) (-2048 -2048 230 ) (-1464 -2048 230 ) (-1464 -2804 230 ) 
4 1847 1856 (-2048 -3072 230 ) (-2048 -2804 230 ) (-1464 -2804 230 ) (-1464 -3072 230 ) 
4 1848 1849 (-1232 -2484 192 ) (-1184 -2484 192 ) (-1184 -2484 230 ) (-1232 -2484 230 ) 
4 1849 1850 (-1232 -2492 192 ) (-1184 -2492 192 ) (-1184 -2492 230 ) (-1232 -2492 230 ) 
4 1850 1851 (-1312 -2684 192 ) (-1312 -2796 192 ) (-1312 -2796 230 ) (-1312 -2684 230 ) 
4 1851 1853 (-1320 -2684 192 ) (-1320 -2796 192 ) (-1320 -2796 230 ) (-1320 -2684 230 ) 
4 1852 1865 (-1456 -2048 192 ) (-1320 -2048 192 ) (-1320 -2676 192 ) (-1456 -2676 192 ) 
4 1852 1854 (-1456 -2048 192 ) (-1456 -2676 192 ) (-1456 -2676 230 ) (-1456 -2048 230 ) 
4 1854 1869 (-1464 -2048 192 ) (-1456 -2048 192 ) (-1456 -2676 192 ) (-1464 -2676 192 ) 
4 1854 1855 (-1464 -2048 192 ) (-1464 -2676 192 ) (-1464 -2676 230 ) (-1464 -2048 230 ) 
4 1855 1920 (-2048 -2152 192 ) (-2048 -2804 192 ) (-2048 -2804 230 ) (-2048 -2152 230 ) 
4 1855 1919 (-2048 -2048 230 ) (-2048 -2048 192 ) (-2048 -2152 192 ) (-2048 -2152 230 ) 
4 1855 1871 (-2048 -2804 192 ) (-2048 -2048 192 ) (-1464 -2048 192 ) (-1464 -2804 192 ) 
4 1855 1856 (-2048 -2804 192 ) (-1464 -2804 192 ) (-1464 -2804 230 ) (-2048 -2804 230 ) 
4 1856 1931 (-2048 -3000 192 ) (-2048 -3072 192 ) (-2048 -3072 230 ) (-2048 -3000 230 ) 
4 1856 1929 (-2048 -2992 192 ) (-2048 -3000 192 ) (-2048 -3000 230 ) (-2048 -2992 230 ) 
4 1856 1920 (-2048 -2804 192 ) (-2048 -2992 192 ) (-2048 -2992 230 ) (-2048 -2804 230 ) 
4 1856 1901 (-1024 -3072 192 ) (-1024 -3072 230 ) (-2048 -3072 230 ) (-2048 -3072 192 ) 
4 1856 1870 (-1464 -2804 192 ) (-1456 -2804 192 ) (-1456 -3072 192 ) (-1464 -3072 192 ) 
4 1856 1871 (-2048 -3072 192 ) (-2048 -2804 192 ) (-1464 -2804 192 ) (-1464 -3072 192 ) 
4 1856 1868 (-1456 -2804 192 ) (-1320 -2804 192 ) (-1320 -3072 192 ) (-1456 -3072 192 ) 
4 1856 1864 (-1320 -2804 192 ) (-1312 -2804 192 ) (-1312 -3072 192 ) (-1320 -3072 192 ) 
4 1856 1861 (-1312 -2804 192 ) (-1024 -2804 192 ) (-1024 -3072 192 ) (-1312 -3072 192 ) 
4 1857 1872 (-1312 -2048 94 ) (-1024 -2048 94 ) (-1024 -2484 94 ) (-1312 -2484 94 ) 
4 1857 1862 (-1312 -2360 94 ) (-1312 -2416 94 ) (-1312 -2416 154 ) (-1312 -2360 154 ) 
4 1857 1858 (-1232 -2484 164 ) (-1232 -2484 94 ) (-1184 -2484 94 ) (-1184 -2484 164 ) 
4 1858 1873 (-1184 -2492 94 ) (-1232 -2492 94 ) (-1232 -2484 94 ) (-1184 -2484 94 ) 
4 1858 1859 (-1232 -2492 164 ) (-1232 -2492 94 ) (-1184 -2492 94 ) (-1184 -2492 164 ) 
4 1859 1874 (-1024 -2492 94 ) (-1024 -2796 94 ) (-1312 -2796 94 ) (-1312 -2492 94 ) 
4 1859 1863 (-1312 -2684 94 ) (-1312 -2796 94 ) (-1312 -2796 184 ) (-1312 -2684 184 ) 
4 1859 1860 (-1184 -2796 94 ) (-1128 -2796 94 ) (-1128 -2796 154 ) (-1184 -2796 154 ) 
4 1860 1861 (-1184 -2804 94 ) (-1128 -2804 94 ) (-1128 -2804 154 ) (-1184 -2804 154 ) 
4 1861 1901 (-1024 -3072 94 ) (-1024 -3072 192 ) (-1312 -3072 192 ) (-1312 -3072 94 ) 
4 1861 1875 (-1024 -2804 94 ) (-1024 -3072 94 ) (-1312 -3072 94 ) (-1312 -2804 94 ) 
4 1861 1864 (-1312 -2804 94 ) (-1312 -3072 94 ) (-1312 -3072 192 ) (-1312 -2804 192 ) 
4 1862 1865 (-1320 -2360 94 ) (-1320 -2416 94 ) (-1320 -2416 154 ) (-1320 -2360 154 ) 
4 1863 1876 (-1312 -2684 94 ) (-1312 -2796 94 ) (-1320 -2796 94 ) (-1320 -2684 94 ) 
4 1863 1866 (-1320 -2684 94 ) (-1320 -2796 94 ) (-1320 -2796 184 ) (-1320 -2684 184 ) 
4 1864 1901 (-1312 -3072 192 ) (-1320 -3072 192 ) (-1320 -3072 94 ) (-1312 -3072 94 ) 
4 1864 1877 (-1312 -2804 94 ) (-1312 -3072 94 ) (-1320 -3072 94 ) (-1320 -2804 94 ) 
4 1864 1868 (-1320 -2804 94 ) (-1320 -3072 94 ) (-1320 -3072 192 ) (-1320 -2804 192 ) 
4 1865 1878 (-1456 -2048 94 ) (-1320 -2048 94 ) (-1320 -2676 94 ) (-1456 -2676 94 ) 
4 1865 1869 (-1456 -2048 94 ) (-1456 -2676 94 ) (-1456 -2676 192 ) (-1456 -2048 192 ) 
4 1866 1879 (-1320 -2684 94 ) (-1320 -2796 94 ) (-1456 -2796 94 ) (-1456 -2684 94 ) 
4 1866 1867 (-1408 -2796 94 ) (-1352 -2796 94 ) (-1352 -2796 154 ) (-1408 -2796 154 ) 
4 1867 1868 (-1408 -2804 94 ) (-1352 -2804 94 ) (-1352 -2804 154 ) (-1408 -2804 154 ) 
4 1868 1901 (-1320 -3072 192 ) (-1456 -3072 192 ) (-1456 -3072 94 ) (-1320 -3072 94 ) 
4 1868 1880 (-1320 -2804 94 ) (-1320 -3072 94 ) (-1456 -3072 94 ) (-1456 -2804 94 ) 
4 1868 1870 (-1456 -2804 94 ) (-1456 -3072 94 ) (-1456 -3072 192 ) (-1456 -2804 192 ) 
4 1869 1881 (-1464 -2048 94 ) (-1456 -2048 94 ) (-1456 -2676 94 ) (-1464 -2676 94 ) 
4 1869 1871 (-1464 -2048 94 ) (-1464 -2676 94 ) (-1464 -2676 192 ) (-1464 -2048 192 ) 
4 1870 1901 (-1456 -3072 192 ) (-1464 -3072 192 ) (-1464 -3072 94 ) (-1456 -3072 94 ) 
4 1870 1882 (-1456 -2804 94 ) (-1456 -3072 94 ) (-1464 -3072 94 ) (-1464 -2804 94 ) 
4 1870 1871 (-1464 -2804 94 ) (-1464 -3072 94 ) (-1464 -3072 192 ) (-1464 -2804 192 ) 
4 1871 1931 (-2048 -3000 94 ) (-2048 -3072 94 ) (-2048 -3072 192 ) (-2048 -3000 192 ) 
4 1871 1929 (-2048 -2992 94 ) (-2048 -3000 94 ) (-2048 -3000 192 ) (-2048 -2992 192 ) 
4 1871 1927 (-2048 -2416 94 ) (-2048 -2992 94 ) (-2048 -2992 136 ) (-2048 -2416 136 ) 
4 1871 1923 (-2048 -2152 94 ) (-2048 -2416 94 ) (-2048 -2416 136 ) (-2048 -2152 136 ) 
4 1871 1920 (-2048 -2992 136 ) (-2048 -2992 192 ) (-2048 -2152 192 ) (-2048 -2152 136 ) 
4 1871 1919 (-2048 -2048 192 ) (-2048 -2048 94 ) (-2048 -2152 94 ) (-2048 -2152 192 ) 
4 1871 1901 (-1464 -3072 192 ) (-2048 -3072 192 ) (-2048 -3072 94 ) (-1464 -3072 94 ) 
4 1871 1886 (-2048 -3072 94 ) (-2048 -2048 94 ) (-1848 -2048 94 ) (-1848 -3072 94 ) 
4 1871 1885 (-1840 -2408 94 ) (-1840 -3072 94 ) (-1848 -3072 94 ) (-1848 -2408 94 ) 
4 1871 1884 (-1848 -2048 94 ) (-1840 -2048 94 ) (-1840 -2408 94 ) (-1848 -2408 94 ) 
4 1871 1883 (-1840 -2048 94 ) (-1464 -2048 94 ) (-1464 -3072 94 ) (-1840 -3072 94 ) 
4 1872 1873 (-1232 -2484 56 ) (-1184 -2484 56 ) (-1184 -2484 94 ) (-1232 -2484 94 ) 
4 1873 1874 (-1232 -2492 56 ) (-1184 -2492 56 ) (-1184 -2492 94 ) (-1232 -2492 94 ) 
4 1874 1876 (-1312 -2684 56 ) (-1312 -2796 56 ) (-1312 -2796 94 ) (-1312 -2684 94 ) 
4 1875 1905 (-1024 -3072 56 ) (-1024 -3072 88 ) (-1312 -3072 88 ) (-1312 -3072 56 ) 
4 1875 1901 (-1024 -3072 88 ) (-1024 -3072 94 ) (-1312 -3072 94 ) (-1312 -3072 88 ) 
4 1875 1877 (-1312 -2804 56 ) (-1312 -3072 56 ) (-1312 -3072 94 ) (-1312 -2804 94 ) 
4 1876 1879 (-1320 -2684 56 ) (-1320 -2796 56 ) (-1320 -2796 94 ) (-1320 -2684 94 ) 
4 1877 1905 (-1320 -3072 88 ) (-1320 -3072 56 ) (-1312 -3072 56 ) (-1312 -3072 88 ) 
4 1877 1901 (-1312 -3072 94 ) (-1320 -3072 94 ) (-1320 -3072 88 ) (-1312 -3072 88 ) 
4 1877 1880 (-1320 -2804 56 ) (-1320 -3072 56 ) (-1320 -3072 94 ) (-1320 -2804 94 ) 
4 1878 1892 (-1456 -2676 56 ) (-1456 -2236 56 ) (-1320 -2236 56 ) (-1320 -2676 56 ) 
3 1878 1890 (-1360 -2236 56 ) (-1408 -2236 56 ) (-1408 -2196 56 ) 
4 1878 1891 (-1456 -2236 56 ) (-1456 -2048 56 ) (-1408 -2048 56 ) (-1408 -2236 56 ) 
4 1878 1881 (-1456 -2048 56 ) (-1456 -2676 56 ) (-1456 -2676 94 ) (-1456 -2048 94 ) 
4 1880 1905 (-1456 -3072 88 ) (-1456 -3072 56 ) (-1320 -3072 56 ) (-1320 -3072 88 ) 
4 1880 1901 (-1320 -3072 94 ) (-1456 -3072 94 ) (-1456 -3072 88 ) (-1320 -3072 88 ) 
4 1880 1898 (-1408 -3072 56 ) (-1456 -3072 56 ) (-1456 -2804 56 ) (-1408 -2804 56 ) 
3 1880 1897 (-1324.521729 -3072 56 ) (-1408 -3072 56 ) (-1408 -2976 56 ) 
4 1880 1882 (-1456 -2804 56 ) (-1456 -3072 56 ) (-1456 -3072 94 ) (-1456 -2804 94 ) 
4 1881 1892 (-1464 -2676 56 ) (-1464 -2236 56 ) (-1456 -2236 56 ) (-1456 -2676 56 ) 
4 1881 1891 (-1464 -2236 56 ) (-1464 -2048 56 ) (-1456 -2048 56 ) (-1456 -2236 56 ) 
4 1881 1883 (-1464 -2048 56 ) (-1464 -2676 56 ) (-1464 -2676 94 ) (-1464 -2048 94 ) 
4 1882 1905 (-1464 -3072 88 ) (-1464 -3072 56 ) (-1456 -3072 56 ) (-1456 -3072 88 ) 
4 1882 1901 (-1456 -3072 94 ) (-1464 -3072 94 ) (-1464 -3072 88 ) (-1456 -3072 88 ) 
4 1882 1898 (-1456 -3072 56 ) (-1464 -3072 56 ) (-1464 -2804 56 ) (-1456 -2804 56 ) 
4 1882 1883 (-1464 -2804 56 ) (-1464 -3072 56 ) (-1464 -3072 94 ) (-1464 -2804 94 ) 
4 1883 1905 (-1732.975952 -3072 56 ) (-1464 -3072 56 ) (-1464 -3072 88 ) (-1732.975952 -3072 88 ) 
4 1883 1903 (-1840 -3072 88 ) (-1840 -3072 56 ) (-1732.975952 -3072 56 ) (-1732.975952 -3072 88 ) 
4 1883 1901 (-1464 -3072 94 ) (-1840 -3072 94 ) (-1840 -3072 88 ) (-1464 -3072 88 ) 
4 1883 1898 (-1464 -3072 56 ) (-1840 -3072 56 ) (-1840 -2804 56 ) (-1464 -2804 56 ) 
4 1883 1893 (-1840 -2804 56 ) (-1840 -2236 56 ) (-1464 -2236 56 ) (-1464 -2804 56 ) 
4 1883 1891 (-1840 -2236 56 ) (-1840 -2048 56 ) (-1464 -2048 56 ) (-1464 -2236 56 ) 
4 1883 1885 (-1840 -3072 88 ) (-1840 -3072 94 ) (-1840 -2408 94 ) (-1840 -2408 88 ) 
4 1883 1884 (-1840 -2048 56 ) (-1840 -2408 56 ) (-1840 -2408 94 ) (-1840 -2048 94 ) 
4 1884 1894 (-1848 -2408 56 ) (-1848 -2236 56 ) (-1840 -2236 56 ) (-1840 -2408 56 ) 
4 1884 1891 (-1848 -2236 56 ) (-1848 -2048 56 ) (-1840 -2048 56 ) (-1840 -2236 56 ) 
4 1884 1887 (-1848 -2048 56 ) (-1848 -2408 56 ) (-1848 -2408 88 ) (-1848 -2048 88 ) 
4 1884 1886 (-1848 -2408 88 ) (-1848 -2408 94 ) (-1848 -2048 94 ) (-1848 -2048 88 ) 
4 1884 1885 (-1848 -2408 94 ) (-1848 -2408 88 ) (-1840 -2408 88 ) (-1840 -2408 94 ) 
4 1885 1901 (-1840 -3072 94 ) (-1848 -3072 94 ) (-1848 -3072 88 ) (-1840 -3072 88 ) 
4 1885 1886 (-1848 -3072 88 ) (-1848 -3072 94 ) (-1848 -2408 94 ) (-1848 -2408 88 ) 
4 1886 1931 (-2048 -3000 88 ) (-2048 -3072 88 ) (-2048 -3072 94 ) (-2048 -3000 94 ) 
4 1886 1929 (-2048 -2992 88 ) (-2048 -3000 88 ) (-2048 -3000 94 ) (-2048 -2992 94 ) 
4 1886 1927 (-2048 -2416 88 ) (-2048 -2992 88 ) (-2048 -2992 94 ) (-2048 -2416 94 ) 
4 1886 1923 (-2048 -2152 88 ) (-2048 -2416 88 ) (-2048 -2416 94 ) (-2048 -2152 94 ) 
4 1886 1919 (-2048 -2048 94 ) (-2048 -2048 88 ) (-2048 -2152 88 ) (-2048 -2152 94 ) 
4 1886 1901 (-1848 -3072 94 ) (-2048 -3072 94 ) (-2048 -3072 88 ) (-1848 -3072 88 ) 
4 1886 1889 (-2048 -3072 88 ) (-2048 -3000 88 ) (-1848 -3000 88 ) (-1848 -3072 88 ) 
4 1886 1887 (-2048 -2408 88 ) (-2048 -2048 88 ) (-1848 -2048 88 ) (-1848 -2408 88 ) 
4 1886 1888 (-2048 -2992 88 ) (-2048 -2416 88 ) (-1848 -2416 88 ) (-1848 -2992 88 ) 
4 1887 1924 (-2048 -2152 56 ) (-2048 -2408 56 ) (-2048 -2408 88 ) (-2048 -2152 88 ) 
4 1887 1919 (-2048 -2048 88 ) (-2048 -2048 56 ) (-2048 -2152 56 ) (-2048 -2152 88 ) 
4 1887 1895 (-2048 -2408 56 ) (-2048 -2236 56 ) (-1848 -2236 56 ) (-1848 -2408 56 ) 
4 1887 1891 (-2048 -2236 56 ) (-2048 -2048 56 ) (-1848 -2048 56 ) (-1848 -2236 56 ) 
4 1888 1927 (-2048 -2416 56 ) (-2048 -2992 56 ) (-2048 -2992 88 ) (-2048 -2416 88 ) 
4 1888 1899 (-2048 -2992 56 ) (-2048 -2804 56 ) (-1848 -2804 56 ) (-1848 -2992 56 ) 
4 1888 1896 (-2048 -2804 56 ) (-2048 -2416 56 ) (-1848 -2416 56 ) (-1848 -2804 56 ) 
4 1889 1931 (-2048 -3000 56 ) (-2048 -3072 56 ) (-2048 -3072 88 ) (-2048 -3000 88 ) 
4 1889 1904 (-2048 -3072 88 ) (-2048 -3072 56 ) (-1848 -3072 56 ) (-1848 -3072 88 ) 
4 1889 1900 (-1848 -3072 56 ) (-2048 -3072 56 ) (-2048 -3000 56 ) (-1848 -3000 56 ) 
4 1890 1892 (-1408 -2236 -8 ) (-1360 -2236 -8 ) (-1360 -2236 56 ) (-1408 -2236 56 ) 
4 1890 1891 (-1408 -2196 -8 ) (-1408 -2236 -8 ) (-1408 -2236 56 ) (-1408 -2196 56 ) 
4 1891 1924 (-2048 -2152 -8 ) (-2048 -2236 -8 ) (-2048 -2236 56 ) (-2048 -2152 56 ) 
4 1891 1919 (-2048 -2048 56 ) (-2048 -2048 -8 ) (-2048 -2152 -8 ) (-2048 -2152 56 ) 
4 1891 1895 (-2048 -2236 -8 ) (-1848 -2236 -8 ) (-1848 -2236 56 ) (-2048 -2236 56 ) 
4 1891 1894 (-1848 -2236 -8 ) (-1840 -2236 -8 ) (-1840 -2236 56 ) (-1848 -2236 56 ) 
4 1891 1893 (-1840 -2236 -8 ) (-1464 -2236 -8 ) (-1464 -2236 56 ) (-1840 -2236 56 ) 
4 1891 1892 (-1464 -2236 -8 ) (-1408 -2236 -8 ) (-1408 -2236 56 ) (-1464 -2236 56 ) 
4 1892 1893 (-1464 -2236 56 ) (-1464 -2236 -8 ) (-1464 -2676 -8 ) (-1464 -2676 56 ) 
4 1893 1898 (-1840 -2804 -8 ) (-1464 -2804 -8 ) (-1464 -2804 56 ) (-1840 -2804 56 ) 
4 1893 1894 (-1840 -2236 56 ) (-1840 -2236 -8 ) (-1840 -2408 -8 ) (-1840 -2408 56 ) 
4 1894 1895 (-1848 -2236 56 ) (-1848 -2236 -8 ) (-1848 -2408 -8 ) (-1848 -2408 56 ) 
4 1895 1924 (-2048 -2236 -8 ) (-2048 -2408 -8 ) (-2048 -2408 56 ) (-2048 -2236 56 ) 
4 1896 1927 (-2048 -2416 -8 ) (-2048 -2804 -8 ) (-2048 -2804 56 ) (-2048 -2416 56 ) 
4 1896 1899 (-2048 -2804 -8 ) (-1848 -2804 -8 ) (-1848 -2804 56 ) (-2048 -2804 56 ) 
4 1897 1906 (-1324.521729 -3072 56 ) (-1408 -3072 56 ) (-1408 -3072 -8 ) (-1324.521729 -3072 -8 ) 
4 1897 1898 (-1408 -2976 -8 ) (-1408 -3072 -8 ) (-1408 -3072 56 ) (-1408 -2976 56 ) 
4 1898 1906 (-1408 -3072 56 ) (-1732.976074 -3072 56 ) (-1732.975952 -3072 -8 ) (-1408 -3072 -8 ) 
4 1898 1903 (-1732.976074 -3072 56 ) (-1840 -3072 56 ) (-1840 -3072 -8 ) (-1732.975952 -3072 -8 ) 
4 1899 1927 (-2048 -2804 -8 ) (-2048 -2992 -8 ) (-2048 -2992 56 ) (-2048 -2804 56 ) 
4 1900 1931 (-2048 -3072 40 ) (-2048 -3072 56 ) (-2048 -3000 56 ) (-2048 -3000 40 ) 
4 1900 1904 (-1848 -3072 56 ) (-2048 -3072 56 ) (-2048 -3072 40 ) (-1848 -3072 40 ) 
4 1901 1946 (-2048 -3072 1104 ) (-2048 -3072 88 ) (-2048 -3992 88 ) (-2048 -3992 1104 ) 
4 1901 1915 (-2048 -3992 184 ) (-2048 -3992 88 ) (-1872 -3992 88 ) (-1872 -3992 184 ) 
4 1901 1914 (-1872 -3992 1104 ) (-2048 -3992 1104 ) (-2048 -3992 184 ) (-1872 -3992 184 ) 
4 1901 1911 (-1024 -3992 88 ) (-1024 -3992 1104 ) (-1872 -3992 1104 ) (-1872 -3992 88 ) 
4 1901 1910 (-1500 -3992 88 ) (-2048 -3992 88 ) (-2048 -3660 88 ) (-1500 -3660 88 ) 
3 1901 1909 (-1268 -3992 88 ) (-1500 -3992 88 ) (-1500 -3659.199463 88 ) 
4 1901 1908 (-2048 -3652 88 ) (-2048 -3450.740967 88 ) (-1826.423706 -3190.950439 88 ) (-1505.019043 -3652 88 ) 
5 1901 1905 (-1024 -3992 88 ) (-1260 -3992 88 ) (-1825.621948 -3180.625000 88 ) (-1732.976074 -3072 88 ) (-1024 -3072 88 ) 
4 1901 1904 (-2048 -3441.357910 88 ) (-2048 -3072 88 ) (-1848 -3072 88 ) (-1848 -3206.862793 88 ) 
4 1901 1903 (-1840 -3072 88 ) (-1732.976074 -3072 88 ) (-1825.621948 -3180.625000 88 ) (-1840 -3160 88 ) 
3 1901 1902 (-1830.023804 -3185.786133 88 ) (-1848 -3206.862793 88 ) (-1848 -3160 88 ) 
4 1902 1904 (-1848 -3206.859375 40 ) (-1848 -3206.859375 88 ) (-1848 -3160 88 ) (-1848 -3160 40 ) 
4 1903 1906 (-1825.622070 -3180.625000 56 ) (-1825.622070 -3180.624756 -8 ) (-1732.976562 -3072 -8 ) (-1732.976440 -3072 56 ) 
4 1903 1905 (-1732.976318 -3072 88 ) (-1825.622070 -3180.625000 88 ) (-1825.622070 -3180.625000 56 ) (-1732.976440 -3072 56 ) 
4 1904 1950 (-2048 -3072 88 ) (-2048 -3072 40 ) (-2048 -3441.357910 40 ) (-2048 -3441.357910 88 ) 
5 1905 1906 (-1711.734009 -3344 56 ) (-1825.625000 -3180.625000 56 ) (-1732.979248 -3072 56 ) (-1324.521851 -3072 56 ) (-1088 -3344 56 ) 
4 1905 1907 (-1024 -3992 56 ) (-1260.003906 -3992 56 ) (-1711.734009 -3344 56 ) (-1024 -3344 56 ) 
4 1906 1907 (-1088 -3344 56 ) (-1711.726562 -3344 56 ) (-1711.726562 -3344 -8 ) (-1088 -3344 -8 ) 
4 1908 1954 (-2048 -3450.740967 -8 ) (-2048 -3652 -8 ) (-2048 -3652 40 ) (-2048 -3450.740967 40 ) 
4 1908 1949 (-2048 -3652 40 ) (-2048 -3652 88 ) (-2048 -3450.740967 88 ) (-2048 -3450.740967 40 ) 
4 1909 1913 (-1500 -3992 -8 ) (-1268 -3992 -8 ) (-1268 -3992 88 ) (-1500 -3992 88 ) 
4 1909 1910 (-1500 -3660 -8 ) (-1500 -3992 -8 ) (-1500 -3992 88 ) (-1500 -3660 88 ) 
4 1910 1957 (-2048 -3832 -8 ) (-2048 -3840 -8 ) (-2048 -3840 88 ) (-2048 -3832 88 ) 
4 1910 1958 (-2048 -3840 -8 ) (-2048 -3992 -8 ) (-2048 -3992 88 ) (-2048 -3840 88 ) 
4 1910 1955 (-2048 -3660 -8 ) (-2048 -3832 -8 ) (-2048 -3832 40 ) (-2048 -3660 40 ) 
4 1910 1951 (-2048 -3832 40 ) (-2048 -3832 88 ) (-2048 -3660 88 ) (-2048 -3660 40 ) 
4 1910 1915 (-2048 -3992 -8 ) (-1872 -3992 -8 ) (-1872 -3992 88 ) (-2048 -3992 88 ) 
4 1910 1913 (-1872 -3992 -8 ) (-1500 -3992 -8 ) (-1500 -3992 88 ) (-1872 -3992 88 ) 
4 1911 1987 (-1024 -4096 88 ) (-1024 -4096 1104 ) (-1872 -4096 1104 ) (-1872 -4096 88 ) 
4 1911 1916 (-1872 -4096 184 ) (-1872 -4096 1104 ) (-1872 -4024 1104 ) (-1872 -4024 184 ) 
4 1911 1915 (-1872 -3992 184 ) (-1872 -3992 88 ) (-1872 -4016 88 ) (-1872 -4016 184 ) 
4 1911 1914 (-1872 -3992 1104 ) (-1872 -3992 184 ) (-1872 -4024 184 ) (-1872 -4024 1104 ) 
4 1911 1913 (-1268 -4096 88 ) (-1872 -4096 88 ) (-1872 -3992 88 ) (-1268 -3992 88 ) 
4 1911 1912 (-1024 -4096 88 ) (-1260 -4096 88 ) (-1260 -4000 88 ) (-1024 -4000 88 ) 
4 1912 1988 (-1024 -4096 -8 ) (-1024 -4096 88 ) (-1260 -4096 88 ) (-1260 -4096 -8 ) 
4 1913 1991 (-1268 -4096 88 ) (-1872 -4096 88 ) (-1872 -4096 -8 ) (-1268 -4096 -8 ) 
4 1913 1915 (-1872 -3992 88 ) (-1872 -3992 -8 ) (-1872 -4016 -8 ) (-1872 -4016 88 ) 
4 1914 1947 (-2048 -4016 184 ) (-2048 -4024 184 ) (-2048 -4024 1104 ) (-2048 -4016 1104 ) 
4 1914 1946 (-2048 -3992 1104 ) (-2048 -3992 184 ) (-2048 -4016 184 ) (-2048 -4016 1104 ) 
4 1914 1917 (-1880 -4024 1104 ) (-2048 -4024 1104 ) (-2048 -4024 184 ) (-1880 -4024 184 ) 
4 1914 1916 (-1872 -4024 184 ) (-1872 -4024 1104 ) (-1880 -4024 1104 ) (-1880 -4024 184 ) 
4 1914 1915 (-2048 -4016 184 ) (-2048 -3992 184 ) (-1872 -3992 184 ) (-1872 -4016 184 ) 
4 1915 1958 (-2048 -3992 88 ) (-2048 -3992 -8 ) (-2048 -4016 -8 ) (-2048 -4016 88 ) 
4 1915 1946 (-2048 -3992 184 ) (-2048 -3992 88 ) (-2048 -4016 88 ) (-2048 -4016 184 ) 
4 1916 1992 (-1880 -4096 1104 ) (-1880 -4096 184 ) (-1872 -4096 184 ) (-1872 -4096 1104 ) 
4 1916 1917 (-1880 -4024 1104 ) (-1880 -4024 184 ) (-1880 -4096 184 ) (-1880 -4096 1104 ) 
4 1917 2010 (-2048 -4096 1104 ) (-2048 -4096 184 ) (-1944 -4096 184 ) (-1944 -4096 1104 ) 
4 1917 2001 (-1944 -4096 184 ) (-1936 -4096 184 ) (-1936 -4096 1104 ) (-1944 -4096 1104 ) 
4 1917 1997 (-1936 -4096 184 ) (-1880 -4096 184 ) (-1880 -4096 1104 ) (-1936 -4096 1104 ) 
4 1917 1960 (-2048 -4096 184 ) (-2048 -4096 1104 ) (-2048 -4024 1104 ) (-2048 -4024 184 ) 
4 1918 2018 (-2048 -4096 36 ) (-2048 -4096 -8 ) (-1944 -4096 -8 ) (-1944 -4096 36 ) 
4 1918 2016 (-1944 -4096 -8 ) (-1936 -4096 -8 ) (-1936 -4096 36 ) (-1944 -4096 36 ) 
4 1918 2011 (-2048 -4096 176 ) (-2048 -4096 36 ) (-1944 -4096 36 ) (-1944 -4096 176 ) 
4 1918 2002 (-1944 -4096 36 ) (-1936 -4096 36 ) (-1936 -4096 176 ) (-1944 -4096 176 ) 
4 1918 1998 (-1936 -4096 -8 ) (-1880 -4096 -8 ) (-1880 -4096 176 ) (-1936 -4096 176 ) 
4 1918 1961 (-2048 -4096 -8 ) (-2048 -4096 176 ) (-2048 -4024 176 ) (-2048 -4024 -8 ) 
4 1919 1928 (-2552 -2048 1104 ) (-2552 -2048 40 ) (-2552 -2152 40 ) (-2552 -2152 1104 ) 
4 1919 1924 (-2232 -2152 -8 ) (-2048 -2152 -8 ) (-2048 -2152 88 ) (-2232 -2152 88 ) 
4 1919 1923 (-2048 -2152 88 ) (-2048 -2152 136 ) (-2232 -2152 136 ) (-2232 -2152 88 ) 
3 1919 1921 (-2552 -2152 136 ) (-2232 -2152 88 ) (-2232 -2152 136 ) 
4 1919 1920 (-2552 -2152 1104 ) (-2552 -2152 136 ) (-2048 -2152 136 ) (-2048 -2152 1104 ) 
4 1920 1930 (-2544 -2992 1104 ) (-2552 -2992 1104 ) (-2552 -2992 136 ) (-2544 -2992 136 ) 
4 1920 1929 (-2048 -2992 136 ) (-2048 -2992 1104 ) (-2544 -2992 1104 ) (-2544 -2992 136 ) 
4 1920 1928 (-2552 -2992 136 ) (-2552 -2992 1104 ) (-2552 -2152 1104 ) (-2552 -2152 136 ) 
4 1920 1927 (-2048 -2992 136 ) (-2544 -2992 136 ) (-2544 -2416 136 ) (-2048 -2416 136 ) 
4 1920 1923 (-2232 -2152 136 ) (-2048 -2152 136 ) (-2048 -2416 136 ) (-2496 -2416 136 ) 
4 1920 1922 (-2544 -2160 136 ) (-2240 -2160 136 ) (-2496 -2416 136 ) (-2544 -2416 136 ) 
4 1920 1921 (-2552 -2160 136 ) (-2552 -2152 136 ) (-2232 -2152 136 ) (-2240 -2160 136 ) 
4 1921 1923 (-2231.996094 -2152 88 ) (-2231.996094 -2152 136 ) (-2239.996094 -2160 136 ) (-2239.996094 -2160 89.199417 ) 
4 1921 1922 (-2240.001953 -2160 89.200310 ) (-2240.001953 -2160 136 ) (-2544 -2160 136 ) (-2544 -2160 134.800003 ) 
4 1922 1927 (-2496 -2416 136 ) (-2544 -2416 136 ) (-2544 -2416 -8 ) (-2496 -2416 -8 ) 
4 1922 1926 (-2495.998047 -2416 88 ) (-2495.998047 -2416 -8 ) (-2487.998047 -2408 -8 ) (-2487.998047 -2408 88 ) 
4 1922 1925 (-2487.998047 -2408 -8 ) (-2239.996094 -2160 -8 ) (-2239.996094 -2160 88 ) (-2487.998047 -2408 88 ) 
4 1922 1923 (-2495.998047 -2416 136 ) (-2495.998047 -2416 88 ) (-2239.996094 -2160 88 ) (-2239.996094 -2160 136 ) 
4 1923 1927 (-2048 -2416 136 ) (-2496 -2416 136 ) (-2496 -2416 88 ) (-2048 -2416 88 ) 
4 1923 1926 (-2104 -2416 88 ) (-2496 -2416 88 ) (-2488 -2408 88 ) (-2108.250000 -2408 88 ) 
3 1923 1925 (-2488 -2408 88 ) (-2240 -2160 88 ) (-2108.250000 -2408 88 ) 
4 1923 1924 (-2096 -2408 88 ) (-2232 -2152 88 ) (-2048 -2152 88 ) (-2048 -2408 88 ) 
4 1925 1926 (-2108.250000 -2408 88 ) (-2488 -2408 88 ) (-2488 -2408 -8 ) (-2108.250000 -2408 -8 ) 
4 1926 1927 (-2496 -2416 88 ) (-2496 -2416 -8 ) (-2104 -2416 -8 ) (-2104 -2416 88 ) 
4 1927 1929 (-2048 -2992 88 ) (-2048 -2992 136 ) (-2544 -2992 136 ) (-2544 -2992 88 ) 
4 1928 1941 (-3072 -2656 40 ) (-3072 -2992 40 ) (-3072 -2992 1104 ) (-3072 -2656 1104 ) 
4 1928 1939 (-3072 -2648 40 ) (-3072 -2656 40 ) (-3072 -2656 1104 ) (-3072 -2648 1104 ) 
4 1928 1932 (-3072 -2048 1104 ) (-3072 -2048 40 ) (-3072 -2648 40 ) (-3072 -2648 1104 ) 
4 1928 1930 (-2552 -2992 136 ) (-2552 -2992 1104 ) (-3072 -2992 1104 ) (-3072 -2992 136 ) 
4 1929 1931 (-2048 -3000 88 ) (-2048 -3000 1104 ) (-2544 -3000 1104 ) (-2544 -3000 88 ) 
4 1929 1930 (-2544 -2992 1104 ) (-2544 -2992 136 ) (-2544 -3000 136 ) (-2544 -3000 1104 ) 
4 1930 1943 (-3072 -3000 136 ) (-3072 -3000 1104 ) (-3072 -2992 1104 ) (-3072 -2992 136 ) 
4 1930 1931 (-2640 -3000 136 ) (-2544 -3000 136 ) (-2544 -3000 1104 ) (-2640 -3000 1104 ) 
4 1931 1953 (-2228 -3072 88 ) (-2640 -3072 88 ) (-2640 -3072 40 ) (-2228 -3072 40 ) 
4 1931 1950 (-2048 -3072 40 ) (-2048 -3072 88 ) (-2228 -3072 88 ) (-2228 -3072 40 ) 
4 1931 1946 (-2048 -3072 88 ) (-2048 -3072 1104 ) (-2544 -3072 1104 ) (-2544 -3072 88 ) 
4 1931 1948 (-2544 -3072 1104 ) (-2640 -3072 1104 ) (-2640 -3072 88 ) (-2544 -3072 88 ) 
4 1932 1939 (-3072 -2648 40 ) (-3072 -2648 1104 ) (-3224 -2648 1104 ) (-3224 -2648 40 ) 
4 1932 1933 (-3224 -2648 328 ) (-3224 -2648 1104 ) (-3224 -2048 1104 ) (-3224 -2048 328 ) 
4 1933 1940 (-3224 -2648 328 ) (-3224 -2648 1104 ) (-3232 -2648 1104 ) (-3232 -2648 328 ) 
4 1933 1934 (-3232 -2048 1104 ) (-3232 -2048 328 ) (-3232 -2648 328 ) (-3232 -2648 1104 ) 
4 1934 1977 (-4096 -2648 328 ) (-4096 -2648 1104 ) (-4096 -2048 1104 ) (-4096 -2048 328 ) 
4 1934 1940 (-3232 -2648 328 ) (-3232 -2648 1104 ) (-4096 -2648 1104 ) (-4096 -2648 328 ) 
4 1935 1937 (-3232 -2048 196 ) (-3232 -2648 196 ) (-3416 -2648 196 ) (-3416 -2048 196 ) 
4 1936 1978 (-4096 -2648 196 ) (-4096 -2648 320 ) (-4096 -2048 320 ) (-4096 -2048 196 ) 
4 1936 1938 (-3424 -2648 196 ) (-4096 -2648 196 ) (-4096 -2048 196 ) (-3424 -2048 196 ) 
4 1938 1978 (-4096 -2648 64 ) (-4096 -2648 196 ) (-4096 -2048 196 ) (-4096 -2048 64 ) 
4 1939 1941 (-3072 -2656 40 ) (-3072 -2656 1104 ) (-3224 -2656 1104 ) (-3224 -2656 40 ) 
4 1939 1940 (-3224 -2648 1104 ) (-3224 -2648 328 ) (-3224 -2656 328 ) (-3224 -2656 1104 ) 
4 1940 1980 (-4096 -2656 328 ) (-4096 -2656 1104 ) (-4096 -2648 1104 ) (-4096 -2648 328 ) 
4 1940 1944 (-4096 -2656 1104 ) (-4096 -2656 328 ) (-3232 -2656 328 ) (-3232 -2656 1104 ) 
4 1940 1942 (-3232 -2656 328 ) (-3224 -2656 328 ) (-3224 -2656 1104 ) (-3232 -2656 1104 ) 
4 1941 1943 (-3072 -2992 136 ) (-3072 -2992 1104 ) (-3224 -2992 1104 ) (-3224 -2992 136 ) 
4 1941 1942 (-3224 -2992 136 ) (-3224 -2992 1104 ) (-3224 -2656 1104 ) (-3224 -2656 136 ) 
4 1942 1944 (-3232 -2660 1104 ) (-3232 -2656 1104 ) (-3232 -2656 136 ) (-3232 -2660 136 ) 
4 1942 1945 (-3232 -2664 1104 ) (-3232 -2660 1104 ) (-3232 -2660 136 ) (-3232 -2664 136 ) 
4 1942 1943 (-3232 -2992 1104 ) (-3232 -2992 136 ) (-3224 -2992 136 ) (-3224 -2992 1104 ) 
4 1944 1981 (-4096 -2660 1104 ) (-4096 -2656 1104 ) (-4096 -2656 64 ) (-4096 -2660 64 ) 
4 1944 1945 (-3232 -2660 64 ) (-3232 -2660 1104 ) (-4096 -2660 1104 ) (-4096 -2660 64 ) 
4 1945 1982 (-4096 -2664 40 ) (-4096 -2664 1104 ) (-4096 -2660 1104 ) (-4096 -2660 40 ) 
4 1946 1957 (-2373.177002 -3832 88 ) (-2048 -3832 88 ) (-2048 -3840 88 ) (-2380 -3840 88 ) 
4 1946 1958 (-2544 -4016 88 ) (-2544 -3840 88 ) (-2048 -3840 88 ) (-2048 -4016 88 ) 
5 1946 1953 (-2544 -3832 88 ) (-2544 -3072 88 ) (-2228 -3072 88 ) (-2228 -3652.403564 88 ) (-2381.176758 -3832 88 ) 
3 1946 1952 (-2228 -3661.784912 88 ) (-2228 -3832 88 ) (-2373.177002 -3832 88 ) 
5 1946 1951 (-2048 -3660 88 ) (-2048 -3832 88 ) (-2228 -3832 88 ) (-2228 -3661.784912 88 ) (-2226.477539 -3660 88 ) 
5 1946 1950 (-2228 -3072 88 ) (-2048 -3072 88 ) (-2048 -3441.357910 88 ) (-2227.655518 -3652 88 ) (-2228 -3652 88 ) 
3 1946 1949 (-2048 -3450.741211 88 ) (-2048 -3652 88 ) (-2219.654297 -3652 88 ) 
4 1946 1947 (-2544 -4016 1104 ) (-2544 -4016 184 ) (-2048 -4016 184 ) (-2048 -4016 1104 ) 
4 1946 1948 (-2544 -3072 88 ) (-2544 -4016 88 ) (-2544 -4016 1104 ) (-2544 -3072 1104 ) 
4 1947 1962 (-2536 -4024 1104 ) (-2544 -4024 1104 ) (-2544 -4024 184 ) (-2536 -4024 184 ) 
4 1947 1960 (-2048 -4024 184 ) (-2048 -4024 1104 ) (-2536 -4024 1104 ) (-2536 -4024 184 ) 
4 1947 1948 (-2544 -4024 184 ) (-2544 -4024 1104 ) (-2544 -4016 1104 ) (-2544 -4016 184 ) 
4 1948 1964 (-2636 -4024 1104 ) (-2640 -4024 1104 ) (-2640 -4024 88 ) (-2636 -4024 88 ) 
4 1948 1963 (-2544 -4024 1104 ) (-2636 -4024 1104 ) (-2636 -4024 88 ) (-2544 -4024 88 ) 
4 1948 1959 (-2544 -4024 88 ) (-2636 -4024 88 ) (-2636 -4016 88 ) (-2544 -4016 88 ) 
4 1948 1958 (-2636 -4016 88 ) (-2636 -3840 88 ) (-2544 -3840 88 ) (-2544 -4016 88 ) 
4 1948 1953 (-2640 -3832 88 ) (-2640 -3072 88 ) (-2544 -3072 88 ) (-2544 -3832 88 ) 
3 1949 1954 (-2048 -3450.741211 40 ) (-2048 -3652 40 ) (-2219.654297 -3652 40 ) 
4 1950 1953 (-2228 -3072 40 ) (-2228 -3652 40 ) (-2228 -3652 88 ) (-2228 -3072 88 ) 
4 1951 1957 (-2048 -3832 88 ) (-2228 -3832 88 ) (-2228 -3832 40 ) (-2048 -3832 40 ) 
5 1951 1955 (-2048 -3832 40 ) (-2228 -3832 40 ) (-2228 -3661.784912 40 ) (-2226.477539 -3660 40 ) (-2048 -3660 40 ) 
4 1951 1952 (-2228 -3661.784912 40 ) (-2228 -3832 40 ) (-2228 -3832 88 ) (-2228 -3661.784912 88 ) 
4 1952 1957 (-2228 -3832 88 ) (-2373.177002 -3832 88 ) (-2373.177002 -3832 40 ) (-2228 -3832 40 ) 
3 1952 1956 (-2228 -3832 40 ) (-2373.177002 -3832 40 ) (-2228 -3661.784912 40 ) 
4 1955 1957 (-2228 -3832 -8 ) (-2048 -3832 -8 ) (-2048 -3832 40 ) (-2228 -3832 40 ) 
4 1955 1956 (-2228 -3661.784912 -8 ) (-2228 -3832 -8 ) (-2228 -3832 40 ) (-2228 -3661.784912 40 ) 
4 1956 1957 (-2373.177002 -3832 -8 ) (-2228 -3832 -8 ) (-2228 -3832 40 ) (-2373.177002 -3832 40 ) 
4 1957 1958 (-2380 -3840 -8 ) (-2048 -3840 -8 ) (-2048 -3840 88 ) (-2380 -3840 88 ) 
4 1958 1959 (-2636 -4016 88 ) (-2636 -4016 -8 ) (-2544 -4016 -8 ) (-2544 -4016 88 ) 
4 1959 1963 (-2636 -4024 -8 ) (-2544 -4024 -8 ) (-2544 -4024 88 ) (-2636 -4024 88 ) 
4 1960 2081 (-2472 -4096 1104 ) (-2536 -4096 1104 ) (-2536 -4096 184 ) (-2472 -4096 184 ) 
4 1960 2070 (-2272 -4096 1104 ) (-2472 -4096 1104 ) (-2472 -4096 184 ) (-2272 -4096 184 ) 
4 1960 2066 (-2144 -4096 1104 ) (-2272 -4096 1104 ) (-2272 -4096 184 ) (-2144 -4096 184 ) 
4 1960 2056 (-2048 -4096 184 ) (-2048 -4096 1104 ) (-2144 -4096 1104 ) (-2144 -4096 184 ) 
4 1960 1962 (-2536 -4024 1104 ) (-2536 -4024 184 ) (-2536 -4096 184 ) (-2536 -4096 1104 ) 
4 1961 2118 (-2480 -4096 36 ) (-2536 -4096 36 ) (-2536 -4096 -8 ) (-2480 -4096 -8 ) 
4 1961 2117 (-2472 -4096 36 ) (-2480 -4096 36 ) (-2480 -4096 -8 ) (-2472 -4096 -8 ) 
4 1961 2108 (-2272 -4096 36 ) (-2472 -4096 36 ) (-2472 -4096 -8 ) (-2272 -4096 -8 ) 
4 1961 2105 (-2144 -4096 36 ) (-2272 -4096 36 ) (-2272 -4096 -8 ) (-2144 -4096 -8 ) 
4 1961 2097 (-2048 -4096 -8 ) (-2048 -4096 36 ) (-2144 -4096 36 ) (-2144 -4096 -8 ) 
4 1961 2091 (-2480 -4096 176 ) (-2536 -4096 176 ) (-2536 -4096 36 ) (-2480 -4096 36 ) 
4 1961 2082 (-2472 -4096 176 ) (-2480 -4096 176 ) (-2480 -4096 36 ) (-2472 -4096 36 ) 
4 1961 2076 (-2280 -4096 176 ) (-2472 -4096 176 ) (-2472 -4096 36 ) (-2280 -4096 36 ) 
4 1961 2071 (-2272 -4096 176 ) (-2280 -4096 176 ) (-2280 -4096 36 ) (-2272 -4096 36 ) 
4 1961 2067 (-2144 -4096 176 ) (-2272 -4096 176 ) (-2272 -4096 36 ) (-2144 -4096 36 ) 
4 1961 2060 (-2136 -4096 176 ) (-2144 -4096 176 ) (-2144 -4096 36 ) (-2136 -4096 36 ) 
4 1961 2057 (-2048 -4096 36 ) (-2048 -4096 176 ) (-2136 -4096 176 ) (-2136 -4096 36 ) 
4 1962 2081 (-2536 -4096 184 ) (-2536 -4096 1104 ) (-2544 -4096 1104 ) (-2544 -4096 184 ) 
4 1962 1963 (-2544 -4096 1104 ) (-2544 -4024 1104 ) (-2544 -4024 184 ) (-2544 -4096 184 ) 
4 1963 2122 (-2636 -4096 -8 ) (-2544 -4096 -8 ) (-2544 -4096 36 ) (-2636 -4096 36 ) 
4 1963 2095 (-2544 -4096 36 ) (-2544 -4096 184 ) (-2636 -4096 184 ) (-2636 -4096 36 ) 
4 1963 2081 (-2544 -4096 184 ) (-2544 -4096 1104 ) (-2636 -4096 1104 ) (-2636 -4096 184 ) 
4 1963 1964 (-2636 -4096 1104 ) (-2636 -4024 1104 ) (-2636 -4024 88 ) (-2636 -4096 88 ) 
4 1964 2096 (-2636 -4096 88 ) (-2636 -4096 184 ) (-2640 -4096 184 ) (-2640 -4096 88 ) 
4 1964 2081 (-2636 -4096 184 ) (-2636 -4096 1104 ) (-2640 -4096 1104 ) (-2640 -4096 184 ) 
4 1965 1968 (-4240 -564 1104 ) (-4904 -564 1104 ) (-4904 -564 32 ) (-4240 -564 32 ) 
4 1965 1967 (-4096 -564 1104 ) (-4240 -564 1104 ) (-4240 -564 40 ) (-4096 -564 40 ) 
4 1965 1966 (-4904 -472 1104 ) (-4904 0 1104 ) (-4904 0 32 ) (-4904 -472 32 ) 
4 1966 1969 (-5120 0 1104 ) (-5120 0 32 ) (-5120 -472 32 ) (-5120 -472 1104 ) 
4 1967 1970 (-4096 -1024 40 ) (-4096 -1024 1104 ) (-4240 -1024 1104 ) (-4240 -1024 40 ) 
4 1967 1968 (-4240 -564 1104 ) (-4240 -564 40 ) (-4240 -1024 40 ) (-4240 -1024 1104 ) 
4 1968 1975 (-4240 -1024 32 ) (-4240 -1024 1104 ) (-4904 -1024 1104 ) (-4904 -1024 32 ) 
4 1969 1976 (-6144 0 1104 ) (-6144 0 32 ) (-6144 -472 32 ) (-6144 -472 1104 ) 
4 1970 1975 (-4240 -1272 40 ) (-4240 -1272 1104 ) (-4240 -1024 1104 ) (-4240 -1024 40 ) 
4 1970 1971 (-4240 -1272 1104 ) (-4240 -1272 328 ) (-4096 -1272 328 ) (-4096 -1272 1104 ) 
4 1971 1974 (-4240 -1280 1104 ) (-4240 -1280 328 ) (-4232 -1280 328 ) (-4232 -1280 1104 ) 
4 1971 1972 (-4232 -1280 328 ) (-4096 -1280 328 ) (-4096 -1280 1104 ) (-4232 -1280 1104 ) 
4 1972 1977 (-4096 -2048 328 ) (-4096 -2048 1104 ) (-4232 -2048 1104 ) (-4232 -2048 328 ) 
4 1972 1974 (-4232 -1280 1104 ) (-4232 -1280 328 ) (-4232 -2048 328 ) (-4232 -2048 1104 ) 
4 1973 1978 (-4096 -2048 64 ) (-4096 -2048 320 ) (-4232 -2048 320 ) (-4232 -2048 64 ) 
4 1974 1979 (-4232 -2048 328 ) (-4232 -2048 1104 ) (-4240 -2048 1104 ) (-4240 -2048 328 ) 
4 1977 1980 (-4096 -2648 328 ) (-4096 -2648 1104 ) (-4232 -2648 1104 ) (-4232 -2648 328 ) 
4 1977 1979 (-4232 -2648 328 ) (-4232 -2648 1104 ) (-4232 -2048 1104 ) (-4232 -2048 328 ) 
4 1979 1980 (-4240 -2648 1104 ) (-4240 -2648 328 ) (-4232 -2648 328 ) (-4232 -2648 1104 ) 
4 1980 1981 (-4096 -2656 1104 ) (-4240 -2656 1104 ) (-4240 -2656 328 ) (-4096 -2656 328 ) 
4 1981 1983 (-4240 -2660 1104 ) (-4240 -2656 1104 ) (-4240 -2656 64 ) (-4240 -2660 64 ) 
4 1981 1982 (-4096 -2660 64 ) (-4096 -2660 1104 ) (-4240 -2660 1104 ) (-4240 -2660 64 ) 
4 1982 1983 (-4240 -2664 40 ) (-4240 -2664 1104 ) (-4240 -2660 1104 ) (-4240 -2660 40 ) 
4 1983 1984 (-4904 -2664 40 ) (-4904 -2664 1104 ) (-4904 -2656 1104 ) (-4904 -2656 40 ) 
4 1984 1985 (-5120 -2664 40 ) (-5120 -2664 1104 ) (-5120 -2656 1104 ) (-5120 -2656 40 ) 
4 1985 1986 (-6144 -2664 40 ) (-6144 -2664 1104 ) (-6144 -2656 1104 ) (-6144 -2656 40 ) 
4 1987 2027 (-1260 -5120 184 ) (-1268 -5120 184 ) (-1268 -5120 88 ) (-1260 -5120 88 ) 
4 1987 2028 (-1268 -5120 184 ) (-1872 -5120 184 ) (-1872 -5120 88 ) (-1268 -5120 88 ) 
4 1987 2024 (-1024 -5120 88 ) (-1024 -5120 184 ) (-1260 -5120 184 ) (-1260 -5120 88 ) 
4 1987 2023 (-1024 -5120 184 ) (-1024 -5120 1104 ) (-1872 -5120 1104 ) (-1872 -5120 184 ) 
4 1987 1995 (-1872 -4304 1104 ) (-1872 -4229 1104 ) (-1872 -4229 184 ) (-1872 -4304 184 ) 
4 1987 1996 (-1872 -5120 88 ) (-1872 -5120 1104 ) (-1872 -4304 1104 ) (-1872 -4304 88 ) 
4 1987 1993 (-1872 -4229 1104 ) (-1872 -4099 1104 ) (-1872 -4099 184 ) (-1872 -4229 184 ) 
4 1987 1994 (-1872 -4099 105 ) (-1872 -4099 88 ) (-1872 -4229 88 ) (-1872 -4229 105 ) 
4 1987 1992 (-1872 -4099 1104 ) (-1872 -4096 1104 ) (-1872 -4096 184 ) (-1872 -4099 184 ) 
4 1987 1990 (-1260 -4760 88 ) (-1260 -4952 88 ) (-1268 -4952 88 ) (-1268 -4760 88 ) 
4 1987 1991 (-1872 -5120 88 ) (-1872 -4096 88 ) (-1268 -4096 88 ) (-1268 -5120 88 ) 
4 1987 1988 (-1260 -4096 88 ) (-1024 -4096 88 ) (-1024 -4560 88 ) (-1260 -4560 88 ) 
4 1987 1989 (-1024 -4568 88 ) (-1024 -5120 88 ) (-1260 -5120 88 ) (-1260 -4568 88 ) 
4 1989 2024 (-1024 -5120 -8 ) (-1024 -5120 88 ) (-1260 -5120 88 ) (-1260 -5120 -8 ) 
4 1989 1990 (-1260 -4760 -8 ) (-1260 -4952 -8 ) (-1260 -4952 88 ) (-1260 -4760 88 ) 
4 1990 1991 (-1268 -4760 -8 ) (-1268 -4952 -8 ) (-1268 -4952 88 ) (-1268 -4760 88 ) 
4 1991 2028 (-1268 -5120 88 ) (-1872 -5120 88 ) (-1872 -5120 -8 ) (-1268 -5120 -8 ) 
4 1991 1996 (-1872 -4304 -8 ) (-1872 -5120 -8 ) (-1872 -5120 88 ) (-1872 -4304 88 ) 
4 1991 1994 (-1872 -4229 23 ) (-1872 -4229 88 ) (-1872 -4099 88 ) (-1872 -4099 23 ) 
4 1992 1997 (-1880 -4096 1104 ) (-1880 -4096 184 ) (-1880 -4099 184 ) (-1880 -4099 1104 ) 
4 1992 1993 (-1880 -4099 1104 ) (-1880 -4099 184 ) (-1872 -4099 184 ) (-1872 -4099 1104 ) 
4 1993 1997 (-1880 -4229 184 ) (-1880 -4229 1104 ) (-1880 -4099 1104 ) (-1880 -4099 184 ) 
4 1993 1995 (-1880 -4229 1104 ) (-1880 -4229 184 ) (-1872 -4229 184 ) (-1872 -4229 1104 ) 
4 1994 1998 (-1880 -4229 23 ) (-1880 -4229 105 ) (-1880 -4099 105 ) (-1880 -4099 23 ) 
4 1995 1999 (-1880 -4304 184 ) (-1880 -4304 1104 ) (-1880 -4296 1104 ) (-1880 -4296 184 ) 
4 1995 1997 (-1880 -4296 1104 ) (-1880 -4229 1104 ) (-1880 -4229 184 ) (-1880 -4296 184 ) 
4 1995 1996 (-1872 -4304 184 ) (-1872 -4304 1104 ) (-1880 -4304 1104 ) (-1880 -4304 184 ) 
4 1996 2029 (-1880 -5120 184 ) (-1880 -5120 -8 ) (-1872 -5120 -8 ) (-1872 -5120 184 ) 
4 1996 2023 (-1880 -5120 1104 ) (-1880 -5120 184 ) (-1872 -5120 184 ) (-1872 -5120 1104 ) 
4 1996 2000 (-1880 -4304 -8 ) (-1880 -5120 -8 ) (-1880 -5120 184 ) (-1880 -4304 184 ) 
4 1996 1999 (-1880 -5120 184 ) (-1880 -5120 1104 ) (-1880 -4304 1104 ) (-1880 -4304 184 ) 
4 1997 2001 (-1936 -4096 1104 ) (-1936 -4096 184 ) (-1936 -4296 184 ) (-1936 -4296 1104 ) 
4 1997 1999 (-1936 -4296 1104 ) (-1936 -4296 184 ) (-1880 -4296 184 ) (-1880 -4296 1104 ) 
4 1998 2016 (-1936 -4096 36 ) (-1936 -4096 -8 ) (-1936 -4296 -8 ) (-1936 -4296 36 ) 
4 1998 2002 (-1936 -4096 176 ) (-1936 -4096 36 ) (-1936 -4296 36 ) (-1936 -4296 176 ) 
4 1999 2023 (-1936 -5120 1104 ) (-1936 -5120 184 ) (-1880 -5120 184 ) (-1880 -5120 1104 ) 
4 1999 2001 (-1936 -5120 184 ) (-1936 -5120 1104 ) (-1936 -4296 1104 ) (-1936 -4296 184 ) 
4 1999 2000 (-1936 -5120 184 ) (-1936 -4304 184 ) (-1880 -4304 184 ) (-1880 -5120 184 ) 
4 2000 2030 (-1936 -5120 184 ) (-1936 -5120 -8 ) (-1880 -5120 -8 ) (-1880 -5120 184 ) 
4 2000 2017 (-1936 -4816 -8 ) (-1936 -4912 -8 ) (-1936 -4912 36 ) (-1936 -4816 36 ) 
4 2000 2009 (-1936 -5120 36 ) (-1936 -5120 91 ) (-1936 -5084 91 ) (-1936 -5084 36 ) 
4 2000 2008 (-1936 -5004 91 ) (-1936 -5004 36 ) (-1936 -5044 36 ) (-1936 -5044 91 ) 
4 2000 2007 (-1936 -4816 100 ) (-1936 -4816 36 ) (-1936 -4912 36 ) (-1936 -4912 100 ) 
4 2000 2006 (-1936 -4684 91 ) (-1936 -4684 36 ) (-1936 -4724 36 ) (-1936 -4724 91 ) 
4 2000 2005 (-1936 -4604 91 ) (-1936 -4604 36 ) (-1936 -4644 36 ) (-1936 -4644 91 ) 
4 2000 2004 (-1936 -4484 91 ) (-1936 -4484 36 ) (-1936 -4524 36 ) (-1936 -4524 91 ) 
4 2000 2003 (-1936 -4404 91 ) (-1936 -4404 36 ) (-1936 -4444 36 ) (-1936 -4444 91 ) 
4 2001 2023 (-1936 -5120 184 ) (-1936 -5120 1104 ) (-1944 -5120 1104 ) (-1944 -5120 184 ) 
4 2001 2010 (-1944 -4096 1104 ) (-1944 -4096 184 ) (-1944 -5120 184 ) (-1944 -5120 1104 ) 
4 2002 2016 (-1944 -4096 36 ) (-1936 -4096 36 ) (-1936 -4296 36 ) (-1944 -4296 36 ) 
4 2002 2011 (-1944 -4096 176 ) (-1944 -4096 36 ) (-1944 -4296 36 ) (-1944 -4296 176 ) 
4 2003 2012 (-1944 -4404 36 ) (-1944 -4444 36 ) (-1944 -4444 91 ) (-1944 -4404 91 ) 
4 2004 2012 (-1944 -4484 36 ) (-1944 -4524 36 ) (-1944 -4524 91 ) (-1944 -4484 91 ) 
4 2005 2013 (-1944 -4604 36 ) (-1944 -4644 36 ) (-1944 -4644 91 ) (-1944 -4604 91 ) 
4 2006 2013 (-1944 -4684 36 ) (-1944 -4724 36 ) (-1944 -4724 91 ) (-1944 -4684 91 ) 
4 2007 2017 (-1936 -4816 36 ) (-1936 -4912 36 ) (-1944 -4912 36 ) (-1944 -4816 36 ) 
4 2007 2014 (-1944 -4816 36 ) (-1944 -4912 36 ) (-1944 -4912 100 ) (-1944 -4816 100 ) 
4 2008 2015 (-1944 -5004 36 ) (-1944 -5044 36 ) (-1944 -5044 91 ) (-1944 -5004 91 ) 
4 2009 2041 (-1936 -5120 36 ) (-1936 -5120 91 ) (-1944 -5120 91 ) (-1944 -5120 36 ) 
4 2009 2015 (-1944 -5084 36 ) (-1944 -5120 36 ) (-1944 -5120 91 ) (-1944 -5084 91 ) 
4 2010 2056 (-2048 -4096 1104 ) (-2048 -4096 184 ) (-2048 -5120 184 ) (-2048 -5120 1104 ) 
4 2010 2023 (-2048 -5120 1104 ) (-2048 -5120 184 ) (-1944 -5120 184 ) (-1944 -5120 1104 ) 
4 2011 2057 (-2048 -4096 176 ) (-2048 -4096 36 ) (-2048 -4360 36 ) (-2048 -4360 176 ) 
4 2011 2018 (-2048 -4096 36 ) (-1944 -4096 36 ) (-1944 -4360 36 ) (-2048 -4360 36 ) 
4 2012 2058 (-2048 -4368 36 ) (-2048 -4560 36 ) (-2048 -4560 112 ) (-2048 -4368 112 ) 
4 2012 2019 (-1944 -4368 36 ) (-1944 -4560 36 ) (-2048 -4560 36 ) (-2048 -4368 36 ) 
4 2013 2059 (-2048 -4568 36 ) (-2048 -4760 36 ) (-2048 -4760 112 ) (-2048 -4568 112 ) 
4 2013 2020 (-1944 -4568 36 ) (-1944 -4760 36 ) (-2048 -4760 36 ) (-2048 -4568 36 ) 
4 2014 2063 (-2048 -4768 36 ) (-2048 -4960 36 ) (-2048 -4960 112 ) (-2048 -4768 112 ) 
4 2014 2021 (-1944 -4768 36 ) (-1944 -4960 36 ) (-2048 -4960 36 ) (-2048 -4768 36 ) 
4 2015 2064 (-2048 -4968 36 ) (-2048 -5120 36 ) (-2048 -5120 112 ) (-2048 -4968 112 ) 
4 2015 2050 (-2048 -5120 112 ) (-2048 -5120 36 ) (-1944 -5120 36 ) (-1944 -5120 112 ) 
4 2015 2022 (-1944 -4968 36 ) (-1944 -5120 36 ) (-2048 -5120 36 ) (-2048 -4968 36 ) 
4 2016 2018 (-1944 -4096 -8 ) (-1944 -4296 -8 ) (-1944 -4296 36 ) (-1944 -4096 36 ) 
4 2017 2021 (-1944 -4816 -8 ) (-1944 -4912 -8 ) (-1944 -4912 36 ) (-1944 -4816 36 ) 
4 2018 2097 (-2048 -4096 36 ) (-2048 -4096 -8 ) (-2048 -4360 -8 ) (-2048 -4360 36 ) 
4 2019 2098 (-2048 -4368 -8 ) (-2048 -4560 -8 ) (-2048 -4560 36 ) (-2048 -4368 36 ) 
4 2020 2100 (-2048 -4568 -8 ) (-2048 -4760 -8 ) (-2048 -4760 36 ) (-2048 -4568 36 ) 
4 2021 2102 (-2048 -4768 -8 ) (-2048 -4960 -8 ) (-2048 -4960 36 ) (-2048 -4768 36 ) 
4 2022 2103 (-2048 -4968 -8 ) (-2048 -5120 -8 ) (-2048 -5120 36 ) (-2048 -4968 36 ) 
4 2022 2050 (-1944 -5120 36 ) (-2048 -5120 36 ) (-2048 -5120 -8 ) (-1944 -5120 -8 ) 
4 2023 2165 (-1024 -6144 184 ) (-1024 -6144 1104 ) (-2048 -6144 1104 ) (-2048 -6144 184 ) 
4 2023 2123 (-2048 -6144 184 ) (-2048 -6144 1104 ) (-2048 -5120 1104 ) (-2048 -5120 184 ) 
4 2023 2055 (-1944 -6144 184 ) (-2048 -6144 184 ) (-2048 -5820 184 ) (-1944 -5820 184 ) 
4 2023 2054 (-2048 -5820 184 ) (-2048 -5812 184 ) (-1944 -5812 184 ) (-1944 -5820 184 ) 
4 2023 2053 (-2048 -5812 184 ) (-2048 -5712 184 ) (-1944 -5712 184 ) (-1944 -5812 184 ) 
4 2023 2047 (-1936 -6144 184 ) (-1944 -6144 184 ) (-1944 -5820 184 ) (-1936 -5820 184 ) 
4 2023 2046 (-1944 -5820 184 ) (-1944 -5812 184 ) (-1936 -5812 184 ) (-1936 -5820 184 ) 
4 2023 2045 (-1944 -5812 184 ) (-1944 -5712 184 ) (-1936 -5712 184 ) (-1936 -5812 184 ) 
4 2023 2040 (-1325 -6144 184 ) (-1936 -6144 184 ) (-1936 -5984 184 ) (-1165 -5984 184 ) 
4 2023 2039 (-1024 -6144 184 ) (-1236 -6144 184 ) (-1076 -5984 184 ) (-1024 -5984 184 ) 
4 2023 2038 (-1936 -5984 184 ) (-1936 -5820 184 ) (-1788 -5820 184 ) (-1788 -5984 184 ) 
4 2023 2037 (-1936 -5820 184 ) (-1936 -5812 184 ) (-1788 -5812 184 ) (-1788 -5820 184 ) 
4 2023 2035 (-1796 -5712 184 ) (-1788 -5712 184 ) (-1788 -5812 184 ) (-1796 -5812 184 ) 
4 2023 2036 (-1936 -5812 184 ) (-1936 -5712 184 ) (-1796 -5712 184 ) (-1796 -5812 184 ) 
4 2023 2034 (-1268 -5984 184 ) (-1788 -5984 184 ) (-1788 -5720 184 ) (-1268 -5720 184 ) 
4 2023 2033 (-1024 -5720 184 ) (-1024 -5984 184 ) (-1268 -5984 184 ) (-1268 -5720 184 ) 
4 2023 2032 (-1788 -5712 184 ) (-1024 -5712 184 ) (-1024 -5720 184 ) (-1788 -5720 184 ) 
4 2023 2030 (-1936 -5424 184 ) (-1936 -5120 184 ) (-1880 -5120 184 ) (-1880 -5424 184 ) 
4 2023 2029 (-1880 -5120 184 ) (-1872 -5120 184 ) (-1872 -5424 184 ) (-1880 -5424 184 ) 
4 2023 2027 (-1268 -5120 184 ) (-1260 -5120 184 ) (-1260 -5712 184 ) (-1268 -5712 184 ) 
4 2023 2028 (-1872 -5120 184 ) (-1268 -5120 184 ) (-1268 -5712 184 ) (-1872 -5712 184 ) 
4 2023 2025 (-1024 -5144 184 ) (-1024 -5152 184 ) (-1260 -5152 184 ) (-1260 -5144 184 ) 
4 2023 2024 (-1260 -5120 184 ) (-1024 -5120 184 ) (-1024 -5144 184 ) (-1260 -5144 184 ) 
4 2023 2026 (-1024 -5152 184 ) (-1024 -5712 184 ) (-1260 -5712 184 ) (-1260 -5152 184 ) 
4 2024 2027 (-1260 -5144 88 ) (-1260 -5144 184 ) (-1260 -5120 184 ) (-1260 -5120 88 ) 
4 2024 2025 (-1260 -5144 184 ) (-1260 -5144 88 ) (-1024 -5144 88 ) (-1024 -5144 184 ) 
4 2025 2027 (-1260 -5152 88 ) (-1260 -5152 184 ) (-1260 -5144 184 ) (-1260 -5144 88 ) 
4 2025 2026 (-1260 -5152 184 ) (-1260 -5152 88 ) (-1024 -5152 88 ) (-1024 -5152 184 ) 
4 2026 2032 (-1024 -5712 88 ) (-1024 -5712 184 ) (-1260 -5712 184 ) (-1260 -5712 88 ) 
4 2026 2027 (-1260 -5712 88 ) (-1260 -5712 184 ) (-1260 -5152 184 ) (-1260 -5152 88 ) 
4 2027 2032 (-1260 -5712 88 ) (-1260 -5712 184 ) (-1268 -5712 184 ) (-1268 -5712 88 ) 
4 2027 2028 (-1268 -5712 88 ) (-1268 -5712 184 ) (-1268 -5120 184 ) (-1268 -5120 88 ) 
4 2028 2035 (-1788 -5712 88 ) (-1788 -5712 184 ) (-1796 -5712 184 ) (-1796 -5712 88 ) 
4 2028 2036 (-1872 -5712 -8 ) (-1796 -5712 -8 ) (-1796 -5712 184 ) (-1872 -5712 184 ) 
4 2028 2032 (-1268 -5712 88 ) (-1268 -5712 184 ) (-1788 -5712 184 ) (-1788 -5712 88 ) 
4 2028 2029 (-1872 -5120 -8 ) (-1872 -5424 -8 ) (-1872 -5424 184 ) (-1872 -5120 184 ) 
4 2029 2030 (-1880 -5120 -8 ) (-1880 -5424 -8 ) (-1880 -5424 184 ) (-1880 -5120 184 ) 
4 2030 2043 (-1936 -5284 91 ) (-1936 -5284 36 ) (-1936 -5324 36 ) (-1936 -5324 91 ) 
4 2030 2042 (-1936 -5204 91 ) (-1936 -5204 36 ) (-1936 -5244 36 ) (-1936 -5244 91 ) 
4 2030 2041 (-1936 -5120 91 ) (-1936 -5120 36 ) (-1936 -5124 36 ) (-1936 -5124 91 ) 
4 2031 2048 (-1936 -5432 -8 ) (-1936 -5704 -8 ) (-1936 -5704 36 ) (-1936 -5432 36 ) 
4 2031 2044 (-1936 -5704 36 ) (-1936 -5704 176 ) (-1936 -5432 176 ) (-1936 -5432 36 ) 
4 2032 2035 (-1788 -5712 184 ) (-1788 -5712 88 ) (-1788 -5720 88 ) (-1788 -5720 184 ) 
4 2032 2034 (-1788 -5720 184 ) (-1788 -5720 88 ) (-1268 -5720 88 ) (-1268 -5720 184 ) 
4 2032 2033 (-1268 -5720 88 ) (-1024 -5720 88 ) (-1024 -5720 184 ) (-1268 -5720 184 ) 
4 2033 2040 (-1165 -5984 40 ) (-1165 -5984 184 ) (-1268 -5984 184 ) (-1268 -5984 40 ) 
4 2033 2039 (-1076 -5984 -8 ) (-1024 -5984 -8 ) (-1024 -5984 184 ) (-1076 -5984 184 ) 
4 2033 2034 (-1268 -5720 184 ) (-1268 -5720 40 ) (-1268 -5984 40 ) (-1268 -5984 184 ) 
4 2034 2040 (-1268 -5984 40 ) (-1268 -5984 184 ) (-1788 -5984 184 ) (-1788 -5984 40 ) 
4 2034 2038 (-1788 -5984 40 ) (-1788 -5984 184 ) (-1788 -5820 184 ) (-1788 -5820 40 ) 
4 2034 2037 (-1788 -5820 184 ) (-1788 -5812 184 ) (-1788 -5812 88 ) (-1788 -5820 88 ) 
4 2034 2035 (-1788 -5812 184 ) (-1788 -5720 184 ) (-1788 -5720 88 ) (-1788 -5812 88 ) 
4 2035 2037 (-1788 -5812 88 ) (-1788 -5812 184 ) (-1796 -5812 184 ) (-1796 -5812 88 ) 
4 2035 2036 (-1796 -5712 184 ) (-1796 -5712 88 ) (-1796 -5812 88 ) (-1796 -5812 184 ) 
4 2036 2049 (-1936 -5712 -8 ) (-1936 -5812 -8 ) (-1936 -5812 36 ) (-1936 -5712 36 ) 
4 2036 2045 (-1936 -5812 36 ) (-1936 -5812 184 ) (-1936 -5712 184 ) (-1936 -5712 36 ) 
4 2036 2037 (-1936 -5812 184 ) (-1936 -5812 88 ) (-1796 -5812 88 ) (-1796 -5812 184 ) 
4 2037 2046 (-1936 -5820 88 ) (-1936 -5820 184 ) (-1936 -5812 184 ) (-1936 -5812 88 ) 
4 2037 2038 (-1936 -5820 184 ) (-1936 -5820 88 ) (-1788 -5820 88 ) (-1788 -5820 184 ) 
4 2038 2047 (-1936 -5984 40 ) (-1936 -5984 184 ) (-1936 -5820 184 ) (-1936 -5820 40 ) 
4 2038 2040 (-1936 -5984 184 ) (-1936 -5984 40 ) (-1788 -5984 40 ) (-1788 -5984 184 ) 
4 2039 2166 (-1024 -6144 -8 ) (-1024 -6144 184 ) (-1236 -6144 184 ) (-1236 -6144 -8 ) 
4 2040 2167 (-1325 -6144 184 ) (-1936 -6144 184 ) (-1936 -6144 40 ) (-1325 -6144 40 ) 
4 2040 2047 (-1936 -6144 40 ) (-1936 -6144 184 ) (-1936 -5984 184 ) (-1936 -5984 40 ) 
4 2041 2050 (-1944 -5120 91 ) (-1944 -5120 36 ) (-1944 -5124 36 ) (-1944 -5124 91 ) 
4 2042 2051 (-1944 -5204 91 ) (-1944 -5204 36 ) (-1944 -5244 36 ) (-1944 -5244 91 ) 
4 2043 2051 (-1944 -5284 91 ) (-1944 -5284 36 ) (-1944 -5324 36 ) (-1944 -5324 91 ) 
4 2044 2052 (-1944 -5432 176 ) (-1944 -5432 36 ) (-1944 -5704 36 ) (-1944 -5704 176 ) 
4 2044 2048 (-1944 -5704 36 ) (-1944 -5432 36 ) (-1936 -5432 36 ) (-1936 -5704 36 ) 
4 2045 2053 (-1944 -5812 184 ) (-1944 -5712 184 ) (-1944 -5712 36 ) (-1944 -5812 36 ) 
4 2045 2049 (-1944 -5812 36 ) (-1944 -5712 36 ) (-1936 -5712 36 ) (-1936 -5812 36 ) 
4 2045 2046 (-1944 -5812 184 ) (-1944 -5812 88 ) (-1936 -5812 88 ) (-1936 -5812 184 ) 
4 2046 2054 (-1944 -5820 184 ) (-1944 -5812 184 ) (-1944 -5812 88 ) (-1944 -5820 88 ) 
4 2046 2047 (-1944 -5820 184 ) (-1944 -5820 88 ) (-1936 -5820 88 ) (-1936 -5820 184 ) 
4 2047 2167 (-1936 -6144 184 ) (-1944 -6144 184 ) (-1944 -6144 40 ) (-1936 -6144 40 ) 
4 2047 2055 (-1944 -6144 40 ) (-1944 -6144 184 ) (-1944 -5820 184 ) (-1944 -5820 40 ) 
4 2048 2052 (-1944 -5432 -8 ) (-1944 -5704 -8 ) (-1944 -5704 36 ) (-1944 -5432 36 ) 
4 2049 2053 (-1944 -5712 -8 ) (-1944 -5812 -8 ) (-1944 -5812 36 ) (-1944 -5712 36 ) 
4 2050 2148 (-2048 -5120 36 ) (-2048 -5120 -8 ) (-2048 -5160 -8 ) (-2048 -5160 36 ) 
4 2050 2124 (-2048 -5120 112 ) (-2048 -5120 36 ) (-2048 -5160 36 ) (-2048 -5160 112 ) 
4 2051 2149 (-2048 -5168 36 ) (-2048 -5168 -8 ) (-2048 -5360 -8 ) (-2048 -5360 36 ) 
4 2051 2125 (-2048 -5168 112 ) (-2048 -5168 36 ) (-2048 -5360 36 ) (-2048 -5360 112 ) 
4 2052 2156 (-2048 -5368 36 ) (-2048 -5368 -8 ) (-2048 -5704 -8 ) (-2048 -5704 36 ) 
4 2052 2142 (-2048 -5432 36 ) (-2048 -5704 36 ) (-2048 -5704 176 ) (-2048 -5432 176 ) 
4 2052 2139 (-2048 -5368 176 ) (-2048 -5368 36 ) (-2048 -5432 36 ) (-2048 -5432 176 ) 
4 2053 2157 (-2048 -5712 36 ) (-2048 -5712 -8 ) (-2048 -5812 -8 ) (-2048 -5812 36 ) 
4 2053 2143 (-2048 -5812 184 ) (-2048 -5712 184 ) (-2048 -5712 36 ) (-2048 -5812 36 ) 
4 2053 2054 (-1944 -5812 88 ) (-1944 -5812 184 ) (-2048 -5812 184 ) (-2048 -5812 88 ) 
4 2054 2146 (-2048 -5820 184 ) (-2048 -5812 184 ) (-2048 -5812 88 ) (-2048 -5820 88 ) 
4 2054 2055 (-1944 -5820 88 ) (-1944 -5820 184 ) (-2048 -5820 184 ) (-2048 -5820 88 ) 
4 2055 2167 (-1944 -6144 184 ) (-2048 -6144 184 ) (-2048 -6144 40 ) (-1944 -6144 40 ) 
4 2055 2147 (-2048 -6144 40 ) (-2048 -6144 184 ) (-2048 -5820 184 ) (-2048 -5820 40 ) 
4 2056 2123 (-2048 -5120 184 ) (-2048 -5120 1104 ) (-2144 -5120 1104 ) (-2144 -5120 184 ) 
4 2056 2066 (-2144 -4096 1104 ) (-2144 -4096 184 ) (-2144 -5120 184 ) (-2144 -5120 1104 ) 
4 2057 2097 (-2136 -4096 36 ) (-2048 -4096 36 ) (-2048 -4360 36 ) (-2136 -4360 36 ) 
4 2057 2060 (-2136 -4096 36 ) (-2136 -4360 36 ) (-2136 -4360 176 ) (-2136 -4096 176 ) 
4 2058 2098 (-2048 -4368 36 ) (-2048 -4560 36 ) (-2136 -4560 36 ) (-2136 -4368 36 ) 
4 2058 2061 (-2136 -4408 36 ) (-2136 -4456 36 ) (-2136 -4456 100 ) (-2136 -4408 100 ) 
4 2059 2100 (-2048 -4568 36 ) (-2048 -4760 36 ) (-2136 -4760 36 ) (-2136 -4568 36 ) 
4 2059 2062 (-2136 -4608 36 ) (-2136 -4656 36 ) (-2136 -4656 100 ) (-2136 -4608 100 ) 
4 2060 2097 (-2144 -4360 36 ) (-2144 -4096 36 ) (-2136 -4096 36 ) (-2136 -4360 36 ) 
4 2060 2067 (-2144 -4096 176 ) (-2144 -4096 36 ) (-2144 -4360 36 ) (-2144 -4360 176 ) 
4 2061 2099 (-2144 -4456 36 ) (-2144 -4408 36 ) (-2136 -4408 36 ) (-2136 -4456 36 ) 
4 2061 2069 (-2144 -4408 36 ) (-2144 -4456 36 ) (-2144 -4456 100 ) (-2144 -4408 100 ) 
4 2062 2101 (-2144 -4656 36 ) (-2144 -4608 36 ) (-2136 -4608 36 ) (-2136 -4656 36 ) 
4 2062 2069 (-2144 -4608 36 ) (-2144 -4656 36 ) (-2144 -4656 100 ) (-2144 -4608 100 ) 
4 2063 2102 (-2144 -4960 36 ) (-2144 -4768 36 ) (-2048 -4768 36 ) (-2048 -4960 36 ) 
4 2063 2069 (-2144 -4768 36 ) (-2144 -4960 36 ) (-2144 -4960 112 ) (-2144 -4768 112 ) 
4 2064 2124 (-2048 -5120 36 ) (-2048 -5120 112 ) (-2136 -5120 112 ) (-2136 -5120 36 ) 
4 2064 2103 (-2048 -5120 36 ) (-2136 -5120 36 ) (-2136 -4968 36 ) (-2048 -4968 36 ) 
4 2064 2065 (-2136 -5008 36 ) (-2136 -5056 36 ) (-2136 -5056 100 ) (-2136 -5008 100 ) 
4 2065 2104 (-2144 -5056 36 ) (-2144 -5008 36 ) (-2136 -5008 36 ) (-2136 -5056 36 ) 
4 2065 2069 (-2144 -5008 36 ) (-2144 -5056 36 ) (-2144 -5056 100 ) (-2144 -5008 100 ) 
4 2066 2123 (-2272 -5120 1104 ) (-2272 -5120 184 ) (-2144 -5120 184 ) (-2144 -5120 1104 ) 
4 2066 2070 (-2272 -5120 184 ) (-2272 -5120 1104 ) (-2272 -4096 1104 ) (-2272 -4096 184 ) 
4 2067 2105 (-2272 -4360 36 ) (-2272 -4096 36 ) (-2144 -4096 36 ) (-2144 -4360 36 ) 
4 2067 2071 (-2272 -4096 36 ) (-2272 -4360 36 ) (-2272 -4360 176 ) (-2272 -4096 176 ) 
4 2067 2068 (-2256 -4360 100 ) (-2256 -4360 36 ) (-2160 -4360 36 ) (-2160 -4360 100 ) 
4 2068 2106 (-2256 -4360 36 ) (-2160 -4360 36 ) (-2160 -4368 36 ) (-2256 -4368 36 ) 
4 2068 2069 (-2256 -4368 100 ) (-2256 -4368 36 ) (-2160 -4368 36 ) (-2160 -4368 100 ) 
4 2069 2127 (-2272 -5120 112 ) (-2272 -5120 36 ) (-2144 -5120 36 ) (-2144 -5120 112 ) 
4 2069 2107 (-2144 -5120 36 ) (-2272 -5120 36 ) (-2272 -4368 36 ) (-2144 -4368 36 ) 
4 2069 2075 (-2272 -5008 36 ) (-2272 -5056 36 ) (-2272 -5056 100 ) (-2272 -5008 100 ) 
4 2069 2074 (-2272 -4808 36 ) (-2272 -4856 36 ) (-2272 -4856 100 ) (-2272 -4808 100 ) 
4 2069 2073 (-2272 -4608 36 ) (-2272 -4656 36 ) (-2272 -4656 100 ) (-2272 -4608 100 ) 
4 2069 2072 (-2272 -4408 36 ) (-2272 -4456 36 ) (-2272 -4456 100 ) (-2272 -4408 100 ) 
4 2070 2123 (-2472 -5120 1104 ) (-2472 -5120 184 ) (-2272 -5120 184 ) (-2272 -5120 1104 ) 
4 2070 2081 (-2472 -4096 1104 ) (-2472 -4096 184 ) (-2472 -5120 184 ) (-2472 -5120 1104 ) 
4 2071 2108 (-2280 -4360 36 ) (-2280 -4096 36 ) (-2272 -4096 36 ) (-2272 -4360 36 ) 
4 2071 2076 (-2280 -4096 36 ) (-2280 -4360 36 ) (-2280 -4360 176 ) (-2280 -4096 176 ) 
4 2072 2109 (-2280 -4456 36 ) (-2280 -4408 36 ) (-2272 -4408 36 ) (-2272 -4456 36 ) 
4 2072 2077 (-2280 -4408 36 ) (-2280 -4456 36 ) (-2280 -4456 100 ) (-2280 -4408 100 ) 
4 2073 2111 (-2280 -4656 36 ) (-2280 -4608 36 ) (-2272 -4608 36 ) (-2272 -4656 36 ) 
4 2073 2078 (-2280 -4608 36 ) (-2280 -4656 36 ) (-2280 -4656 100 ) (-2280 -4608 100 ) 
4 2074 2113 (-2280 -4856 36 ) (-2280 -4808 36 ) (-2272 -4808 36 ) (-2272 -4856 36 ) 
4 2074 2079 (-2280 -4808 36 ) (-2280 -4856 36 ) (-2280 -4856 100 ) (-2280 -4808 100 ) 
4 2075 2115 (-2280 -5056 36 ) (-2280 -5008 36 ) (-2272 -5008 36 ) (-2272 -5056 36 ) 
4 2075 2080 (-2280 -5008 36 ) (-2280 -5056 36 ) (-2280 -5056 100 ) (-2280 -5008 100 ) 
4 2076 2108 (-2472 -4360 36 ) (-2472 -4096 36 ) (-2280 -4096 36 ) (-2280 -4360 36 ) 
4 2076 2082 (-2472 -4096 176 ) (-2472 -4096 36 ) (-2472 -4296 36 ) (-2472 -4296 176 ) 
4 2077 2110 (-2472 -4560 36 ) (-2472 -4368 36 ) (-2280 -4368 36 ) (-2280 -4560 36 ) 
4 2077 2084 (-2472 -4484 36 ) (-2472 -4524 36 ) (-2472 -4524 91 ) (-2472 -4484 91 ) 
4 2077 2083 (-2472 -4404 36 ) (-2472 -4444 36 ) (-2472 -4444 91 ) (-2472 -4404 91 ) 
4 2078 2112 (-2472 -4760 36 ) (-2472 -4568 36 ) (-2280 -4568 36 ) (-2280 -4760 36 ) 
4 2078 2086 (-2472 -4684 36 ) (-2472 -4724 36 ) (-2472 -4724 91 ) (-2472 -4684 91 ) 
4 2078 2085 (-2472 -4604 36 ) (-2472 -4644 36 ) (-2472 -4644 91 ) (-2472 -4604 91 ) 
4 2079 2114 (-2472 -4960 36 ) (-2472 -4768 36 ) (-2280 -4768 36 ) (-2280 -4960 36 ) 
4 2079 2088 (-2472 -4884 36 ) (-2472 -4924 36 ) (-2472 -4924 91 ) (-2472 -4884 91 ) 
4 2079 2087 (-2472 -4804 36 ) (-2472 -4844 36 ) (-2472 -4844 91 ) (-2472 -4804 91 ) 
4 2080 2129 (-2472 -5120 112 ) (-2472 -5120 36 ) (-2280 -5120 36 ) (-2280 -5120 112 ) 
4 2080 2116 (-2280 -5120 36 ) (-2472 -5120 36 ) (-2472 -4968 36 ) (-2280 -4968 36 ) 
4 2080 2090 (-2472 -5084 36 ) (-2472 -5120 36 ) (-2472 -5120 91 ) (-2472 -5084 91 ) 
4 2080 2089 (-2472 -5004 36 ) (-2472 -5044 36 ) (-2472 -5044 91 ) (-2472 -5004 91 ) 
4 2081 2123 (-2640 -5120 184 ) (-2472 -5120 184 ) (-2472 -5120 1104 ) (-2640 -5120 1104 ) 
4 2081 2096 (-2640 -4096 184 ) (-2636 -4096 184 ) (-2636 -5120 184 ) (-2640 -5120 184 ) 
4 2081 2095 (-2636 -4096 184 ) (-2544 -4096 184 ) (-2544 -5120 184 ) (-2636 -5120 184 ) 
4 2081 2094 (-2536 -4304 184 ) (-2536 -5120 184 ) (-2544 -5120 184 ) (-2544 -4304 184 ) 
4 2081 2092 (-2480 -4304 184 ) (-2480 -5120 184 ) (-2536 -5120 184 ) (-2536 -4304 184 ) 
4 2082 2117 (-2480 -4296 36 ) (-2480 -4096 36 ) (-2472 -4096 36 ) (-2472 -4296 36 ) 
4 2082 2091 (-2480 -4096 36 ) (-2480 -4296 36 ) (-2480 -4296 176 ) (-2480 -4096 176 ) 
4 2083 2092 (-2480 -4404 36 ) (-2480 -4444 36 ) (-2480 -4444 91 ) (-2480 -4404 91 ) 
4 2084 2092 (-2480 -4484 36 ) (-2480 -4524 36 ) (-2480 -4524 91 ) (-2480 -4484 91 ) 
4 2085 2092 (-2480 -4604 36 ) (-2480 -4644 36 ) (-2480 -4644 91 ) (-2480 -4604 91 ) 
4 2086 2092 (-2480 -4684 36 ) (-2480 -4724 36 ) (-2480 -4724 91 ) (-2480 -4684 91 ) 
4 2087 2092 (-2480 -4804 36 ) (-2480 -4844 36 ) (-2480 -4844 91 ) (-2480 -4804 91 ) 
4 2088 2092 (-2480 -4884 36 ) (-2480 -4924 36 ) (-2480 -4924 91 ) (-2480 -4884 91 ) 
4 2089 2092 (-2480 -5004 36 ) (-2480 -5044 36 ) (-2480 -5044 91 ) (-2480 -5004 91 ) 
4 2090 2131 (-2480 -5120 36 ) (-2472 -5120 36 ) (-2472 -5120 91 ) (-2480 -5120 91 ) 
4 2090 2092 (-2480 -5084 36 ) (-2480 -5120 36 ) (-2480 -5120 91 ) (-2480 -5084 91 ) 
4 2091 2118 (-2536 -4296 36 ) (-2536 -4096 36 ) (-2480 -4096 36 ) (-2480 -4296 36 ) 
4 2091 2093 (-2536 -4099 36 ) (-2536 -4229 36 ) (-2536 -4229 105 ) (-2536 -4099 105 ) 
4 2092 2134 (-2536 -5120 36 ) (-2480 -5120 36 ) (-2480 -5120 184 ) (-2536 -5120 184 ) 
4 2092 2119 (-2480 -5120 36 ) (-2536 -5120 36 ) (-2536 -4304 36 ) (-2480 -4304 36 ) 
4 2092 2094 (-2536 -4304 36 ) (-2536 -5120 36 ) (-2536 -5120 184 ) (-2536 -4304 184 ) 
4 2093 2120 (-2544 -4229 36 ) (-2544 -4099 36 ) (-2536 -4099 36 ) (-2536 -4229 36 ) 
4 2093 2095 (-2544 -4099 36 ) (-2544 -4229 36 ) (-2544 -4229 105 ) (-2544 -4099 105 ) 
4 2094 2134 (-2544 -5120 36 ) (-2536 -5120 36 ) (-2536 -5120 184 ) (-2544 -5120 184 ) 
4 2094 2121 (-2536 -5120 36 ) (-2544 -5120 36 ) (-2544 -4304 36 ) (-2536 -4304 36 ) 
4 2094 2095 (-2544 -4304 36 ) (-2544 -5120 36 ) (-2544 -5120 184 ) (-2544 -4304 184 ) 
4 2095 2134 (-2636 -5120 36 ) (-2544 -5120 36 ) (-2544 -5120 184 ) (-2636 -5120 184 ) 
4 2095 2122 (-2544 -5120 36 ) (-2636 -5120 36 ) (-2636 -4096 36 ) (-2544 -4096 36 ) 
4 2095 2096 (-2636 -5120 88 ) (-2636 -5120 184 ) (-2636 -4096 184 ) (-2636 -4096 88 ) 
4 2096 2135 (-2636 -5120 88 ) (-2636 -5120 184 ) (-2640 -5120 184 ) (-2640 -5120 88 ) 
4 2097 2105 (-2144 -4096 -8 ) (-2144 -4360 -8 ) (-2144 -4360 36 ) (-2144 -4096 36 ) 
4 2098 2099 (-2136 -4408 -8 ) (-2136 -4456 -8 ) (-2136 -4456 36 ) (-2136 -4408 36 ) 
4 2099 2107 (-2144 -4408 -8 ) (-2144 -4456 -8 ) (-2144 -4456 36 ) (-2144 -4408 36 ) 
4 2100 2101 (-2136 -4608 -8 ) (-2136 -4656 -8 ) (-2136 -4656 36 ) (-2136 -4608 36 ) 
4 2101 2107 (-2144 -4608 -8 ) (-2144 -4656 -8 ) (-2144 -4656 36 ) (-2144 -4608 36 ) 
4 2102 2107 (-2144 -4768 -8 ) (-2144 -4960 -8 ) (-2144 -4960 36 ) (-2144 -4768 36 ) 
4 2103 2148 (-2048 -5120 -8 ) (-2048 -5120 36 ) (-2136 -5120 36 ) (-2136 -5120 -8 ) 
4 2103 2104 (-2136 -5008 -8 ) (-2136 -5056 -8 ) (-2136 -5056 36 ) (-2136 -5008 36 ) 
4 2104 2107 (-2144 -5008 -8 ) (-2144 -5056 -8 ) (-2144 -5056 36 ) (-2144 -5008 36 ) 
4 2105 2108 (-2272 -4096 -8 ) (-2272 -4360 -8 ) (-2272 -4360 36 ) (-2272 -4096 36 ) 
4 2105 2106 (-2256 -4360 -8 ) (-2160 -4360 -8 ) (-2160 -4360 36 ) (-2256 -4360 36 ) 
4 2106 2107 (-2256 -4368 -8 ) (-2160 -4368 -8 ) (-2160 -4368 36 ) (-2256 -4368 36 ) 
4 2107 2151 (-2144 -5120 36 ) (-2272 -5120 36 ) (-2272 -5120 -8 ) (-2144 -5120 -8 ) 
4 2107 2115 (-2272 -5008 -8 ) (-2272 -5056 -8 ) (-2272 -5056 36 ) (-2272 -5008 36 ) 
4 2107 2113 (-2272 -4808 -8 ) (-2272 -4856 -8 ) (-2272 -4856 36 ) (-2272 -4808 36 ) 
4 2107 2111 (-2272 -4608 -8 ) (-2272 -4656 -8 ) (-2272 -4656 36 ) (-2272 -4608 36 ) 
4 2107 2109 (-2272 -4408 -8 ) (-2272 -4456 -8 ) (-2272 -4456 36 ) (-2272 -4408 36 ) 
4 2108 2117 (-2472 -4096 -8 ) (-2472 -4296 -8 ) (-2472 -4296 36 ) (-2472 -4096 36 ) 
4 2109 2110 (-2280 -4408 -8 ) (-2280 -4456 -8 ) (-2280 -4456 36 ) (-2280 -4408 36 ) 
4 2111 2112 (-2280 -4608 -8 ) (-2280 -4656 -8 ) (-2280 -4656 36 ) (-2280 -4608 36 ) 
4 2113 2114 (-2280 -4808 -8 ) (-2280 -4856 -8 ) (-2280 -4856 36 ) (-2280 -4808 36 ) 
4 2115 2116 (-2280 -5008 -8 ) (-2280 -5056 -8 ) (-2280 -5056 36 ) (-2280 -5008 36 ) 
4 2116 2152 (-2280 -5120 36 ) (-2472 -5120 36 ) (-2472 -5120 -8 ) (-2280 -5120 -8 ) 
4 2117 2118 (-2480 -4096 -8 ) (-2480 -4296 -8 ) (-2480 -4296 36 ) (-2480 -4096 36 ) 
4 2118 2120 (-2536 -4229 23 ) (-2536 -4229 36 ) (-2536 -4099 36 ) (-2536 -4099 23 ) 
4 2119 2160 (-2480 -5120 36 ) (-2536 -5120 36 ) (-2536 -5120 -8 ) (-2480 -5120 -8 ) 
4 2119 2121 (-2536 -4304 -8 ) (-2536 -5120 -8 ) (-2536 -5120 36 ) (-2536 -4304 36 ) 
4 2120 2122 (-2544 -4229 23 ) (-2544 -4229 36 ) (-2544 -4099 36 ) (-2544 -4099 23 ) 
4 2121 2162 (-2536 -5120 36 ) (-2544 -5120 36 ) (-2544 -5120 -8 ) (-2536 -5120 -8 ) 
4 2121 2122 (-2544 -4304 -8 ) (-2544 -5120 -8 ) (-2544 -5120 36 ) (-2544 -4304 36 ) 
4 2122 2164 (-2544 -5120 36 ) (-2636 -5120 36 ) (-2636 -5120 -8 ) (-2544 -5120 -8 ) 
4 2123 2168 (-2048 -6144 184 ) (-2048 -6144 1104 ) (-2640 -6144 1104 ) (-2640 -6144 184 ) 
4 2123 2147 (-2048 -6144 184 ) (-2640 -6144 184 ) (-2640 -5820 184 ) (-2048 -5820 184 ) 
4 2123 2146 (-2640 -5820 184 ) (-2640 -5812 184 ) (-2048 -5812 184 ) (-2048 -5820 184 ) 
4 2123 2145 (-2640 -5812 184 ) (-2640 -5368 184 ) (-2636 -5368 184 ) (-2636 -5812 184 ) 
4 2123 2144 (-2636 -5368 184 ) (-2544 -5368 184 ) (-2544 -5812 184 ) (-2636 -5812 184 ) 
4 2123 2143 (-2048 -5712 184 ) (-2048 -5812 184 ) (-2544 -5812 184 ) (-2544 -5712 184 ) 
4 2123 2141 (-2544 -5368 184 ) (-2536 -5368 184 ) (-2536 -5424 184 ) (-2544 -5424 184 ) 
4 2123 2140 (-2536 -5368 184 ) (-2480 -5368 184 ) (-2480 -5424 184 ) (-2536 -5424 184 ) 
4 2123 2138 (-2640 -5368 184 ) (-2640 -5360 184 ) (-2636 -5360 184 ) (-2636 -5368 184 ) 
4 2123 2137 (-2636 -5360 184 ) (-2480 -5360 184 ) (-2480 -5368 184 ) (-2636 -5368 184 ) 
4 2123 2135 (-2640 -5360 184 ) (-2640 -5120 184 ) (-2636 -5120 184 ) (-2636 -5360 184 ) 
4 2123 2134 (-2636 -5120 184 ) (-2480 -5120 184 ) (-2480 -5360 184 ) (-2636 -5360 184 ) 
4 2124 2148 (-2136 -5120 36 ) (-2048 -5120 36 ) (-2048 -5160 36 ) (-2136 -5160 36 ) 
4 2125 2149 (-2048 -5168 36 ) (-2048 -5360 36 ) (-2136 -5360 36 ) (-2136 -5168 36 ) 
4 2125 2126 (-2136 -5208 36 ) (-2136 -5256 36 ) (-2136 -5256 100 ) (-2136 -5208 100 ) 
4 2126 2150 (-2136 -5208 36 ) (-2136 -5256 36 ) (-2144 -5256 36 ) (-2144 -5208 36 ) 
4 2126 2127 (-2144 -5208 36 ) (-2144 -5256 36 ) (-2144 -5256 100 ) (-2144 -5208 100 ) 
4 2127 2151 (-2272 -5120 36 ) (-2144 -5120 36 ) (-2144 -5360 36 ) (-2272 -5360 36 ) 
4 2127 2136 (-2256 -5360 36 ) (-2160 -5360 36 ) (-2160 -5360 100 ) (-2256 -5360 100 ) 
4 2127 2128 (-2272 -5208 36 ) (-2272 -5256 36 ) (-2272 -5256 100 ) (-2272 -5208 100 ) 
4 2128 2153 (-2272 -5208 36 ) (-2272 -5256 36 ) (-2280 -5256 36 ) (-2280 -5208 36 ) 
4 2128 2130 (-2280 -5208 36 ) (-2280 -5256 36 ) (-2280 -5256 100 ) (-2280 -5208 100 ) 
4 2129 2152 (-2472 -5120 36 ) (-2280 -5120 36 ) (-2280 -5160 36 ) (-2472 -5160 36 ) 
4 2129 2131 (-2472 -5120 36 ) (-2472 -5124 36 ) (-2472 -5124 91 ) (-2472 -5120 91 ) 
4 2130 2154 (-2280 -5168 36 ) (-2280 -5360 36 ) (-2472 -5360 36 ) (-2472 -5168 36 ) 
4 2130 2133 (-2472 -5284 36 ) (-2472 -5324 36 ) (-2472 -5324 91 ) (-2472 -5284 91 ) 
4 2130 2132 (-2472 -5204 36 ) (-2472 -5244 36 ) (-2472 -5244 91 ) (-2472 -5204 91 ) 
4 2131 2134 (-2480 -5120 36 ) (-2480 -5124 36 ) (-2480 -5124 91 ) (-2480 -5120 91 ) 
4 2132 2134 (-2480 -5204 36 ) (-2480 -5244 36 ) (-2480 -5244 91 ) (-2480 -5204 91 ) 
4 2133 2134 (-2480 -5284 36 ) (-2480 -5324 36 ) (-2480 -5324 91 ) (-2480 -5284 91 ) 
4 2134 2164 (-2636 -5120 36 ) (-2544 -5120 36 ) (-2544 -5360 36 ) (-2636 -5360 36 ) 
4 2134 2162 (-2544 -5120 36 ) (-2536 -5120 36 ) (-2536 -5360 36 ) (-2544 -5360 36 ) 
4 2134 2160 (-2536 -5120 36 ) (-2480 -5120 36 ) (-2480 -5360 36 ) (-2536 -5360 36 ) 
4 2134 2137 (-2636 -5360 36 ) (-2480 -5360 36 ) (-2480 -5360 184 ) (-2636 -5360 184 ) 
4 2134 2135 (-2636 -5360 88 ) (-2636 -5360 184 ) (-2636 -5120 184 ) (-2636 -5120 88 ) 
4 2135 2138 (-2636 -5360 88 ) (-2636 -5360 184 ) (-2640 -5360 184 ) (-2640 -5360 88 ) 
4 2136 2155 (-2160 -5368 36 ) (-2256 -5368 36 ) (-2256 -5360 36 ) (-2160 -5360 36 ) 
4 2136 2139 (-2256 -5368 36 ) (-2160 -5368 36 ) (-2160 -5368 100 ) (-2256 -5368 100 ) 
4 2137 2164 (-2544 -5368 36 ) (-2636 -5368 36 ) (-2636 -5360 36 ) (-2544 -5360 36 ) 
4 2137 2162 (-2536 -5368 36 ) (-2544 -5368 36 ) (-2544 -5360 36 ) (-2536 -5360 36 ) 
4 2137 2160 (-2480 -5368 36 ) (-2536 -5368 36 ) (-2536 -5360 36 ) (-2480 -5360 36 ) 
4 2137 2144 (-2636 -5368 36 ) (-2544 -5368 36 ) (-2544 -5368 184 ) (-2636 -5368 184 ) 
4 2137 2141 (-2544 -5368 36 ) (-2536 -5368 36 ) (-2536 -5368 184 ) (-2544 -5368 184 ) 
4 2137 2140 (-2536 -5368 36 ) (-2480 -5368 36 ) (-2480 -5368 184 ) (-2536 -5368 184 ) 
4 2137 2138 (-2636 -5360 184 ) (-2636 -5360 88 ) (-2636 -5368 88 ) (-2636 -5368 184 ) 
4 2138 2145 (-2636 -5368 88 ) (-2636 -5368 184 ) (-2640 -5368 184 ) (-2640 -5368 88 ) 
4 2139 2156 (-2048 -5368 36 ) (-2048 -5432 36 ) (-2472 -5432 36 ) (-2472 -5368 36 ) 
4 2139 2142 (-2472 -5432 36 ) (-2048 -5432 36 ) (-2048 -5432 176 ) (-2472 -5432 176 ) 
4 2140 2160 (-2536 -5424 36 ) (-2536 -5368 36 ) (-2480 -5368 36 ) (-2480 -5424 36 ) 
4 2140 2141 (-2536 -5368 184 ) (-2536 -5368 36 ) (-2536 -5424 36 ) (-2536 -5424 184 ) 
4 2141 2162 (-2544 -5424 36 ) (-2544 -5368 36 ) (-2536 -5368 36 ) (-2536 -5424 36 ) 
4 2141 2144 (-2544 -5368 184 ) (-2544 -5368 36 ) (-2544 -5424 36 ) (-2544 -5424 184 ) 
4 2142 2161 (-2480 -5704 36 ) (-2536 -5704 36 ) (-2536 -5432 36 ) (-2480 -5432 36 ) 
4 2142 2158 (-2472 -5704 36 ) (-2480 -5704 36 ) (-2480 -5432 36 ) (-2472 -5432 36 ) 
4 2142 2156 (-2048 -5432 36 ) (-2048 -5704 36 ) (-2472 -5704 36 ) (-2472 -5432 36 ) 
4 2143 2163 (-2480 -5812 36 ) (-2544 -5812 36 ) (-2544 -5712 36 ) (-2480 -5712 36 ) 
4 2143 2159 (-2472 -5812 36 ) (-2480 -5812 36 ) (-2480 -5712 36 ) (-2472 -5712 36 ) 
4 2143 2157 (-2048 -5712 36 ) (-2048 -5812 36 ) (-2472 -5812 36 ) (-2472 -5712 36 ) 
4 2143 2146 (-2048 -5812 88 ) (-2048 -5812 184 ) (-2544 -5812 184 ) (-2544 -5812 88 ) 
4 2143 2144 (-2544 -5712 36 ) (-2544 -5812 36 ) (-2544 -5812 184 ) (-2544 -5712 184 ) 
4 2144 2164 (-2544 -5812 36 ) (-2636 -5812 36 ) (-2636 -5368 36 ) (-2544 -5368 36 ) 
4 2144 2146 (-2544 -5812 88 ) (-2544 -5812 184 ) (-2636 -5812 184 ) (-2636 -5812 88 ) 
4 2144 2145 (-2636 -5368 184 ) (-2636 -5368 88 ) (-2636 -5812 88 ) (-2636 -5812 184 ) 
4 2145 2146 (-2640 -5812 184 ) (-2640 -5812 88 ) (-2636 -5812 88 ) (-2636 -5812 184 ) 
4 2146 2147 (-2640 -5820 184 ) (-2640 -5820 88 ) (-2048 -5820 88 ) (-2048 -5820 184 ) 
4 2147 2168 (-2048 -6144 40 ) (-2048 -6144 184 ) (-2640 -6144 184 ) (-2640 -6144 40 ) 
4 2149 2150 (-2136 -5208 -8 ) (-2136 -5256 -8 ) (-2136 -5256 36 ) (-2136 -5208 36 ) 
4 2150 2151 (-2144 -5208 -8 ) (-2144 -5256 -8 ) (-2144 -5256 36 ) (-2144 -5208 36 ) 
4 2151 2155 (-2256 -5360 -8 ) (-2160 -5360 -8 ) (-2160 -5360 36 ) (-2256 -5360 36 ) 
4 2151 2153 (-2272 -5208 -8 ) (-2272 -5256 -8 ) (-2272 -5256 36 ) (-2272 -5208 36 ) 
4 2153 2154 (-2280 -5208 -8 ) (-2280 -5256 -8 ) (-2280 -5256 36 ) (-2280 -5208 36 ) 
4 2155 2156 (-2256 -5368 -8 ) (-2160 -5368 -8 ) (-2160 -5368 36 ) (-2256 -5368 36 ) 
4 2156 2158 (-2472 -5432 -8 ) (-2472 -5704 -8 ) (-2472 -5704 36 ) (-2472 -5432 36 ) 
4 2157 2159 (-2472 -5712 -8 ) (-2472 -5812 -8 ) (-2472 -5812 36 ) (-2472 -5712 36 ) 
4 2158 2161 (-2480 -5432 -8 ) (-2480 -5704 -8 ) (-2480 -5704 36 ) (-2480 -5432 36 ) 
4 2159 2163 (-2480 -5712 -8 ) (-2480 -5812 -8 ) (-2480 -5812 36 ) (-2480 -5712 36 ) 
4 2160 2162 (-2536 -5120 -8 ) (-2536 -5424 -8 ) (-2536 -5424 36 ) (-2536 -5120 36 ) 
4 2162 2164 (-2544 -5120 -8 ) (-2544 -5424 -8 ) (-2544 -5424 36 ) (-2544 -5120 36 ) 
4 2163 2164 (-2544 -5712 -8 ) (-2544 -5812 -8 ) (-2544 -5812 36 ) (-2544 -5712 36 ) 
4 2165 2168 (-2048 -6144 1104 ) (-2048 -6144 184 ) (-2048 -6400 184 ) (-2048 -6400 1104 ) 
4 2165 2167 (-1581 -6400 184 ) (-2048 -6400 184 ) (-2048 -6144 184 ) (-1325 -6144 184 ) 
4 2165 2166 (-1428 -6336 184 ) (-1236 -6144 184 ) (-1024 -6144 184 ) (-1024 -6336 184 ) 
4 2167 2168 (-2048 -6144 184 ) (-2048 -6144 40 ) (-2048 -6400 40 ) (-2048 -6400 184 ) 
