


materialPath: F:\Steam\steamapps\common\GarrysMod\garrysmod\materials
Loading c:\users\lorem\documents\github\school999-rolling-map\sources\maps\rp_school999_rolling.vmf
Patching WVT material: maps/rp_school999_rolling/nature/blendgrassgravel001b_wvt_patch
Patching WVT material: maps/rp_school999_rolling/nature/blendmilground008b_2_wvt_patch
Patching WVT material: maps/rp_school999_rolling/nature/blendmilground005_2_wvt_patch
fixing up env_cubemap materials on brush sides...
ProcessBlock_Thread: 0...1...2...3...4...5...6...7...8...9...10 (1)
ProcessBlock_Thread: 0...1...2...3...4...5...6...7...8...9...10 (0)
Processing areas...done (0)
Building Faces...done (0)
Chop Details...done (0)
Find Visible Detail Sides...
Merged 2242 detail faces...done (0)
Merging details...done (0)
FixTjuncs...
PruneNodes...
WriteBSP...
done (2)
writing c:\users\lorem\documents\github\school999-rolling-map\sources\maps\rp_school999_rolling.prt...
Building visibility clusters...
done (0)
Creating default LDR cubemaps for env_cubemap using skybox materials:
   skybox/skyday_universal*.vmt
 ! Run buildcubemaps in the engine to get the correct cube maps.
Creating default HDR cubemaps for env_cubemap using skybox materials:
   skybox/skyday_universal*.vmt
 ! Run buildcubemaps in the engine to get the correct cube maps.
Finding displacement neighbors...
Finding lightmap sample positions...
Displacement Alpha : 0...1...2...3...4...5...6...7...8...9...10
Building Physics collision data...
done (2) (1647821 bytes)
Placing detail props : 0...1...2...3...4...5...6...7...8...9..Material NATURE/BLENDMILGROUND008B_2 uses unknown detail object type militia_darkleaves_grass!
Material NATURE/BLENDMILGROUND005_2 uses unknown detail object type militia_rock_grass!
Material NATURE/BLENDMILGROUND005_2 uses unknown detail object type militia_rock_grass!
Material NATURE/BLENDMILGROUND008B_2 uses unknown detail object type militia_darkleaves_grass!
Material NATURE/BLENDMILGROUND005_2 uses unknown detail object type militia_rock_grass!
Material NATURE/BLENDMILGROUND008B_2 uses unknown detail object type militia_darkleaves_grass!
Material NATURE/BLENDMILGROUND005_2 uses unknown detail object type militia_rock_grass!
Material NATURE/BLENDMILGROUND008B_2 uses unknown detail object type militia_darkleaves_grass!
Material NATURE/BLENDMILGROUND008B_2 uses unknown detail object type militia_darkleaves_grass!
Material NATURE/BLENDMILGROUND008B_2 uses unknown detail object type militia_darkleaves_grass!
Material NATURE/BLENDMILGROUND005_2 uses unknown detail object type militia_rock_grass!
Material NATURE/BLENDMILGROUND005_2 uses unknown detail object type militia_rock_grass!
Material NATURE/BLENDMILGROUND005_2 uses unknown detail object type militia_rock_grass!
Material NATURE/BLENDMILGROUND008B_2 uses unknown detail object type militia_darkleaves_grass!
Material NATURE/BLENDMILGROUND005_2 uses unknown detail object type militia_rock_grass!
Material NATURE/BLENDMILGROUND008B_2 uses unknown detail object type militia_darkleaves_grass!
Material NATURE/BLENDMILGROUND005_2 uses unknown detail object type militia_rock_grass!
Material NATURE/BLENDMILGROUND008B_2 uses unknown detail object type militia_darkleaves_grass!
Material NATURE/BLENDMILGROUND005_2 uses unknown detail object type militia_rock_grass!
Material NATURE/BLENDMILGROUND008B_2 uses unknown detail object type militia_darkleaves_grass!
Material NATURE/BLENDMILGROUND005_2 uses unknown detail object type militia_rock_grass!
Material NATURE/BLENDMILGROUND008B_2 uses unknown detail object type militia_darkleaves_grass!
Material NATURE/BLENDMILGROUND005_2 uses unknown detail object type militia_rock_grass!
Material NATURE/BLENDMILGROUND005_2 uses unknown detail object type militia_rock_grass!
Material NATURE/BLENDMILGROUND008B_2 uses unknown detail object type militia_darkleaves_grass!
Material NATURE/BLENDMILGROUND005_2 uses unknown detail object type militia_rock_grass!
Material NATURE/BLENDMILGROUND008B_2 uses unknown detail object type militia_darkleaves_grass!
Material NATURE/BLENDMILGROUND005_2 uses unknown detail object type militia_rock_grass!
Material NATURE/BLENDMILGROUND008B_2 uses unknown detail object type militia_darkleaves_grass!
Material NATURE/BLENDMILGROUND005_2 uses unknown detail object type militia_rock_grass!
Material NATURE/BLENDMILGROUND008B_2 uses unknown detail object type militia_darkleaves_grass!
Material NATURE/BLENDMILGROUND005_2 uses unknown detail object type militia_rock_grass!
Material NATURE/BLENDMILGROUND008B_2 uses unknown detail object type militia_darkleaves_grass!
Material NATURE/BLENDMILGROUND005_2 uses unknown detail object type militia_rock_grass!
Material NATURE/BLENDMILGROUND005_2 uses unknown detail object type militia_rock_grass!
Material NATURE/BLENDMILGROUND008B_2 uses unknown detail object type militia_darkleaves_grass!
Material NATURE/BLENDMILGROUND005_2 uses unknown detail object type militia_rock_grass!
Material NATURE/BLENDMILGROUND005_2 uses unknown detail object type militia_rock_grass!
Material NATURE/BLENDMILGROUND005_2 uses unknown detail object type militia_rock_grass!
Material NATURE/BLENDMILGROUND008B_2 uses unknown detail object type militia_darkleaves_grass!
Material NATURE/BLENDMILGROUND005_2 uses unknown detail object type militia_rock_grass!
Material NATURE/BLENDMILGROUND008B_2 uses unknown detail object type militia_darkleaves_grass!
Material NATURE/BLENDMILGROUND005_2 uses unknown detail object type militia_rock_grass!
Material NATURE/BLENDMILGROUND008B_2 uses unknown detail object type militia_darkleaves_grass!
Material NATURE/BLENDMILGROUND005_2 uses unknown detail object type militia_rock_grass!
Material NATURE/BLENDMILGROUND005_2 uses unknown detail object type militia_rock_grass!
Material NATURE/BLENDMILGROUND008B_2 uses unknown detail object type militia_darkleaves_grass!
Material NATURE/BLENDMILGROUND005_2 uses unknown detail object type militia_rock_grass!
.10
Compacting texture/material tables...
Reduced 2691 texinfos to 1610
Reduced 188 texdatas to 157 (5651 bytes to 4462)
Writing c:\users\lorem\documents\github\school999-rolling-map\sources\maps\rp_school999_rolling.bsp
8 seconds elapsed



8 threads
reading c:\users\lorem\documents\github\school999-rolling-map\sources\maps\rp_school999_rolling.bsp
reading c:\users\lorem\documents\github\school999-rolling-map\sources\maps\rp_school999_rolling.prt
2176 portalclusters
5694 numportals
BasePortalVis:       0...1...2...3...4...5...6...7...8...9...10 (0)
Optimized: 210349 visible clusters (5.35%)
Total clusters visible: 3931139
Average clusters visible: 1806
Building PAS...
Average clusters audible: 2170
visdatasize:1177130  compressed from 1183744
writing c:\users\lorem\documents\github\school999-rolling-map\sources\maps\rp_school999_rolling.bsp
1 second elapsed



materialPath: F:\Steam\steamapps\common\GarrysMod\garrysmod\materials
Loading c:\users\lorem\documents\github\school999-rolling-map\sources\maps\rp_school999_rolling.vmf
Patching WVT material: maps/rp_school999_rolling/nature/blendgrassgravel001b_wvt_patch
Patching WVT material: maps/rp_school999_rolling/nature/blendmilground008b_2_wvt_patch
Patching WVT material: maps/rp_school999_rolling/nature/blendmilground005_2_wvt_patch
fixing up env_cubemap materials on brush sides...
ProcessBlock_Thread: 0...1...2...3...4...5...6...7...8...9...10 (0)
ProcessBlock_Thread: 0...1...2...3...4...5...6...7...8...9...10 (1)
Processing areas...done (0)
Building Faces...done (0)
Chop Details...done (0)
Find Visible Detail Sides...
Merged 2242 detail faces...done (0)
Merging details...done (0)
FixTjuncs...
PruneNodes...
WriteBSP...
done (1)
writing c:\users\lorem\documents\github\school999-rolling-map\sources\maps\rp_school999_rolling.prt...
Building visibility clusters...
done (0)
Creating default LDR cubemaps for env_cubemap using skybox materials:
   skybox/skyday_universal*.vmt
 ! Run buildcubemaps in the engine to get the correct cube maps.
Creating default HDR cubemaps for env_cubemap using skybox materials:
   skybox/skyday_universal*.vmt
 ! Run buildcubemaps in the engine to get the correct cube maps.
Finding displacement neighbors...
Finding lightmap sample positions...
Displacement Alpha : 0...1...2...3...4...5...6...7...8...9...10
Building Physics collision data...
done (1) (1613204 bytes)
Placing detail props : 0...1...2...3...4...5...6...7...8...9...Material NATURE/BLENDMILGROUND008B_2 uses unknown detail object type militia_darkleaves_grass!
Material NATURE/BLENDMILGROUND005_2 uses unknown detail object type militia_rock_grass!
Material NATURE/BLENDMILGROUND005_2 uses unknown detail object type militia_rock_grass!
Material NATURE/BLENDMILGROUND008B_2 uses unknown detail object type militia_darkleaves_grass!
Material NATURE/BLENDMILGROUND005_2 uses unknown detail object type militia_rock_grass!
Material NATURE/BLENDMILGROUND008B_2 uses unknown detail object type militia_darkleaves_grass!
Material NATURE/BLENDMILGROUND005_2 uses unknown detail object type militia_rock_grass!
Material NATURE/BLENDMILGROUND008B_2 uses unknown detail object type militia_darkleaves_grass!
Material NATURE/BLENDMILGROUND008B_2 uses unknown detail object type militia_darkleaves_grass!
Material NATURE/BLENDMILGROUND008B_2 uses unknown detail object type militia_darkleaves_grass!
Material NATURE/BLENDMILGROUND005_2 uses unknown detail object type militia_rock_grass!
Material NATURE/BLENDMILGROUND005_2 uses unknown detail object type militia_rock_grass!
Material NATURE/BLENDMILGROUND005_2 uses unknown detail object type militia_rock_grass!
Material NATURE/BLENDMILGROUND008B_2 uses unknown detail object type militia_darkleaves_grass!
Material NATURE/BLENDMILGROUND005_2 uses unknown detail object type militia_rock_grass!
Material NATURE/BLENDMILGROUND008B_2 uses unknown detail object type militia_darkleaves_grass!
Material NATURE/BLENDMILGROUND005_2 uses unknown detail object type militia_rock_grass!
Material NATURE/BLENDMILGROUND008B_2 uses unknown detail object type militia_darkleaves_grass!
Material NATURE/BLENDMILGROUND005_2 uses unknown detail object type militia_rock_grass!
Material NATURE/BLENDMILGROUND008B_2 uses unknown detail object type militia_darkleaves_grass!
Material NATURE/BLENDMILGROUND005_2 uses unknown detail object type militia_rock_grass!
Material NATURE/BLENDMILGROUND008B_2 uses unknown detail object type militia_darkleaves_grass!
Material NATURE/BLENDMILGROUND005_2 uses unknown detail object type militia_rock_grass!
Material NATURE/BLENDMILGROUND005_2 uses unknown detail object type militia_rock_grass!
Material NATURE/BLENDMILGROUND008B_2 uses unknown detail object type militia_darkleaves_grass!
Material NATURE/BLENDMILGROUND005_2 uses unknown detail object type militia_rock_grass!
Material NATURE/BLENDMILGROUND008B_2 uses unknown detail object type militia_darkleaves_grass!
Material NATURE/BLENDMILGROUND005_2 uses unknown detail object type militia_rock_grass!
Material NATURE/BLENDMILGROUND008B_2 uses unknown detail object type militia_darkleaves_grass!
Material NATURE/BLENDMILGROUND005_2 uses unknown detail object type militia_rock_grass!
Material NATURE/BLENDMILGROUND008B_2 uses unknown detail object type militia_darkleaves_grass!
Material NATURE/BLENDMILGROUND005_2 uses unknown detail object type militia_rock_grass!
Material NATURE/BLENDMILGROUND008B_2 uses unknown detail object type militia_darkleaves_grass!
Material NATURE/BLENDMILGROUND005_2 uses unknown detail object type militia_rock_grass!
Material NATURE/BLENDMILGROUND005_2 uses unknown detail object type militia_rock_grass!
Material NATURE/BLENDMILGROUND008B_2 uses unknown detail object type militia_darkleaves_grass!
Material NATURE/BLENDMILGROUND005_2 uses unknown detail object type militia_rock_grass!
Material NATURE/BLENDMILGROUND005_2 uses unknown detail object type militia_rock_grass!
Material NATURE/BLENDMILGROUND005_2 uses unknown detail object type militia_rock_grass!
Material NATURE/BLENDMILGROUND008B_2 uses unknown detail object type militia_darkleaves_grass!
Material NATURE/BLENDMILGROUND005_2 uses unknown detail object type militia_rock_grass!
Material NATURE/BLENDMILGROUND008B_2 uses unknown detail object type militia_darkleaves_grass!
Material NATURE/BLENDMILGROUND005_2 uses unknown detail object type militia_rock_grass!
Material NATURE/BLENDMILGROUND008B_2 uses unknown detail object type militia_darkleaves_grass!
Material NATURE/BLENDMILGROUND005_2 uses unknown detail object type militia_rock_grass!
Material NATURE/BLENDMILGROUND005_2 uses unknown detail object type militia_rock_grass!
Material NATURE/BLENDMILGROUND008B_2 uses unknown detail object type militia_darkleaves_grass!
Material NATURE/BLENDMILGROUND005_2 uses unknown detail object type militia_rock_grass!
10
Compacting texture/material tables...
Reduced 2419 texinfos to 1537
Reduced 164 texdatas to 136 (4983 bytes to 3857)
Writing c:\users\lorem\documents\github\school999-rolling-map\sources\maps\rp_school999_rolling.bsp
7 seconds elapsed



8 threads
reading c:\users\lorem\documents\github\school999-rolling-map\sources\maps\rp_school999_rolling.bsp
reading c:\users\lorem\documents\github\school999-rolling-map\sources\maps\rp_school999_rolling.prt
2182 portalclusters
5701 numportals
BasePortalVis:       0...1...2...3...4...5...6...7...8...9...10 (0)
Optimized: 203115 visible clusters (5.13%)
Total clusters visible: 3960717
Average clusters visible: 1815
Building PAS...
Average clusters audible: 2178
visdatasize:1189307  compressed from 1221920
writing c:\users\lorem\documents\github\school999-rolling-map\sources\maps\rp_school999_rolling.bsp
1 second elapsed



materialPath: F:\Steam\steamapps\common\GarrysMod\garrysmod\materials
Loading c:\users\lorem\documents\github\school999-rolling-map\sources\maps\rp_school999_rolling.vmf
Patching WVT material: maps/rp_school999_rolling/nature/blendgrassgravel001b_wvt_patch
Patching WVT material: maps/rp_school999_rolling/nature/blendmilground008b_2_wvt_patch
Patching WVT material: maps/rp_school999_rolling/nature/blendmilground005_2_wvt_patch
fixing up env_cubemap materials on brush sides...
ProcessBlock_Thread: 0...1...2...3...4...5...6...7...8...9...10 (0)
ProcessBlock_Thread: 0...1...2...3...4...5...6...7...8...9...10 (1)
Processing areas...done (0)
Building Faces...done (0)
Chop Details...done (0)
Find Visible Detail Sides...
Merged 2242 detail faces...done (0)
Merging details...done (0)
FixTjuncs...
PruneNodes...
WriteBSP...
done (1)
writing c:\users\lorem\documents\github\school999-rolling-map\sources\maps\rp_school999_rolling.prt...
Building visibility clusters...
done (0)
Creating default LDR cubemaps for env_cubemap using skybox materials:
   skybox/skyday_universal*.vmt
 ! Run buildcubemaps in the engine to get the correct cube maps.
Creating default HDR cubemaps for env_cubemap using skybox materials:
   skybox/skyday_universal*.vmt
 ! Run buildcubemaps in the engine to get the correct cube maps.
Finding displacement neighbors...
Finding lightmap sample positions...
Displacement Alpha : 0...1...2...3...4...5...6...7...8...9...10
Building Physics collision data...
done (1) (1613204 bytes)
Placing detail props : 0...1...2...3...4...5...6...7...8...9...Material NATURE/BLENDMILGROUND008B_2 uses unknown detail object type militia_darkleaves_grass!
Material NATURE/BLENDMILGROUND005_2 uses unknown detail object type militia_rock_grass!
Material NATURE/BLENDMILGROUND005_2 uses unknown detail object type militia_rock_grass!
Material NATURE/BLENDMILGROUND008B_2 uses unknown detail object type militia_darkleaves_grass!
Material NATURE/BLENDMILGROUND005_2 uses unknown detail object type militia_rock_grass!
Material NATURE/BLENDMILGROUND008B_2 uses unknown detail object type militia_darkleaves_grass!
Material NATURE/BLENDMILGROUND005_2 uses unknown detail object type militia_rock_grass!
Material NATURE/BLENDMILGROUND008B_2 uses unknown detail object type militia_darkleaves_grass!
Material NATURE/BLENDMILGROUND008B_2 uses unknown detail object type militia_darkleaves_grass!
Material NATURE/BLENDMILGROUND008B_2 uses unknown detail object type militia_darkleaves_grass!
Material NATURE/BLENDMILGROUND005_2 uses unknown detail object type militia_rock_grass!
Material NATURE/BLENDMILGROUND005_2 uses unknown detail object type militia_rock_grass!
Material NATURE/BLENDMILGROUND005_2 uses unknown detail object type militia_rock_grass!
Material NATURE/BLENDMILGROUND008B_2 uses unknown detail object type militia_darkleaves_grass!
Material NATURE/BLENDMILGROUND005_2 uses unknown detail object type militia_rock_grass!
Material NATURE/BLENDMILGROUND008B_2 uses unknown detail object type militia_darkleaves_grass!
Material NATURE/BLENDMILGROUND005_2 uses unknown detail object type militia_rock_grass!
Material NATURE/BLENDMILGROUND008B_2 uses unknown detail object type militia_darkleaves_grass!
Material NATURE/BLENDMILGROUND005_2 uses unknown detail object type militia_rock_grass!
Material NATURE/BLENDMILGROUND008B_2 uses unknown detail object type militia_darkleaves_grass!
Material NATURE/BLENDMILGROUND005_2 uses unknown detail object type militia_rock_grass!
Material NATURE/BLENDMILGROUND008B_2 uses unknown detail object type militia_darkleaves_grass!
Material NATURE/BLENDMILGROUND005_2 uses unknown detail object type militia_rock_grass!
Material NATURE/BLENDMILGROUND005_2 uses unknown detail object type militia_rock_grass!
Material NATURE/BLENDMILGROUND008B_2 uses unknown detail object type militia_darkleaves_grass!
Material NATURE/BLENDMILGROUND005_2 uses unknown detail object type militia_rock_grass!
Material NATURE/BLENDMILGROUND008B_2 uses unknown detail object type militia_darkleaves_grass!
Material NATURE/BLENDMILGROUND005_2 uses unknown detail object type militia_rock_grass!
Material NATURE/BLENDMILGROUND008B_2 uses unknown detail object type militia_darkleaves_grass!
Material NATURE/BLENDMILGROUND005_2 uses unknown detail object type militia_rock_grass!
Material NATURE/BLENDMILGROUND008B_2 uses unknown detail object type militia_darkleaves_grass!
Material NATURE/BLENDMILGROUND005_2 uses unknown detail object type militia_rock_grass!
Material NATURE/BLENDMILGROUND008B_2 uses unknown detail object type militia_darkleaves_grass!
Material NATURE/BLENDMILGROUND005_2 uses unknown detail object type militia_rock_grass!
Material NATURE/BLENDMILGROUND005_2 uses unknown detail object type militia_rock_grass!
Material NATURE/BLENDMILGROUND008B_2 uses unknown detail object type militia_darkleaves_grass!
Material NATURE/BLENDMILGROUND005_2 uses unknown detail object type militia_rock_grass!
Material NATURE/BLENDMILGROUND005_2 uses unknown detail object type militia_rock_grass!
Material NATURE/BLENDMILGROUND005_2 uses unknown detail object type militia_rock_grass!
Material NATURE/BLENDMILGROUND008B_2 uses unknown detail object type militia_darkleaves_grass!
Material NATURE/BLENDMILGROUND005_2 uses unknown detail object type militia_rock_grass!
Material NATURE/BLENDMILGROUND008B_2 uses unknown detail object type militia_darkleaves_grass!
Material NATURE/BLENDMILGROUND005_2 uses unknown detail object type militia_rock_grass!
Material NATURE/BLENDMILGROUND008B_2 uses unknown detail object type militia_darkleaves_grass!
Material NATURE/BLENDMILGROUND005_2 uses unknown detail object type militia_rock_grass!
Material NATURE/BLENDMILGROUND005_2 uses unknown detail object type militia_rock_grass!
Material NATURE/BLENDMILGROUND008B_2 uses unknown detail object type militia_darkleaves_grass!
Material NATURE/BLENDMILGROUND005_2 uses unknown detail object type militia_rock_grass!
10
Compacting texture/material tables...
Reduced 2419 texinfos to 1537
Reduced 164 texdatas to 136 (4983 bytes to 3857)
Writing c:\users\lorem\documents\github\school999-rolling-map\sources\maps\rp_school999_rolling.bsp
7 seconds elapsed



8 threads
reading c:\users\lorem\documents\github\school999-rolling-map\sources\maps\rp_school999_rolling.bsp
reading c:\users\lorem\documents\github\school999-rolling-map\sources\maps\rp_school999_rolling.prt
2182 portalclusters
5701 numportals
BasePortalVis:       0...1...2...3...4...5...6...7...8...9...10 (0)
Optimized: 203115 visible clusters (5.13%)
Total clusters visible: 3960717
Average clusters visible: 1815
Building PAS...
Average clusters audible: 2178
visdatasize:1189307  compressed from 1221920
writing c:\users\lorem\documents\github\school999-rolling-map\sources\maps\rp_school999_rolling.bsp
1 second elapsed



materialPath: F:\Steam\steamapps\common\GarrysMod\garrysmod\materials
Loading c:\users\lorem\documents\github\school999-rolling-map\sources\maps\rp_school999_rolling.vmf
Patching WVT material: maps/rp_school999_rolling/nature/blendgrassgravel001b_wvt_patch
Patching WVT material: maps/rp_school999_rolling/nature/blendmilground008b_2_wvt_patch
Patching WVT material: maps/rp_school999_rolling/nature/blendmilground005_2_wvt_patch
fixing up env_cubemap materials on brush sides...
ProcessBlock_Thread: 0...1...2...3...4...5...6...7...8...9...10 (1)
ProcessBlock_Thread: 0...1...2...3...4...5...6...7...8...9...10 (0)
Processing areas...done (0)
Building Faces...done (0)
Chop Details...done (0)
Find Visible Detail Sides...
Merged 2220 detail faces...done (0)
Merging details...done (1)
FixTjuncs...
PruneNodes...
WriteBSP...
done (1)
writing c:\users\lorem\documents\github\school999-rolling-map\sources\maps\rp_school999_rolling.prt...
Building visibility clusters...
done (0)
Creating default LDR cubemaps for env_cubemap using skybox materials:
   skybox/skyday_universal*.vmt
 ! Run buildcubemaps in the engine to get the correct cube maps.
Creating default HDR cubemaps for env_cubemap using skybox materials:
   skybox/skyday_universal*.vmt
 ! Run buildcubemaps in the engine to get the correct cube maps.
Finding displacement neighbors...
Finding lightmap sample positions...
Displacement Alpha : 0...1...2...3...4...5...6...7...8...9...10
Building Physics collision data...
done (1) (1643757 bytes)
Placing detail props : 0...1...2...3...4...5...6...7...8...9..Material NATURE/BLENDMILGROUND008B_2 uses unknown detail object type militia_darkleaves_grass!
Material NATURE/BLENDMILGROUND005_2 uses unknown detail object type militia_rock_grass!
Material NATURE/BLENDMILGROUND005_2 uses unknown detail object type militia_rock_grass!
Material NATURE/BLENDMILGROUND008B_2 uses unknown detail object type militia_darkleaves_grass!
Material NATURE/BLENDMILGROUND005_2 uses unknown detail object type militia_rock_grass!
Material NATURE/BLENDMILGROUND008B_2 uses unknown detail object type militia_darkleaves_grass!
Material NATURE/BLENDMILGROUND005_2 uses unknown detail object type militia_rock_grass!
Material NATURE/BLENDMILGROUND008B_2 uses unknown detail object type militia_darkleaves_grass!
Material NATURE/BLENDMILGROUND008B_2 uses unknown detail object type militia_darkleaves_grass!
Material NATURE/BLENDMILGROUND008B_2 uses unknown detail object type militia_darkleaves_grass!
Material NATURE/BLENDMILGROUND005_2 uses unknown detail object type militia_rock_grass!
Material NATURE/BLENDMILGROUND005_2 uses unknown detail object type militia_rock_grass!
Material NATURE/BLENDMILGROUND005_2 uses unknown detail object type militia_rock_grass!
Material NATURE/BLENDMILGROUND008B_2 uses unknown detail object type militia_darkleaves_grass!
Material NATURE/BLENDMILGROUND005_2 uses unknown detail object type militia_rock_grass!
Material NATURE/BLENDMILGROUND008B_2 uses unknown detail object type militia_darkleaves_grass!
Material NATURE/BLENDMILGROUND005_2 uses unknown detail object type militia_rock_grass!
Material NATURE/BLENDMILGROUND008B_2 uses unknown detail object type militia_darkleaves_grass!
Material NATURE/BLENDMILGROUND005_2 uses unknown detail object type militia_rock_grass!
Material NATURE/BLENDMILGROUND008B_2 uses unknown detail object type militia_darkleaves_grass!
Material NATURE/BLENDMILGROUND005_2 uses unknown detail object type militia_rock_grass!
Material NATURE/BLENDMILGROUND008B_2 uses unknown detail object type militia_darkleaves_grass!
Material NATURE/BLENDMILGROUND005_2 uses unknown detail object type militia_rock_grass!
Material NATURE/BLENDMILGROUND005_2 uses unknown detail object type militia_rock_grass!
Material NATURE/BLENDMILGROUND008B_2 uses unknown detail object type militia_darkleaves_grass!
Material NATURE/BLENDMILGROUND005_2 uses unknown detail object type militia_rock_grass!
Material NATURE/BLENDMILGROUND008B_2 uses unknown detail object type militia_darkleaves_grass!
Material NATURE/BLENDMILGROUND005_2 uses unknown detail object type militia_rock_grass!
Material NATURE/BLENDMILGROUND008B_2 uses unknown detail object type militia_darkleaves_grass!
Material NATURE/BLENDMILGROUND005_2 uses unknown detail object type militia_rock_grass!
Material NATURE/BLENDMILGROUND008B_2 uses unknown detail object type militia_darkleaves_grass!
Material NATURE/BLENDMILGROUND005_2 uses unknown detail object type militia_rock_grass!
Material NATURE/BLENDMILGROUND008B_2 uses unknown detail object type militia_darkleaves_grass!
Material NATURE/BLENDMILGROUND005_2 uses unknown detail object type militia_rock_grass!
Material NATURE/BLENDMILGROUND005_2 uses unknown detail object type militia_rock_grass!
Material NATURE/BLENDMILGROUND008B_2 uses unknown detail object type militia_darkleaves_grass!
Material NATURE/BLENDMILGROUND005_2 uses unknown detail object type militia_rock_grass!
Material NATURE/BLENDMILGROUND005_2 uses unknown detail object type militia_rock_grass!
Material NATURE/BLENDMILGROUND005_2 uses unknown detail object type militia_rock_grass!
Material NATURE/BLENDMILGROUND008B_2 uses unknown detail object type militia_darkleaves_grass!
Material NATURE/BLENDMILGROUND005_2 uses unknown detail object type militia_rock_grass!
Material NATURE/BLENDMILGROUND008B_2 uses unknown detail object type militia_darkleaves_grass!
Material NATURE/BLENDMILGROUND005_2 uses unknown detail object type militia_rock_grass!
Material NATURE/BLENDMILGROUND008B_2 uses unknown detail object type militia_darkleaves_grass!
Material NATURE/BLENDMILGROUND005_2 uses unknown detail object type militia_rock_grass!
Material NATURE/BLENDMILGROUND005_2 uses unknown detail object type militia_rock_grass!
Material NATURE/BLENDMILGROUND008B_2 uses unknown detail object type militia_darkleaves_grass!
Material NATURE/BLENDMILGROUND005_2 uses unknown detail object type militia_rock_grass!
.10
Compacting texture/material tables...
Reduced 2688 texinfos to 1607
Reduced 188 texdatas to 157 (5651 bytes to 4462)
Writing c:\users\lorem\documents\github\school999-rolling-map\sources\maps\rp_school999_rolling.bsp
8 seconds elapsed



8 threads
reading c:\users\lorem\documents\github\school999-rolling-map\sources\maps\rp_school999_rolling.bsp
reading c:\users\lorem\documents\github\school999-rolling-map\sources\maps\rp_school999_rolling.prt
2163 portalclusters
5658 numportals
BasePortalVis:       0...1...2...3...4...5...6...7...8...9...10 (0)
Optimized: 214732 visible clusters (5.55%)
Total clusters visible: 3869491
Average clusters visible: 1788
Building PAS...
Average clusters audible: 2157
visdatasize:1166299  compressed from 1176672
writing c:\users\lorem\documents\github\school999-rolling-map\sources\maps\rp_school999_rolling.bsp
1 second elapsed



materialPath: F:\Steam\steamapps\common\GarrysMod\garrysmod\materials
Loading c:\users\lorem\documents\github\school999-rolling-map\sources\maps\rp_school999_rolling.vmf
Patching WVT material: maps/rp_school999_rolling/nature/blendgrassgravel001b_wvt_patch
Patching WVT material: maps/rp_school999_rolling/nature/blendmilground008b_2_wvt_patch
Patching WVT material: maps/rp_school999_rolling/nature/blendmilground005_2_wvt_patch
fixing up env_cubemap materials on brush sides...
ProcessBlock_Thread: 0...1...2...3...4...5...6...7...8...9...10 (1)
ProcessBlock_Thread: 0...1...2...3...4...5...6...7...8...9...10 (0)
Processing areas...done (0)
Building Faces...done (0)
Chop Details...done (0)
Find Visible Detail Sides...
Merged 2242 detail faces...done (0)
Merging details...done (0)
FixTjuncs...
PruneNodes...
WriteBSP...
done (2)
writing c:\users\lorem\documents\github\school999-rolling-map\sources\maps\rp_school999_rolling.prt...
Building visibility clusters...
done (0)
Creating default LDR cubemaps for env_cubemap using skybox materials:
   skybox/skyday_universal*.vmt
 ! Run buildcubemaps in the engine to get the correct cube maps.
Creating default HDR cubemaps for env_cubemap using skybox materials:
   skybox/skyday_universal*.vmt
 ! Run buildcubemaps in the engine to get the correct cube maps.
Finding displacement neighbors...
Finding lightmap sample positions...
Displacement Alpha : 0...1...2...3...4...5...6...7...8...9...10
Building Physics collision data...
done (2) (1646486 bytes)
Placing detail props : 0...1...2...3...4...5...6...7...8...9..Material NATURE/BLENDMILGROUND008B_2 uses unknown detail object type militia_darkleaves_grass!
Material NATURE/BLENDMILGROUND005_2 uses unknown detail object type militia_rock_grass!
Material NATURE/BLENDMILGROUND005_2 uses unknown detail object type militia_rock_grass!
Material NATURE/BLENDMILGROUND008B_2 uses unknown detail object type militia_darkleaves_grass!
Material NATURE/BLENDMILGROUND005_2 uses unknown detail object type militia_rock_grass!
Material NATURE/BLENDMILGROUND008B_2 uses unknown detail object type militia_darkleaves_grass!
Material NATURE/BLENDMILGROUND005_2 uses unknown detail object type militia_rock_grass!
Material NATURE/BLENDMILGROUND008B_2 uses unknown detail object type militia_darkleaves_grass!
Material NATURE/BLENDMILGROUND008B_2 uses unknown detail object type militia_darkleaves_grass!
Material NATURE/BLENDMILGROUND008B_2 uses unknown detail object type militia_darkleaves_grass!
Material NATURE/BLENDMILGROUND005_2 uses unknown detail object type militia_rock_grass!
Material NATURE/BLENDMILGROUND005_2 uses unknown detail object type militia_rock_grass!
Material NATURE/BLENDMILGROUND005_2 uses unknown detail object type militia_rock_grass!
Material NATURE/BLENDMILGROUND008B_2 uses unknown detail object type militia_darkleaves_grass!
Material NATURE/BLENDMILGROUND005_2 uses unknown detail object type militia_rock_grass!
Material NATURE/BLENDMILGROUND008B_2 uses unknown detail object type militia_darkleaves_grass!
Material NATURE/BLENDMILGROUND005_2 uses unknown detail object type militia_rock_grass!
Material NATURE/BLENDMILGROUND008B_2 uses unknown detail object type militia_darkleaves_grass!
Material NATURE/BLENDMILGROUND005_2 uses unknown detail object type militia_rock_grass!
Material NATURE/BLENDMILGROUND008B_2 uses unknown detail object type militia_darkleaves_grass!
Material NATURE/BLENDMILGROUND005_2 uses unknown detail object type militia_rock_grass!
Material NATURE/BLENDMILGROUND008B_2 uses unknown detail object type militia_darkleaves_grass!
Material NATURE/BLENDMILGROUND005_2 uses unknown detail object type militia_rock_grass!
Material NATURE/BLENDMILGROUND005_2 uses unknown detail object type militia_rock_grass!
Material NATURE/BLENDMILGROUND008B_2 uses unknown detail object type militia_darkleaves_grass!
Material NATURE/BLENDMILGROUND005_2 uses unknown detail object type militia_rock_grass!
Material NATURE/BLENDMILGROUND008B_2 uses unknown detail object type militia_darkleaves_grass!
Material NATURE/BLENDMILGROUND005_2 uses unknown detail object type militia_rock_grass!
Material NATURE/BLENDMILGROUND008B_2 uses unknown detail object type militia_darkleaves_grass!
Material NATURE/BLENDMILGROUND005_2 uses unknown detail object type militia_rock_grass!
Material NATURE/BLENDMILGROUND008B_2 uses unknown detail object type militia_darkleaves_grass!
Material NATURE/BLENDMILGROUND005_2 uses unknown detail object type militia_rock_grass!
Material NATURE/BLENDMILGROUND008B_2 uses unknown detail object type militia_darkleaves_grass!
Material NATURE/BLENDMILGROUND005_2 uses unknown detail object type militia_rock_grass!
Material NATURE/BLENDMILGROUND005_2 uses unknown detail object type militia_rock_grass!
Material NATURE/BLENDMILGROUND008B_2 uses unknown detail object type militia_darkleaves_grass!
Material NATURE/BLENDMILGROUND005_2 uses unknown detail object type militia_rock_grass!
Material NATURE/BLENDMILGROUND005_2 uses unknown detail object type militia_rock_grass!
Material NATURE/BLENDMILGROUND005_2 uses unknown detail object type militia_rock_grass!
Material NATURE/BLENDMILGROUND008B_2 uses unknown detail object type militia_darkleaves_grass!
Material NATURE/BLENDMILGROUND005_2 uses unknown detail object type militia_rock_grass!
Material NATURE/BLENDMILGROUND008B_2 uses unknown detail object type militia_darkleaves_grass!
Material NATURE/BLENDMILGROUND005_2 uses unknown detail object type militia_rock_grass!
Material NATURE/BLENDMILGROUND008B_2 uses unknown detail object type militia_darkleaves_grass!
Material NATURE/BLENDMILGROUND005_2 uses unknown detail object type militia_rock_grass!
Material NATURE/BLENDMILGROUND005_2 uses unknown detail object type militia_rock_grass!
Material NATURE/BLENDMILGROUND008B_2 uses unknown detail object type militia_darkleaves_grass!
Material NATURE/BLENDMILGROUND005_2 uses unknown detail object type militia_rock_grass!
.10
Compacting texture/material tables...
Reduced 2681 texinfos to 1602
Reduced 181 texdatas to 153 (5237 bytes to 4258)
Writing c:\users\lorem\documents\github\school999-rolling-map\sources\maps\rp_school999_rolling.bsp
8 seconds elapsed



8 threads
reading c:\users\lorem\documents\github\school999-rolling-map\sources\maps\rp_school999_rolling.bsp
reading c:\users\lorem\documents\github\school999-rolling-map\sources\maps\rp_school999_rolling.prt
2155 portalclusters
5630 numportals
BasePortalVis:       0...1...2...3...4...5...6...7...8...9...10 (0)
Optimized: 205731 visible clusters (5.34%)
Total clusters visible: 3856038
Average clusters visible: 1789
Building PAS...
Average clusters audible: 2149
visdatasize:1161471  compressed from 1172320
writing c:\users\lorem\documents\github\school999-rolling-map\sources\maps\rp_school999_rolling.bsp
1 second elapsed



materialPath: F:\Steam\steamapps\common\GarrysMod\garrysmod\materials
Loading c:\users\lorem\documents\github\school999-rolling-map\sources\maps\rp_school999_rolling.vmf
Patching WVT material: maps/rp_school999_rolling/nature/blendgrassgravel001b_wvt_patch
Patching WVT material: maps/rp_school999_rolling/nature/blendmilground008b_2_wvt_patch
Patching WVT material: maps/rp_school999_rolling/nature/blendmilground005_2_wvt_patch
fixing up env_cubemap materials on brush sides...
ProcessBlock_Thread: 0...1...2...3...4...5...6...7...8...9...10 (1)
ProcessBlock_Thread: 0...1...2...3...4...5...6...7...8...9...10 (0)
Processing areas...done (0)
Building Faces...done (0)
Chop Details...done (0)
Find Visible Detail Sides...
Merged 2242 detail faces...done (0)
Merging details...done (0)
FixTjuncs...
PruneNodes...
WriteBSP...
done (2)
writing c:\users\lorem\documents\github\school999-rolling-map\sources\maps\rp_school999_rolling.prt...
Building visibility clusters...
done (0)
Creating default LDR cubemaps for env_cubemap using skybox materials:
   skybox/skyday_universal*.vmt
 ! Run buildcubemaps in the engine to get the correct cube maps.
Creating default HDR cubemaps for env_cubemap using skybox materials:
   skybox/skyday_universal*.vmt
 ! Run buildcubemaps in the engine to get the correct cube maps.
Finding displacement neighbors...
Finding lightmap sample positions...
Displacement Alpha : 0...1...2...3...4...5...6...7...8...9...10
Building Physics collision data...
done (2) (1646243 bytes)
Placing detail props : 0...1...2...3...4...5...6...7...8...9..Material NATURE/BLENDMILGROUND008B_2 uses unknown detail object type militia_darkleaves_grass!
Material NATURE/BLENDMILGROUND005_2 uses unknown detail object type militia_rock_grass!
Material NATURE/BLENDMILGROUND005_2 uses unknown detail object type militia_rock_grass!
Material NATURE/BLENDMILGROUND008B_2 uses unknown detail object type militia_darkleaves_grass!
Material NATURE/BLENDMILGROUND005_2 uses unknown detail object type militia_rock_grass!
Material NATURE/BLENDMILGROUND008B_2 uses unknown detail object type militia_darkleaves_grass!
Material NATURE/BLENDMILGROUND005_2 uses unknown detail object type militia_rock_grass!
Material NATURE/BLENDMILGROUND008B_2 uses unknown detail object type militia_darkleaves_grass!
Material NATURE/BLENDMILGROUND008B_2 uses unknown detail object type militia_darkleaves_grass!
Material NATURE/BLENDMILGROUND008B_2 uses unknown detail object type militia_darkleaves_grass!
Material NATURE/BLENDMILGROUND005_2 uses unknown detail object type militia_rock_grass!
Material NATURE/BLENDMILGROUND005_2 uses unknown detail object type militia_rock_grass!
Material NATURE/BLENDMILGROUND005_2 uses unknown detail object type militia_rock_grass!
Material NATURE/BLENDMILGROUND008B_2 uses unknown detail object type militia_darkleaves_grass!
Material NATURE/BLENDMILGROUND005_2 uses unknown detail object type militia_rock_grass!
Material NATURE/BLENDMILGROUND008B_2 uses unknown detail object type militia_darkleaves_grass!
Material NATURE/BLENDMILGROUND005_2 uses unknown detail object type militia_rock_grass!
Material NATURE/BLENDMILGROUND008B_2 uses unknown detail object type militia_darkleaves_grass!
Material NATURE/BLENDMILGROUND005_2 uses unknown detail object type militia_rock_grass!
Material NATURE/BLENDMILGROUND008B_2 uses unknown detail object type militia_darkleaves_grass!
Material NATURE/BLENDMILGROUND005_2 uses unknown detail object type militia_rock_grass!
Material NATURE/BLENDMILGROUND008B_2 uses unknown detail object type militia_darkleaves_grass!
Material NATURE/BLENDMILGROUND005_2 uses unknown detail object type militia_rock_grass!
Material NATURE/BLENDMILGROUND005_2 uses unknown detail object type militia_rock_grass!
Material NATURE/BLENDMILGROUND008B_2 uses unknown detail object type militia_darkleaves_grass!
Material NATURE/BLENDMILGROUND005_2 uses unknown detail object type militia_rock_grass!
Material NATURE/BLENDMILGROUND008B_2 uses unknown detail object type militia_darkleaves_grass!
Material NATURE/BLENDMILGROUND005_2 uses unknown detail object type militia_rock_grass!
Material NATURE/BLENDMILGROUND008B_2 uses unknown detail object type militia_darkleaves_grass!
Material NATURE/BLENDMILGROUND005_2 uses unknown detail object type militia_rock_grass!
Material NATURE/BLENDMILGROUND008B_2 uses unknown detail object type militia_darkleaves_grass!
Material NATURE/BLENDMILGROUND005_2 uses unknown detail object type militia_rock_grass!
Material NATURE/BLENDMILGROUND008B_2 uses unknown detail object type militia_darkleaves_grass!
Material NATURE/BLENDMILGROUND005_2 uses unknown detail object type militia_rock_grass!
Material NATURE/BLENDMILGROUND005_2 uses unknown detail object type militia_rock_grass!
Material NATURE/BLENDMILGROUND008B_2 uses unknown detail object type militia_darkleaves_grass!
Material NATURE/BLENDMILGROUND005_2 uses unknown detail object type militia_rock_grass!
Material NATURE/BLENDMILGROUND005_2 uses unknown detail object type militia_rock_grass!
Material NATURE/BLENDMILGROUND005_2 uses unknown detail object type militia_rock_grass!
Material NATURE/BLENDMILGROUND008B_2 uses unknown detail object type militia_darkleaves_grass!
Material NATURE/BLENDMILGROUND005_2 uses unknown detail object type militia_rock_grass!
Material NATURE/BLENDMILGROUND008B_2 uses unknown detail object type militia_darkleaves_grass!
Material NATURE/BLENDMILGROUND005_2 uses unknown detail object type militia_rock_grass!
Material NATURE/BLENDMILGROUND008B_2 uses unknown detail object type militia_darkleaves_grass!
Material NATURE/BLENDMILGROUND005_2 uses unknown detail object type militia_rock_grass!
Material NATURE/BLENDMILGROUND005_2 uses unknown detail object type militia_rock_grass!
Material NATURE/BLENDMILGROUND008B_2 uses unknown detail object type militia_darkleaves_grass!
Material NATURE/BLENDMILGROUND005_2 uses unknown detail object type militia_rock_grass!
.10
Compacting texture/material tables...
Reduced 2677 texinfos to 1600
Reduced 177 texdatas to 151 (5055 bytes to 4181)
Writing c:\users\lorem\documents\github\school999-rolling-map\sources\maps\rp_school999_rolling.bsp
8 seconds elapsed



8 threads
reading c:\users\lorem\documents\github\school999-rolling-map\sources\maps\rp_school999_rolling.bsp
reading c:\users\lorem\documents\github\school999-rolling-map\sources\maps\rp_school999_rolling.prt
2103 portalclusters
5428 numportals
BasePortalVis:       0...1...2...3...4...5...6...7...8...9...10 (0)
Optimized: 191899 visible clusters (5.22%)
Total clusters visible: 3674538
Average clusters visible: 1747
Building PAS...
Average clusters audible: 2097
visdatasize:1105104  compressed from 1110384
writing c:\users\lorem\documents\github\school999-rolling-map\sources\maps\rp_school999_rolling.bsp
0 seconds elapsed



materialPath: F:\Steam\steamapps\common\GarrysMod\garrysmod\materials
Loading c:\users\lorem\documents\github\school999-rolling-map\sources\maps\rp_school999_rolling.vmf
Patching WVT material: maps/rp_school999_rolling/nature/blendgrassgravel001b_wvt_patch
Patching WVT material: maps/rp_school999_rolling/nature/blendmilground008b_2_wvt_patch
Patching WVT material: maps/rp_school999_rolling/nature/blendmilground005_2_wvt_patch
fixing up env_cubemap materials on brush sides...
ProcessBlock_Thread: 0...1...2...3...4...5...6...7...8...9...10 (1)
ProcessBlock_Thread: 0...1...2...3...4...5...6...7...8...9...10 (0)
Processing areas...done (0)
Building Faces...done (0)
Chop Details...done (0)
Find Visible Detail Sides...
Merged 2242 detail faces...done (1)
Merging details...done (0)
FixTjuncs...
PruneNodes...
WriteBSP...
done (1)
writing c:\users\lorem\documents\github\school999-rolling-map\sources\maps\rp_school999_rolling.prt...
Building visibility clusters...
done (0)
Creating default LDR cubemaps for env_cubemap using skybox materials:
   skybox/skyday_universal*.vmt
 ! Run buildcubemaps in the engine to get the correct cube maps.
Creating default HDR cubemaps for env_cubemap using skybox materials:
   skybox/skyday_universal*.vmt
 ! Run buildcubemaps in the engine to get the correct cube maps.
Finding displacement neighbors...
Finding lightmap sample positions...
Displacement Alpha : 0...1...2...3...4...5...6...7...8...9...10
Building Physics collision data...
done (2) (1647821 bytes)
Placing detail props : 0...1...2...3...4...5...6...7...8...9..Material NATURE/BLENDMILGROUND008B_2 uses unknown detail object type militia_darkleaves_grass!
Material NATURE/BLENDMILGROUND005_2 uses unknown detail object type militia_rock_grass!
Material NATURE/BLENDMILGROUND005_2 uses unknown detail object type militia_rock_grass!
Material NATURE/BLENDMILGROUND008B_2 uses unknown detail object type militia_darkleaves_grass!
Material NATURE/BLENDMILGROUND005_2 uses unknown detail object type militia_rock_grass!
Material NATURE/BLENDMILGROUND008B_2 uses unknown detail object type militia_darkleaves_grass!
Material NATURE/BLENDMILGROUND005_2 uses unknown detail object type militia_rock_grass!
Material NATURE/BLENDMILGROUND008B_2 uses unknown detail object type militia_darkleaves_grass!
Material NATURE/BLENDMILGROUND008B_2 uses unknown detail object type militia_darkleaves_grass!
Material NATURE/BLENDMILGROUND008B_2 uses unknown detail object type militia_darkleaves_grass!
Material NATURE/BLENDMILGROUND005_2 uses unknown detail object type militia_rock_grass!
Material NATURE/BLENDMILGROUND005_2 uses unknown detail object type militia_rock_grass!
Material NATURE/BLENDMILGROUND005_2 uses unknown detail object type militia_rock_grass!
Material NATURE/BLENDMILGROUND008B_2 uses unknown detail object type militia_darkleaves_grass!
Material NATURE/BLENDMILGROUND005_2 uses unknown detail object type militia_rock_grass!
Material NATURE/BLENDMILGROUND008B_2 uses unknown detail object type militia_darkleaves_grass!
Material NATURE/BLENDMILGROUND005_2 uses unknown detail object type militia_rock_grass!
Material NATURE/BLENDMILGROUND008B_2 uses unknown detail object type militia_darkleaves_grass!
Material NATURE/BLENDMILGROUND005_2 uses unknown detail object type militia_rock_grass!
Material NATURE/BLENDMILGROUND008B_2 uses unknown detail object type militia_darkleaves_grass!
Material NATURE/BLENDMILGROUND005_2 uses unknown detail object type militia_rock_grass!
Material NATURE/BLENDMILGROUND008B_2 uses unknown detail object type militia_darkleaves_grass!
Material NATURE/BLENDMILGROUND005_2 uses unknown detail object type militia_rock_grass!
Material NATURE/BLENDMILGROUND005_2 uses unknown detail object type militia_rock_grass!
Material NATURE/BLENDMILGROUND008B_2 uses unknown detail object type militia_darkleaves_grass!
Material NATURE/BLENDMILGROUND005_2 uses unknown detail object type militia_rock_grass!
Material NATURE/BLENDMILGROUND008B_2 uses unknown detail object type militia_darkleaves_grass!
Material NATURE/BLENDMILGROUND005_2 uses unknown detail object type militia_rock_grass!
Material NATURE/BLENDMILGROUND008B_2 uses unknown detail object type militia_darkleaves_grass!
Material NATURE/BLENDMILGROUND005_2 uses unknown detail object type militia_rock_grass!
Material NATURE/BLENDMILGROUND008B_2 uses unknown detail object type militia_darkleaves_grass!
Material NATURE/BLENDMILGROUND005_2 uses unknown detail object type militia_rock_grass!
Material NATURE/BLENDMILGROUND008B_2 uses unknown detail object type militia_darkleaves_grass!
Material NATURE/BLENDMILGROUND005_2 uses unknown detail object type militia_rock_grass!
Material NATURE/BLENDMILGROUND005_2 uses unknown detail object type militia_rock_grass!
Material NATURE/BLENDMILGROUND008B_2 uses unknown detail object type militia_darkleaves_grass!
Material NATURE/BLENDMILGROUND005_2 uses unknown detail object type militia_rock_grass!
Material NATURE/BLENDMILGROUND005_2 uses unknown detail object type militia_rock_grass!
Material NATURE/BLENDMILGROUND005_2 uses unknown detail object type militia_rock_grass!
Material NATURE/BLENDMILGROUND008B_2 uses unknown detail object type militia_darkleaves_grass!
Material NATURE/BLENDMILGROUND005_2 uses unknown detail object type militia_rock_grass!
Material NATURE/BLENDMILGROUND008B_2 uses unknown detail object type militia_darkleaves_grass!
Material NATURE/BLENDMILGROUND005_2 uses unknown detail object type militia_rock_grass!
Material NATURE/BLENDMILGROUND008B_2 uses unknown detail object type militia_darkleaves_grass!
Material NATURE/BLENDMILGROUND005_2 uses unknown detail object type militia_rock_grass!
Material NATURE/BLENDMILGROUND005_2 uses unknown detail object type militia_rock_grass!
Material NATURE/BLENDMILGROUND008B_2 uses unknown detail object type militia_darkleaves_grass!
Material NATURE/BLENDMILGROUND005_2 uses unknown detail object type militia_rock_grass!
.10
Compacting texture/material tables...
Reduced 2691 texinfos to 1610
Reduced 188 texdatas to 157 (5651 bytes to 4462)
Writing c:\users\lorem\documents\github\school999-rolling-map\sources\maps\rp_school999_rolling.bsp
8 seconds elapsed



8 threads
reading c:\users\lorem\documents\github\school999-rolling-map\sources\maps\rp_school999_rolling.bsp
reading c:\users\lorem\documents\github\school999-rolling-map\sources\maps\rp_school999_rolling.prt
2176 portalclusters
5694 numportals
BasePortalVis:       0...1...2...3...4...5...6...7...8...9...10 (0)
Optimized: 210349 visible clusters (5.35%)
Total clusters visible: 3931139
Average clusters visible: 1806
Building PAS...
Average clusters audible: 2170
visdatasize:1177130  compressed from 1183744
writing c:\users\lorem\documents\github\school999-rolling-map\sources\maps\rp_school999_rolling.bsp
1 second elapsed



materialPath: F:\Steam\steamapps\common\GarrysMod\garrysmod\materials
Loading c:\users\lorem\documents\github\school999-rolling-map\sources\maps\rp_school999_rolling.vmf
Patching WVT material: maps/rp_school999_rolling/nature/blendgrassgravel001b_wvt_patch
Patching WVT material: maps/rp_school999_rolling/nature/blendmilground008b_2_wvt_patch
Patching WVT material: maps/rp_school999_rolling/nature/blendmilground005_2_wvt_patch
fixing up env_cubemap materials on brush sides...
ProcessBlock_Thread: 0...1...2...3...4...5...6...7...8...9...10 (0)
ProcessBlock_Thread: 0...1...2...3...4...5...6...7...8...9...10 (1)
Processing areas...done (0)
Building Faces...done (0)
Chop Details...done (0)
Find Visible Detail Sides...
Merged 2220 detail faces...done (0)
Merging details...done (0)
FixTjuncs...
PruneNodes...
WriteBSP...
done (1)
writing c:\users\lorem\documents\github\school999-rolling-map\sources\maps\rp_school999_rolling.prt...
Building visibility clusters...
done (0)
Creating default LDR cubemaps for env_cubemap using skybox materials:
   skybox/skyday_universal*.vmt
 ! Run buildcubemaps in the engine to get the correct cube maps.
Creating default HDR cubemaps for env_cubemap using skybox materials:
   skybox/skyday_universal*.vmt
 ! Run buildcubemaps in the engine to get the correct cube maps.
Finding displacement neighbors...
Finding lightmap sample positions...
Displacement Alpha : 0...1...2...3...4...5...6...7...8...9...10
Building Physics collision data...
done (2) (1643757 bytes)
Placing detail props : 0...1...2...3...4...5...6...7...8...9..Material NATURE/BLENDMILGROUND008B_2 uses unknown detail object type militia_darkleaves_grass!
Material NATURE/BLENDMILGROUND005_2 uses unknown detail object type militia_rock_grass!
Material NATURE/BLENDMILGROUND005_2 uses unknown detail object type militia_rock_grass!
Material NATURE/BLENDMILGROUND008B_2 uses unknown detail object type militia_darkleaves_grass!
Material NATURE/BLENDMILGROUND005_2 uses unknown detail object type militia_rock_grass!
Material NATURE/BLENDMILGROUND008B_2 uses unknown detail object type militia_darkleaves_grass!
Material NATURE/BLENDMILGROUND005_2 uses unknown detail object type militia_rock_grass!
Material NATURE/BLENDMILGROUND008B_2 uses unknown detail object type militia_darkleaves_grass!
Material NATURE/BLENDMILGROUND008B_2 uses unknown detail object type militia_darkleaves_grass!
Material NATURE/BLENDMILGROUND008B_2 uses unknown detail object type militia_darkleaves_grass!
Material NATURE/BLENDMILGROUND005_2 uses unknown detail object type militia_rock_grass!
Material NATURE/BLENDMILGROUND005_2 uses unknown detail object type militia_rock_grass!
Material NATURE/BLENDMILGROUND005_2 uses unknown detail object type militia_rock_grass!
Material NATURE/BLENDMILGROUND008B_2 uses unknown detail object type militia_darkleaves_grass!
Material NATURE/BLENDMILGROUND005_2 uses unknown detail object type militia_rock_grass!
Material NATURE/BLENDMILGROUND008B_2 uses unknown detail object type militia_darkleaves_grass!
Material NATURE/BLENDMILGROUND005_2 uses unknown detail object type militia_rock_grass!
Material NATURE/BLENDMILGROUND008B_2 uses unknown detail object type militia_darkleaves_grass!
Material NATURE/BLENDMILGROUND005_2 uses unknown detail object type militia_rock_grass!
Material NATURE/BLENDMILGROUND008B_2 uses unknown detail object type militia_darkleaves_grass!
Material NATURE/BLENDMILGROUND005_2 uses unknown detail object type militia_rock_grass!
Material NATURE/BLENDMILGROUND008B_2 uses unknown detail object type militia_darkleaves_grass!
Material NATURE/BLENDMILGROUND005_2 uses unknown detail object type militia_rock_grass!
Material NATURE/BLENDMILGROUND005_2 uses unknown detail object type militia_rock_grass!
Material NATURE/BLENDMILGROUND008B_2 uses unknown detail object type militia_darkleaves_grass!
Material NATURE/BLENDMILGROUND005_2 uses unknown detail object type militia_rock_grass!
Material NATURE/BLENDMILGROUND008B_2 uses unknown detail object type militia_darkleaves_grass!
Material NATURE/BLENDMILGROUND005_2 uses unknown detail object type militia_rock_grass!
Material NATURE/BLENDMILGROUND008B_2 uses unknown detail object type militia_darkleaves_grass!
Material NATURE/BLENDMILGROUND005_2 uses unknown detail object type militia_rock_grass!
Material NATURE/BLENDMILGROUND008B_2 uses unknown detail object type militia_darkleaves_grass!
Material NATURE/BLENDMILGROUND005_2 uses unknown detail object type militia_rock_grass!
Material NATURE/BLENDMILGROUND008B_2 uses unknown detail object type militia_darkleaves_grass!
Material NATURE/BLENDMILGROUND005_2 uses unknown detail object type militia_rock_grass!
Material NATURE/BLENDMILGROUND005_2 uses unknown detail object type militia_rock_grass!
Material NATURE/BLENDMILGROUND008B_2 uses unknown detail object type militia_darkleaves_grass!
Material NATURE/BLENDMILGROUND005_2 uses unknown detail object type militia_rock_grass!
Material NATURE/BLENDMILGROUND005_2 uses unknown detail object type militia_rock_grass!
Material NATURE/BLENDMILGROUND005_2 uses unknown detail object type militia_rock_grass!
Material NATURE/BLENDMILGROUND008B_2 uses unknown detail object type militia_darkleaves_grass!
Material NATURE/BLENDMILGROUND005_2 uses unknown detail object type militia_rock_grass!
Material NATURE/BLENDMILGROUND008B_2 uses unknown detail object type militia_darkleaves_grass!
Material NATURE/BLENDMILGROUND005_2 uses unknown detail object type militia_rock_grass!
Material NATURE/BLENDMILGROUND008B_2 uses unknown detail object type militia_darkleaves_grass!
Material NATURE/BLENDMILGROUND005_2 uses unknown detail object type militia_rock_grass!
Material NATURE/BLENDMILGROUND005_2 uses unknown detail object type militia_rock_grass!
Material NATURE/BLENDMILGROUND008B_2 uses unknown detail object type militia_darkleaves_grass!
Material NATURE/BLENDMILGROUND005_2 uses unknown detail object type militia_rock_grass!
.10
Compacting texture/material tables...
Reduced 2688 texinfos to 1607
Reduced 188 texdatas to 157 (5651 bytes to 4462)
Writing c:\users\lorem\documents\github\school999-rolling-map\sources\maps\rp_school999_rolling.bsp
9 seconds elapsed



8 threads
reading c:\users\lorem\documents\github\school999-rolling-map\sources\maps\rp_school999_rolling.bsp
reading c:\users\lorem\documents\github\school999-rolling-map\sources\maps\rp_school999_rolling.prt
2163 portalclusters
5658 numportals
BasePortalVis:       0...1...2...3...4...5...6...7...8...9...10 (0)
Optimized: 214732 visible clusters (5.55%)
Total clusters visible: 3869491
Average clusters visible: 1788
Building PAS...
Average clusters audible: 2157
visdatasize:1166299  compressed from 1176672
writing c:\users\lorem\documents\github\school999-rolling-map\sources\maps\rp_school999_rolling.bsp
1 second elapsed



materialPath: F:\Steam\steamapps\common\GarrysMod\garrysmod\materials
Loading c:\users\lorem\documents\github\school999-rolling-map\sources\maps\rp_school999_rolling.vmf
Patching WVT material: maps/rp_school999_rolling/nature/blendgrassgravel001b_wvt_patch
Patching WVT material: maps/rp_school999_rolling/nature/blendmilground008b_2_wvt_patch
Patching WVT material: maps/rp_school999_rolling/nature/blendmilground005_2_wvt_patch
fixing up env_cubemap materials on brush sides...
ProcessBlock_Thread: 0...1...2...3...4...5...6...7...8...9...10 (0)
ProcessBlock_Thread: 0...1...2...3...4...5...6...7...8...9...10 (0)
Processing areas...done (0)
Building Faces...done (1)
Chop Details...done (0)
Find Visible Detail Sides...
Merged 2220 detail faces...done (0)
Merging details...done (0)
FixTjuncs...
PruneNodes...
WriteBSP...
done (1)
writing c:\users\lorem\documents\github\school999-rolling-map\sources\maps\rp_school999_rolling.prt...
Building visibility clusters...
done (0)
Creating default LDR cubemaps for env_cubemap using skybox materials:
   skybox/skyday_universal*.vmt
 ! Run buildcubemaps in the engine to get the correct cube maps.
Creating default HDR cubemaps for env_cubemap using skybox materials:
   skybox/skyday_universal*.vmt
 ! Run buildcubemaps in the engine to get the correct cube maps.
Finding displacement neighbors...
Finding lightmap sample positions...
Displacement Alpha : 0...1...2...3...4...5...6...7...8...9...10
Building Physics collision data...
done (2) (1643757 bytes)
Placing detail props : 0...1...2...3...4...5...6...7...8...9..Material NATURE/BLENDMILGROUND008B_2 uses unknown detail object type militia_darkleaves_grass!
Material NATURE/BLENDMILGROUND005_2 uses unknown detail object type militia_rock_grass!
Material NATURE/BLENDMILGROUND005_2 uses unknown detail object type militia_rock_grass!
Material NATURE/BLENDMILGROUND008B_2 uses unknown detail object type militia_darkleaves_grass!
Material NATURE/BLENDMILGROUND005_2 uses unknown detail object type militia_rock_grass!
Material NATURE/BLENDMILGROUND008B_2 uses unknown detail object type militia_darkleaves_grass!
Material NATURE/BLENDMILGROUND005_2 uses unknown detail object type militia_rock_grass!
Material NATURE/BLENDMILGROUND008B_2 uses unknown detail object type militia_darkleaves_grass!
Material NATURE/BLENDMILGROUND008B_2 uses unknown detail object type militia_darkleaves_grass!
Material NATURE/BLENDMILGROUND008B_2 uses unknown detail object type militia_darkleaves_grass!
Material NATURE/BLENDMILGROUND005_2 uses unknown detail object type militia_rock_grass!
Material NATURE/BLENDMILGROUND005_2 uses unknown detail object type militia_rock_grass!
Material NATURE/BLENDMILGROUND005_2 uses unknown detail object type militia_rock_grass!
Material NATURE/BLENDMILGROUND008B_2 uses unknown detail object type militia_darkleaves_grass!
Material NATURE/BLENDMILGROUND005_2 uses unknown detail object type militia_rock_grass!
Material NATURE/BLENDMILGROUND008B_2 uses unknown detail object type militia_darkleaves_grass!
Material NATURE/BLENDMILGROUND005_2 uses unknown detail object type militia_rock_grass!
Material NATURE/BLENDMILGROUND008B_2 uses unknown detail object type militia_darkleaves_grass!
Material NATURE/BLENDMILGROUND005_2 uses unknown detail object type militia_rock_grass!
Material NATURE/BLENDMILGROUND008B_2 uses unknown detail object type militia_darkleaves_grass!
Material NATURE/BLENDMILGROUND005_2 uses unknown detail object type militia_rock_grass!
Material NATURE/BLENDMILGROUND008B_2 uses unknown detail object type militia_darkleaves_grass!
Material NATURE/BLENDMILGROUND005_2 uses unknown detail object type militia_rock_grass!
Material NATURE/BLENDMILGROUND005_2 uses unknown detail object type militia_rock_grass!
Material NATURE/BLENDMILGROUND008B_2 uses unknown detail object type militia_darkleaves_grass!
Material NATURE/BLENDMILGROUND005_2 uses unknown detail object type militia_rock_grass!
Material NATURE/BLENDMILGROUND008B_2 uses unknown detail object type militia_darkleaves_grass!
Material NATURE/BLENDMILGROUND005_2 uses unknown detail object type militia_rock_grass!
Material NATURE/BLENDMILGROUND008B_2 uses unknown detail object type militia_darkleaves_grass!
Material NATURE/BLENDMILGROUND005_2 uses unknown detail object type militia_rock_grass!
Material NATURE/BLENDMILGROUND008B_2 uses unknown detail object type militia_darkleaves_grass!
Material NATURE/BLENDMILGROUND005_2 uses unknown detail object type militia_rock_grass!
Material NATURE/BLENDMILGROUND008B_2 uses unknown detail object type militia_darkleaves_grass!
Material NATURE/BLENDMILGROUND005_2 uses unknown detail object type militia_rock_grass!
Material NATURE/BLENDMILGROUND005_2 uses unknown detail object type militia_rock_grass!
Material NATURE/BLENDMILGROUND008B_2 uses unknown detail object type militia_darkleaves_grass!
Material NATURE/BLENDMILGROUND005_2 uses unknown detail object type militia_rock_grass!
Material NATURE/BLENDMILGROUND005_2 uses unknown detail object type militia_rock_grass!
Material NATURE/BLENDMILGROUND005_2 uses unknown detail object type militia_rock_grass!
Material NATURE/BLENDMILGROUND008B_2 uses unknown detail object type militia_darkleaves_grass!
Material NATURE/BLENDMILGROUND005_2 uses unknown detail object type militia_rock_grass!
Material NATURE/BLENDMILGROUND008B_2 uses unknown detail object type militia_darkleaves_grass!
Material NATURE/BLENDMILGROUND005_2 uses unknown detail object type militia_rock_grass!
Material NATURE/BLENDMILGROUND008B_2 uses unknown detail object type militia_darkleaves_grass!
Material NATURE/BLENDMILGROUND005_2 uses unknown detail object type militia_rock_grass!
Material NATURE/BLENDMILGROUND005_2 uses unknown detail object type militia_rock_grass!
Material NATURE/BLENDMILGROUND008B_2 uses unknown detail object type militia_darkleaves_grass!
Material NATURE/BLENDMILGROUND005_2 uses unknown detail object type militia_rock_grass!
.10
Compacting texture/material tables...
Reduced 2688 texinfos to 1607
Reduced 188 texdatas to 157 (5651 bytes to 4462)
Writing c:\users\lorem\documents\github\school999-rolling-map\sources\maps\rp_school999_rolling.bsp
9 seconds elapsed



8 threads
reading c:\users\lorem\documents\github\school999-rolling-map\sources\maps\rp_school999_rolling.bsp
reading c:\users\lorem\documents\github\school999-rolling-map\sources\maps\rp_school999_rolling.prt
2163 portalclusters
5658 numportals
BasePortalVis:       0...1...2...3...4...5...6...7...8...9...10 (0)
PortalFlow:          0...1...2...3...4...5...6...7...8...9...10 (1778)
Optimized: 24837 visible clusters (1.78%)
Total clusters visible: 1399242
Average clusters visible: 646
Building PAS...
Average clusters audible: 2069
visdatasize:1026647  compressed from 1176672
writing c:\users\lorem\documents\github\school999-rolling-map\sources\maps\rp_school999_rolling.bsp
29 minutes, 39 seconds elapsed



[Reading texlights from 'lights.rad']
[51 texlights parsed from 'lights.rad']
Loading c:\users\lorem\documents\github\school999-rolling-map\sources\maps\rp_school999_rolling.bsp
BuildFacelights:     0...1...2...3...4...5...6...7...8...9...10 (353)
BuildVisLeafs:       0...1...2...3...4...5...6...7...8...9...10 (41)
transfers 34869479, max 2496
GatherLight:         0...1...2...3...4...5...6...7...8...9...10 (0)
GatherLight:         0...1...2...3...4...5...6...7...8...9...10 (1)
GatherLight:         0...1...2...3...4...5...6...7...8...9...10 (1)
GatherLight:         0...1...2...3...4...5...6...7...8...9...10 (0)
GatherLight:         0...1...2...3...4...5...6...7...8...9...10 (1)
GatherLight:         0...1...2...3...4...5...6...7...8...9...10 (1)
GatherLight:         0...1...2...3...4...5...6...7...8...9...10 (0)
GatherLight:         0...1...2...3...4...5...6...7...8...9...10 (1)
GatherLight:         0...1...2...3...4...5...6...7...8...9...10 (1)
GatherLight:         0...1...2...3...4...5...6...7...8...9...10 (0)
GatherLight:         0...1...2...3...4...5...6...7...8...9...10 (1)
GatherLight:         0...1...2...3...4...5...6...7...8...9...10 (1)
GatherLight:         0...1...2...3...4...5...6...7...8...9...10 (1)
GatherLight:         0...1...2...3...4...5...6...7...8...9...10 (0)
GatherLight:         0...1...2...3...4...5...6...7...8...9...10 (1)
GatherLight:         0...1...2...3...4...5...6...7...8...9...10 (1)
GatherLight:         0...1...2...3...4...5...6...7...8...9...10 (0)
Build Patch/Sample Hash Table(s).....Done<0.3196 sec>
FinalLightFace:      0...1...2...3...4...5...6...7...8...9...10 (13)
FinalLightFace Done
Computing detail prop lighting : 0...1...2...3...4...5...6...7...8...9...10
0 of 0 (0% of) surface lights went in leaf ambient cubes.
ThreadComputeLeafAmbient: 0...1...2...3...4...5...6...7...8...9...10 (25)
Writing leaf ambient...done
Ready to Finish

Object names       Objects/Maxobjs  Memory / Maxmem  Fullness 
------------       ---------------  ---------------  -------- 
models                 159/4096         7632/196608   ( 3.9%) 
brushes               4923/65535       59076/786420   ( 7.5%) 
brushsides           37102/655350     296816/5242800  ( 5.7%) 
planes               11088/65536      221760/1310720  (16.9%) 
vertexes             24974/65536      299688/786432   (38.1%) 
nodes                 6123/65536      195936/2097152  ( 9.3%) 
texinfos              1607/16384      115704/1179648  ( 9.8%) 
texdata                157/8192         5024/262144   ( 1.9%) 
dispinfos               64/0           11264/0        ( 0.0%) 
disp_verts            4792/0           95840/0        ( 0.0%) 
disp_tris             7520/0           15040/0        ( 0.0%) 
disp_multiblend          0/0               0/0        ( 0.0%) 
disp_lmsamples      585632/0          585632/0        ( 0.0%) 
faces                14679/65536      822024/3670016  (22.4%) 
hdr faces                0/65536           0/3670016  ( 0.0%) 
origfaces             9073/65536      508088/3670016  (13.8%) 
leaves                6283/65536      201056/2097152  ( 9.6%) 
leaffaces            17974/65536       35948/131072   (27.4%) 
leafbrushes           8630/65536       17260/131072   (13.2%) 
areas                    3/1024           24/8192     ( 0.3%) 
surfedges           103943/512000     415772/2048000  (20.3%) 
edges                63675/256000     254700/1024000  (24.9%) 
LDR worldlights        690/8192        60720/720896   ( 8.4%) 
HDR worldlights          0/8192            0/720896   ( 0.0%) 
leafwaterdata            3/32768          36/393216   ( 0.0%) 
waterstrips           1466/32768       14660/327680   ( 4.5%) 
waterverts               0/65536           0/786432   ( 0.0%) 
waterindices         25632/65536       51264/131072   (39.1%) 
cubemapsamples          23/1024          368/16384    ( 2.2%) 
overlays                 0/8192            0/2883584  ( 0.0%) 
LDR lightdata         [variable]    20679840/0        ( 0.0%) 
HDR lightdata         [variable]           0/0        ( 0.0%) 
visdata               [variable]     1026647/16777216 ( 6.1%) 
entdata               [variable]      481485/4194304  (11.5%) 
LDR ambient table     6283/65536       25132/262144   ( 9.6%) 
HDR ambient table     6283/65536       25132/262144   ( 9.6%) 
LDR leaf ambient     25222/65536      706216/1835008  (38.5%) 
HDR leaf ambient      6283/65536      175924/1835008  ( 9.6%) 
occluders                0/0               0/0        ( 0.0%) 
occluder polygons        0/0               0/0        ( 0.0%) 
occluder vert ind        0/0               0/0        ( 0.0%) 
detail props          [variable]      279216/0        ( 0.0%) 
dtl prp lght          [variable]           4/0        ( 0.0%) 
HDR dtl prp lght      [variable]           4/0        ( 0.0%) 
static props          [variable]       51528/0        ( 0.0%) 
static prop count      645/16384           0/0        ( 3.9%) 
pakfile               [variable]     2196983/0        ( 0.0%) 
physics               [variable]     1643757/4194304  (39.2%) 
physics terrain       [variable]       19200/1048576  ( 1.8%) 

Level flags = 0

Total triangle count: 38733
Writing c:\users\lorem\documents\github\school999-rolling-map\sources\maps\rp_school999_rolling.bsp
7 minutes, 28 seconds elapsed




[Reading texlights from 'lights.rad']
[51 texlights parsed from 'lights.rad']
Loading c:\users\lorem\documents\github\school999-rolling-map\sources\maps\rp_school999_rolling.bsp
BuildFacelights:     0...1...2...3...4...5...6...7...8...9...10 (376)
BuildVisLeafs:       0...1...2...3...4...5...6...7...8...9...10 (44)
transfers 34869479, max 2496
GatherLight:         0...1...2...3...4...5...6...7...8...9...10 (1)
GatherLight:         0...1...2...3...4...5...6...7...8...9...10 (1)
GatherLight:         0...1...2...3...4...5...6...7...8...9...10 (0)
GatherLight:         0...1...2...3...4...5...6...7...8...9...10 (1)
GatherLight:         0...1...2...3...4...5...6...7...8...9...10 (1)
GatherLight:         0...1...2...3...4...5...6...7...8...9...10 (0)
GatherLight:         0...1...2...3...4...5...6...7...8...9...10 (1)
GatherLight:         0...1...2...3...4...5...6...7...8...9...10 (1)
GatherLight:         0...1...2...3...4...5...6...7...8...9...10 (0)
GatherLight:         0...1...2...3...4...5...6...7...8...9...10 (1)
GatherLight:         0...1...2...3...4...5...6...7...8...9...10 (1)
GatherLight:         0...1...2...3...4...5...6...7...8...9...10 (0)
GatherLight:         0...1...2...3...4...5...6...7...8...9...10 (1)
GatherLight:         0...1...2...3...4...5...6...7...8...9...10 (1)
GatherLight:         0...1...2...3...4...5...6...7...8...9...10 (0)
GatherLight:         0...1...2...3...4...5...6...7...8...9...10 (1)
GatherLight:         0...1...2...3...4...5...6...7...8...9...10 (1)
Build Patch/Sample Hash Table(s).....Done<0.3956 sec>
FinalLightFace:      0...1...2...3...4...5...6...7...8...9...10 (13)
FinalLightFace Done
Computing detail prop lighting : 0...1...2...3...4...5...6...7...8...9...10
0 of 0 (0% of) surface lights went in leaf ambient cubes.
ThreadComputeLeafAmbient: 0...1...2...3...4...5...6...7...8...9...10 (24)
Writing leaf ambient...done
Ready to Finish

Object names       Objects/Maxobjs  Memory / Maxmem  Fullness 
------------       ---------------  ---------------  -------- 
models                 159/4096         7632/196608   ( 3.9%) 
brushes               4923/65535       59076/786420   ( 7.5%) 
brushsides           37102/655350     296816/5242800  ( 5.7%) 
planes               11088/65536      221760/1310720  (16.9%) 
vertexes             24974/65536      299688/786432   (38.1%) 
nodes                 6123/65536      195936/2097152  ( 9.3%) 
texinfos              1607/16384      115704/1179648  ( 9.8%) 
texdata                157/8192         5024/262144   ( 1.9%) 
dispinfos               64/0           11264/0        ( 0.0%) 
disp_verts            4792/0           95840/0        ( 0.0%) 
disp_tris             7520/0           15040/0        ( 0.0%) 
disp_multiblend          0/0               0/0        ( 0.0%) 
disp_lmsamples      585632/0          585632/0        ( 0.0%) 
faces                14679/65536      822024/3670016  (22.4%) 
hdr faces            14679/65536      822024/3670016  (22.4%) 
origfaces             9073/65536      508088/3670016  (13.8%) 
leaves                6283/65536      201056/2097152  ( 9.6%) 
leaffaces            17974/65536       35948/131072   (27.4%) 
leafbrushes           8630/65536       17260/131072   (13.2%) 
areas                    3/1024           24/8192     ( 0.3%) 
surfedges           103943/512000     415772/2048000  (20.3%) 
edges                63675/256000     254700/1024000  (24.9%) 
LDR worldlights        690/8192        60720/720896   ( 8.4%) 
HDR worldlights        690/8192        60720/720896   ( 8.4%) 
leafwaterdata            3/32768          36/393216   ( 0.0%) 
waterstrips           1466/32768       14660/327680   ( 4.5%) 
waterverts               0/65536           0/786432   ( 0.0%) 
waterindices         25632/65536       51264/131072   (39.1%) 
cubemapsamples          23/1024          368/16384    ( 2.2%) 
overlays                 0/8192            0/2883584  ( 0.0%) 
LDR lightdata         [variable]    20679840/0        ( 0.0%) 
HDR lightdata         [variable]    20679840/0        ( 0.0%) 
visdata               [variable]     1026647/16777216 ( 6.1%) 
entdata               [variable]      481485/4194304  (11.5%) 
LDR ambient table     6283/65536       25132/262144   ( 9.6%) 
HDR ambient table     6283/65536       25132/262144   ( 9.6%) 
LDR leaf ambient     25222/65536      706216/1835008  (38.5%) 
HDR leaf ambient     25222/65536      706216/1835008  (38.5%) 
occluders                0/0               0/0        ( 0.0%) 
occluder polygons        0/0               0/0        ( 0.0%) 
occluder vert ind        0/0               0/0        ( 0.0%) 
detail props          [variable]      279216/0        ( 0.0%) 
dtl prp lght          [variable]           4/0        ( 0.0%) 
HDR dtl prp lght      [variable]           4/0        ( 0.0%) 
static props          [variable]       51528/0        ( 0.0%) 
static prop count      645/16384           0/0        ( 3.9%) 
pakfile               [variable]     2196983/0        ( 0.0%) 
physics               [variable]     1643757/4194304  (39.2%) 
physics terrain       [variable]       19200/1048576  ( 1.8%) 

Level flags = 0

Total triangle count: 38733
Writing c:\users\lorem\documents\github\school999-rolling-map\sources\maps\rp_school999_rolling.bsp
7 minutes, 55 seconds elapsed




materialPath: F:\Steam\steamapps\common\GarrysMod\garrysmod\materials
Loading c:\users\lorem\documents\github\school999-rolling-map\sources\maps\rp_school999_rolling.vmf
Patching WVT material: maps/rp_school999_rolling/nature/blendgrassgravel001b_wvt_patch
Patching WVT material: maps/rp_school999_rolling/nature/blendmilground008b_2_wvt_patch
Patching WVT material: maps/rp_school999_rolling/nature/blendmilground005_2_wvt_patch
fixing up env_cubemap materials on brush sides...
ProcessBlock_Thread: 0...1...2...3...4...5...6...7...8...9...10 (1)
ProcessBlock_Thread: 0...1...2...3...4...5...6...7...8...9...10 (0)
Processing areas...done (0)
Building Faces...done (0)
Chop Details...done (0)
Find Visible Detail Sides...
Merged 2242 detail faces...done (1)
Merging details...done (0)
FixTjuncs...
PruneNodes...
WriteBSP...
done (1)
writing c:\users\lorem\documents\github\school999-rolling-map\sources\maps\rp_school999_rolling.prt...
Building visibility clusters...
done (0)
Creating default LDR cubemaps for env_cubemap using skybox materials:
   skybox/skyday_universal*.vmt
 ! Run buildcubemaps in the engine to get the correct cube maps.
Creating default HDR cubemaps for env_cubemap using skybox materials:
   skybox/skyday_universal*.vmt
 ! Run buildcubemaps in the engine to get the correct cube maps.
Finding displacement neighbors...
Finding lightmap sample positions...
Displacement Alpha : 0...1...2...3...4...5...6...7...8...9...10
Building Physics collision data...
done (1) (1647805 bytes)
Placing detail props : 0...1...2...3...4...5...6...7...8...9..Material NATURE/BLENDMILGROUND008B_2 uses unknown detail object type militia_darkleaves_grass!
Material NATURE/BLENDMILGROUND005_2 uses unknown detail object type militia_rock_grass!
Material NATURE/BLENDMILGROUND005_2 uses unknown detail object type militia_rock_grass!
Material NATURE/BLENDMILGROUND008B_2 uses unknown detail object type militia_darkleaves_grass!
Material NATURE/BLENDMILGROUND005_2 uses unknown detail object type militia_rock_grass!
Material NATURE/BLENDMILGROUND008B_2 uses unknown detail object type militia_darkleaves_grass!
Material NATURE/BLENDMILGROUND005_2 uses unknown detail object type militia_rock_grass!
Material NATURE/BLENDMILGROUND008B_2 uses unknown detail object type militia_darkleaves_grass!
Material NATURE/BLENDMILGROUND008B_2 uses unknown detail object type militia_darkleaves_grass!
Material NATURE/BLENDMILGROUND008B_2 uses unknown detail object type militia_darkleaves_grass!
Material NATURE/BLENDMILGROUND005_2 uses unknown detail object type militia_rock_grass!
Material NATURE/BLENDMILGROUND005_2 uses unknown detail object type militia_rock_grass!
Material NATURE/BLENDMILGROUND005_2 uses unknown detail object type militia_rock_grass!
Material NATURE/BLENDMILGROUND008B_2 uses unknown detail object type militia_darkleaves_grass!
Material NATURE/BLENDMILGROUND005_2 uses unknown detail object type militia_rock_grass!
Material NATURE/BLENDMILGROUND008B_2 uses unknown detail object type militia_darkleaves_grass!
Material NATURE/BLENDMILGROUND005_2 uses unknown detail object type militia_rock_grass!
Material NATURE/BLENDMILGROUND008B_2 uses unknown detail object type militia_darkleaves_grass!
Material NATURE/BLENDMILGROUND005_2 uses unknown detail object type militia_rock_grass!
Material NATURE/BLENDMILGROUND008B_2 uses unknown detail object type militia_darkleaves_grass!
Material NATURE/BLENDMILGROUND005_2 uses unknown detail object type militia_rock_grass!
Material NATURE/BLENDMILGROUND008B_2 uses unknown detail object type militia_darkleaves_grass!
Material NATURE/BLENDMILGROUND005_2 uses unknown detail object type militia_rock_grass!
Material NATURE/BLENDMILGROUND005_2 uses unknown detail object type militia_rock_grass!
Material NATURE/BLENDMILGROUND008B_2 uses unknown detail object type militia_darkleaves_grass!
Material NATURE/BLENDMILGROUND005_2 uses unknown detail object type militia_rock_grass!
Material NATURE/BLENDMILGROUND008B_2 uses unknown detail object type militia_darkleaves_grass!
Material NATURE/BLENDMILGROUND005_2 uses unknown detail object type militia_rock_grass!
Material NATURE/BLENDMILGROUND008B_2 uses unknown detail object type militia_darkleaves_grass!
Material NATURE/BLENDMILGROUND005_2 uses unknown detail object type militia_rock_grass!
Material NATURE/BLENDMILGROUND008B_2 uses unknown detail object type militia_darkleaves_grass!
Material NATURE/BLENDMILGROUND005_2 uses unknown detail object type militia_rock_grass!
Material NATURE/BLENDMILGROUND008B_2 uses unknown detail object type militia_darkleaves_grass!
Material NATURE/BLENDMILGROUND005_2 uses unknown detail object type militia_rock_grass!
Material NATURE/BLENDMILGROUND005_2 uses unknown detail object type militia_rock_grass!
Material NATURE/BLENDMILGROUND008B_2 uses unknown detail object type militia_darkleaves_grass!
Material NATURE/BLENDMILGROUND005_2 uses unknown detail object type militia_rock_grass!
Material NATURE/BLENDMILGROUND005_2 uses unknown detail object type militia_rock_grass!
Material NATURE/BLENDMILGROUND005_2 uses unknown detail object type militia_rock_grass!
Material NATURE/BLENDMILGROUND008B_2 uses unknown detail object type militia_darkleaves_grass!
Material NATURE/BLENDMILGROUND005_2 uses unknown detail object type militia_rock_grass!
Material NATURE/BLENDMILGROUND008B_2 uses unknown detail object type militia_darkleaves_grass!
Material NATURE/BLENDMILGROUND005_2 uses unknown detail object type militia_rock_grass!
Material NATURE/BLENDMILGROUND008B_2 uses unknown detail object type militia_darkleaves_grass!
Material NATURE/BLENDMILGROUND005_2 uses unknown detail object type militia_rock_grass!
Material NATURE/BLENDMILGROUND005_2 uses unknown detail object type militia_rock_grass!
Material NATURE/BLENDMILGROUND008B_2 uses unknown detail object type militia_darkleaves_grass!
Material NATURE/BLENDMILGROUND005_2 uses unknown detail object type militia_rock_grass!
.10
Compacting texture/material tables...
Reduced 2697 texinfos to 1612
Reduced 188 texdatas to 157 (5651 bytes to 4462)
Writing c:\users\lorem\documents\github\school999-rolling-map\sources\maps\rp_school999_rolling.bsp
8 seconds elapsed



materialPath: F:\Steam\steamapps\common\GarrysMod\garrysmod\materials
Loading c:\users\lorem\documents\github\school999-rolling-map\sources\maps\rp_school999_rolling.vmf
Patching WVT material: maps/rp_school999_rolling/nature/blendgrassgravel001b_wvt_patch
Patching WVT material: maps/rp_school999_rolling/nature/blendmilground008b_2_wvt_patch
Patching WVT material: maps/rp_school999_rolling/nature/blendmilground005_2_wvt_patch
fixing up env_cubemap materials on brush sides...
ProcessBlock_Thread: 0...1...2...3...4...5...6...7...8...9...10 (1)
ProcessBlock_Thread: 0...1...2...3...4...5...6...7...8...9...10 (0)
Processing areas...done (0)
Building Faces...done (0)
Chop Details...done (0)
Find Visible Detail Sides...
Merged 2242 detail faces...done (1)
Merging details...done (0)
FixTjuncs...
PruneNodes...
WriteBSP...
done (1)
writing c:\users\lorem\documents\github\school999-rolling-map\sources\maps\rp_school999_rolling.prt...
Building visibility clusters...
done (0)
Creating default LDR cubemaps for env_cubemap using skybox materials:
   skybox/skyday_universal*.vmt
 ! Run buildcubemaps in the engine to get the correct cube maps.
Creating default HDR cubemaps for env_cubemap using skybox materials:
   skybox/skyday_universal*.vmt
 ! Run buildcubemaps in the engine to get the correct cube maps.
Finding displacement neighbors...
Finding lightmap sample positions...
Displacement Alpha : 0...1...2...3...4...5...6...7...8...9...10
Building Physics collision data...
done (1) (1647805 bytes)
Placing detail props : 0...1...2...3...4...5...6...7...8...9..Material NATURE/BLENDMILGROUND008B_2 uses unknown detail object type militia_darkleaves_grass!
Material NATURE/BLENDMILGROUND005_2 uses unknown detail object type militia_rock_grass!
Material NATURE/BLENDMILGROUND005_2 uses unknown detail object type militia_rock_grass!
Material NATURE/BLENDMILGROUND008B_2 uses unknown detail object type militia_darkleaves_grass!
Material NATURE/BLENDMILGROUND005_2 uses unknown detail object type militia_rock_grass!
Material NATURE/BLENDMILGROUND008B_2 uses unknown detail object type militia_darkleaves_grass!
Material NATURE/BLENDMILGROUND005_2 uses unknown detail object type militia_rock_grass!
Material NATURE/BLENDMILGROUND008B_2 uses unknown detail object type militia_darkleaves_grass!
Material NATURE/BLENDMILGROUND008B_2 uses unknown detail object type militia_darkleaves_grass!
Material NATURE/BLENDMILGROUND008B_2 uses unknown detail object type militia_darkleaves_grass!
Material NATURE/BLENDMILGROUND005_2 uses unknown detail object type militia_rock_grass!
Material NATURE/BLENDMILGROUND005_2 uses unknown detail object type militia_rock_grass!
Material NATURE/BLENDMILGROUND005_2 uses unknown detail object type militia_rock_grass!
Material NATURE/BLENDMILGROUND008B_2 uses unknown detail object type militia_darkleaves_grass!
Material NATURE/BLENDMILGROUND005_2 uses unknown detail object type militia_rock_grass!
Material NATURE/BLENDMILGROUND008B_2 uses unknown detail object type militia_darkleaves_grass!
Material NATURE/BLENDMILGROUND005_2 uses unknown detail object type militia_rock_grass!
Material NATURE/BLENDMILGROUND008B_2 uses unknown detail object type militia_darkleaves_grass!
Material NATURE/BLENDMILGROUND005_2 uses unknown detail object type militia_rock_grass!
Material NATURE/BLENDMILGROUND008B_2 uses unknown detail object type militia_darkleaves_grass!
Material NATURE/BLENDMILGROUND005_2 uses unknown detail object type militia_rock_grass!
Material NATURE/BLENDMILGROUND008B_2 uses unknown detail object type militia_darkleaves_grass!
Material NATURE/BLENDMILGROUND005_2 uses unknown detail object type militia_rock_grass!
Material NATURE/BLENDMILGROUND005_2 uses unknown detail object type militia_rock_grass!
Material NATURE/BLENDMILGROUND008B_2 uses unknown detail object type militia_darkleaves_grass!
Material NATURE/BLENDMILGROUND005_2 uses unknown detail object type militia_rock_grass!
Material NATURE/BLENDMILGROUND008B_2 uses unknown detail object type militia_darkleaves_grass!
Material NATURE/BLENDMILGROUND005_2 uses unknown detail object type militia_rock_grass!
Material NATURE/BLENDMILGROUND008B_2 uses unknown detail object type militia_darkleaves_grass!
Material NATURE/BLENDMILGROUND005_2 uses unknown detail object type militia_rock_grass!
Material NATURE/BLENDMILGROUND008B_2 uses unknown detail object type militia_darkleaves_grass!
Material NATURE/BLENDMILGROUND005_2 uses unknown detail object type militia_rock_grass!
Material NATURE/BLENDMILGROUND008B_2 uses unknown detail object type militia_darkleaves_grass!
Material NATURE/BLENDMILGROUND005_2 uses unknown detail object type militia_rock_grass!
Material NATURE/BLENDMILGROUND005_2 uses unknown detail object type militia_rock_grass!
Material NATURE/BLENDMILGROUND008B_2 uses unknown detail object type militia_darkleaves_grass!
Material NATURE/BLENDMILGROUND005_2 uses unknown detail object type militia_rock_grass!
Material NATURE/BLENDMILGROUND005_2 uses unknown detail object type militia_rock_grass!
Material NATURE/BLENDMILGROUND005_2 uses unknown detail object type militia_rock_grass!
Material NATURE/BLENDMILGROUND008B_2 uses unknown detail object type militia_darkleaves_grass!
Material NATURE/BLENDMILGROUND005_2 uses unknown detail object type militia_rock_grass!
Material NATURE/BLENDMILGROUND008B_2 uses unknown detail object type militia_darkleaves_grass!
Material NATURE/BLENDMILGROUND005_2 uses unknown detail object type militia_rock_grass!
Material NATURE/BLENDMILGROUND008B_2 uses unknown detail object type militia_darkleaves_grass!
Material NATURE/BLENDMILGROUND005_2 uses unknown detail object type militia_rock_grass!
Material NATURE/BLENDMILGROUND005_2 uses unknown detail object type militia_rock_grass!
Material NATURE/BLENDMILGROUND008B_2 uses unknown detail object type militia_darkleaves_grass!
Material NATURE/BLENDMILGROUND005_2 uses unknown detail object type militia_rock_grass!
.10
Compacting texture/material tables...
Reduced 2697 texinfos to 1612
Reduced 188 texdatas to 157 (5651 bytes to 4462)
Writing c:\users\lorem\documents\github\school999-rolling-map\sources\maps\rp_school999_rolling.bsp
8 seconds elapsed



8 threads
reading c:\users\lorem\documents\github\school999-rolling-map\sources\maps\rp_school999_rolling.bsp
reading c:\users\lorem\documents\github\school999-rolling-map\sources\maps\rp_school999_rolling.prt
2177 portalclusters
5691 numportals
BasePortalVis:       0...1...2...3...4...5...6...7...8...9...10 (0)
Optimized: 210288 visible clusters (5.35%)
Total clusters visible: 3934103
Average clusters visible: 1807
Building PAS...
Average clusters audible: 2171
visdatasize:1182982  compressed from 1219120
writing c:\users\lorem\documents\github\school999-rolling-map\sources\maps\rp_school999_rolling.bsp
1 second elapsed



materialPath: F:\Steam\steamapps\common\GarrysMod\garrysmod\materials
Loading c:\users\lorem\documents\github\school999-rolling-map\sources\maps\rp_school999_rolling.vmf
Patching WVT material: maps/rp_school999_rolling/nature/blendgrassgravel001b_wvt_patch
Patching WVT material: maps/rp_school999_rolling/nature/blendmilground008b_2_wvt_patch
Patching WVT material: maps/rp_school999_rolling/nature/blendmilground005_2_wvt_patch
fixing up env_cubemap materials on brush sides...
ProcessBlock_Thread: 0...1...2...3...4...5...6...7...8...9...10 (1)
ProcessBlock_Thread: 0...1...2...3...4...5...6...7...8...9...10 (0)
Processing areas...done (0)
Building Faces...done (0)
Chop Details...done (0)
Find Visible Detail Sides...
Merged 2242 detail faces...done (0)
Merging details...done (1)
FixTjuncs...
PruneNodes...
WriteBSP...
done (1)
writing c:\users\lorem\documents\github\school999-rolling-map\sources\maps\rp_school999_rolling.prt...
Building visibility clusters...
done (0)
Creating default LDR cubemaps for env_cubemap using skybox materials:
   skybox/skyday_universal*.vmt
 ! Run buildcubemaps in the engine to get the correct cube maps.
Creating default HDR cubemaps for env_cubemap using skybox materials:
   skybox/skyday_universal*.vmt
 ! Run buildcubemaps in the engine to get the correct cube maps.
Finding displacement neighbors...
Finding lightmap sample positions...
Displacement Alpha : 0...1...2...3...4...5...6...7...8...9...10
Building Physics collision data...
done (1) (1647805 bytes)
Placing detail props : 0...1...2...3...4...5...6...7...8...9..Material NATURE/BLENDMILGROUND008B_2 uses unknown detail object type militia_darkleaves_grass!
Material NATURE/BLENDMILGROUND005_2 uses unknown detail object type militia_rock_grass!
Material NATURE/BLENDMILGROUND005_2 uses unknown detail object type militia_rock_grass!
Material NATURE/BLENDMILGROUND008B_2 uses unknown detail object type militia_darkleaves_grass!
Material NATURE/BLENDMILGROUND005_2 uses unknown detail object type militia_rock_grass!
Material NATURE/BLENDMILGROUND008B_2 uses unknown detail object type militia_darkleaves_grass!
Material NATURE/BLENDMILGROUND005_2 uses unknown detail object type militia_rock_grass!
Material NATURE/BLENDMILGROUND008B_2 uses unknown detail object type militia_darkleaves_grass!
Material NATURE/BLENDMILGROUND008B_2 uses unknown detail object type militia_darkleaves_grass!
Material NATURE/BLENDMILGROUND008B_2 uses unknown detail object type militia_darkleaves_grass!
Material NATURE/BLENDMILGROUND005_2 uses unknown detail object type militia_rock_grass!
Material NATURE/BLENDMILGROUND005_2 uses unknown detail object type militia_rock_grass!
Material NATURE/BLENDMILGROUND005_2 uses unknown detail object type militia_rock_grass!
Material NATURE/BLENDMILGROUND008B_2 uses unknown detail object type militia_darkleaves_grass!
Material NATURE/BLENDMILGROUND005_2 uses unknown detail object type militia_rock_grass!
Material NATURE/BLENDMILGROUND008B_2 uses unknown detail object type militia_darkleaves_grass!
Material NATURE/BLENDMILGROUND005_2 uses unknown detail object type militia_rock_grass!
Material NATURE/BLENDMILGROUND008B_2 uses unknown detail object type militia_darkleaves_grass!
Material NATURE/BLENDMILGROUND005_2 uses unknown detail object type militia_rock_grass!
Material NATURE/BLENDMILGROUND008B_2 uses unknown detail object type militia_darkleaves_grass!
Material NATURE/BLENDMILGROUND005_2 uses unknown detail object type militia_rock_grass!
Material NATURE/BLENDMILGROUND008B_2 uses unknown detail object type militia_darkleaves_grass!
Material NATURE/BLENDMILGROUND005_2 uses unknown detail object type militia_rock_grass!
Material NATURE/BLENDMILGROUND005_2 uses unknown detail object type militia_rock_grass!
Material NATURE/BLENDMILGROUND008B_2 uses unknown detail object type militia_darkleaves_grass!
Material NATURE/BLENDMILGROUND005_2 uses unknown detail object type militia_rock_grass!
Material NATURE/BLENDMILGROUND008B_2 uses unknown detail object type militia_darkleaves_grass!
Material NATURE/BLENDMILGROUND005_2 uses unknown detail object type militia_rock_grass!
Material NATURE/BLENDMILGROUND008B_2 uses unknown detail object type militia_darkleaves_grass!
Material NATURE/BLENDMILGROUND005_2 uses unknown detail object type militia_rock_grass!
Material NATURE/BLENDMILGROUND008B_2 uses unknown detail object type militia_darkleaves_grass!
Material NATURE/BLENDMILGROUND005_2 uses unknown detail object type militia_rock_grass!
Material NATURE/BLENDMILGROUND008B_2 uses unknown detail object type militia_darkleaves_grass!
Material NATURE/BLENDMILGROUND005_2 uses unknown detail object type militia_rock_grass!
Material NATURE/BLENDMILGROUND005_2 uses unknown detail object type militia_rock_grass!
Material NATURE/BLENDMILGROUND008B_2 uses unknown detail object type militia_darkleaves_grass!
Material NATURE/BLENDMILGROUND005_2 uses unknown detail object type militia_rock_grass!
Material NATURE/BLENDMILGROUND005_2 uses unknown detail object type militia_rock_grass!
Material NATURE/BLENDMILGROUND005_2 uses unknown detail object type militia_rock_grass!
Material NATURE/BLENDMILGROUND008B_2 uses unknown detail object type militia_darkleaves_grass!
Material NATURE/BLENDMILGROUND005_2 uses unknown detail object type militia_rock_grass!
Material NATURE/BLENDMILGROUND008B_2 uses unknown detail object type militia_darkleaves_grass!
Material NATURE/BLENDMILGROUND005_2 uses unknown detail object type militia_rock_grass!
Material NATURE/BLENDMILGROUND008B_2 uses unknown detail object type militia_darkleaves_grass!
Material NATURE/BLENDMILGROUND005_2 uses unknown detail object type militia_rock_grass!
Material NATURE/BLENDMILGROUND005_2 uses unknown detail object type militia_rock_grass!
Material NATURE/BLENDMILGROUND008B_2 uses unknown detail object type militia_darkleaves_grass!
Material NATURE/BLENDMILGROUND005_2 uses unknown detail object type militia_rock_grass!
.10
Compacting texture/material tables...
Reduced 2697 texinfos to 1612
Reduced 188 texdatas to 157 (5651 bytes to 4462)
Writing c:\users\lorem\documents\github\school999-rolling-map\sources\maps\rp_school999_rolling.bsp
8 seconds elapsed



8 threads
reading c:\users\lorem\documents\github\school999-rolling-map\sources\maps\rp_school999_rolling.bsp
reading c:\users\lorem\documents\github\school999-rolling-map\sources\maps\rp_school999_rolling.prt
2177 portalclusters
5691 numportals
BasePortalVis:       0...1...2...3...4...5...6...7...8...9...10 (0)
PortalFlow:          0...1...2...3...4.


[Reading texlights from 'lights.rad']
[51 texlights parsed from 'lights.rad']
Loading c:\users\lorem\documents\github\school999-rolling-map\sources\maps\rp_school999_rolling.bsp
No vis information, direct lighting only.
BuildFacelights:     0


materialPath: F:\Steam\steamapps\common\GarrysMod\garrysmod\materials
Loading c:\users\lorem\documents\github\school999-rolling-map\sources\maps\rp_school999_rolling.vmf
Patching WVT material: maps/rp_school999_rolling/nature/blendgrassgravel001b_wvt_patch
Patching WVT material: maps/rp_school999_rolling/nature/blendmilground008b_2_wvt_patch
Patching WVT material: maps/rp_school999_rolling/nature/blendmilground005_2_wvt_patch
fixing up env_cubemap materials on brush sides...
ProcessBlock_Thread: 0...1...2...3...4...5...6...7...8...9...10 (1)
ProcessBlock_Thread: 0...1...2...3...4...5...6...7...8...9...10 (0)
Processing areas...done (0)
Building Faces...done (0)
Chop Details...done (0)
Find Visible Detail Sides...
Merged 2220 detail faces...done (1)
Merging details...done (0)
FixTjuncs...
PruneNodes...
WriteBSP...
done (1)
writing c:\users\lorem\documents\github\school999-rolling-map\sources\maps\rp_school999_rolling.prt...
Building visibility clusters...
done (0)
Creating default LDR cubemaps for env_cubemap using skybox materials:
   skybox/skyday_universal*.vmt
 ! Run buildcubemaps in the engine to get the correct cube maps.
Creating default HDR cubemaps for env_cubemap using skybox materials:
   skybox/skyday_universal*.vmt
 ! Run buildcubemaps in the engine to get the correct cube maps.
Finding displacement neighbors...
Finding lightmap sample positions...
Displacement Alpha : 0...1...2...3...4...5...6...7...8...9...10
Building Physics collision data...
done (1) (1644069 bytes)
Placing detail props : 0...1...2...3...4...5...6...7...8...9..Material NATURE/BLENDMILGROUND008B_2 uses unknown detail object type militia_darkleaves_grass!
Material NATURE/BLENDMILGROUND005_2 uses unknown detail object type militia_rock_grass!
Material NATURE/BLENDMILGROUND005_2 uses unknown detail object type militia_rock_grass!
Material NATURE/BLENDMILGROUND008B_2 uses unknown detail object type militia_darkleaves_grass!
Material NATURE/BLENDMILGROUND005_2 uses unknown detail object type militia_rock_grass!
Material NATURE/BLENDMILGROUND008B_2 uses unknown detail object type militia_darkleaves_grass!
Material NATURE/BLENDMILGROUND005_2 uses unknown detail object type militia_rock_grass!
Material NATURE/BLENDMILGROUND008B_2 uses unknown detail object type militia_darkleaves_grass!
Material NATURE/BLENDMILGROUND008B_2 uses unknown detail object type militia_darkleaves_grass!
Material NATURE/BLENDMILGROUND008B_2 uses unknown detail object type militia_darkleaves_grass!
Material NATURE/BLENDMILGROUND005_2 uses unknown detail object type militia_rock_grass!
Material NATURE/BLENDMILGROUND005_2 uses unknown detail object type militia_rock_grass!
Material NATURE/BLENDMILGROUND005_2 uses unknown detail object type militia_rock_grass!
Material NATURE/BLENDMILGROUND008B_2 uses unknown detail object type militia_darkleaves_grass!
Material NATURE/BLENDMILGROUND005_2 uses unknown detail object type militia_rock_grass!
Material NATURE/BLENDMILGROUND008B_2 uses unknown detail object type militia_darkleaves_grass!
Material NATURE/BLENDMILGROUND005_2 uses unknown detail object type militia_rock_grass!
Material NATURE/BLENDMILGROUND008B_2 uses unknown detail object type militia_darkleaves_grass!
Material NATURE/BLENDMILGROUND005_2 uses unknown detail object type militia_rock_grass!
Material NATURE/BLENDMILGROUND008B_2 uses unknown detail object type militia_darkleaves_grass!
Material NATURE/BLENDMILGROUND005_2 uses unknown detail object type militia_rock_grass!
Material NATURE/BLENDMILGROUND008B_2 uses unknown detail object type militia_darkleaves_grass!
Material NATURE/BLENDMILGROUND005_2 uses unknown detail object type militia_rock_grass!
Material NATURE/BLENDMILGROUND005_2 uses unknown detail object type militia_rock_grass!
Material NATURE/BLENDMILGROUND008B_2 uses unknown detail object type militia_darkleaves_grass!
Material NATURE/BLENDMILGROUND005_2 uses unknown detail object type militia_rock_grass!
Material NATURE/BLENDMILGROUND008B_2 uses unknown detail object type militia_darkleaves_grass!
Material NATURE/BLENDMILGROUND005_2 uses unknown detail object type militia_rock_grass!
Material NATURE/BLENDMILGROUND008B_2 uses unknown detail object type militia_darkleaves_grass!
Material NATURE/BLENDMILGROUND005_2 uses unknown detail object type militia_rock_grass!
Material NATURE/BLENDMILGROUND008B_2 uses unknown detail object type militia_darkleaves_grass!
Material NATURE/BLENDMILGROUND005_2 uses unknown detail object type militia_rock_grass!
Material NATURE/BLENDMILGROUND008B_2 uses unknown detail object type militia_darkleaves_grass!
Material NATURE/BLENDMILGROUND005_2 uses unknown detail object type militia_rock_grass!
Material NATURE/BLENDMILGROUND005_2 uses unknown detail object type militia_rock_grass!
Material NATURE/BLENDMILGROUND008B_2 uses unknown detail object type militia_darkleaves_grass!
Material NATURE/BLENDMILGROUND005_2 uses unknown detail object type militia_rock_grass!
Material NATURE/BLENDMILGROUND005_2 uses unknown detail object type militia_rock_grass!
Material NATURE/BLENDMILGROUND005_2 uses unknown detail object type militia_rock_grass!
Material NATURE/BLENDMILGROUND008B_2 uses unknown detail object type militia_darkleaves_grass!
Material NATURE/BLENDMILGROUND005_2 uses unknown detail object type militia_rock_grass!
Material NATURE/BLENDMILGROUND008B_2 uses unknown detail object type militia_darkleaves_grass!
Material NATURE/BLENDMILGROUND005_2 uses unknown detail object type militia_rock_grass!
Material NATURE/BLENDMILGROUND008B_2 uses unknown detail object type militia_darkleaves_grass!
Material NATURE/BLENDMILGROUND005_2 uses unknown detail object type militia_rock_grass!
Material NATURE/BLENDMILGROUND005_2 uses unknown detail object type militia_rock_grass!
Material NATURE/BLENDMILGROUND008B_2 uses unknown detail object type militia_darkleaves_grass!
Material NATURE/BLENDMILGROUND005_2 uses unknown detail object type militia_rock_grass!
.10
Compacting texture/material tables...
Reduced 2695 texinfos to 1610
Reduced 188 texdatas to 157 (5651 bytes to 4462)
Writing c:\users\lorem\documents\github\school999-rolling-map\sources\maps\rp_school999_rolling.bsp
8 seconds elapsed



materialPath: F:\Steam\steamapps\common\GarrysMod\garrysmod\materials
Loading c:\users\lorem\documents\github\school999-rolling-map\sources\maps\rp_school999_rolling.vmf
Patching WVT material: maps/rp_school999_rolling/nature/blendgrassgravel001b_wvt_patch
Patching WVT material: maps/rp_school999_rolling/nature/blendmilground008b_2_wvt_patch
Patching WVT material: maps/rp_school999_rolling/nature/blendmilground005_2_wvt_patch
fixing up env_cubemap materials on brush sides...
ProcessBlock_Thread: 0...1...2...3...4...5...6...7...8...9...10 (1)
ProcessBlock_Thread: 0...1...2...3...4...5...6...7...8...9...10 (0)
Processing areas...done (0)
Building Faces...done (0)
Chop Details...done (0)
Find Visible Detail Sides...
Merged 2220 detail faces...done (0)
Merging details...done (0)
FixTjuncs...
PruneNodes...
WriteBSP...
done (1)
writing c:\users\lorem\documents\github\school999-rolling-map\sources\maps\rp_school999_rolling.prt...
Building visibility clusters...
done (1)
Creating default LDR cubemaps for env_cubemap using skybox materials:
   skybox/skyday_universal*.vmt
 ! Run buildcubemaps in the engine to get the correct cube maps.
Creating default HDR cubemaps for env_cubemap using skybox materials:
   skybox/skyday_universal*.vmt
 ! Run buildcubemaps in the engine to get the correct cube maps.
Finding displacement neighbors...
Finding lightmap sample positions...
Displacement Alpha : 0...1...2...3...4...5...6...7...8...9...10
Building Physics collision data...
done (2) (1643741 bytes)
Placing detail props : 0...1...2...3...4...5...6...7...8...9..Material NATURE/BLENDMILGROUND008B_2 uses unknown detail object type militia_darkleaves_grass!
Material NATURE/BLENDMILGROUND005_2 uses unknown detail object type militia_rock_grass!
Material NATURE/BLENDMILGROUND005_2 uses unknown detail object type militia_rock_grass!
Material NATURE/BLENDMILGROUND008B_2 uses unknown detail object type militia_darkleaves_grass!
Material NATURE/BLENDMILGROUND005_2 uses unknown detail object type militia_rock_grass!
Material NATURE/BLENDMILGROUND008B_2 uses unknown detail object type militia_darkleaves_grass!
Material NATURE/BLENDMILGROUND005_2 uses unknown detail object type militia_rock_grass!
Material NATURE/BLENDMILGROUND008B_2 uses unknown detail object type militia_darkleaves_grass!
Material NATURE/BLENDMILGROUND008B_2 uses unknown detail object type militia_darkleaves_grass!
Material NATURE/BLENDMILGROUND008B_2 uses unknown detail object type militia_darkleaves_grass!
Material NATURE/BLENDMILGROUND005_2 uses unknown detail object type militia_rock_grass!
Material NATURE/BLENDMILGROUND005_2 uses unknown detail object type militia_rock_grass!
Material NATURE/BLENDMILGROUND005_2 uses unknown detail object type militia_rock_grass!
Material NATURE/BLENDMILGROUND008B_2 uses unknown detail object type militia_darkleaves_grass!
Material NATURE/BLENDMILGROUND005_2 uses unknown detail object type militia_rock_grass!
Material NATURE/BLENDMILGROUND008B_2 uses unknown detail object type militia_darkleaves_grass!
Material NATURE/BLENDMILGROUND005_2 uses unknown detail object type militia_rock_grass!
Material NATURE/BLENDMILGROUND008B_2 uses unknown detail object type militia_darkleaves_grass!
Material NATURE/BLENDMILGROUND005_2 uses unknown detail object type militia_rock_grass!
Material NATURE/BLENDMILGROUND008B_2 uses unknown detail object type militia_darkleaves_grass!
Material NATURE/BLENDMILGROUND005_2 uses unknown detail object type militia_rock_grass!
Material NATURE/BLENDMILGROUND008B_2 uses unknown detail object type militia_darkleaves_grass!
Material NATURE/BLENDMILGROUND005_2 uses unknown detail object type militia_rock_grass!
Material NATURE/BLENDMILGROUND005_2 uses unknown detail object type militia_rock_grass!
Material NATURE/BLENDMILGROUND008B_2 uses unknown detail object type militia_darkleaves_grass!
Material NATURE/BLENDMILGROUND005_2 uses unknown detail object type militia_rock_grass!
Material NATURE/BLENDMILGROUND008B_2 uses unknown detail object type militia_darkleaves_grass!
Material NATURE/BLENDMILGROUND005_2 uses unknown detail object type militia_rock_grass!
Material NATURE/BLENDMILGROUND008B_2 uses unknown detail object type militia_darkleaves_grass!
Material NATURE/BLENDMILGROUND005_2 uses unknown detail object type militia_rock_grass!
Material NATURE/BLENDMILGROUND008B_2 uses unknown detail object type militia_darkleaves_grass!
Material NATURE/BLENDMILGROUND005_2 uses unknown detail object type militia_rock_grass!
Material NATURE/BLENDMILGROUND008B_2 uses unknown detail object type militia_darkleaves_grass!
Material NATURE/BLENDMILGROUND005_2 uses unknown detail object type militia_rock_grass!
Material NATURE/BLENDMILGROUND005_2 uses unknown detail object type militia_rock_grass!
Material NATURE/BLENDMILGROUND008B_2 uses unknown detail object type militia_darkleaves_grass!
Material NATURE/BLENDMILGROUND005_2 uses unknown detail object type militia_rock_grass!
Material NATURE/BLENDMILGROUND005_2 uses unknown detail object type militia_rock_grass!
Material NATURE/BLENDMILGROUND005_2 uses unknown detail object type militia_rock_grass!
Material NATURE/BLENDMILGROUND008B_2 uses unknown detail object type militia_darkleaves_grass!
Material NATURE/BLENDMILGROUND005_2 uses unknown detail object type militia_rock_grass!
Material NATURE/BLENDMILGROUND008B_2 uses unknown detail object type militia_darkleaves_grass!
Material NATURE/BLENDMILGROUND005_2 uses unknown detail object type militia_rock_grass!
Material NATURE/BLENDMILGROUND008B_2 uses unknown detail object type militia_darkleaves_grass!
Material NATURE/BLENDMILGROUND005_2 uses unknown detail object type militia_rock_grass!
Material NATURE/BLENDMILGROUND005_2 uses unknown detail object type militia_rock_grass!
Material NATURE/BLENDMILGROUND008B_2 uses unknown detail object type militia_darkleaves_grass!
Material NATURE/BLENDMILGROUND005_2 uses unknown detail object type militia_rock_grass!
.10
Compacting texture/material tables...
Reduced 2695 texinfos to 1610
Reduced 188 texdatas to 157 (5651 bytes to 4462)
Writing c:\users\lorem\documents\github\school999-rolling-map\sources\maps\rp_school999_rolling.bsp
8 seconds elapsed



materialPath: F:\Steam\steamapps\common\GarrysMod\garrysmod\materials
Loading c:\users\lorem\documents\github\school999-rolling-map\sources\maps\rp_school999_rolling.vmf
Patching WVT material: maps/rp_school999_rolling/nature/blendgrassgravel001b_wvt_patch
Patching WVT material: maps/rp_school999_rolling/nature/blendmilground008b_2_wvt_patch
Patching WVT material: maps/rp_school999_rolling/nature/blendmilground005_2_wvt_patch
fixing up env_cubemap materials on brush sides...
ProcessBlock_Thread: 0...1...2...3...4...5...6...7...8...9...10 (1)
ProcessBlock_Thread: 0...1...2...3...4...5...6...7...8...9...10 (0)
Processing areas...done (0)
Building Faces...done (0)
Chop Details...done (0)
Find Visible Detail Sides...
Merged 2242 detail faces...done (0)
Merging details...done (0)
FixTjuncs...
PruneNodes...
WriteBSP...
done (1)
writing c:\users\lorem\documents\github\school999-rolling-map\sources\maps\rp_school999_rolling.prt...
Building visibility clusters...
done (1)
Creating default LDR cubemaps for env_cubemap using skybox materials:
   skybox/skyday_universal*.vmt
 ! Run buildcubemaps in the engine to get the correct cube maps.
Creating default HDR cubemaps for env_cubemap using skybox materials:
   skybox/skyday_universal*.vmt
 ! Run buildcubemaps in the engine to get the correct cube maps.
Finding displacement neighbors...
Finding lightmap sample positions...
Displacement Alpha : 0...1...2...3...4...5...6...7...8...9...10
Building Physics collision data...
done (2) (1647805 bytes)
Placing detail props : 0...1...2...3...4...5...6...7...8...9..Material NATURE/BLENDMILGROUND008B_2 uses unknown detail object type militia_darkleaves_grass!
Material NATURE/BLENDMILGROUND005_2 uses unknown detail object type militia_rock_grass!
Material NATURE/BLENDMILGROUND005_2 uses unknown detail object type militia_rock_grass!
Material NATURE/BLENDMILGROUND008B_2 uses unknown detail object type militia_darkleaves_grass!
Material NATURE/BLENDMILGROUND005_2 uses unknown detail object type militia_rock_grass!
Material NATURE/BLENDMILGROUND008B_2 uses unknown detail object type militia_darkleaves_grass!
Material NATURE/BLENDMILGROUND005_2 uses unknown detail object type militia_rock_grass!
Material NATURE/BLENDMILGROUND008B_2 uses unknown detail object type militia_darkleaves_grass!
Material NATURE/BLENDMILGROUND008B_2 uses unknown detail object type militia_darkleaves_grass!
Material NATURE/BLENDMILGROUND008B_2 uses unknown detail object type militia_darkleaves_grass!
Material NATURE/BLENDMILGROUND005_2 uses unknown detail object type militia_rock_grass!
Material NATURE/BLENDMILGROUND005_2 uses unknown detail object type militia_rock_grass!
Material NATURE/BLENDMILGROUND005_2 uses unknown detail object type militia_rock_grass!
Material NATURE/BLENDMILGROUND008B_2 uses unknown detail object type militia_darkleaves_grass!
Material NATURE/BLENDMILGROUND005_2 uses unknown detail object type militia_rock_grass!
Material NATURE/BLENDMILGROUND008B_2 uses unknown detail object type militia_darkleaves_grass!
Material NATURE/BLENDMILGROUND005_2 uses unknown detail object type militia_rock_grass!
Material NATURE/BLENDMILGROUND008B_2 uses unknown detail object type militia_darkleaves_grass!
Material NATURE/BLENDMILGROUND005_2 uses unknown detail object type militia_rock_grass!
Material NATURE/BLENDMILGROUND008B_2 uses unknown detail object type militia_darkleaves_grass!
Material NATURE/BLENDMILGROUND005_2 uses unknown detail object type militia_rock_grass!
Material NATURE/BLENDMILGROUND008B_2 uses unknown detail object type militia_darkleaves_grass!
Material NATURE/BLENDMILGROUND005_2 uses unknown detail object type militia_rock_grass!
Material NATURE/BLENDMILGROUND005_2 uses unknown detail object type militia_rock_grass!
Material NATURE/BLENDMILGROUND008B_2 uses unknown detail object type militia_darkleaves_grass!
Material NATURE/BLENDMILGROUND005_2 uses unknown detail object type militia_rock_grass!
Material NATURE/BLENDMILGROUND008B_2 uses unknown detail object type militia_darkleaves_grass!
Material NATURE/BLENDMILGROUND005_2 uses unknown detail object type militia_rock_grass!
Material NATURE/BLENDMILGROUND008B_2 uses unknown detail object type militia_darkleaves_grass!
Material NATURE/BLENDMILGROUND005_2 uses unknown detail object type militia_rock_grass!
Material NATURE/BLENDMILGROUND008B_2 uses unknown detail object type militia_darkleaves_grass!
Material NATURE/BLENDMILGROUND005_2 uses unknown detail object type militia_rock_grass!
Material NATURE/BLENDMILGROUND008B_2 uses unknown detail object type militia_darkleaves_grass!
Material NATURE/BLENDMILGROUND005_2 uses unknown detail object type militia_rock_grass!
Material NATURE/BLENDMILGROUND005_2 uses unknown detail object type militia_rock_grass!
Material NATURE/BLENDMILGROUND008B_2 uses unknown detail object type militia_darkleaves_grass!
Material NATURE/BLENDMILGROUND005_2 uses unknown detail object type militia_rock_grass!
Material NATURE/BLENDMILGROUND005_2 uses unknown detail object type militia_rock_grass!
Material NATURE/BLENDMILGROUND005_2 uses unknown detail object type militia_rock_grass!
Material NATURE/BLENDMILGROUND008B_2 uses unknown detail object type militia_darkleaves_grass!
Material NATURE/BLENDMILGROUND005_2 uses unknown detail object type militia_rock_grass!
Material NATURE/BLENDMILGROUND008B_2 uses unknown detail object type militia_darkleaves_grass!
Material NATURE/BLENDMILGROUND005_2 uses unknown detail object type militia_rock_grass!
Material NATURE/BLENDMILGROUND008B_2 uses unknown detail object type militia_darkleaves_grass!
Material NATURE/BLENDMILGROUND005_2 uses unknown detail object type militia_rock_grass!
Material NATURE/BLENDMILGROUND005_2 uses unknown detail object type militia_rock_grass!
Material NATURE/BLENDMILGROUND008B_2 uses unknown detail object type militia_darkleaves_grass!
Material NATURE/BLENDMILGROUND005_2 uses unknown detail object type militia_rock_grass!
.10
Compacting texture/material tables...
Reduced 2698 texinfos to 1613
Reduced 188 texdatas to 157 (5651 bytes to 4462)
Writing c:\users\lorem\documents\github\school999-rolling-map\sources\maps\rp_school999_rolling.bsp
8 seconds elapsed



materialPath: F:\Steam\steamapps\common\GarrysMod\garrysmod\materials
Loading c:\users\lorem\documents\github\school999-rolling-map\sources\maps\rp_school999_rolling.vmf
Patching WVT material: maps/rp_school999_rolling/nature/blendgrassgravel001b_wvt_patch
Patching WVT material: maps/rp_school999_rolling/nature/blendmilground008b_2_wvt_patch
Patching WVT material: maps/rp_school999_rolling/nature/blendmilground005_2_wvt_patch
fixing up env_cubemap materials on brush sides...
ProcessBlock_Thread: 0...1...2...3...4...5...6...7...8...9...10 (1)
ProcessBlock_Thread: 0...1...2...3...4...5...6...7...8...9...10 (0)
Processing areas...done (0)
Building Faces...done (0)
Chop Details...done (0)
Find Visible Detail Sides...
Merged 2242 detail faces...done (0)
Merging details...done (0)
FixTjuncs...
PruneNodes...
WriteBSP...
done (1)
writing c:\users\lorem\documents\github\school999-rolling-map\sources\maps\rp_school999_rolling.prt...
Building visibility clusters...
done (1)
Creating default LDR cubemaps for env_cubemap using skybox materials:
   skybox/skyday_universal*.vmt
 ! Run buildcubemaps in the engine to get the correct cube maps.
Creating default HDR cubemaps for env_cubemap using skybox materials:
   skybox/skyday_universal*.vmt
 ! Run buildcubemaps in the engine to get the correct cube maps.
Finding displacement neighbors...
Finding lightmap sample positions...
Displacement Alpha : 0...1...2...3...4...5...6...7...8...9...10
Building Physics collision data...
done (2) (1647805 bytes)
Placing detail props : 0...1...2...3...4...5...6...7...8...9..Material NATURE/BLENDMILGROUND008B_2 uses unknown detail object type militia_darkleaves_grass!
Material NATURE/BLENDMILGROUND005_2 uses unknown detail object type militia_rock_grass!
Material NATURE/BLENDMILGROUND005_2 uses unknown detail object type militia_rock_grass!
Material NATURE/BLENDMILGROUND008B_2 uses unknown detail object type militia_darkleaves_grass!
Material NATURE/BLENDMILGROUND005_2 uses unknown detail object type militia_rock_grass!
Material NATURE/BLENDMILGROUND008B_2 uses unknown detail object type militia_darkleaves_grass!
Material NATURE/BLENDMILGROUND005_2 uses unknown detail object type militia_rock_grass!
Material NATURE/BLENDMILGROUND008B_2 uses unknown detail object type militia_darkleaves_grass!
Material NATURE/BLENDMILGROUND008B_2 uses unknown detail object type militia_darkleaves_grass!
Material NATURE/BLENDMILGROUND008B_2 uses unknown detail object type militia_darkleaves_grass!
Material NATURE/BLENDMILGROUND005_2 uses unknown detail object type militia_rock_grass!
Material NATURE/BLENDMILGROUND005_2 uses unknown detail object type militia_rock_grass!
Material NATURE/BLENDMILGROUND005_2 uses unknown detail object type militia_rock_grass!
Material NATURE/BLENDMILGROUND008B_2 uses unknown detail object type militia_darkleaves_grass!
Material NATURE/BLENDMILGROUND005_2 uses unknown detail object type militia_rock_grass!
Material NATURE/BLENDMILGROUND008B_2 uses unknown detail object type militia_darkleaves_grass!
Material NATURE/BLENDMILGROUND005_2 uses unknown detail object type militia_rock_grass!
Material NATURE/BLENDMILGROUND008B_2 uses unknown detail object type militia_darkleaves_grass!
Material NATURE/BLENDMILGROUND005_2 uses unknown detail object type militia_rock_grass!
Material NATURE/BLENDMILGROUND008B_2 uses unknown detail object type militia_darkleaves_grass!
Material NATURE/BLENDMILGROUND005_2 uses unknown detail object type militia_rock_grass!
Material NATURE/BLENDMILGROUND008B_2 uses unknown detail object type militia_darkleaves_grass!
Material NATURE/BLENDMILGROUND005_2 uses unknown detail object type militia_rock_grass!
Material NATURE/BLENDMILGROUND005_2 uses unknown detail object type militia_rock_grass!
Material NATURE/BLENDMILGROUND008B_2 uses unknown detail object type militia_darkleaves_grass!
Material NATURE/BLENDMILGROUND005_2 uses unknown detail object type militia_rock_grass!
Material NATURE/BLENDMILGROUND008B_2 uses unknown detail object type militia_darkleaves_grass!
Material NATURE/BLENDMILGROUND005_2 uses unknown detail object type militia_rock_grass!
Material NATURE/BLENDMILGROUND008B_2 uses unknown detail object type militia_darkleaves_grass!
Material NATURE/BLENDMILGROUND005_2 uses unknown detail object type militia_rock_grass!
Material NATURE/BLENDMILGROUND008B_2 uses unknown detail object type militia_darkleaves_grass!
Material NATURE/BLENDMILGROUND005_2 uses unknown detail object type militia_rock_grass!
Material NATURE/BLENDMILGROUND008B_2 uses unknown detail object type militia_darkleaves_grass!
Material NATURE/BLENDMILGROUND005_2 uses unknown detail object type militia_rock_grass!
Material NATURE/BLENDMILGROUND005_2 uses unknown detail object type militia_rock_grass!
Material NATURE/BLENDMILGROUND008B_2 uses unknown detail object type militia_darkleaves_grass!
Material NATURE/BLENDMILGROUND005_2 uses unknown detail object type militia_rock_grass!
Material NATURE/BLENDMILGROUND005_2 uses unknown detail object type militia_rock_grass!
Material NATURE/BLENDMILGROUND005_2 uses unknown detail object type militia_rock_grass!
Material NATURE/BLENDMILGROUND008B_2 uses unknown detail object type militia_darkleaves_grass!
Material NATURE/BLENDMILGROUND005_2 uses unknown detail object type militia_rock_grass!
Material NATURE/BLENDMILGROUND008B_2 uses unknown detail object type militia_darkleaves_grass!
Material NATURE/BLENDMILGROUND005_2 uses unknown detail object type militia_rock_grass!
Material NATURE/BLENDMILGROUND008B_2 uses unknown detail object type militia_darkleaves_grass!
Material NATURE/BLENDMILGROUND005_2 uses unknown detail object type militia_rock_grass!
Material NATURE/BLENDMILGROUND005_2 uses unknown detail object type militia_rock_grass!
Material NATURE/BLENDMILGROUND008B_2 uses unknown detail object type militia_darkleaves_grass!
Material NATURE/BLENDMILGROUND005_2 uses unknown detail object type militia_rock_grass!
.10
Compacting texture/material tables...
Reduced 2698 texinfos to 1613
Reduced 188 texdatas to 157 (5651 bytes to 4462)
Writing c:\users\lorem\documents\github\school999-rolling-map\sources\maps\rp_school999_rolling.bsp
7 seconds elapsed



materialPath: F:\Steam\steamapps\common\GarrysMod\garrysmod\materials
Loading c:\users\lorem\documents\github\school999-rolling-map\sources\maps\rp_school999_rolling.vmf
Patching WVT material: maps/rp_school999_rolling/nature/blendgrassgravel001b_wvt_patch
Patching WVT material: maps/rp_school999_rolling/nature/blendmilground008b_2_wvt_patch
Patching WVT material: maps/rp_school999_rolling/nature/blendmilground005_2_wvt_patch
fixing up env_cubemap materials on brush sides...
ProcessBlock_Thread: 0...1...2...3...4...5...6...7...8...9...10 (0)
ProcessBlock_Thread: 0...1...2...3...4...5...6...7...8...9...10 (1)
Processing areas...done (0)
Building Faces...done (0)
Chop Details...done (0)
Find Visible Detail Sides...
Merged 2242 detail faces...done (0)
Merging details...done (0)
FixTjuncs...
PruneNodes...
WriteBSP...
done (1)
writing c:\users\lorem\documents\github\school999-rolling-map\sources\maps\rp_school999_rolling.prt...
Building visibility clusters...
done (0)
Creating default LDR cubemaps for env_cubemap using skybox materials:
   skybox/skyday_universal*.vmt
 ! Run buildcubemaps in the engine to get the correct cube maps.
Creating default HDR cubemaps for env_cubemap using skybox materials:
   skybox/skyday_universal*.vmt
 ! Run buildcubemaps in the engine to get the correct cube maps.
Finding displacement neighbors...
Finding lightmap sample positions...
Displacement Alpha : 0...1...2...3...4...5...6...7...8...9...10
Building Physics collision data...
done (1) (1613188 bytes)
Placing detail props : 0...1...2...3...4...5...6...7...8...9...Material NATURE/BLENDMILGROUND008B_2 uses unknown detail object type militia_darkleaves_grass!
Material NATURE/BLENDMILGROUND005_2 uses unknown detail object type militia_rock_grass!
Material NATURE/BLENDMILGROUND005_2 uses unknown detail object type militia_rock_grass!
Material NATURE/BLENDMILGROUND008B_2 uses unknown detail object type militia_darkleaves_grass!
Material NATURE/BLENDMILGROUND005_2 uses unknown detail object type militia_rock_grass!
Material NATURE/BLENDMILGROUND008B_2 uses unknown detail object type militia_darkleaves_grass!
Material NATURE/BLENDMILGROUND005_2 uses unknown detail object type militia_rock_grass!
Material NATURE/BLENDMILGROUND008B_2 uses unknown detail object type militia_darkleaves_grass!
Material NATURE/BLENDMILGROUND008B_2 uses unknown detail object type militia_darkleaves_grass!
Material NATURE/BLENDMILGROUND008B_2 uses unknown detail object type militia_darkleaves_grass!
Material NATURE/BLENDMILGROUND005_2 uses unknown detail object type militia_rock_grass!
Material NATURE/BLENDMILGROUND005_2 uses unknown detail object type militia_rock_grass!
Material NATURE/BLENDMILGROUND005_2 uses unknown detail object type militia_rock_grass!
Material NATURE/BLENDMILGROUND008B_2 uses unknown detail object type militia_darkleaves_grass!
Material NATURE/BLENDMILGROUND005_2 uses unknown detail object type militia_rock_grass!
Material NATURE/BLENDMILGROUND008B_2 uses unknown detail object type militia_darkleaves_grass!
Material NATURE/BLENDMILGROUND005_2 uses unknown detail object type militia_rock_grass!
Material NATURE/BLENDMILGROUND008B_2 uses unknown detail object type militia_darkleaves_grass!
Material NATURE/BLENDMILGROUND005_2 uses unknown detail object type militia_rock_grass!
Material NATURE/BLENDMILGROUND008B_2 uses unknown detail object type militia_darkleaves_grass!
Material NATURE/BLENDMILGROUND005_2 uses unknown detail object type militia_rock_grass!
Material NATURE/BLENDMILGROUND008B_2 uses unknown detail object type militia_darkleaves_grass!
Material NATURE/BLENDMILGROUND005_2 uses unknown detail object type militia_rock_grass!
Material NATURE/BLENDMILGROUND005_2 uses unknown detail object type militia_rock_grass!
Material NATURE/BLENDMILGROUND008B_2 uses unknown detail object type militia_darkleaves_grass!
Material NATURE/BLENDMILGROUND005_2 uses unknown detail object type militia_rock_grass!
Material NATURE/BLENDMILGROUND008B_2 uses unknown detail object type militia_darkleaves_grass!
Material NATURE/BLENDMILGROUND005_2 uses unknown detail object type militia_rock_grass!
Material NATURE/BLENDMILGROUND008B_2 uses unknown detail object type militia_darkleaves_grass!
Material NATURE/BLENDMILGROUND005_2 uses unknown detail object type militia_rock_grass!
Material NATURE/BLENDMILGROUND008B_2 uses unknown detail object type militia_darkleaves_grass!
Material NATURE/BLENDMILGROUND005_2 uses unknown detail object type militia_rock_grass!
Material NATURE/BLENDMILGROUND008B_2 uses unknown detail object type militia_darkleaves_grass!
Material NATURE/BLENDMILGROUND005_2 uses unknown detail object type militia_rock_grass!
Material NATURE/BLENDMILGROUND005_2 uses unknown detail object type militia_rock_grass!
Material NATURE/BLENDMILGROUND008B_2 uses unknown detail object type militia_darkleaves_grass!
Material NATURE/BLENDMILGROUND005_2 uses unknown detail object type militia_rock_grass!
Material NATURE/BLENDMILGROUND005_2 uses unknown detail object type militia_rock_grass!
Material NATURE/BLENDMILGROUND005_2 uses unknown detail object type militia_rock_grass!
Material NATURE/BLENDMILGROUND008B_2 uses unknown detail object type militia_darkleaves_grass!
Material NATURE/BLENDMILGROUND005_2 uses unknown detail object type militia_rock_grass!
Material NATURE/BLENDMILGROUND008B_2 uses unknown detail object type militia_darkleaves_grass!
Material NATURE/BLENDMILGROUND005_2 uses unknown detail object type militia_rock_grass!
Material NATURE/BLENDMILGROUND008B_2 uses unknown detail object type militia_darkleaves_grass!
Material NATURE/BLENDMILGROUND005_2 uses unknown detail object type militia_rock_grass!
Material NATURE/BLENDMILGROUND005_2 uses unknown detail object type militia_rock_grass!
Material NATURE/BLENDMILGROUND008B_2 uses unknown detail object type militia_darkleaves_grass!
Material NATURE/BLENDMILGROUND005_2 uses unknown detail object type militia_rock_grass!
10
Compacting texture/material tables...
Reduced 2426 texinfos to 1540
Reduced 164 texdatas to 136 (4983 bytes to 3857)
Writing c:\users\lorem\documents\github\school999-rolling-map\sources\maps\rp_school999_rolling.bsp
7 seconds elapsed



materialPath: F:\Steam\steamapps\common\GarrysMod\garrysmod\materials
Loading c:\users\lorem\documents\github\school999-rolling-map\sources\maps\rp_school999_rolling.vmf
Patching WVT material: maps/rp_school999_rolling/nature/blendgrassgravel001b_wvt_patch
Patching WVT material: maps/rp_school999_rolling/nature/blendmilground008b_2_wvt_patch
Patching WVT material: maps/rp_school999_rolling/nature/blendmilground005_2_wvt_patch
fixing up env_cubemap materials on brush sides...
ProcessBlock_Thread: 0...1...2...3...4...5...6...7...8...9...10 (1)
ProcessBlock_Thread: 0...1...2...3...4...5...6...7...8...9...10 (0)
Processing areas...done (0)
Building Faces...done (0)
Chop Details...done (0)
Find Visible Detail Sides...
Merged 2242 detail faces...done (0)
Merging details...done (0)
FixTjuncs...
PruneNodes...
WriteBSP...
done (1)
writing c:\users\lorem\documents\github\school999-rolling-map\sources\maps\rp_school999_rolling.prt...
Building visibility clusters...
done (0)
Creating default LDR cubemaps for env_cubemap using skybox materials:
   skybox/skyday_universal*.vmt
 ! Run buildcubemaps in the engine to get the correct cube maps.
Creating default HDR cubemaps for env_cubemap using skybox materials:
   skybox/skyday_universal*.vmt
 ! Run buildcubemaps in the engine to get the correct cube maps.
Finding displacement neighbors...
Finding lightmap sample positions...
Displacement Alpha : 0...1...2...3...4...5...6...7...8...9...10
Building Physics collision data...
done (2) (1647757 bytes)
Placing detail props : 0...1...2...3...4...5...6...7...8...9..Material NATURE/BLENDMILGROUND008B_2 uses unknown detail object type militia_darkleaves_grass!
Material NATURE/BLENDMILGROUND005_2 uses unknown detail object type militia_rock_grass!
Material NATURE/BLENDMILGROUND005_2 uses unknown detail object type militia_rock_grass!
Material NATURE/BLENDMILGROUND008B_2 uses unknown detail object type militia_darkleaves_grass!
Material NATURE/BLENDMILGROUND005_2 uses unknown detail object type militia_rock_grass!
Material NATURE/BLENDMILGROUND008B_2 uses unknown detail object type militia_darkleaves_grass!
Material NATURE/BLENDMILGROUND005_2 uses unknown detail object type militia_rock_grass!
Material NATURE/BLENDMILGROUND008B_2 uses unknown detail object type militia_darkleaves_grass!
Material NATURE/BLENDMILGROUND008B_2 uses unknown detail object type militia_darkleaves_grass!
Material NATURE/BLENDMILGROUND008B_2 uses unknown detail object type militia_darkleaves_grass!
Material NATURE/BLENDMILGROUND005_2 uses unknown detail object type militia_rock_grass!
Material NATURE/BLENDMILGROUND005_2 uses unknown detail object type militia_rock_grass!
Material NATURE/BLENDMILGROUND005_2 uses unknown detail object type militia_rock_grass!
Material NATURE/BLENDMILGROUND008B_2 uses unknown detail object type militia_darkleaves_grass!
Material NATURE/BLENDMILGROUND005_2 uses unknown detail object type militia_rock_grass!
Material NATURE/BLENDMILGROUND008B_2 uses unknown detail object type militia_darkleaves_grass!
Material NATURE/BLENDMILGROUND005_2 uses unknown detail object type militia_rock_grass!
Material NATURE/BLENDMILGROUND008B_2 uses unknown detail object type militia_darkleaves_grass!
Material NATURE/BLENDMILGROUND005_2 uses unknown detail object type militia_rock_grass!
Material NATURE/BLENDMILGROUND008B_2 uses unknown detail object type militia_darkleaves_grass!
Material NATURE/BLENDMILGROUND005_2 uses unknown detail object type militia_rock_grass!
Material NATURE/BLENDMILGROUND008B_2 uses unknown detail object type militia_darkleaves_grass!
Material NATURE/BLENDMILGROUND005_2 uses unknown detail object type militia_rock_grass!
Material NATURE/BLENDMILGROUND005_2 uses unknown detail object type militia_rock_grass!
Material NATURE/BLENDMILGROUND008B_2 uses unknown detail object type militia_darkleaves_grass!
Material NATURE/BLENDMILGROUND005_2 uses unknown detail object type militia_rock_grass!
Material NATURE/BLENDMILGROUND008B_2 uses unknown detail object type militia_darkleaves_grass!
Material NATURE/BLENDMILGROUND005_2 uses unknown detail object type militia_rock_grass!
Material NATURE/BLENDMILGROUND008B_2 uses unknown detail object type militia_darkleaves_grass!
Material NATURE/BLENDMILGROUND005_2 uses unknown detail object type militia_rock_grass!
Material NATURE/BLENDMILGROUND008B_2 uses unknown detail object type militia_darkleaves_grass!
Material NATURE/BLENDMILGROUND005_2 uses unknown detail object type militia_rock_grass!
Material NATURE/BLENDMILGROUND008B_2 uses unknown detail object type militia_darkleaves_grass!
Material NATURE/BLENDMILGROUND005_2 uses unknown detail object type militia_rock_grass!
Material NATURE/BLENDMILGROUND005_2 uses unknown detail object type militia_rock_grass!
Material NATURE/BLENDMILGROUND008B_2 uses unknown detail object type militia_darkleaves_grass!
Material NATURE/BLENDMILGROUND005_2 uses unknown detail object type militia_rock_grass!
Material NATURE/BLENDMILGROUND005_2 uses unknown detail object type militia_rock_grass!
Material NATURE/BLENDMILGROUND005_2 uses unknown detail object type militia_rock_grass!
Material NATURE/BLENDMILGROUND008B_2 uses unknown detail object type militia_darkleaves_grass!
Material NATURE/BLENDMILGROUND005_2 uses unknown detail object type militia_rock_grass!
Material NATURE/BLENDMILGROUND008B_2 uses unknown detail object type militia_darkleaves_grass!
Material NATURE/BLENDMILGROUND005_2 uses unknown detail object type militia_rock_grass!
Material NATURE/BLENDMILGROUND008B_2 uses unknown detail object type militia_darkleaves_grass!
Material NATURE/BLENDMILGROUND005_2 uses unknown detail object type militia_rock_grass!
Material NATURE/BLENDMILGROUND005_2 uses unknown detail object type militia_rock_grass!
Material NATURE/BLENDMILGROUND008B_2 uses unknown detail object type militia_darkleaves_grass!
Material NATURE/BLENDMILGROUND005_2 uses unknown detail object type militia_rock_grass!
.10
Compacting texture/material tables...
Reduced 2698 texinfos to 1613
Reduced 188 texdatas to 157 (5651 bytes to 4462)
Writing c:\users\lorem\documents\github\school999-rolling-map\sources\maps\rp_school999_rolling.bsp
7 seconds elapsed



materialPath: F:\Steam\steamapps\common\GarrysMod\garrysmod\materials
Loading c:\users\lorem\documents\github\school999-rolling-map\sources\maps\rp_school999_rolling.vmf
Patching WVT material: maps/rp_school999_rolling/nature/blendgrassgravel001b_wvt_patch
Patching WVT material: maps/rp_school999_rolling/nature/blendmilground008b_2_wvt_patch
Patching WVT material: maps/rp_school999_rolling/nature/blendmilground005_2_wvt_patch
fixing up env_cubemap materials on brush sides...
ProcessBlock_Thread: 0...1...2...3...4...5...6...7...8...9...10 (0)
ProcessBlock_Thread: 0...1...2...3...4...5...6...7...8...9...10 (0)
Processing areas...done (0)
Building Faces...done (0)
Chop Details...done (0)
Find Visible Detail Sides...
Merged 2242 detail faces...done (0)
Merging details...done (0)
FixTjuncs...
PruneNodes...
WriteBSP...
done (1)
writing c:\users\lorem\documents\github\school999-rolling-map\sources\maps\rp_school999_rolling.prt...
Building visibility clusters...
done (0)
Creating default LDR cubemaps for env_cubemap using skybox materials:
   skybox/skyday_universal*.vmt
 ! Run buildcubemaps in the engine to get the correct cube maps.
Creating default HDR cubemaps for env_cubemap using skybox materials:
   skybox/skyday_universal*.vmt
 ! Run buildcubemaps in the engine to get the correct cube maps.
Finding displacement neighbors...
Finding lightmap sample positions...
Displacement Alpha : 0...1...2...3...4...5...6...7...8...9...10
Building Physics collision data...
done (2) (1639965 bytes)
Placing detail props : 0...1...2...3...4...5...6...7...8...9..Material NATURE/BLENDMILGROUND008B_2 uses unknown detail object type militia_darkleaves_grass!
Material NATURE/BLENDMILGROUND005_2 uses unknown detail object type militia_rock_grass!
Material NATURE/BLENDMILGROUND005_2 uses unknown detail object type militia_rock_grass!
Material NATURE/BLENDMILGROUND008B_2 uses unknown detail object type militia_darkleaves_grass!
Material NATURE/BLENDMILGROUND005_2 uses unknown detail object type militia_rock_grass!
Material NATURE/BLENDMILGROUND008B_2 uses unknown detail object type militia_darkleaves_grass!
Material NATURE/BLENDMILGROUND005_2 uses unknown detail object type militia_rock_grass!
Material NATURE/BLENDMILGROUND008B_2 uses unknown detail object type militia_darkleaves_grass!
Material NATURE/BLENDMILGROUND008B_2 uses unknown detail object type militia_darkleaves_grass!
Material NATURE/BLENDMILGROUND008B_2 uses unknown detail object type militia_darkleaves_grass!
Material NATURE/BLENDMILGROUND005_2 uses unknown detail object type militia_rock_grass!
Material NATURE/BLENDMILGROUND005_2 uses unknown detail object type militia_rock_grass!
Material NATURE/BLENDMILGROUND005_2 uses unknown detail object type militia_rock_grass!
Material NATURE/BLENDMILGROUND008B_2 uses unknown detail object type militia_darkleaves_grass!
Material NATURE/BLENDMILGROUND005_2 uses unknown detail object type militia_rock_grass!
Material NATURE/BLENDMILGROUND008B_2 uses unknown detail object type militia_darkleaves_grass!
Material NATURE/BLENDMILGROUND005_2 uses unknown detail object type militia_rock_grass!
Material NATURE/BLENDMILGROUND008B_2 uses unknown detail object type militia_darkleaves_grass!
Material NATURE/BLENDMILGROUND005_2 uses unknown detail object type militia_rock_grass!
Material NATURE/BLENDMILGROUND008B_2 uses unknown detail object type militia_darkleaves_grass!
Material NATURE/BLENDMILGROUND005_2 uses unknown detail object type militia_rock_grass!
Material NATURE/BLENDMILGROUND008B_2 uses unknown detail object type militia_darkleaves_grass!
Material NATURE/BLENDMILGROUND005_2 uses unknown detail object type militia_rock_grass!
Material NATURE/BLENDMILGROUND005_2 uses unknown detail object type militia_rock_grass!
Material NATURE/BLENDMILGROUND008B_2 uses unknown detail object type militia_darkleaves_grass!
Material NATURE/BLENDMILGROUND005_2 uses unknown detail object type militia_rock_grass!
Material NATURE/BLENDMILGROUND008B_2 uses unknown detail object type militia_darkleaves_grass!
Material NATURE/BLENDMILGROUND005_2 uses unknown detail object type militia_rock_grass!
Material NATURE/BLENDMILGROUND008B_2 uses unknown detail object type militia_darkleaves_grass!
Material NATURE/BLENDMILGROUND005_2 uses unknown detail object type militia_rock_grass!
Material NATURE/BLENDMILGROUND008B_2 uses unknown detail object type militia_darkleaves_grass!
Material NATURE/BLENDMILGROUND005_2 uses unknown detail object type militia_rock_grass!
Material NATURE/BLENDMILGROUND008B_2 uses unknown detail object type militia_darkleaves_grass!
Material NATURE/BLENDMILGROUND005_2 uses unknown detail object type militia_rock_grass!
Material NATURE/BLENDMILGROUND005_2 uses unknown detail object type militia_rock_grass!
Material NATURE/BLENDMILGROUND008B_2 uses unknown detail object type militia_darkleaves_grass!
Material NATURE/BLENDMILGROUND005_2 uses unknown detail object type militia_rock_grass!
Material NATURE/BLENDMILGROUND005_2 uses unknown detail object type militia_rock_grass!
Material NATURE/BLENDMILGROUND005_2 uses unknown detail object type militia_rock_grass!
Material NATURE/BLENDMILGROUND008B_2 uses unknown detail object type militia_darkleaves_grass!
Material NATURE/BLENDMILGROUND005_2 uses unknown detail object type militia_rock_grass!
Material NATURE/BLENDMILGROUND008B_2 uses unknown detail object type militia_darkleaves_grass!
Material NATURE/BLENDMILGROUND005_2 uses unknown detail object type militia_rock_grass!
Material NATURE/BLENDMILGROUND008B_2 uses unknown detail object type militia_darkleaves_grass!
Material NATURE/BLENDMILGROUND005_2 uses unknown detail object type militia_rock_grass!
Material NATURE/BLENDMILGROUND005_2 uses unknown detail object type militia_rock_grass!
Material NATURE/BLENDMILGROUND008B_2 uses unknown detail object type militia_darkleaves_grass!
Material NATURE/BLENDMILGROUND005_2 uses unknown detail object type militia_rock_grass!
.10
Compacting texture/material tables...
Reduced 2654 texinfos to 1594
Reduced 187 texdatas to 156 (5633 bytes to 4444)
Writing c:\users\lorem\documents\github\school999-rolling-map\sources\maps\rp_school999_rolling.bsp
7 seconds elapsed



materialPath: F:\Steam\steamapps\common\GarrysMod\garrysmod\materials
Loading c:\users\lorem\documents\github\school999-rolling-map\sources\maps\rp_school999_rolling.vmf
Patching WVT material: maps/rp_school999_rolling/nature/blendgrassgravel001b_wvt_patch
Patching WVT material: maps/rp_school999_rolling/nature/blendmilground008b_2_wvt_patch
Patching WVT material: maps/rp_school999_rolling/nature/blendmilground005_2_wvt_patch
fixing up env_cubemap materials on brush sides...
ProcessBlock_Thread: 0...1...2...3...4...5...6...7...8...9...10 (0)
ProcessBlock_Thread: 0...1...2...3...4...5...6...7...8...9...10 (0)
Processing areas...done (0)
Building Faces...done (0)
Chop Details...done (0)
Find Visible Detail Sides...
Merged 2242 detail faces...done (0)
Merging details...done (0)
FixTjuncs...
PruneNodes...
WriteBSP...
done (1)
writing c:\users\lorem\documents\github\school999-rolling-map\sources\maps\rp_school999_rolling.prt...
Building visibility clusters...
done (0)
Creating default LDR cubemaps for env_cubemap using skybox materials:
   skybox/skyday_universal*.vmt
 ! Run buildcubemaps in the engine to get the correct cube maps.
Creating default HDR cubemaps for env_cubemap using skybox materials:
   skybox/skyday_universal*.vmt
 ! Run buildcubemaps in the engine to get the correct cube maps.
Finding displacement neighbors...
Finding lightmap sample positions...
Displacement Alpha : 0...1...2...3...4...5...6...7...8...9...10
Building Physics collision data...
done (2) (1637248 bytes)
Placing detail props : 0...1...2...3...4...5...6...7...8...9..Material NATURE/BLENDMILGROUND008B_2 uses unknown detail object type militia_darkleaves_grass!
Material NATURE/BLENDMILGROUND005_2 uses unknown detail object type militia_rock_grass!
Material NATURE/BLENDMILGROUND005_2 uses unknown detail object type militia_rock_grass!
Material NATURE/BLENDMILGROUND008B_2 uses unknown detail object type militia_darkleaves_grass!
Material NATURE/BLENDMILGROUND005_2 uses unknown detail object type militia_rock_grass!
Material NATURE/BLENDMILGROUND008B_2 uses unknown detail object type militia_darkleaves_grass!
Material NATURE/BLENDMILGROUND005_2 uses unknown detail object type militia_rock_grass!
Material NATURE/BLENDMILGROUND008B_2 uses unknown detail object type militia_darkleaves_grass!
Material NATURE/BLENDMILGROUND008B_2 uses unknown detail object type militia_darkleaves_grass!
Material NATURE/BLENDMILGROUND008B_2 uses unknown detail object type militia_darkleaves_grass!
Material NATURE/BLENDMILGROUND005_2 uses unknown detail object type militia_rock_grass!
Material NATURE/BLENDMILGROUND005_2 uses unknown detail object type militia_rock_grass!
Material NATURE/BLENDMILGROUND005_2 uses unknown detail object type militia_rock_grass!
Material NATURE/BLENDMILGROUND008B_2 uses unknown detail object type militia_darkleaves_grass!
Material NATURE/BLENDMILGROUND005_2 uses unknown detail object type militia_rock_grass!
Material NATURE/BLENDMILGROUND008B_2 uses unknown detail object type militia_darkleaves_grass!
Material NATURE/BLENDMILGROUND005_2 uses unknown detail object type militia_rock_grass!
Material NATURE/BLENDMILGROUND008B_2 uses unknown detail object type militia_darkleaves_grass!
Material NATURE/BLENDMILGROUND005_2 uses unknown detail object type militia_rock_grass!
Material NATURE/BLENDMILGROUND008B_2 uses unknown detail object type militia_darkleaves_grass!
Material NATURE/BLENDMILGROUND005_2 uses unknown detail object type militia_rock_grass!
Material NATURE/BLENDMILGROUND008B_2 uses unknown detail object type militia_darkleaves_grass!
Material NATURE/BLENDMILGROUND005_2 uses unknown detail object type militia_rock_grass!
Material NATURE/BLENDMILGROUND005_2 uses unknown detail object type militia_rock_grass!
Material NATURE/BLENDMILGROUND008B_2 uses unknown detail object type militia_darkleaves_grass!
Material NATURE/BLENDMILGROUND005_2 uses unknown detail object type militia_rock_grass!
Material NATURE/BLENDMILGROUND008B_2 uses unknown detail object type militia_darkleaves_grass!
Material NATURE/BLENDMILGROUND005_2 uses unknown detail object type militia_rock_grass!
Material NATURE/BLENDMILGROUND008B_2 uses unknown detail object type militia_darkleaves_grass!
Material NATURE/BLENDMILGROUND005_2 uses unknown detail object type militia_rock_grass!
Material NATURE/BLENDMILGROUND008B_2 uses unknown detail object type militia_darkleaves_grass!
Material NATURE/BLENDMILGROUND005_2 uses unknown detail object type militia_rock_grass!
Material NATURE/BLENDMILGROUND008B_2 uses unknown detail object type militia_darkleaves_grass!
Material NATURE/BLENDMILGROUND005_2 uses unknown detail object type militia_rock_grass!
Material NATURE/BLENDMILGROUND005_2 uses unknown detail object type militia_rock_grass!
Material NATURE/BLENDMILGROUND008B_2 uses unknown detail object type militia_darkleaves_grass!
Material NATURE/BLENDMILGROUND005_2 uses unknown detail object type militia_rock_grass!
Material NATURE/BLENDMILGROUND005_2 uses unknown detail object type militia_rock_grass!
Material NATURE/BLENDMILGROUND005_2 uses unknown detail object type militia_rock_grass!
Material NATURE/BLENDMILGROUND008B_2 uses unknown detail object type militia_darkleaves_grass!
Material NATURE/BLENDMILGROUND005_2 uses unknown detail object type militia_rock_grass!
Material NATURE/BLENDMILGROUND008B_2 uses unknown detail object type militia_darkleaves_grass!
Material NATURE/BLENDMILGROUND005_2 uses unknown detail object type militia_rock_grass!
Material NATURE/BLENDMILGROUND008B_2 uses unknown detail object type militia_darkleaves_grass!
Material NATURE/BLENDMILGROUND005_2 uses unknown detail object type militia_rock_grass!
Material NATURE/BLENDMILGROUND005_2 uses unknown detail object type militia_rock_grass!
Material NATURE/BLENDMILGROUND008B_2 uses unknown detail object type militia_darkleaves_grass!
Material NATURE/BLENDMILGROUND005_2 uses unknown detail object type militia_rock_grass!
.10
Compacting texture/material tables...
Reduced 2640 texinfos to 1591
Reduced 185 texdatas to 154 (5590 bytes to 4401)
Writing c:\users\lorem\documents\github\school999-rolling-map\sources\maps\rp_school999_rolling.bsp
7 seconds elapsed



materialPath: F:\Steam\steamapps\common\GarrysMod\garrysmod\materials
Loading c:\users\lorem\documents\github\school999-rolling-map\sources\maps\rp_school999_rolling.vmf
Patching WVT material: maps/rp_school999_rolling/nature/blendgrassgravel001b_wvt_patch
Patching WVT material: maps/rp_school999_rolling/nature/blendmilground008b_2_wvt_patch
Patching WVT material: maps/rp_school999_rolling/nature/blendmilground005_2_wvt_patch
fixing up env_cubemap materials on brush sides...
ProcessBlock_Thread: 0...1...2...3...4...5...6...7...8...9...10 (0)
ProcessBlock_Thread: 0...1...2...3...4...5...6...7...8...9...10 (0)
Processing areas...done (0)
Building Faces...done (0)
Chop Details...done (0)
Find Visible Detail Sides...
Merged 2242 detail faces...done (0)
Merging details...done (0)
FixTjuncs...
PruneNodes...
WriteBSP...
done (1)
writing c:\users\lorem\documents\github\school999-rolling-map\sources\maps\rp_school999_rolling.prt...
Building visibility clusters...
done (0)
Creating default LDR cubemaps for env_cubemap using skybox materials:
   skybox/skyday_universal*.vmt
 ! Run buildcubemaps in the engine to get the correct cube maps.
Creating default HDR cubemaps for env_cubemap using skybox materials:
   skybox/skyday_universal*.vmt
 ! Run buildcubemaps in the engine to get the correct cube maps.
Finding displacement neighbors...
Finding lightmap sample positions...
Displacement Alpha : 0...1...2...3...4...5...6...7...8...9...10
Building Physics collision data...
done (2) (1633968 bytes)
Placing detail props : 0...1...2...3...4...5...6...7...8...9..Material NATURE/BLENDMILGROUND008B_2 uses unknown detail object type militia_darkleaves_grass!
Material NATURE/BLENDMILGROUND005_2 uses unknown detail object type militia_rock_grass!
Material NATURE/BLENDMILGROUND005_2 uses unknown detail object type militia_rock_grass!
Material NATURE/BLENDMILGROUND008B_2 uses unknown detail object type militia_darkleaves_grass!
Material NATURE/BLENDMILGROUND005_2 uses unknown detail object type militia_rock_grass!
Material NATURE/BLENDMILGROUND008B_2 uses unknown detail object type militia_darkleaves_grass!
Material NATURE/BLENDMILGROUND005_2 uses unknown detail object type militia_rock_grass!
Material NATURE/BLENDMILGROUND008B_2 uses unknown detail object type militia_darkleaves_grass!
Material NATURE/BLENDMILGROUND008B_2 uses unknown detail object type militia_darkleaves_grass!
Material NATURE/BLENDMILGROUND008B_2 uses unknown detail object type militia_darkleaves_grass!
Material NATURE/BLENDMILGROUND005_2 uses unknown detail object type militia_rock_grass!
Material NATURE/BLENDMILGROUND005_2 uses unknown detail object type militia_rock_grass!
Material NATURE/BLENDMILGROUND005_2 uses unknown detail object type militia_rock_grass!
Material NATURE/BLENDMILGROUND008B_2 uses unknown detail object type militia_darkleaves_grass!
Material NATURE/BLENDMILGROUND005_2 uses unknown detail object type militia_rock_grass!
Material NATURE/BLENDMILGROUND008B_2 uses unknown detail object type militia_darkleaves_grass!
Material NATURE/BLENDMILGROUND005_2 uses unknown detail object type militia_rock_grass!
Material NATURE/BLENDMILGROUND008B_2 uses unknown detail object type militia_darkleaves_grass!
Material NATURE/BLENDMILGROUND005_2 uses unknown detail object type militia_rock_grass!
Material NATURE/BLENDMILGROUND008B_2 uses unknown detail object type militia_darkleaves_grass!
Material NATURE/BLENDMILGROUND005_2 uses unknown detail object type militia_rock_grass!
Material NATURE/BLENDMILGROUND008B_2 uses unknown detail object type militia_darkleaves_grass!
Material NATURE/BLENDMILGROUND005_2 uses unknown detail object type militia_rock_grass!
Material NATURE/BLENDMILGROUND005_2 uses unknown detail object type militia_rock_grass!
Material NATURE/BLENDMILGROUND008B_2 uses unknown detail object type militia_darkleaves_grass!
Material NATURE/BLENDMILGROUND005_2 uses unknown detail object type militia_rock_grass!
Material NATURE/BLENDMILGROUND008B_2 uses unknown detail object type militia_darkleaves_grass!
Material NATURE/BLENDMILGROUND005_2 uses unknown detail object type militia_rock_grass!
Material NATURE/BLENDMILGROUND008B_2 uses unknown detail object type militia_darkleaves_grass!
Material NATURE/BLENDMILGROUND005_2 uses unknown detail object type militia_rock_grass!
Material NATURE/BLENDMILGROUND008B_2 uses unknown detail object type militia_darkleaves_grass!
Material NATURE/BLENDMILGROUND005_2 uses unknown detail object type militia_rock_grass!
Material NATURE/BLENDMILGROUND008B_2 uses unknown detail object type militia_darkleaves_grass!
Material NATURE/BLENDMILGROUND005_2 uses unknown detail object type militia_rock_grass!
Material NATURE/BLENDMILGROUND005_2 uses unknown detail object type militia_rock_grass!
Material NATURE/BLENDMILGROUND008B_2 uses unknown detail object type militia_darkleaves_grass!
Material NATURE/BLENDMILGROUND005_2 uses unknown detail object type militia_rock_grass!
Material NATURE/BLENDMILGROUND005_2 uses unknown detail object type militia_rock_grass!
Material NATURE/BLENDMILGROUND005_2 uses unknown detail object type militia_rock_grass!
Material NATURE/BLENDMILGROUND008B_2 uses unknown detail object type militia_darkleaves_grass!
Material NATURE/BLENDMILGROUND005_2 uses unknown detail object type militia_rock_grass!
Material NATURE/BLENDMILGROUND008B_2 uses unknown detail object type militia_darkleaves_grass!
Material NATURE/BLENDMILGROUND005_2 uses unknown detail object type militia_rock_grass!
Material NATURE/BLENDMILGROUND008B_2 uses unknown detail object type militia_darkleaves_grass!
Material NATURE/BLENDMILGROUND005_2 uses unknown detail object type militia_rock_grass!
Material NATURE/BLENDMILGROUND005_2 uses unknown detail object type militia_rock_grass!
Material NATURE/BLENDMILGROUND008B_2 uses unknown detail object type militia_darkleaves_grass!
Material NATURE/BLENDMILGROUND005_2 uses unknown detail object type militia_rock_grass!
.10
Compacting texture/material tables...
Reduced 2608 texinfos to 1584
Reduced 183 texdatas to 152 (5552 bytes to 4363)
Writing c:\users\lorem\documents\github\school999-rolling-map\sources\maps\rp_school999_rolling.bsp
7 seconds elapsed



materialPath: F:\Steam\steamapps\common\GarrysMod\garrysmod\materials
Loading c:\users\lorem\documents\github\school999-rolling-map\sources\maps\rp_school999_rolling.vmf
Patching WVT material: maps/rp_school999_rolling/nature/blendgrassgravel001b_wvt_patch
Patching WVT material: maps/rp_school999_rolling/nature/blendmilground008b_2_wvt_patch
Patching WVT material: maps/rp_school999_rolling/nature/blendmilground005_2_wvt_patch
fixing up env_cubemap materials on brush sides...
ProcessBlock_Thread: 0...1...2...3...4...5...6...7...8...9...10 (1)
ProcessBlock_Thread: 0...1...2...3...4...5...6...7...8...9...10 (0)
Processing areas...done (0)
Building Faces...done (0)
Chop Details...done (0)
Find Visible Detail Sides...
Merged 2220 detail faces...done (0)
Merging details...done (0)
FixTjuncs...
PruneNodes...
WriteBSP...
done (1)
writing c:\users\lorem\documents\github\school999-rolling-map\sources\maps\rp_school999_rolling.prt...
Building visibility clusters...
done (1)
Creating default LDR cubemaps for env_cubemap using skybox materials:
   skybox/skyday_universal*.vmt
 ! Run buildcubemaps in the engine to get the correct cube maps.
Creating default HDR cubemaps for env_cubemap using skybox materials:
   skybox/skyday_universal*.vmt
 ! Run buildcubemaps in the engine to get the correct cube maps.
Finding displacement neighbors...
Finding lightmap sample positions...
Displacement Alpha : 0...1...2...3...4...5...6...7...8...9...10
Building Physics collision data...
done (2) (1636229 bytes)
Placing detail props : 0...1...2...3...4...5...6...7...8...9..Material NATURE/BLENDMILGROUND008B_2 uses unknown detail object type militia_darkleaves_grass!
Material NATURE/BLENDMILGROUND005_2 uses unknown detail object type militia_rock_grass!
Material NATURE/BLENDMILGROUND005_2 uses unknown detail object type militia_rock_grass!
Material NATURE/BLENDMILGROUND008B_2 uses unknown detail object type militia_darkleaves_grass!
Material NATURE/BLENDMILGROUND005_2 uses unknown detail object type militia_rock_grass!
Material NATURE/BLENDMILGROUND008B_2 uses unknown detail object type militia_darkleaves_grass!
Material NATURE/BLENDMILGROUND005_2 uses unknown detail object type militia_rock_grass!
Material NATURE/BLENDMILGROUND008B_2 uses unknown detail object type militia_darkleaves_grass!
Material NATURE/BLENDMILGROUND008B_2 uses unknown detail object type militia_darkleaves_grass!
Material NATURE/BLENDMILGROUND008B_2 uses unknown detail object type militia_darkleaves_grass!
Material NATURE/BLENDMILGROUND005_2 uses unknown detail object type militia_rock_grass!
Material NATURE/BLENDMILGROUND005_2 uses unknown detail object type militia_rock_grass!
Material NATURE/BLENDMILGROUND005_2 uses unknown detail object type militia_rock_grass!
Material NATURE/BLENDMILGROUND008B_2 uses unknown detail object type militia_darkleaves_grass!
Material NATURE/BLENDMILGROUND005_2 uses unknown detail object type militia_rock_grass!
Material NATURE/BLENDMILGROUND008B_2 uses unknown detail object type militia_darkleaves_grass!
Material NATURE/BLENDMILGROUND005_2 uses unknown detail object type militia_rock_grass!
Material NATURE/BLENDMILGROUND008B_2 uses unknown detail object type militia_darkleaves_grass!
Material NATURE/BLENDMILGROUND005_2 uses unknown detail object type militia_rock_grass!
Material NATURE/BLENDMILGROUND008B_2 uses unknown detail object type militia_darkleaves_grass!
Material NATURE/BLENDMILGROUND005_2 uses unknown detail object type militia_rock_grass!
Material NATURE/BLENDMILGROUND008B_2 uses unknown detail object type militia_darkleaves_grass!
Material NATURE/BLENDMILGROUND005_2 uses unknown detail object type militia_rock_grass!
Material NATURE/BLENDMILGROUND005_2 uses unknown detail object type militia_rock_grass!
Material NATURE/BLENDMILGROUND008B_2 uses unknown detail object type militia_darkleaves_grass!
Material NATURE/BLENDMILGROUND005_2 uses unknown detail object type militia_rock_grass!
Material NATURE/BLENDMILGROUND008B_2 uses unknown detail object type militia_darkleaves_grass!
Material NATURE/BLENDMILGROUND005_2 uses unknown detail object type militia_rock_grass!
Material NATURE/BLENDMILGROUND008B_2 uses unknown detail object type militia_darkleaves_grass!
Material NATURE/BLENDMILGROUND005_2 uses unknown detail object type militia_rock_grass!
Material NATURE/BLENDMILGROUND008B_2 uses unknown detail object type militia_darkleaves_grass!
Material NATURE/BLENDMILGROUND005_2 uses unknown detail object type militia_rock_grass!
Material NATURE/BLENDMILGROUND008B_2 uses unknown detail object type militia_darkleaves_grass!
Material NATURE/BLENDMILGROUND005_2 uses unknown detail object type militia_rock_grass!
Material NATURE/BLENDMILGROUND005_2 uses unknown detail object type militia_rock_grass!
Material NATURE/BLENDMILGROUND008B_2 uses unknown detail object type militia_darkleaves_grass!
Material NATURE/BLENDMILGROUND005_2 uses unknown detail object type militia_rock_grass!
Material NATURE/BLENDMILGROUND005_2 uses unknown detail object type militia_rock_grass!
Material NATURE/BLENDMILGROUND005_2 uses unknown detail object type militia_rock_grass!
Material NATURE/BLENDMILGROUND008B_2 uses unknown detail object type militia_darkleaves_grass!
Material NATURE/BLENDMILGROUND005_2 uses unknown detail object type militia_rock_grass!
Material NATURE/BLENDMILGROUND008B_2 uses unknown detail object type militia_darkleaves_grass!
Material NATURE/BLENDMILGROUND005_2 uses unknown detail object type militia_rock_grass!
Material NATURE/BLENDMILGROUND008B_2 uses unknown detail object type militia_darkleaves_grass!
Material NATURE/BLENDMILGROUND005_2 uses unknown detail object type militia_rock_grass!
Material NATURE/BLENDMILGROUND005_2 uses unknown detail object type militia_rock_grass!
Material NATURE/BLENDMILGROUND008B_2 uses unknown detail object type militia_darkleaves_grass!
Material NATURE/BLENDMILGROUND005_2 uses unknown detail object type militia_rock_grass!
.10
Compacting texture/material tables...
Reduced 2651 texinfos to 1591
Reduced 187 texdatas to 156 (5633 bytes to 4444)
Writing c:\users\lorem\documents\github\school999-rolling-map\sources\maps\rp_school999_rolling.bsp
8 seconds elapsed



materialPath: F:\Steam\steamapps\common\GarrysMod\garrysmod\materials
Loading c:\users\lorem\documents\github\school999-rolling-map\sources\maps\rp_school999_rolling.vmf
Patching WVT material: maps/rp_school999_rolling/nature/blendgrassgravel001b_wvt_patch
Patching WVT material: maps/rp_school999_rolling/nature/blendmilground008b_2_wvt_patch
Patching WVT material: maps/rp_school999_rolling/nature/blendmilground005_2_wvt_patch
fixing up env_cubemap materials on brush sides...
ProcessBlock_Thread: 0...1...2...3...4...5...6...7...8...9...10 (1)
ProcessBlock_Thread: 0...1...2...3...4...5...6...7...8...9...10 (0)
Processing areas...done (0)
Building Faces...done (0)
Chop Details...done (0)
Find Visible Detail Sides...
Merged 2242 detail faces...done (0)
Merging details...done (0)
FixTjuncs...
PruneNodes...
WriteBSP...
done (1)
writing c:\users\lorem\documents\github\school999-rolling-map\sources\maps\rp_school999_rolling.prt...
Building visibility clusters...
done (1)
Creating default LDR cubemaps for env_cubemap using skybox materials:
   skybox/skyday_universal*.vmt
 ! Run buildcubemaps in the engine to get the correct cube maps.
Creating default HDR cubemaps for env_cubemap using skybox materials:
   skybox/skyday_universal*.vmt
 ! Run buildcubemaps in the engine to get the correct cube maps.
Finding displacement neighbors...
Finding lightmap sample positions...
Displacement Alpha : 0...1...2...3...4...5...6...7...8...9...10
Building Physics collision data...
done (2) (1639637 bytes)
Placing detail props : 0...1...2...3...4...5...6...7...8...9..Material NATURE/BLENDMILGROUND008B_2 uses unknown detail object type militia_darkleaves_grass!
Material NATURE/BLENDMILGROUND005_2 uses unknown detail object type militia_rock_grass!
Material NATURE/BLENDMILGROUND005_2 uses unknown detail object type militia_rock_grass!
Material NATURE/BLENDMILGROUND008B_2 uses unknown detail object type militia_darkleaves_grass!
Material NATURE/BLENDMILGROUND005_2 uses unknown detail object type militia_rock_grass!
Material NATURE/BLENDMILGROUND008B_2 uses unknown detail object type militia_darkleaves_grass!
Material NATURE/BLENDMILGROUND005_2 uses unknown detail object type militia_rock_grass!
Material NATURE/BLENDMILGROUND008B_2 uses unknown detail object type militia_darkleaves_grass!
Material NATURE/BLENDMILGROUND008B_2 uses unknown detail object type militia_darkleaves_grass!
Material NATURE/BLENDMILGROUND008B_2 uses unknown detail object type militia_darkleaves_grass!
Material NATURE/BLENDMILGROUND005_2 uses unknown detail object type militia_rock_grass!
Material NATURE/BLENDMILGROUND005_2 uses unknown detail object type militia_rock_grass!
Material NATURE/BLENDMILGROUND005_2 uses unknown detail object type militia_rock_grass!
Material NATURE/BLENDMILGROUND008B_2 uses unknown detail object type militia_darkleaves_grass!
Material NATURE/BLENDMILGROUND005_2 uses unknown detail object type militia_rock_grass!
Material NATURE/BLENDMILGROUND008B_2 uses unknown detail object type militia_darkleaves_grass!
Material NATURE/BLENDMILGROUND005_2 uses unknown detail object type militia_rock_grass!
Material NATURE/BLENDMILGROUND008B_2 uses unknown detail object type militia_darkleaves_grass!
Material NATURE/BLENDMILGROUND005_2 uses unknown detail object type militia_rock_grass!
Material NATURE/BLENDMILGROUND008B_2 uses unknown detail object type militia_darkleaves_grass!
Material NATURE/BLENDMILGROUND005_2 uses unknown detail object type militia_rock_grass!
Material NATURE/BLENDMILGROUND008B_2 uses unknown detail object type militia_darkleaves_grass!
Material NATURE/BLENDMILGROUND005_2 uses unknown detail object type militia_rock_grass!
Material NATURE/BLENDMILGROUND005_2 uses unknown detail object type militia_rock_grass!
Material NATURE/BLENDMILGROUND008B_2 uses unknown detail object type militia_darkleaves_grass!
Material NATURE/BLENDMILGROUND005_2 uses unknown detail object type militia_rock_grass!
Material NATURE/BLENDMILGROUND008B_2 uses unknown detail object type militia_darkleaves_grass!
Material NATURE/BLENDMILGROUND005_2 uses unknown detail object type militia_rock_grass!
Material NATURE/BLENDMILGROUND008B_2 uses unknown detail object type militia_darkleaves_grass!
Material NATURE/BLENDMILGROUND005_2 uses unknown detail object type militia_rock_grass!
Material NATURE/BLENDMILGROUND008B_2 uses unknown detail object type militia_darkleaves_grass!
Material NATURE/BLENDMILGROUND005_2 uses unknown detail object type militia_rock_grass!
Material NATURE/BLENDMILGROUND008B_2 uses unknown detail object type militia_darkleaves_grass!
Material NATURE/BLENDMILGROUND005_2 uses unknown detail object type militia_rock_grass!
Material NATURE/BLENDMILGROUND005_2 uses unknown detail object type militia_rock_grass!
Material NATURE/BLENDMILGROUND008B_2 uses unknown detail object type militia_darkleaves_grass!
Material NATURE/BLENDMILGROUND005_2 uses unknown detail object type militia_rock_grass!
Material NATURE/BLENDMILGROUND005_2 uses unknown detail object type militia_rock_grass!
Material NATURE/BLENDMILGROUND005_2 uses unknown detail object type militia_rock_grass!
Material NATURE/BLENDMILGROUND008B_2 uses unknown detail object type militia_darkleaves_grass!
Material NATURE/BLENDMILGROUND005_2 uses unknown detail object type militia_rock_grass!
Material NATURE/BLENDMILGROUND008B_2 uses unknown detail object type militia_darkleaves_grass!
Material NATURE/BLENDMILGROUND005_2 uses unknown detail object type militia_rock_grass!
Material NATURE/BLENDMILGROUND008B_2 uses unknown detail object type militia_darkleaves_grass!
Material NATURE/BLENDMILGROUND005_2 uses unknown detail object type militia_rock_grass!
Material NATURE/BLENDMILGROUND005_2 uses unknown detail object type militia_rock_grass!
Material NATURE/BLENDMILGROUND008B_2 uses unknown detail object type militia_darkleaves_grass!
Material NATURE/BLENDMILGROUND005_2 uses unknown detail object type militia_rock_grass!
.10
Compacting texture/material tables...
Reduced 2659 texinfos to 1595
Reduced 188 texdatas to 157 (5649 bytes to 4460)
Writing c:\users\lorem\documents\github\school999-rolling-map\sources\maps\rp_school999_rolling.bsp
7 seconds elapsed



materialPath: F:\Steam\steamapps\common\GarrysMod\garrysmod\materials
Loading c:\users\lorem\documents\github\school999-rolling-map\sources\maps\rp_school999_rolling.vmf
Patching WVT material: maps/rp_school999_rolling/nature/blendgrassgravel001b_wvt_patch
Patching WVT material: maps/rp_school999_rolling/nature/blendmilground008b_2_wvt_patch
Patching WVT material: maps/rp_school999_rolling/nature/blendmilground005_2_wvt_patch
fixing up env_cubemap materials on brush sides...
ProcessBlock_Thread: 0...1...2...3...4...5...6...7...8...9...10 (1)
ProcessBlock_Thread: 0...1...2...3...4...5...6...7...8...9...10 (0)
Processing areas...done (0)
Building Faces...done (0)
Chop Details...done (0)
Find Visible Detail Sides...
Merged 2242 detail faces...done (0)
Merging details...done (1)
FixTjuncs...
PruneNodes...
WriteBSP...
done (1)
writing c:\users\lorem\documents\github\school999-rolling-map\sources\maps\rp_school999_rolling.prt...
Building visibility clusters...
done (0)
Creating default LDR cubemaps for env_cubemap using skybox materials:
   skybox/skyday_universal*.vmt
 ! Run buildcubemaps in the engine to get the correct cube maps.
Creating default HDR cubemaps for env_cubemap using skybox materials:
   skybox/skyday_universal*.vmt
 ! Run buildcubemaps in the engine to get the correct cube maps.
Finding displacement neighbors...
Finding lightmap sample positions...
Displacement Alpha : 0...1...2...3...4...5...6...7...8...9...10
Building Physics collision data...
done (1) (1639965 bytes)
Placing detail props : 0...1...2...3...4...5...6...7...8...9..Material NATURE/BLENDMILGROUND008B_2 uses unknown detail object type militia_darkleaves_grass!
Material NATURE/BLENDMILGROUND005_2 uses unknown detail object type militia_rock_grass!
Material NATURE/BLENDMILGROUND005_2 uses unknown detail object type militia_rock_grass!
Material NATURE/BLENDMILGROUND008B_2 uses unknown detail object type militia_darkleaves_grass!
Material NATURE/BLENDMILGROUND005_2 uses unknown detail object type militia_rock_grass!
Material NATURE/BLENDMILGROUND008B_2 uses unknown detail object type militia_darkleaves_grass!
Material NATURE/BLENDMILGROUND005_2 uses unknown detail object type militia_rock_grass!
Material NATURE/BLENDMILGROUND008B_2 uses unknown detail object type militia_darkleaves_grass!
Material NATURE/BLENDMILGROUND008B_2 uses unknown detail object type militia_darkleaves_grass!
Material NATURE/BLENDMILGROUND008B_2 uses unknown detail object type militia_darkleaves_grass!
Material NATURE/BLENDMILGROUND005_2 uses unknown detail object type militia_rock_grass!
Material NATURE/BLENDMILGROUND005_2 uses unknown detail object type militia_rock_grass!
Material NATURE/BLENDMILGROUND005_2 uses unknown detail object type militia_rock_grass!
Material NATURE/BLENDMILGROUND008B_2 uses unknown detail object type militia_darkleaves_grass!
Material NATURE/BLENDMILGROUND005_2 uses unknown detail object type militia_rock_grass!
Material NATURE/BLENDMILGROUND008B_2 uses unknown detail object type militia_darkleaves_grass!
Material NATURE/BLENDMILGROUND005_2 uses unknown detail object type militia_rock_grass!
Material NATURE/BLENDMILGROUND008B_2 uses unknown detail object type militia_darkleaves_grass!
Material NATURE/BLENDMILGROUND005_2 uses unknown detail object type militia_rock_grass!
Material NATURE/BLENDMILGROUND008B_2 uses unknown detail object type militia_darkleaves_grass!
Material NATURE/BLENDMILGROUND005_2 uses unknown detail object type militia_rock_grass!
Material NATURE/BLENDMILGROUND008B_2 uses unknown detail object type militia_darkleaves_grass!
Material NATURE/BLENDMILGROUND005_2 uses unknown detail object type militia_rock_grass!
Material NATURE/BLENDMILGROUND005_2 uses unknown detail object type militia_rock_grass!
Material NATURE/BLENDMILGROUND008B_2 uses unknown detail object type militia_darkleaves_grass!
Material NATURE/BLENDMILGROUND005_2 uses unknown detail object type militia_rock_grass!
Material NATURE/BLENDMILGROUND008B_2 uses unknown detail object type militia_darkleaves_grass!
Material NATURE/BLENDMILGROUND005_2 uses unknown detail object type militia_rock_grass!
Material NATURE/BLENDMILGROUND008B_2 uses unknown detail object type militia_darkleaves_grass!
Material NATURE/BLENDMILGROUND005_2 uses unknown detail object type militia_rock_grass!
Material NATURE/BLENDMILGROUND008B_2 uses unknown detail object type militia_darkleaves_grass!
Material NATURE/BLENDMILGROUND005_2 uses unknown detail object type militia_rock_grass!
Material NATURE/BLENDMILGROUND008B_2 uses unknown detail object type militia_darkleaves_grass!
Material NATURE/BLENDMILGROUND005_2 uses unknown detail object type militia_rock_grass!
Material NATURE/BLENDMILGROUND005_2 uses unknown detail object type militia_rock_grass!
Material NATURE/BLENDMILGROUND008B_2 uses unknown detail object type militia_darkleaves_grass!
Material NATURE/BLENDMILGROUND005_2 uses unknown detail object type militia_rock_grass!
Material NATURE/BLENDMILGROUND005_2 uses unknown detail object type militia_rock_grass!
Material NATURE/BLENDMILGROUND005_2 uses unknown detail object type militia_rock_grass!
Material NATURE/BLENDMILGROUND008B_2 uses unknown detail object type militia_darkleaves_grass!
Material NATURE/BLENDMILGROUND005_2 uses unknown detail object type militia_rock_grass!
Material NATURE/BLENDMILGROUND008B_2 uses unknown detail object type militia_darkleaves_grass!
Material NATURE/BLENDMILGROUND005_2 uses unknown detail object type militia_rock_grass!
Material NATURE/BLENDMILGROUND008B_2 uses unknown detail object type militia_darkleaves_grass!
Material NATURE/BLENDMILGROUND005_2 uses unknown detail object type militia_rock_grass!
Material NATURE/BLENDMILGROUND005_2 uses unknown detail object type militia_rock_grass!
Material NATURE/BLENDMILGROUND008B_2 uses unknown detail object type militia_darkleaves_grass!
Material NATURE/BLENDMILGROUND005_2 uses unknown detail object type militia_rock_grass!
.10
Compacting texture/material tables...
Reduced 2655 texinfos to 1594
Reduced 187 texdatas to 156 (5633 bytes to 4444)
Writing c:\users\lorem\documents\github\school999-rolling-map\sources\maps\rp_school999_rolling.bsp
8 seconds elapsed



materialPath: F:\Steam\steamapps\common\GarrysMod\garrysmod\materials
Loading c:\users\lorem\documents\github\school999-rolling-map\sources\maps\rp_school999_rolling.vmf
Patching WVT material: maps/rp_school999_rolling/nature/blendgrassgravel001b_wvt_patch
Patching WVT material: maps/rp_school999_rolling/nature/blendmilground008b_2_wvt_patch
Patching WVT material: maps/rp_school999_rolling/nature/blendmilground005_2_wvt_patch
fixing up env_cubemap materials on brush sides...
ProcessBlock_Thread: 0...1...2...3...4...5...6...7...8...9...10 (1)
ProcessBlock_Thread: 0...1...2...3...4...5...6...7...8...9...10 (0)
Processing areas...done (0)
Building Faces...done (0)
Chop Details...done (0)
Find Visible Detail Sides...
Merged 2242 detail faces...done (1)
Merging details...done (0)
FixTjuncs...
PruneNodes...
WriteBSP...
done (1)
writing c:\users\lorem\documents\github\school999-rolling-map\sources\maps\rp_school999_rolling.prt...
Building visibility clusters...
done (0)
Creating default LDR cubemaps for env_cubemap using skybox materials:
   skybox/skyday_universal*.vmt
 ! Run buildcubemaps in the engine to get the correct cube maps.
Creating default HDR cubemaps for env_cubemap using skybox materials:
   skybox/skyday_universal*.vmt
 ! Run buildcubemaps in the engine to get the correct cube maps.
Finding displacement neighbors...
Finding lightmap sample positions...
Displacement Alpha : 0...1...2...3...4...5...6...7...8...9...10
Building Physics collision data...
done (2) (1639997 bytes)
Placing detail props : 0...1...2...3...4...5...6...7...8...9..Material NATURE/BLENDMILGROUND008B_2 uses unknown detail object type militia_darkleaves_grass!
Material NATURE/BLENDMILGROUND005_2 uses unknown detail object type militia_rock_grass!
Material NATURE/BLENDMILGROUND005_2 uses unknown detail object type militia_rock_grass!
Material NATURE/BLENDMILGROUND008B_2 uses unknown detail object type militia_darkleaves_grass!
Material NATURE/BLENDMILGROUND005_2 uses unknown detail object type militia_rock_grass!
Material NATURE/BLENDMILGROUND008B_2 uses unknown detail object type militia_darkleaves_grass!
Material NATURE/BLENDMILGROUND005_2 uses unknown detail object type militia_rock_grass!
Material NATURE/BLENDMILGROUND008B_2 uses unknown detail object type militia_darkleaves_grass!
Material NATURE/BLENDMILGROUND008B_2 uses unknown detail object type militia_darkleaves_grass!
Material NATURE/BLENDMILGROUND008B_2 uses unknown detail object type militia_darkleaves_grass!
Material NATURE/BLENDMILGROUND005_2 uses unknown detail object type militia_rock_grass!
Material NATURE/BLENDMILGROUND005_2 uses unknown detail object type militia_rock_grass!
Material NATURE/BLENDMILGROUND005_2 uses unknown detail object type militia_rock_grass!
Material NATURE/BLENDMILGROUND008B_2 uses unknown detail object type militia_darkleaves_grass!
Material NATURE/BLENDMILGROUND005_2 uses unknown detail object type militia_rock_grass!
Material NATURE/BLENDMILGROUND008B_2 uses unknown detail object type militia_darkleaves_grass!
Material NATURE/BLENDMILGROUND005_2 uses unknown detail object type militia_rock_grass!
Material NATURE/BLENDMILGROUND008B_2 uses unknown detail object type militia_darkleaves_grass!
Material NATURE/BLENDMILGROUND005_2 uses unknown detail object type militia_rock_grass!
Material NATURE/BLENDMILGROUND008B_2 uses unknown detail object type militia_darkleaves_grass!
Material NATURE/BLENDMILGROUND005_2 uses unknown detail object type militia_rock_grass!
Material NATURE/BLENDMILGROUND008B_2 uses unknown detail object type militia_darkleaves_grass!
Material NATURE/BLENDMILGROUND005_2 uses unknown detail object type militia_rock_grass!
Material NATURE/BLENDMILGROUND005_2 uses unknown detail object type militia_rock_grass!
Material NATURE/BLENDMILGROUND008B_2 uses unknown detail object type militia_darkleaves_grass!
Material NATURE/BLENDMILGROUND005_2 uses unknown detail object type militia_rock_grass!
Material NATURE/BLENDMILGROUND008B_2 uses unknown detail object type militia_darkleaves_grass!
Material NATURE/BLENDMILGROUND005_2 uses unknown detail object type militia_rock_grass!
Material NATURE/BLENDMILGROUND008B_2 uses unknown detail object type militia_darkleaves_grass!
Material NATURE/BLENDMILGROUND005_2 uses unknown detail object type militia_rock_grass!
Material NATURE/BLENDMILGROUND008B_2 uses unknown detail object type militia_darkleaves_grass!
Material NATURE/BLENDMILGROUND005_2 uses unknown detail object type militia_rock_grass!
Material NATURE/BLENDMILGROUND008B_2 uses unknown detail object type militia_darkleaves_grass!
Material NATURE/BLENDMILGROUND005_2 uses unknown detail object type militia_rock_grass!
Material NATURE/BLENDMILGROUND005_2 uses unknown detail object type militia_rock_grass!
Material NATURE/BLENDMILGROUND008B_2 uses unknown detail object type militia_darkleaves_grass!
Material NATURE/BLENDMILGROUND005_2 uses unknown detail object type militia_rock_grass!
Material NATURE/BLENDMILGROUND005_2 uses unknown detail object type militia_rock_grass!
Material NATURE/BLENDMILGROUND005_2 uses unknown detail object type militia_rock_grass!
Material NATURE/BLENDMILGROUND008B_2 uses unknown detail object type militia_darkleaves_grass!
Material NATURE/BLENDMILGROUND005_2 uses unknown detail object type militia_rock_grass!
Material NATURE/BLENDMILGROUND008B_2 uses unknown detail object type militia_darkleaves_grass!
Material NATURE/BLENDMILGROUND005_2 uses unknown detail object type militia_rock_grass!
Material NATURE/BLENDMILGROUND008B_2 uses unknown detail object type militia_darkleaves_grass!
Material NATURE/BLENDMILGROUND005_2 uses unknown detail object type militia_rock_grass!
Material NATURE/BLENDMILGROUND005_2 uses unknown detail object type militia_rock_grass!
Material NATURE/BLENDMILGROUND008B_2 uses unknown detail object type militia_darkleaves_grass!
Material NATURE/BLENDMILGROUND005_2 uses unknown detail object type militia_rock_grass!
.10
Compacting texture/material tables...
Reduced 2655 texinfos to 1594
Reduced 187 texdatas to 156 (5633 bytes to 4444)
Writing c:\users\lorem\documents\github\school999-rolling-map\sources\maps\rp_school999_rolling.bsp
8 seconds elapsed



materialPath: F:\Steam\steamapps\common\GarrysMod\garrysmod\materials
Loading c:\users\lorem\documents\github\school999-rolling-map\sources\maps\rp_school999_rolling.vmf
Patching WVT material: maps/rp_school999_rolling/nature/blendgrassgravel001b_wvt_patch
Patching WVT material: maps/rp_school999_rolling/nature/blendmilground008b_2_wvt_patch
Patching WVT material: maps/rp_school999_rolling/nature/blendmilground005_2_wvt_patch
fixing up env_cubemap materials on brush sides...
ProcessBlock_Thread: 0...1...2...3...4...5...6...7...8...9...10 (1)
ProcessBlock_Thread: 0...1...2...3...4...5...6...7...8...9...10 (0)
Processing areas...done (0)
Building Faces...done (0)
Chop Details...done (0)
Find Visible Detail Sides...
Merged 2242 detail faces...done (0)
Merging details...done (0)
FixTjuncs...
PruneNodes...
WriteBSP...
done (2)
writing c:\users\lorem\documents\github\school999-rolling-map\sources\maps\rp_school999_rolling.prt...
Building visibility clusters...
done (0)
Creating default LDR cubemaps for env_cubemap using skybox materials:
   skybox/skyday_universal*.vmt
 ! Run buildcubemaps in the engine to get the correct cube maps.
Creating default HDR cubemaps for env_cubemap using skybox materials:
   skybox/skyday_universal*.vmt
 ! Run buildcubemaps in the engine to get the correct cube maps.
Finding displacement neighbors...
Finding lightmap sample positions...
Displacement Alpha : 0...1...2...3...4...5...6...7...8...9...10
Building Physics collision data...
done (1) (1639997 bytes)
Placing detail props : 0...1...2...3...4...5...6...7...8...9..Material NATURE/BLENDMILGROUND008B_2 uses unknown detail object type militia_darkleaves_grass!
Material NATURE/BLENDMILGROUND005_2 uses unknown detail object type militia_rock_grass!
Material NATURE/BLENDMILGROUND005_2 uses unknown detail object type militia_rock_grass!
Material NATURE/BLENDMILGROUND008B_2 uses unknown detail object type militia_darkleaves_grass!
Material NATURE/BLENDMILGROUND005_2 uses unknown detail object type militia_rock_grass!
Material NATURE/BLENDMILGROUND008B_2 uses unknown detail object type militia_darkleaves_grass!
Material NATURE/BLENDMILGROUND005_2 uses unknown detail object type militia_rock_grass!
Material NATURE/BLENDMILGROUND008B_2 uses unknown detail object type militia_darkleaves_grass!
Material NATURE/BLENDMILGROUND008B_2 uses unknown detail object type militia_darkleaves_grass!
Material NATURE/BLENDMILGROUND008B_2 uses unknown detail object type militia_darkleaves_grass!
Material NATURE/BLENDMILGROUND005_2 uses unknown detail object type militia_rock_grass!
Material NATURE/BLENDMILGROUND005_2 uses unknown detail object type militia_rock_grass!
Material NATURE/BLENDMILGROUND005_2 uses unknown detail object type militia_rock_grass!
Material NATURE/BLENDMILGROUND008B_2 uses unknown detail object type militia_darkleaves_grass!
Material NATURE/BLENDMILGROUND005_2 uses unknown detail object type militia_rock_grass!
Material NATURE/BLENDMILGROUND008B_2 uses unknown detail object type militia_darkleaves_grass!
Material NATURE/BLENDMILGROUND005_2 uses unknown detail object type militia_rock_grass!
Material NATURE/BLENDMILGROUND008B_2 uses unknown detail object type militia_darkleaves_grass!
Material NATURE/BLENDMILGROUND005_2 uses unknown detail object type militia_rock_grass!
Material NATURE/BLENDMILGROUND008B_2 uses unknown detail object type militia_darkleaves_grass!
Material NATURE/BLENDMILGROUND005_2 uses unknown detail object type militia_rock_grass!
Material NATURE/BLENDMILGROUND008B_2 uses unknown detail object type militia_darkleaves_grass!
Material NATURE/BLENDMILGROUND005_2 uses unknown detail object type militia_rock_grass!
Material NATURE/BLENDMILGROUND005_2 uses unknown detail object type militia_rock_grass!
Material NATURE/BLENDMILGROUND008B_2 uses unknown detail object type militia_darkleaves_grass!
Material NATURE/BLENDMILGROUND005_2 uses unknown detail object type militia_rock_grass!
Material NATURE/BLENDMILGROUND008B_2 uses unknown detail object type militia_darkleaves_grass!
Material NATURE/BLENDMILGROUND005_2 uses unknown detail object type militia_rock_grass!
Material NATURE/BLENDMILGROUND008B_2 uses unknown detail object type militia_darkleaves_grass!
Material NATURE/BLENDMILGROUND005_2 uses unknown detail object type militia_rock_grass!
Material NATURE/BLENDMILGROUND008B_2 uses unknown detail object type militia_darkleaves_grass!
Material NATURE/BLENDMILGROUND005_2 uses unknown detail object type militia_rock_grass!
Material NATURE/BLENDMILGROUND008B_2 uses unknown detail object type militia_darkleaves_grass!
Material NATURE/BLENDMILGROUND005_2 uses unknown detail object type militia_rock_grass!
Material NATURE/BLENDMILGROUND005_2 uses unknown detail object type militia_rock_grass!
Material NATURE/BLENDMILGROUND008B_2 uses unknown detail object type militia_darkleaves_grass!
Material NATURE/BLENDMILGROUND005_2 uses unknown detail object type militia_rock_grass!
Material NATURE/BLENDMILGROUND005_2 uses unknown detail object type militia_rock_grass!
Material NATURE/BLENDMILGROUND005_2 uses unknown detail object type militia_rock_grass!
Material NATURE/BLENDMILGROUND008B_2 uses unknown detail object type militia_darkleaves_grass!
Material NATURE/BLENDMILGROUND005_2 uses unknown detail object type militia_rock_grass!
Material NATURE/BLENDMILGROUND008B_2 uses unknown detail object type militia_darkleaves_grass!
Material NATURE/BLENDMILGROUND005_2 uses unknown detail object type militia_rock_grass!
Material NATURE/BLENDMILGROUND008B_2 uses unknown detail object type militia_darkleaves_grass!
Material NATURE/BLENDMILGROUND005_2 uses unknown detail object type militia_rock_grass!
Material NATURE/BLENDMILGROUND005_2 uses unknown detail object type militia_rock_grass!
Material NATURE/BLENDMILGROUND008B_2 uses unknown detail object type militia_darkleaves_grass!
Material NATURE/BLENDMILGROUND005_2 uses unknown detail object type militia_rock_grass!
.10
Compacting texture/material tables...
Reduced 2655 texinfos to 1594
Reduced 187 texdatas to 156 (5633 bytes to 4444)
Writing c:\users\lorem\documents\github\school999-rolling-map\sources\maps\rp_school999_rolling.bsp
8 seconds elapsed



materialPath: F:\Steam\steamapps\common\GarrysMod\garrysmod\materials
Loading c:\users\lorem\documents\github\school999-rolling-map\sources\maps\rp_school999_rolling.vmf
***need to set $abovewater for material dev/dev_water2_cheap
***need to set $abovewater for material dev/dev_water2_cheap
Patching WVT material: maps/rp_school999_rolling/nature/blendgrassgravel001b_wvt_patch
Patching WVT material: maps/rp_school999_rolling/nature/blendmilground008b_2_wvt_patch
Patching WVT material: maps/rp_school999_rolling/nature/blendmilground005_2_wvt_patch
fixing up env_cubemap materials on brush sides...
ProcessBlock_Thread: 0...1...2...3...4...5...6...7...8...9...10 (1)
ProcessBlock_Thread: 0...1...2...3...4...5...6...7...8...9...10 (0)
Processing areas...done (0)
Building Faces...done (0)
Chop Details...done (0)
Find Visible Detail Sides...
Merged 2242 detail faces...done (0)
Merging details...done (1)
FixTjuncs...
PruneNodes...
WriteBSP...
done (1)
writing c:\users\lorem\documents\github\school999-rolling-map\sources\maps\rp_school999_rolling.prt...
Building visibility clusters...
done (0)
Creating default LDR cubemaps for env_cubemap using skybox materials:
   skybox/skyday_universal*.vmt
 ! Run buildcubemaps in the engine to get the correct cube maps.
Creating default HDR cubemaps for env_cubemap using skybox materials:
   skybox/skyday_universal*.vmt
 ! Run buildcubemaps in the engine to get the correct cube maps.
Finding displacement neighbors...
Finding lightmap sample positions...
Displacement Alpha : 0...1...2...3...4...5...6...7...8...9...10
Building Physics collision data...
done (1) (1639997 bytes)
Placing detail props : 0...1...2...3...4...5...6...7...8...9..Material NATURE/BLENDMILGROUND008B_2 uses unknown detail object type militia_darkleaves_grass!
Material NATURE/BLENDMILGROUND005_2 uses unknown detail object type militia_rock_grass!
Material NATURE/BLENDMILGROUND005_2 uses unknown detail object type militia_rock_grass!
Material NATURE/BLENDMILGROUND008B_2 uses unknown detail object type militia_darkleaves_grass!
Material NATURE/BLENDMILGROUND005_2 uses unknown detail object type militia_rock_grass!
Material NATURE/BLENDMILGROUND008B_2 uses unknown detail object type militia_darkleaves_grass!
Material NATURE/BLENDMILGROUND005_2 uses unknown detail object type militia_rock_grass!
Material NATURE/BLENDMILGROUND008B_2 uses unknown detail object type militia_darkleaves_grass!
Material NATURE/BLENDMILGROUND008B_2 uses unknown detail object type militia_darkleaves_grass!
Material NATURE/BLENDMILGROUND008B_2 uses unknown detail object type militia_darkleaves_grass!
Material NATURE/BLENDMILGROUND005_2 uses unknown detail object type militia_rock_grass!
Material NATURE/BLENDMILGROUND005_2 uses unknown detail object type militia_rock_grass!
Material NATURE/BLENDMILGROUND005_2 uses unknown detail object type militia_rock_grass!
Material NATURE/BLENDMILGROUND008B_2 uses unknown detail object type militia_darkleaves_grass!
Material NATURE/BLENDMILGROUND005_2 uses unknown detail object type militia_rock_grass!
Material NATURE/BLENDMILGROUND008B_2 uses unknown detail object type militia_darkleaves_grass!
Material NATURE/BLENDMILGROUND005_2 uses unknown detail object type militia_rock_grass!
Material NATURE/BLENDMILGROUND008B_2 uses unknown detail object type militia_darkleaves_grass!
Material NATURE/BLENDMILGROUND005_2 uses unknown detail object type militia_rock_grass!
Material NATURE/BLENDMILGROUND008B_2 uses unknown detail object type militia_darkleaves_grass!
Material NATURE/BLENDMILGROUND005_2 uses unknown detail object type militia_rock_grass!
Material NATURE/BLENDMILGROUND008B_2 uses unknown detail object type militia_darkleaves_grass!
Material NATURE/BLENDMILGROUND005_2 uses unknown detail object type militia_rock_grass!
Material NATURE/BLENDMILGROUND005_2 uses unknown detail object type militia_rock_grass!
Material NATURE/BLENDMILGROUND008B_2 uses unknown detail object type militia_darkleaves_grass!
Material NATURE/BLENDMILGROUND005_2 uses unknown detail object type militia_rock_grass!
Material NATURE/BLENDMILGROUND008B_2 uses unknown detail object type militia_darkleaves_grass!
Material NATURE/BLENDMILGROUND005_2 uses unknown detail object type militia_rock_grass!
Material NATURE/BLENDMILGROUND008B_2 uses unknown detail object type militia_darkleaves_grass!
Material NATURE/BLENDMILGROUND005_2 uses unknown detail object type militia_rock_grass!
Material NATURE/BLENDMILGROUND008B_2 uses unknown detail object type militia_darkleaves_grass!
Material NATURE/BLENDMILGROUND005_2 uses unknown detail object type militia_rock_grass!
Material NATURE/BLENDMILGROUND008B_2 uses unknown detail object type militia_darkleaves_grass!
Material NATURE/BLENDMILGROUND005_2 uses unknown detail object type militia_rock_grass!
Material NATURE/BLENDMILGROUND005_2 uses unknown detail object type militia_rock_grass!
Material NATURE/BLENDMILGROUND008B_2 uses unknown detail object type militia_darkleaves_grass!
Material NATURE/BLENDMILGROUND005_2 uses unknown detail object type militia_rock_grass!
Material NATURE/BLENDMILGROUND005_2 uses unknown detail object type militia_rock_grass!
Material NATURE/BLENDMILGROUND005_2 uses unknown detail object type militia_rock_grass!
Material NATURE/BLENDMILGROUND008B_2 uses unknown detail object type militia_darkleaves_grass!
Material NATURE/BLENDMILGROUND005_2 uses unknown detail object type militia_rock_grass!
Material NATURE/BLENDMILGROUND008B_2 uses unknown detail object type militia_darkleaves_grass!
Material NATURE/BLENDMILGROUND005_2 uses unknown detail object type militia_rock_grass!
Material NATURE/BLENDMILGROUND008B_2 uses unknown detail object type militia_darkleaves_grass!
Material NATURE/BLENDMILGROUND005_2 uses unknown detail object type militia_rock_grass!
Material NATURE/BLENDMILGROUND005_2 uses unknown detail object type militia_rock_grass!
Material NATURE/BLENDMILGROUND008B_2 uses unknown detail object type militia_darkleaves_grass!
Material NATURE/BLENDMILGROUND005_2 uses unknown detail object type militia_rock_grass!
.10
Compacting texture/material tables...
Reduced 2656 texinfos to 1594
Reduced 188 texdatas to 156 (5666 bytes to 4450)
Writing c:\users\lorem\documents\github\school999-rolling-map\sources\maps\rp_school999_rolling.bsp
8 seconds elapsed



materialPath: F:\Steam\steamapps\common\GarrysMod\garrysmod\materials
Loading c:\users\lorem\documents\github\school999-rolling-map\sources\maps\rp_school999_rolling.vmf
***need to set $abovewater for material dev/dev_water2_cheap
***need to set $abovewater for material dev/dev_water2_cheap
Patching WVT material: maps/rp_school999_rolling/nature/blendgrassgravel001b_wvt_patch
Patching WVT material: maps/rp_school999_rolling/nature/blendmilground008b_2_wvt_patch
Patching WVT material: maps/rp_school999_rolling/nature/blendmilground005_2_wvt_patch
fixing up env_cubemap materials on brush sides...
ProcessBlock_Thread: 0...1...2...3...4...5...6...7...8...9...10 (0)
ProcessBlock_Thread: 0...1...2...3...4...5...6...7...8...9...10 (1)
Processing areas...done (0)
Building Faces...done (0)
Chop Details...done (0)
Find Visible Detail Sides...
Merged 2242 detail faces...done (0)
Merging details...done (0)
FixTjuncs...
PruneNodes...
WriteBSP...
done (1)
writing c:\users\lorem\documents\github\school999-rolling-map\sources\maps\rp_school999_rolling.prt...
Building visibility clusters...
done (0)
Creating default LDR cubemaps for env_cubemap using skybox materials:
   skybox/skyday_universal*.vmt
 ! Run buildcubemaps in the engine to get the correct cube maps.
Creating default HDR cubemaps for env_cubemap using skybox materials:
   skybox/skyday_universal*.vmt
 ! Run buildcubemaps in the engine to get the correct cube maps.
Finding displacement neighbors...
Finding lightmap sample positions...
Displacement Alpha : 0...1...2...3...4...5...6...7...8...9...10
Building Physics collision data...
done (1) (1613220 bytes)
Placing detail props : 0...1...2...3...4...5...6...7...8...9...Material NATURE/BLENDMILGROUND008B_2 uses unknown detail object type militia_darkleaves_grass!
Material NATURE/BLENDMILGROUND005_2 uses unknown detail object type militia_rock_grass!
Material NATURE/BLENDMILGROUND005_2 uses unknown detail object type militia_rock_grass!
Material NATURE/BLENDMILGROUND008B_2 uses unknown detail object type militia_darkleaves_grass!
Material NATURE/BLENDMILGROUND005_2 uses unknown detail object type militia_rock_grass!
Material NATURE/BLENDMILGROUND008B_2 uses unknown detail object type militia_darkleaves_grass!
Material NATURE/BLENDMILGROUND005_2 uses unknown detail object type militia_rock_grass!
Material NATURE/BLENDMILGROUND008B_2 uses unknown detail object type militia_darkleaves_grass!
Material NATURE/BLENDMILGROUND008B_2 uses unknown detail object type militia_darkleaves_grass!
Material NATURE/BLENDMILGROUND008B_2 uses unknown detail object type militia_darkleaves_grass!
Material NATURE/BLENDMILGROUND005_2 uses unknown detail object type militia_rock_grass!
Material NATURE/BLENDMILGROUND005_2 uses unknown detail object type militia_rock_grass!
Material NATURE/BLENDMILGROUND005_2 uses unknown detail object type militia_rock_grass!
Material NATURE/BLENDMILGROUND008B_2 uses unknown detail object type militia_darkleaves_grass!
Material NATURE/BLENDMILGROUND005_2 uses unknown detail object type militia_rock_grass!
Material NATURE/BLENDMILGROUND008B_2 uses unknown detail object type militia_darkleaves_grass!
Material NATURE/BLENDMILGROUND005_2 uses unknown detail object type militia_rock_grass!
Material NATURE/BLENDMILGROUND008B_2 uses unknown detail object type militia_darkleaves_grass!
Material NATURE/BLENDMILGROUND005_2 uses unknown detail object type militia_rock_grass!
Material NATURE/BLENDMILGROUND008B_2 uses unknown detail object type militia_darkleaves_grass!
Material NATURE/BLENDMILGROUND005_2 uses unknown detail object type militia_rock_grass!
Material NATURE/BLENDMILGROUND008B_2 uses unknown detail object type militia_darkleaves_grass!
Material NATURE/BLENDMILGROUND005_2 uses unknown detail object type militia_rock_grass!
Material NATURE/BLENDMILGROUND005_2 uses unknown detail object type militia_rock_grass!
Material NATURE/BLENDMILGROUND008B_2 uses unknown detail object type militia_darkleaves_grass!
Material NATURE/BLENDMILGROUND005_2 uses unknown detail object type militia_rock_grass!
Material NATURE/BLENDMILGROUND008B_2 uses unknown detail object type militia_darkleaves_grass!
Material NATURE/BLENDMILGROUND005_2 uses unknown detail object type militia_rock_grass!
Material NATURE/BLENDMILGROUND008B_2 uses unknown detail object type militia_darkleaves_grass!
Material NATURE/BLENDMILGROUND005_2 uses unknown detail object type militia_rock_grass!
Material NATURE/BLENDMILGROUND008B_2 uses unknown detail object type militia_darkleaves_grass!
Material NATURE/BLENDMILGROUND005_2 uses unknown detail object type militia_rock_grass!
Material NATURE/BLENDMILGROUND008B_2 uses unknown detail object type militia_darkleaves_grass!
Material NATURE/BLENDMILGROUND005_2 uses unknown detail object type militia_rock_grass!
Material NATURE/BLENDMILGROUND005_2 uses unknown detail object type militia_rock_grass!
Material NATURE/BLENDMILGROUND008B_2 uses unknown detail object type militia_darkleaves_grass!
Material NATURE/BLENDMILGROUND005_2 uses unknown detail object type militia_rock_grass!
Material NATURE/BLENDMILGROUND005_2 uses unknown detail object type militia_rock_grass!
Material NATURE/BLENDMILGROUND005_2 uses unknown detail object type militia_rock_grass!
Material NATURE/BLENDMILGROUND008B_2 uses unknown detail object type militia_darkleaves_grass!
Material NATURE/BLENDMILGROUND005_2 uses unknown detail object type militia_rock_grass!
Material NATURE/BLENDMILGROUND008B_2 uses unknown detail object type militia_darkleaves_grass!
Material NATURE/BLENDMILGROUND005_2 uses unknown detail object type militia_rock_grass!
Material NATURE/BLENDMILGROUND008B_2 uses unknown detail object type militia_darkleaves_grass!
Material NATURE/BLENDMILGROUND005_2 uses unknown detail object type militia_rock_grass!
Material NATURE/BLENDMILGROUND005_2 uses unknown detail object type militia_rock_grass!
Material NATURE/BLENDMILGROUND008B_2 uses unknown detail object type militia_darkleaves_grass!
Material NATURE/BLENDMILGROUND005_2 uses unknown detail object type militia_rock_grass!
10
Compacting texture/material tables...
Reduced 2428 texinfos to 1540
Reduced 165 texdatas to 136 (5016 bytes to 3863)
Writing c:\users\lorem\documents\github\school999-rolling-map\sources\maps\rp_school999_rolling.bsp
7 seconds elapsed



materialPath: F:\Steam\steamapps\common\GarrysMod\garrysmod\materials
Loading c:\users\lorem\documents\github\school999-rolling-map\sources\maps\rp_school999_rolling.vmf
***need to set $abovewater for material dev/dev_water2_cheap
***need to set $abovewater for material dev/dev_water2_cheap
Patching WVT material: maps/rp_school999_rolling/nature/blendgrassgravel001b_wvt_patch
Patching WVT material: maps/rp_school999_rolling/nature/blendmilground008b_2_wvt_patch
Patching WVT material: maps/rp_school999_rolling/nature/blendmilground005_2_wvt_patch
fixing up env_cubemap materials on brush sides...
ProcessBlock_Thread: 0...1...2...3...4...5...6...7...8...9...10 (0)
ProcessBlock_Thread: 0...1...2...3...4...5...6...7...8...9...10 (1)
Processing areas...done (0)
Building Faces...done (0)
Chop Details...done (0)
Find Visible Detail Sides...
Merged 2242 detail faces...done (0)
Merging details...done (0)
FixTjuncs...
PruneNodes...
WriteBSP...
done (1)
writing c:\users\lorem\documents\github\school999-rolling-map\sources\maps\rp_school999_rolling.prt...
Building visibility clusters...
done (0)
Creating default LDR cubemaps for env_cubemap using skybox materials:
   skybox/skyday_universal*.vmt
 ! Run buildcubemaps in the engine to get the correct cube maps.
Creating default HDR cubemaps for env_cubemap using skybox materials:
   skybox/skyday_universal*.vmt
 ! Run buildcubemaps in the engine to get the correct cube maps.
Finding displacement neighbors...
Finding lightmap sample positions...
Displacement Alpha : 0...1...2...3...4...5...6...7...8...9...10
Building Physics collision data...
done (1) (1613220 bytes)
Placing detail props : 0...1...2...3...4...5...6...7...8...9...Material NATURE/BLENDMILGROUND008B_2 uses unknown detail object type militia_darkleaves_grass!
Material NATURE/BLENDMILGROUND005_2 uses unknown detail object type militia_rock_grass!
Material NATURE/BLENDMILGROUND005_2 uses unknown detail object type militia_rock_grass!
Material NATURE/BLENDMILGROUND008B_2 uses unknown detail object type militia_darkleaves_grass!
Material NATURE/BLENDMILGROUND005_2 uses unknown detail object type militia_rock_grass!
Material NATURE/BLENDMILGROUND008B_2 uses unknown detail object type militia_darkleaves_grass!
Material NATURE/BLENDMILGROUND005_2 uses unknown detail object type militia_rock_grass!
Material NATURE/BLENDMILGROUND008B_2 uses unknown detail object type militia_darkleaves_grass!
Material NATURE/BLENDMILGROUND008B_2 uses unknown detail object type militia_darkleaves_grass!
Material NATURE/BLENDMILGROUND008B_2 uses unknown detail object type militia_darkleaves_grass!
Material NATURE/BLENDMILGROUND005_2 uses unknown detail object type militia_rock_grass!
Material NATURE/BLENDMILGROUND005_2 uses unknown detail object type militia_rock_grass!
Material NATURE/BLENDMILGROUND005_2 uses unknown detail object type militia_rock_grass!
Material NATURE/BLENDMILGROUND008B_2 uses unknown detail object type militia_darkleaves_grass!
Material NATURE/BLENDMILGROUND005_2 uses unknown detail object type militia_rock_grass!
Material NATURE/BLENDMILGROUND008B_2 uses unknown detail object type militia_darkleaves_grass!
Material NATURE/BLENDMILGROUND005_2 uses unknown detail object type militia_rock_grass!
Material NATURE/BLENDMILGROUND008B_2 uses unknown detail object type militia_darkleaves_grass!
Material NATURE/BLENDMILGROUND005_2 uses unknown detail object type militia_rock_grass!
Material NATURE/BLENDMILGROUND008B_2 uses unknown detail object type militia_darkleaves_grass!
Material NATURE/BLENDMILGROUND005_2 uses unknown detail object type militia_rock_grass!
Material NATURE/BLENDMILGROUND008B_2 uses unknown detail object type militia_darkleaves_grass!
Material NATURE/BLENDMILGROUND005_2 uses unknown detail object type militia_rock_grass!
Material NATURE/BLENDMILGROUND005_2 uses unknown detail object type militia_rock_grass!
Material NATURE/BLENDMILGROUND008B_2 uses unknown detail object type militia_darkleaves_grass!
Material NATURE/BLENDMILGROUND005_2 uses unknown detail object type militia_rock_grass!
Material NATURE/BLENDMILGROUND008B_2 uses unknown detail object type militia_darkleaves_grass!
Material NATURE/BLENDMILGROUND005_2 uses unknown detail object type militia_rock_grass!
Material NATURE/BLENDMILGROUND008B_2 uses unknown detail object type militia_darkleaves_grass!
Material NATURE/BLENDMILGROUND005_2 uses unknown detail object type militia_rock_grass!
Material NATURE/BLENDMILGROUND008B_2 uses unknown detail object type militia_darkleaves_grass!
Material NATURE/BLENDMILGROUND005_2 uses unknown detail object type militia_rock_grass!
Material NATURE/BLENDMILGROUND008B_2 uses unknown detail object type militia_darkleaves_grass!
Material NATURE/BLENDMILGROUND005_2 uses unknown detail object type militia_rock_grass!
Material NATURE/BLENDMILGROUND005_2 uses unknown detail object type militia_rock_grass!
Material NATURE/BLENDMILGROUND008B_2 uses unknown detail object type militia_darkleaves_grass!
Material NATURE/BLENDMILGROUND005_2 uses unknown detail object type militia_rock_grass!
Material NATURE/BLENDMILGROUND005_2 uses unknown detail object type militia_rock_grass!
Material NATURE/BLENDMILGROUND005_2 uses unknown detail object type militia_rock_grass!
Material NATURE/BLENDMILGROUND008B_2 uses unknown detail object type militia_darkleaves_grass!
Material NATURE/BLENDMILGROUND005_2 uses unknown detail object type militia_rock_grass!
Material NATURE/BLENDMILGROUND008B_2 uses unknown detail object type militia_darkleaves_grass!
Material NATURE/BLENDMILGROUND005_2 uses unknown detail object type militia_rock_grass!
Material NATURE/BLENDMILGROUND008B_2 uses unknown detail object type militia_darkleaves_grass!
Material NATURE/BLENDMILGROUND005_2 uses unknown detail object type militia_rock_grass!
Material NATURE/BLENDMILGROUND005_2 uses unknown detail object type militia_rock_grass!
Material NATURE/BLENDMILGROUND008B_2 uses unknown detail object type militia_darkleaves_grass!
Material NATURE/BLENDMILGROUND005_2 uses unknown detail object type militia_rock_grass!
10
Compacting texture/material tables...
Reduced 2428 texinfos to 1540
Reduced 165 texdatas to 136 (5016 bytes to 3863)
Writing c:\users\lorem\documents\github\school999-rolling-map\sources\maps\rp_school999_rolling.bsp
7 seconds elapsed



materialPath: F:\Steam\steamapps\common\GarrysMod\garrysmod\materials
Loading c:\users\lorem\documents\github\school999-rolling-map\sources\maps\rp_school999_rolling.vmf
***need to set $abovewater for material dev/dev_water2_cheap
***need to set $abovewater for material dev/dev_water2_cheap
Patching WVT material: maps/rp_school999_rolling/nature/blendgrassgravel001b_wvt_patch
Patching WVT material: maps/rp_school999_rolling/nature/blendmilground008b_2_wvt_patch
Patching WVT material: maps/rp_school999_rolling/nature/blendmilground005_2_wvt_patch
fixing up env_cubemap materials on brush sides...
ProcessBlock_Thread: 0...1...2...3...4...5...6...7...8...9...10 (1)
ProcessBlock_Thread: 0...1...2...3...4...5...6...7...8...9...10 (0)
Processing areas...done (0)
Building Faces...done (0)
Chop Details...done (0)
Find Visible Detail Sides...
Merged 2244 detail faces...done (0)
Merging details...done (0)
FixTjuncs...
PruneNodes...
WriteBSP...
done (1)
writing c:\users\lorem\documents\github\school999-rolling-map\sources\maps\rp_school999_rolling.prt...
Building visibility clusters...
done (0)
Creating default LDR cubemaps for env_cubemap using skybox materials:
   skybox/skyday_universal*.vmt
 ! Run buildcubemaps in the engine to get the correct cube maps.
Creating default HDR cubemaps for env_cubemap using skybox materials:
   skybox/skyday_universal*.vmt
 ! Run buildcubemaps in the engine to get the correct cube maps.
Finding displacement neighbors...
Finding lightmap sample positions...
Displacement Alpha : 0...1...2...3...4...5...6...7...8...9...10
Building Physics collision data...
done (2) (1595156 bytes)
Placing detail props : 0...1...2...3...4...5...6...7...8...9...Material NATURE/BLENDMILGROUND008B_2 uses unknown detail object type militia_darkleaves_grass!
Material NATURE/BLENDMILGROUND005_2 uses unknown detail object type militia_rock_grass!
Material NATURE/BLENDMILGROUND005_2 uses unknown detail object type militia_rock_grass!
Material NATURE/BLENDMILGROUND008B_2 uses unknown detail object type militia_darkleaves_grass!
Material NATURE/BLENDMILGROUND005_2 uses unknown detail object type militia_rock_grass!
Material NATURE/BLENDMILGROUND008B_2 uses unknown detail object type militia_darkleaves_grass!
Material NATURE/BLENDMILGROUND005_2 uses unknown detail object type militia_rock_grass!
Material NATURE/BLENDMILGROUND008B_2 uses unknown detail object type militia_darkleaves_grass!
Material NATURE/BLENDMILGROUND008B_2 uses unknown detail object type militia_darkleaves_grass!
Material NATURE/BLENDMILGROUND008B_2 uses unknown detail object type militia_darkleaves_grass!
Material NATURE/BLENDMILGROUND005_2 uses unknown detail object type militia_rock_grass!
Material NATURE/BLENDMILGROUND005_2 uses unknown detail object type militia_rock_grass!
Material NATURE/BLENDMILGROUND005_2 uses unknown detail object type militia_rock_grass!
Material NATURE/BLENDMILGROUND008B_2 uses unknown detail object type militia_darkleaves_grass!
Material NATURE/BLENDMILGROUND005_2 uses unknown detail object type militia_rock_grass!
Material NATURE/BLENDMILGROUND008B_2 uses unknown detail object type militia_darkleaves_grass!
Material NATURE/BLENDMILGROUND005_2 uses unknown detail object type militia_rock_grass!
Material NATURE/BLENDMILGROUND008B_2 uses unknown detail object type militia_darkleaves_grass!
Material NATURE/BLENDMILGROUND005_2 uses unknown detail object type militia_rock_grass!
Material NATURE/BLENDMILGROUND008B_2 uses unknown detail object type militia_darkleaves_grass!
Material NATURE/BLENDMILGROUND005_2 uses unknown detail object type militia_rock_grass!
Material NATURE/BLENDMILGROUND008B_2 uses unknown detail object type militia_darkleaves_grass!
Material NATURE/BLENDMILGROUND005_2 uses unknown detail object type militia_rock_grass!
Material NATURE/BLENDMILGROUND005_2 uses unknown detail object type militia_rock_grass!
Material NATURE/BLENDMILGROUND008B_2 uses unknown detail object type militia_darkleaves_grass!
Material NATURE/BLENDMILGROUND005_2 uses unknown detail object type militia_rock_grass!
Material NATURE/BLENDMILGROUND008B_2 uses unknown detail object type militia_darkleaves_grass!
Material NATURE/BLENDMILGROUND005_2 uses unknown detail object type militia_rock_grass!
Material NATURE/BLENDMILGROUND008B_2 uses unknown detail object type militia_darkleaves_grass!
Material NATURE/BLENDMILGROUND005_2 uses unknown detail object type militia_rock_grass!
Material NATURE/BLENDMILGROUND008B_2 uses unknown detail object type militia_darkleaves_grass!
Material NATURE/BLENDMILGROUND005_2 uses unknown detail object type militia_rock_grass!
Material NATURE/BLENDMILGROUND008B_2 uses unknown detail object type militia_darkleaves_grass!
Material NATURE/BLENDMILGROUND005_2 uses unknown detail object type militia_rock_grass!
Material NATURE/BLENDMILGROUND005_2 uses unknown detail object type militia_rock_grass!
Material NATURE/BLENDMILGROUND008B_2 uses unknown detail object type militia_darkleaves_grass!
Material NATURE/BLENDMILGROUND005_2 uses unknown detail object type militia_rock_grass!
Material NATURE/BLENDMILGROUND005_2 uses unknown detail object type militia_rock_grass!
Material NATURE/BLENDMILGROUND005_2 uses unknown detail object type militia_rock_grass!
Material NATURE/BLENDMILGROUND008B_2 uses unknown detail object type militia_darkleaves_grass!
Material NATURE/BLENDMILGROUND005_2 uses unknown detail object type militia_rock_grass!
Material NATURE/BLENDMILGROUND008B_2 uses unknown detail object type militia_darkleaves_grass!
Material NATURE/BLENDMILGROUND005_2 uses unknown detail object type militia_rock_grass!
Material NATURE/BLENDMILGROUND008B_2 uses unknown detail object type militia_darkleaves_grass!
Material NATURE/BLENDMILGROUND005_2 uses unknown detail object type militia_rock_grass!
Material NATURE/BLENDMILGROUND005_2 uses unknown detail object type militia_rock_grass!
Material NATURE/BLENDMILGROUND008B_2 uses unknown detail object type militia_darkleaves_grass!
Material NATURE/BLENDMILGROUND005_2 uses unknown detail object type militia_rock_grass!
10
Compacting texture/material tables...
Reduced 2428 texinfos to 1540
Reduced 165 texdatas to 136 (5016 bytes to 3863)
Writing c:\users\lorem\documents\github\school999-rolling-map\sources\maps\rp_school999_rolling.bsp
Wrote ZIP buffer, estimated size 2568496, actual size 2555552
7 seconds elapsed



materialPath: F:\Steam\steamapps\common\GarrysMod\garrysmod\materials
Loading c:\users\lorem\documents\github\school999-rolling-map\sources\maps\rp_school999_rolling.vmf
***need to set $abovewater for material dev/dev_water2_cheap
***need to set $abovewater for material dev/dev_water2_cheap
Patching WVT material: maps/rp_school999_rolling/nature/blendgrassgravel001b_wvt_patch
Patching WVT material: maps/rp_school999_rolling/nature/blendmilground008b_2_wvt_patch
Patching WVT material: maps/rp_school999_rolling/nature/blendmilground005_2_wvt_patch
fixing up env_cubemap materials on brush sides...
ProcessBlock_Thread: 0...1...2...3...4...5...6...7...8...9...10 (0)
ProcessBlock_Thread: 0...1...2...3...4...5...6...7...8...9...10 (1)
Processing areas...done (0)
Building Faces...done (0)
Chop Details...done (0)
Find Visible Detail Sides...
Merged 2250 detail faces...done (0)
Merging details...done (0)
FixTjuncs...
PruneNodes...
WriteBSP...
done (1)
writing c:\users\lorem\documents\github\school999-rolling-map\sources\maps\rp_school999_rolling.prt...
Building visibility clusters...
done (0)
Creating default LDR cubemaps for env_cubemap using skybox materials:
   skybox/skyday_universal*.vmt
 ! Run buildcubemaps in the engine to get the correct cube maps.
Creating default HDR cubemaps for env_cubemap using skybox materials:
   skybox/skyday_universal*.vmt
 ! Run buildcubemaps in the engine to get the correct cube maps.
Finding displacement neighbors...
Finding lightmap sample positions...
Displacement Alpha : 0...1...2...3...4...5...6...7...8...9...10
Building Physics collision data...
done (1) (1600532 bytes)
Placing detail props : 0...1...2...3...4...5...6...7...8...9...Material NATURE/BLENDMILGROUND008B_2 uses unknown detail object type militia_darkleaves_grass!
Material NATURE/BLENDMILGROUND005_2 uses unknown detail object type militia_rock_grass!
Material NATURE/BLENDMILGROUND005_2 uses unknown detail object type militia_rock_grass!
Material NATURE/BLENDMILGROUND008B_2 uses unknown detail object type militia_darkleaves_grass!
Material NATURE/BLENDMILGROUND005_2 uses unknown detail object type militia_rock_grass!
Material NATURE/BLENDMILGROUND008B_2 uses unknown detail object type militia_darkleaves_grass!
Material NATURE/BLENDMILGROUND005_2 uses unknown detail object type militia_rock_grass!
Material NATURE/BLENDMILGROUND008B_2 uses unknown detail object type militia_darkleaves_grass!
Material NATURE/BLENDMILGROUND008B_2 uses unknown detail object type militia_darkleaves_grass!
Material NATURE/BLENDMILGROUND008B_2 uses unknown detail object type militia_darkleaves_grass!
Material NATURE/BLENDMILGROUND005_2 uses unknown detail object type militia_rock_grass!
Material NATURE/BLENDMILGROUND005_2 uses unknown detail object type militia_rock_grass!
Material NATURE/BLENDMILGROUND005_2 uses unknown detail object type militia_rock_grass!
Material NATURE/BLENDMILGROUND008B_2 uses unknown detail object type militia_darkleaves_grass!
Material NATURE/BLENDMILGROUND005_2 uses unknown detail object type militia_rock_grass!
Material NATURE/BLENDMILGROUND008B_2 uses unknown detail object type militia_darkleaves_grass!
Material NATURE/BLENDMILGROUND005_2 uses unknown detail object type militia_rock_grass!
Material NATURE/BLENDMILGROUND008B_2 uses unknown detail object type militia_darkleaves_grass!
Material NATURE/BLENDMILGROUND005_2 uses unknown detail object type militia_rock_grass!
Material NATURE/BLENDMILGROUND008B_2 uses unknown detail object type militia_darkleaves_grass!
Material NATURE/BLENDMILGROUND005_2 uses unknown detail object type militia_rock_grass!
Material NATURE/BLENDMILGROUND008B_2 uses unknown detail object type militia_darkleaves_grass!
Material NATURE/BLENDMILGROUND005_2 uses unknown detail object type militia_rock_grass!
Material NATURE/BLENDMILGROUND005_2 uses unknown detail object type militia_rock_grass!
Material NATURE/BLENDMILGROUND008B_2 uses unknown detail object type militia_darkleaves_grass!
Material NATURE/BLENDMILGROUND005_2 uses unknown detail object type militia_rock_grass!
Material NATURE/BLENDMILGROUND008B_2 uses unknown detail object type militia_darkleaves_grass!
Material NATURE/BLENDMILGROUND005_2 uses unknown detail object type militia_rock_grass!
Material NATURE/BLENDMILGROUND008B_2 uses unknown detail object type militia_darkleaves_grass!
Material NATURE/BLENDMILGROUND005_2 uses unknown detail object type militia_rock_grass!
Material NATURE/BLENDMILGROUND008B_2 uses unknown detail object type militia_darkleaves_grass!
Material NATURE/BLENDMILGROUND005_2 uses unknown detail object type militia_rock_grass!
Material NATURE/BLENDMILGROUND008B_2 uses unknown detail object type militia_darkleaves_grass!
Material NATURE/BLENDMILGROUND005_2 uses unknown detail object type militia_rock_grass!
Material NATURE/BLENDMILGROUND005_2 uses unknown detail object type militia_rock_grass!
Material NATURE/BLENDMILGROUND008B_2 uses unknown detail object type militia_darkleaves_grass!
Material NATURE/BLENDMILGROUND005_2 uses unknown detail object type militia_rock_grass!
Material NATURE/BLENDMILGROUND005_2 uses unknown detail object type militia_rock_grass!
Material NATURE/BLENDMILGROUND005_2 uses unknown detail object type militia_rock_grass!
Material NATURE/BLENDMILGROUND008B_2 uses unknown detail object type militia_darkleaves_grass!
Material NATURE/BLENDMILGROUND005_2 uses unknown detail object type militia_rock_grass!
Material NATURE/BLENDMILGROUND008B_2 uses unknown detail object type militia_darkleaves_grass!
Material NATURE/BLENDMILGROUND005_2 uses unknown detail object type militia_rock_grass!
Material NATURE/BLENDMILGROUND008B_2 uses unknown detail object type militia_darkleaves_grass!
Material NATURE/BLENDMILGROUND005_2 uses unknown detail object type militia_rock_grass!
Material NATURE/BLENDMILGROUND005_2 uses unknown detail object type militia_rock_grass!
Material NATURE/BLENDMILGROUND008B_2 uses unknown detail object type militia_darkleaves_grass!
Material NATURE/BLENDMILGROUND005_2 uses unknown detail object type militia_rock_grass!
10
Compacting texture/material tables...
Reduced 2428 texinfos to 1540
Reduced 165 texdatas to 136 (5016 bytes to 3863)
Writing c:\users\lorem\documents\github\school999-rolling-map\sources\maps\rp_school999_rolling.bsp
Wrote ZIP buffer, estimated size 2568496, actual size 2555552
7 seconds elapsed



materialPath: F:\Steam\steamapps\common\GarrysMod\garrysmod\materials
Loading c:\users\lorem\documents\github\school999-rolling-map\sources\maps\rp_school999_rolling.vmf
***need to set $abovewater for material dev/dev_water2_cheap
***need to set $abovewater for material dev/dev_water2_cheap
Patching WVT material: maps/rp_school999_rolling/nature/blendgrassgravel001b_wvt_patch
Patching WVT material: maps/rp_school999_rolling/nature/blendmilground008b_2_wvt_patch
Patching WVT material: maps/rp_school999_rolling/nature/blendmilground005_2_wvt_patch
fixing up env_cubemap materials on brush sides...
ProcessBlock_Thread: 0...1...2...3...4...5...6...7...8...9...10 (0)
ProcessBlock_Thread: 0...1...2...3...4...5...6...7...8...9...10 (1)
Processing areas...done (0)
Building Faces...done (0)
Chop Details...done (0)
Find Visible Detail Sides...
Merged 2250 detail faces...done (0)
Merging details...done (0)
FixTjuncs...
PruneNodes...
WriteBSP...
done (1)
writing c:\users\lorem\documents\github\school999-rolling-map\sources\maps\rp_school999_rolling.prt...
Building visibility clusters...
done (0)
Creating default LDR cubemaps for env_cubemap using skybox materials:
   skybox/skyday_universal*.vmt
 ! Run buildcubemaps in the engine to get the correct cube maps.
Creating default HDR cubemaps for env_cubemap using skybox materials:
   skybox/skyday_universal*.vmt
 ! Run buildcubemaps in the engine to get the correct cube maps.
Finding displacement neighbors...
Finding lightmap sample positions...
Displacement Alpha : 0...1...2...3...4...5...6...7...8...9...10
Building Physics collision data...
done (1) (1600532 bytes)
Placing detail props : 0...1...2...3...4...5...6...7...8...9...Material NATURE/BLENDMILGROUND008B_2 uses unknown detail object type militia_darkleaves_grass!
Material NATURE/BLENDMILGROUND005_2 uses unknown detail object type militia_rock_grass!
Material NATURE/BLENDMILGROUND005_2 uses unknown detail object type militia_rock_grass!
Material NATURE/BLENDMILGROUND008B_2 uses unknown detail object type militia_darkleaves_grass!
Material NATURE/BLENDMILGROUND005_2 uses unknown detail object type militia_rock_grass!
Material NATURE/BLENDMILGROUND008B_2 uses unknown detail object type militia_darkleaves_grass!
Material NATURE/BLENDMILGROUND005_2 uses unknown detail object type militia_rock_grass!
Material NATURE/BLENDMILGROUND008B_2 uses unknown detail object type militia_darkleaves_grass!
Material NATURE/BLENDMILGROUND008B_2 uses unknown detail object type militia_darkleaves_grass!
Material NATURE/BLENDMILGROUND008B_2 uses unknown detail object type militia_darkleaves_grass!
Material NATURE/BLENDMILGROUND005_2 uses unknown detail object type militia_rock_grass!
Material NATURE/BLENDMILGROUND005_2 uses unknown detail object type militia_rock_grass!
Material NATURE/BLENDMILGROUND005_2 uses unknown detail object type militia_rock_grass!
Material NATURE/BLENDMILGROUND008B_2 uses unknown detail object type militia_darkleaves_grass!
Material NATURE/BLENDMILGROUND005_2 uses unknown detail object type militia_rock_grass!
Material NATURE/BLENDMILGROUND008B_2 uses unknown detail object type militia_darkleaves_grass!
Material NATURE/BLENDMILGROUND005_2 uses unknown detail object type militia_rock_grass!
Material NATURE/BLENDMILGROUND008B_2 uses unknown detail object type militia_darkleaves_grass!
Material NATURE/BLENDMILGROUND005_2 uses unknown detail object type militia_rock_grass!
Material NATURE/BLENDMILGROUND008B_2 uses unknown detail object type militia_darkleaves_grass!
Material NATURE/BLENDMILGROUND005_2 uses unknown detail object type militia_rock_grass!
Material NATURE/BLENDMILGROUND008B_2 uses unknown detail object type militia_darkleaves_grass!
Material NATURE/BLENDMILGROUND005_2 uses unknown detail object type militia_rock_grass!
Material NATURE/BLENDMILGROUND005_2 uses unknown detail object type militia_rock_grass!
Material NATURE/BLENDMILGROUND008B_2 uses unknown detail object type militia_darkleaves_grass!
Material NATURE/BLENDMILGROUND005_2 uses unknown detail object type militia_rock_grass!
Material NATURE/BLENDMILGROUND008B_2 uses unknown detail object type militia_darkleaves_grass!
Material NATURE/BLENDMILGROUND005_2 uses unknown detail object type militia_rock_grass!
Material NATURE/BLENDMILGROUND008B_2 uses unknown detail object type militia_darkleaves_grass!
Material NATURE/BLENDMILGROUND005_2 uses unknown detail object type militia_rock_grass!
Material NATURE/BLENDMILGROUND008B_2 uses unknown detail object type militia_darkleaves_grass!
Material NATURE/BLENDMILGROUND005_2 uses unknown detail object type militia_rock_grass!
Material NATURE/BLENDMILGROUND008B_2 uses unknown detail object type militia_darkleaves_grass!
Material NATURE/BLENDMILGROUND005_2 uses unknown detail object type militia_rock_grass!
Material NATURE/BLENDMILGROUND005_2 uses unknown detail object type militia_rock_grass!
Material NATURE/BLENDMILGROUND008B_2 uses unknown detail object type militia_darkleaves_grass!
Material NATURE/BLENDMILGROUND005_2 uses unknown detail object type militia_rock_grass!
Material NATURE/BLENDMILGROUND005_2 uses unknown detail object type militia_rock_grass!
Material NATURE/BLENDMILGROUND005_2 uses unknown detail object type militia_rock_grass!
Material NATURE/BLENDMILGROUND008B_2 uses unknown detail object type militia_darkleaves_grass!
Material NATURE/BLENDMILGROUND005_2 uses unknown detail object type militia_rock_grass!
Material NATURE/BLENDMILGROUND008B_2 uses unknown detail object type militia_darkleaves_grass!
Material NATURE/BLENDMILGROUND005_2 uses unknown detail object type militia_rock_grass!
Material NATURE/BLENDMILGROUND008B_2 uses unknown detail object type militia_darkleaves_grass!
Material NATURE/BLENDMILGROUND005_2 uses unknown detail object type militia_rock_grass!
Material NATURE/BLENDMILGROUND005_2 uses unknown detail object type militia_rock_grass!
Material NATURE/BLENDMILGROUND008B_2 uses unknown detail object type militia_darkleaves_grass!
Material NATURE/BLENDMILGROUND005_2 uses unknown detail object type militia_rock_grass!
10
Compacting texture/material tables...
Reduced 2428 texinfos to 1540
Reduced 165 texdatas to 136 (5016 bytes to 3863)
Writing c:\users\lorem\documents\github\school999-rolling-map\sources\maps\rp_school999_rolling.bsp
Wrote ZIP buffer, estimated size 2568496, actual size 2555552
7 seconds elapsed



materialPath: C:\SteamLibrary\steamapps\common\GarrysMod\garrysmod\materials
Loading c:\users\lorem\documents\github\school999-rolling-map\sources\maps\rp_school999_rolling.vmf
***need to set $abovewater for material dev/dev_water2_cheap
***need to set $abovewater for material dev/dev_water2_cheap
Patching WVT material: maps/rp_school999_rolling/nature/blendgrassgravel001b_wvt_patch
Patching WVT material: maps/rp_school999_rolling/nature/blendmilground008b_2_wvt_patch
Patching WVT material: maps/rp_school999_rolling/nature/blendmilground005_2_wvt_patch
fixing up env_cubemap materials on brush sides...
ProcessBlock_Thread: 0...1...2...3...4...5...6...7...8...9...10 (0)
ProcessBlock_Thread: 0...1...2...3...4...5...6...7...8...9...10 (0)
Processing areas...done (0)
Building Faces...done (0)
Chop Details...done (0)
Find Visible Detail Sides...
Merged 2250 detail faces...done (0)
Merging details...done (0)
FixTjuncs...
PruneNodes...
WriteBSP...
done (1)
writing c:\users\lorem\documents\github\school999-rolling-map\sources\maps\rp_school999_rolling.prt...
Building visibility clusters...
done (0)
Creating default LDR cubemaps for env_cubemap using skybox materials:
   skybox/skyday_universal*.vmt
 ! Run buildcubemaps in the engine to get the correct cube maps.
Creating default HDR cubemaps for env_cubemap using skybox materials:
   skybox/skyday_universal*.vmt
 ! Run buildcubemaps in the engine to get the correct cube maps.
Finding displacement neighbors...
Finding lightmap sample positions...
Displacement Alpha : 0...1...2...3...4...5...6...7...8...9...10
Building Physics collision data...
done (2) (1600532 bytes)
Placing detail props : 0...1...2...3...4...5...6...7...8...9...Material NATURE/BLENDMILGROUND008B_2 uses unknown detail object type militia_darkleaves_grass!
Material NATURE/BLENDMILGROUND005_2 uses unknown detail object type militia_rock_grass!
Material NATURE/BLENDMILGROUND005_2 uses unknown detail object type militia_rock_grass!
Material NATURE/BLENDMILGROUND008B_2 uses unknown detail object type militia_darkleaves_grass!
Material NATURE/BLENDMILGROUND005_2 uses unknown detail object type militia_rock_grass!
Material NATURE/BLENDMILGROUND008B_2 uses unknown detail object type militia_darkleaves_grass!
Material NATURE/BLENDMILGROUND005_2 uses unknown detail object type militia_rock_grass!
Material NATURE/BLENDMILGROUND008B_2 uses unknown detail object type militia_darkleaves_grass!
Material NATURE/BLENDMILGROUND008B_2 uses unknown detail object type militia_darkleaves_grass!
Material NATURE/BLENDMILGROUND008B_2 uses unknown detail object type militia_darkleaves_grass!
Material NATURE/BLENDMILGROUND005_2 uses unknown detail object type militia_rock_grass!
Material NATURE/BLENDMILGROUND005_2 uses unknown detail object type militia_rock_grass!
Material NATURE/BLENDMILGROUND005_2 uses unknown detail object type militia_rock_grass!
Material NATURE/BLENDMILGROUND008B_2 uses unknown detail object type militia_darkleaves_grass!
Material NATURE/BLENDMILGROUND005_2 uses unknown detail object type militia_rock_grass!
Material NATURE/BLENDMILGROUND008B_2 uses unknown detail object type militia_darkleaves_grass!
Material NATURE/BLENDMILGROUND005_2 uses unknown detail object type militia_rock_grass!
Material NATURE/BLENDMILGROUND008B_2 uses unknown detail object type militia_darkleaves_grass!
Material NATURE/BLENDMILGROUND005_2 uses unknown detail object type militia_rock_grass!
Material NATURE/BLENDMILGROUND008B_2 uses unknown detail object type militia_darkleaves_grass!
Material NATURE/BLENDMILGROUND005_2 uses unknown detail object type militia_rock_grass!
Material NATURE/BLENDMILGROUND008B_2 uses unknown detail object type militia_darkleaves_grass!
Material NATURE/BLENDMILGROUND005_2 uses unknown detail object type militia_rock_grass!
Material NATURE/BLENDMILGROUND005_2 uses unknown detail object type militia_rock_grass!
Material NATURE/BLENDMILGROUND008B_2 uses unknown detail object type militia_darkleaves_grass!
Material NATURE/BLENDMILGROUND005_2 uses unknown detail object type militia_rock_grass!
Material NATURE/BLENDMILGROUND008B_2 uses unknown detail object type militia_darkleaves_grass!
Material NATURE/BLENDMILGROUND005_2 uses unknown detail object type militia_rock_grass!
Material NATURE/BLENDMILGROUND008B_2 uses unknown detail object type militia_darkleaves_grass!
Material NATURE/BLENDMILGROUND005_2 uses unknown detail object type militia_rock_grass!
Material NATURE/BLENDMILGROUND008B_2 uses unknown detail object type militia_darkleaves_grass!
Material NATURE/BLENDMILGROUND005_2 uses unknown detail object type militia_rock_grass!
Material NATURE/BLENDMILGROUND008B_2 uses unknown detail object type militia_darkleaves_grass!
Material NATURE/BLENDMILGROUND005_2 uses unknown detail object type militia_rock_grass!
Material NATURE/BLENDMILGROUND005_2 uses unknown detail object type militia_rock_grass!
Material NATURE/BLENDMILGROUND008B_2 uses unknown detail object type militia_darkleaves_grass!
Material NATURE/BLENDMILGROUND005_2 uses unknown detail object type militia_rock_grass!
Material NATURE/BLENDMILGROUND005_2 uses unknown detail object type militia_rock_grass!
Material NATURE/BLENDMILGROUND005_2 uses unknown detail object type militia_rock_grass!
Material NATURE/BLENDMILGROUND008B_2 uses unknown detail object type militia_darkleaves_grass!
Material NATURE/BLENDMILGROUND005_2 uses unknown detail object type militia_rock_grass!
Material NATURE/BLENDMILGROUND008B_2 uses unknown detail object type militia_darkleaves_grass!
Material NATURE/BLENDMILGROUND005_2 uses unknown detail object type militia_rock_grass!
Material NATURE/BLENDMILGROUND008B_2 uses unknown detail object type militia_darkleaves_grass!
Material NATURE/BLENDMILGROUND005_2 uses unknown detail object type militia_rock_grass!
Material NATURE/BLENDMILGROUND005_2 uses unknown detail object type militia_rock_grass!
Material NATURE/BLENDMILGROUND008B_2 uses unknown detail object type militia_darkleaves_grass!
Material NATURE/BLENDMILGROUND005_2 uses unknown detail object type militia_rock_grass!
10
Compacting texture/material tables...
Reduced 2428 texinfos to 1540
Reduced 165 texdatas to 136 (5016 bytes to 3863)
Writing c:\users\lorem\documents\github\school999-rolling-map\sources\maps\rp_school999_rolling.bsp
Wrote ZIP buffer, estimated size 2568496, actual size 2555552
7 seconds elapsed



materialPath: C:\SteamLibrary\steamapps\common\GarrysMod\garrysmod\materials
Loading c:\users\lorem\documents\github\school999-rolling-map\sources\maps\rp_school999_rolling.vmf
***need to set $abovewater for material dev/dev_water2_cheap
***need to set $abovewater for material dev/dev_water2_cheap
Patching WVT material: maps/rp_school999_rolling/nature/blendgrassgravel001b_wvt_patch
Patching WVT material: maps/rp_school999_rolling/nature/blendmilground008b_2_wvt_patch
Patching WVT material: maps/rp_school999_rolling/nature/blendmilground005_2_wvt_patch
fixing up env_cubemap materials on brush sides...
ProcessBlock_Thread: 0...1...2...3...4...5...6...7...8...9...10 (1)
ProcessBlock_Thread: 0...1...2...3...4...5...6...7...8...9...10 (0)
Processing areas...done (0)
Building Faces...done (0)
Chop Details...done (0)
Find Visible Detail Sides...
Merged 2250 detail faces...done (1)
Merging details...done (0)
FixTjuncs...
PruneNodes...
WriteBSP...
done (1)
writing c:\users\lorem\documents\github\school999-rolling-map\sources\maps\rp_school999_rolling.prt...
Building visibility clusters...
done (0)
Creating default LDR cubemaps for env_cubemap using skybox materials:
   skybox/skyday_universal*.vmt
 ! Run buildcubemaps in the engine to get the correct cube maps.
Creating default HDR cubemaps for env_cubemap using skybox materials:
   skybox/skyday_universal*.vmt
 ! Run buildcubemaps in the engine to get the correct cube maps.
Finding displacement neighbors...
Finding lightmap sample positions...
Displacement Alpha : 0...1...2...3...4...5...6...7...8...9...10
Building Physics collision data...
done (1) (1627309 bytes)
Placing detail props : 0...1...2...3...4...5...6...7...8...9..Material NATURE/BLENDMILGROUND008B_2 uses unknown detail object type militia_darkleaves_grass!
Material NATURE/BLENDMILGROUND005_2 uses unknown detail object type militia_rock_grass!
Material NATURE/BLENDMILGROUND005_2 uses unknown detail object type militia_rock_grass!
Material NATURE/BLENDMILGROUND008B_2 uses unknown detail object type militia_darkleaves_grass!
Material NATURE/BLENDMILGROUND005_2 uses unknown detail object type militia_rock_grass!
Material NATURE/BLENDMILGROUND008B_2 uses unknown detail object type militia_darkleaves_grass!
Material NATURE/BLENDMILGROUND005_2 uses unknown detail object type militia_rock_grass!
Material NATURE/BLENDMILGROUND008B_2 uses unknown detail object type militia_darkleaves_grass!
Material NATURE/BLENDMILGROUND008B_2 uses unknown detail object type militia_darkleaves_grass!
Material NATURE/BLENDMILGROUND008B_2 uses unknown detail object type militia_darkleaves_grass!
Material NATURE/BLENDMILGROUND005_2 uses unknown detail object type militia_rock_grass!
Material NATURE/BLENDMILGROUND005_2 uses unknown detail object type militia_rock_grass!
Material NATURE/BLENDMILGROUND005_2 uses unknown detail object type militia_rock_grass!
Material NATURE/BLENDMILGROUND008B_2 uses unknown detail object type militia_darkleaves_grass!
Material NATURE/BLENDMILGROUND005_2 uses unknown detail object type militia_rock_grass!
Material NATURE/BLENDMILGROUND008B_2 uses unknown detail object type militia_darkleaves_grass!
Material NATURE/BLENDMILGROUND005_2 uses unknown detail object type militia_rock_grass!
Material NATURE/BLENDMILGROUND008B_2 uses unknown detail object type militia_darkleaves_grass!
Material NATURE/BLENDMILGROUND005_2 uses unknown detail object type militia_rock_grass!
Material NATURE/BLENDMILGROUND008B_2 uses unknown detail object type militia_darkleaves_grass!
Material NATURE/BLENDMILGROUND005_2 uses unknown detail object type militia_rock_grass!
Material NATURE/BLENDMILGROUND008B_2 uses unknown detail object type militia_darkleaves_grass!
Material NATURE/BLENDMILGROUND005_2 uses unknown detail object type militia_rock_grass!
Material NATURE/BLENDMILGROUND005_2 uses unknown detail object type militia_rock_grass!
Material NATURE/BLENDMILGROUND008B_2 uses unknown detail object type militia_darkleaves_grass!
Material NATURE/BLENDMILGROUND005_2 uses unknown detail object type militia_rock_grass!
Material NATURE/BLENDMILGROUND008B_2 uses unknown detail object type militia_darkleaves_grass!
Material NATURE/BLENDMILGROUND005_2 uses unknown detail object type militia_rock_grass!
Material NATURE/BLENDMILGROUND008B_2 uses unknown detail object type militia_darkleaves_grass!
Material NATURE/BLENDMILGROUND005_2 uses unknown detail object type militia_rock_grass!
Material NATURE/BLENDMILGROUND008B_2 uses unknown detail object type militia_darkleaves_grass!
Material NATURE/BLENDMILGROUND005_2 uses unknown detail object type militia_rock_grass!
Material NATURE/BLENDMILGROUND008B_2 uses unknown detail object type militia_darkleaves_grass!
Material NATURE/BLENDMILGROUND005_2 uses unknown detail object type militia_rock_grass!
Material NATURE/BLENDMILGROUND005_2 uses unknown detail object type militia_rock_grass!
Material NATURE/BLENDMILGROUND008B_2 uses unknown detail object type militia_darkleaves_grass!
Material NATURE/BLENDMILGROUND005_2 uses unknown detail object type militia_rock_grass!
Material NATURE/BLENDMILGROUND005_2 uses unknown detail object type militia_rock_grass!
Material NATURE/BLENDMILGROUND005_2 uses unknown detail object type militia_rock_grass!
Material NATURE/BLENDMILGROUND008B_2 uses unknown detail object type militia_darkleaves_grass!
Material NATURE/BLENDMILGROUND005_2 uses unknown detail object type militia_rock_grass!
Material NATURE/BLENDMILGROUND008B_2 uses unknown detail object type militia_darkleaves_grass!
Material NATURE/BLENDMILGROUND005_2 uses unknown detail object type militia_rock_grass!
Material NATURE/BLENDMILGROUND008B_2 uses unknown detail object type militia_darkleaves_grass!
Material NATURE/BLENDMILGROUND005_2 uses unknown detail object type militia_rock_grass!
Material NATURE/BLENDMILGROUND005_2 uses unknown detail object type militia_rock_grass!
Material NATURE/BLENDMILGROUND008B_2 uses unknown detail object type militia_darkleaves_grass!
Material NATURE/BLENDMILGROUND005_2 uses unknown detail object type militia_rock_grass!
.10
Compacting texture/material tables...
Reduced 2656 texinfos to 1594
Reduced 188 texdatas to 156 (5666 bytes to 4450)
Writing c:\users\lorem\documents\github\school999-rolling-map\sources\maps\rp_school999_rolling.bsp
Wrote ZIP buffer, estimated size 2570993, actual size 2557379
8 seconds elapsed



materialPath: C:\SteamLibrary\steamapps\common\GarrysMod\garrysmod\materials
Loading c:\users\lorem\documents\github\school999-rolling-map\sources\maps\rp_school999_rolling.vmf
***need to set $abovewater for material dev/dev_water2_cheap
***need to set $abovewater for material dev/dev_water2_cheap
Patching WVT material: maps/rp_school999_rolling/nature/blendgrassgravel001b_wvt_patch
Patching WVT material: maps/rp_school999_rolling/nature/blendmilground008b_2_wvt_patch
Patching WVT material: maps/rp_school999_rolling/nature/blendmilground005_2_wvt_patch
fixing up env_cubemap materials on brush sides...
ProcessBlock_Thread: 0...1...2...3...4...5...6...7...8...9...10 (1)
ProcessBlock_Thread: 0...1...2...3...4...5...6...7...8...9...10 (0)
Processing areas...done (0)
Building Faces...done (0)
Chop Details...done (0)
Find Visible Detail Sides...
Merged 2250 detail faces...done (1)
Merging details...done (0)
FixTjuncs...
PruneNodes...
WriteBSP...
done (1)
writing c:\users\lorem\documents\github\school999-rolling-map\sources\maps\rp_school999_rolling.prt...
Building visibility clusters...
done (0)
Creating default LDR cubemaps for env_cubemap using skybox materials:
   skybox/skyday_universal*.vmt
 ! Run buildcubemaps in the engine to get the correct cube maps.
Creating default HDR cubemaps for env_cubemap using skybox materials:
   skybox/skyday_universal*.vmt
 ! Run buildcubemaps in the engine to get the correct cube maps.
Finding displacement neighbors...
Finding lightmap sample positions...
Displacement Alpha : 0...1...2...3...4...5...6...7...8...9...10
Building Physics collision data...
done (1) (1627309 bytes)
Placing detail props : 0...1...2...3...4...5...6...7...8...9..Material NATURE/BLENDMILGROUND008B_2 uses unknown detail object type militia_darkleaves_grass!
Material NATURE/BLENDMILGROUND005_2 uses unknown detail object type militia_rock_grass!
Material NATURE/BLENDMILGROUND005_2 uses unknown detail object type militia_rock_grass!
Material NATURE/BLENDMILGROUND008B_2 uses unknown detail object type militia_darkleaves_grass!
Material NATURE/BLENDMILGROUND005_2 uses unknown detail object type militia_rock_grass!
Material NATURE/BLENDMILGROUND008B_2 uses unknown detail object type militia_darkleaves_grass!
Material NATURE/BLENDMILGROUND005_2 uses unknown detail object type militia_rock_grass!
Material NATURE/BLENDMILGROUND008B_2 uses unknown detail object type militia_darkleaves_grass!
Material NATURE/BLENDMILGROUND008B_2 uses unknown detail object type militia_darkleaves_grass!
Material NATURE/BLENDMILGROUND008B_2 uses unknown detail object type militia_darkleaves_grass!
Material NATURE/BLENDMILGROUND005_2 uses unknown detail object type militia_rock_grass!
Material NATURE/BLENDMILGROUND005_2 uses unknown detail object type militia_rock_grass!
Material NATURE/BLENDMILGROUND005_2 uses unknown detail object type militia_rock_grass!
Material NATURE/BLENDMILGROUND008B_2 uses unknown detail object type militia_darkleaves_grass!
Material NATURE/BLENDMILGROUND005_2 uses unknown detail object type militia_rock_grass!
Material NATURE/BLENDMILGROUND008B_2 uses unknown detail object type militia_darkleaves_grass!
Material NATURE/BLENDMILGROUND005_2 uses unknown detail object type militia_rock_grass!
Material NATURE/BLENDMILGROUND008B_2 uses unknown detail object type militia_darkleaves_grass!
Material NATURE/BLENDMILGROUND005_2 uses unknown detail object type militia_rock_grass!
Material NATURE/BLENDMILGROUND008B_2 uses unknown detail object type militia_darkleaves_grass!
Material NATURE/BLENDMILGROUND005_2 uses unknown detail object type militia_rock_grass!
Material NATURE/BLENDMILGROUND008B_2 uses unknown detail object type militia_darkleaves_grass!
Material NATURE/BLENDMILGROUND005_2 uses unknown detail object type militia_rock_grass!
Material NATURE/BLENDMILGROUND005_2 uses unknown detail object type militia_rock_grass!
Material NATURE/BLENDMILGROUND008B_2 uses unknown detail object type militia_darkleaves_grass!
Material NATURE/BLENDMILGROUND005_2 uses unknown detail object type militia_rock_grass!
Material NATURE/BLENDMILGROUND008B_2 uses unknown detail object type militia_darkleaves_grass!
Material NATURE/BLENDMILGROUND005_2 uses unknown detail object type militia_rock_grass!
Material NATURE/BLENDMILGROUND008B_2 uses unknown detail object type militia_darkleaves_grass!
Material NATURE/BLENDMILGROUND005_2 uses unknown detail object type militia_rock_grass!
Material NATURE/BLENDMILGROUND008B_2 uses unknown detail object type militia_darkleaves_grass!
Material NATURE/BLENDMILGROUND005_2 uses unknown detail object type militia_rock_grass!
Material NATURE/BLENDMILGROUND008B_2 uses unknown detail object type militia_darkleaves_grass!
Material NATURE/BLENDMILGROUND005_2 uses unknown detail object type militia_rock_grass!
Material NATURE/BLENDMILGROUND005_2 uses unknown detail object type militia_rock_grass!
Material NATURE/BLENDMILGROUND008B_2 uses unknown detail object type militia_darkleaves_grass!
Material NATURE/BLENDMILGROUND005_2 uses unknown detail object type militia_rock_grass!
Material NATURE/BLENDMILGROUND005_2 uses unknown detail object type militia_rock_grass!
Material NATURE/BLENDMILGROUND005_2 uses unknown detail object type militia_rock_grass!
Material NATURE/BLENDMILGROUND008B_2 uses unknown detail object type militia_darkleaves_grass!
Material NATURE/BLENDMILGROUND005_2 uses unknown detail object type militia_rock_grass!
Material NATURE/BLENDMILGROUND008B_2 uses unknown detail object type militia_darkleaves_grass!
Material NATURE/BLENDMILGROUND005_2 uses unknown detail object type militia_rock_grass!
Material NATURE/BLENDMILGROUND008B_2 uses unknown detail object type militia_darkleaves_grass!
Material NATURE/BLENDMILGROUND005_2 uses unknown detail object type militia_rock_grass!
Material NATURE/BLENDMILGROUND005_2 uses unknown detail object type militia_rock_grass!
Material NATURE/BLENDMILGROUND008B_2 uses unknown detail object type militia_darkleaves_grass!
Material NATURE/BLENDMILGROUND005_2 uses unknown detail object type militia_rock_grass!
.10
Compacting texture/material tables...
Reduced 2656 texinfos to 1594
Reduced 188 texdatas to 156 (5666 bytes to 4450)
Writing c:\users\lorem\documents\github\school999-rolling-map\sources\maps\rp_school999_rolling.bsp
Wrote ZIP buffer, estimated size 2570993, actual size 2557379
8 seconds elapsed



materialPath: C:\SteamLibrary\steamapps\common\GarrysMod\garrysmod\materials
Loading c:\users\lorem\documents\github\school999-rolling-map\sources\maps\rp_school999_rolling.vmf
***need to set $abovewater for material dev/dev_water2_cheap
***need to set $abovewater for material dev/dev_water2_cheap
Patching WVT material: maps/rp_school999_rolling/nature/blendgrassgravel001b_wvt_patch
Patching WVT material: maps/rp_school999_rolling/nature/blendmilground008b_2_wvt_patch
Patching WVT material: maps/rp_school999_rolling/nature/blendmilground005_2_wvt_patch
fixing up env_cubemap materials on brush sides...
ProcessBlock_Thread: 0...1...2...3...4...5...6...7...8...9...10 (0)
ProcessBlock_Thread: 0...1...2...3...4...5...6...7...8...9...10 (0)
Processing areas...done (0)
Building Faces...done (1)
Chop Details...done (0)
Find Visible Detail Sides...
Merged 2250 detail faces...done (0)
Merging details...done (0)
FixTjuncs...
PruneNodes...
WriteBSP...
done (1)
writing c:\users\lorem\documents\github\school999-rolling-map\sources\maps\rp_school999_rolling.prt...
Building visibility clusters...
done (0)
Creating default LDR cubemaps for env_cubemap using skybox materials:
   skybox/skyday_universal*.vmt
 ! Run buildcubemaps in the engine to get the correct cube maps.
Creating default HDR cubemaps for env_cubemap using skybox materials:
   skybox/skyday_universal*.vmt
 ! Run buildcubemaps in the engine to get the correct cube maps.
Finding displacement neighbors...
Finding lightmap sample positions...
Displacement Alpha : 0...1...2...3...4...5...6...7...8...9...10
Building Physics collision data...
done (1) (1627309 bytes)
Placing detail props : 0...1...2...3...4...5...6...7...8...9..Material NATURE/BLENDMILGROUND008B_2 uses unknown detail object type militia_darkleaves_grass!
Material NATURE/BLENDMILGROUND005_2 uses unknown detail object type militia_rock_grass!
Material NATURE/BLENDMILGROUND005_2 uses unknown detail object type militia_rock_grass!
Material NATURE/BLENDMILGROUND008B_2 uses unknown detail object type militia_darkleaves_grass!
Material NATURE/BLENDMILGROUND005_2 uses unknown detail object type militia_rock_grass!
Material NATURE/BLENDMILGROUND008B_2 uses unknown detail object type militia_darkleaves_grass!
Material NATURE/BLENDMILGROUND005_2 uses unknown detail object type militia_rock_grass!
Material NATURE/BLENDMILGROUND008B_2 uses unknown detail object type militia_darkleaves_grass!
Material NATURE/BLENDMILGROUND008B_2 uses unknown detail object type militia_darkleaves_grass!
Material NATURE/BLENDMILGROUND008B_2 uses unknown detail object type militia_darkleaves_grass!
Material NATURE/BLENDMILGROUND005_2 uses unknown detail object type militia_rock_grass!
Material NATURE/BLENDMILGROUND005_2 uses unknown detail object type militia_rock_grass!
Material NATURE/BLENDMILGROUND005_2 uses unknown detail object type militia_rock_grass!
Material NATURE/BLENDMILGROUND008B_2 uses unknown detail object type militia_darkleaves_grass!
Material NATURE/BLENDMILGROUND005_2 uses unknown detail object type militia_rock_grass!
Material NATURE/BLENDMILGROUND008B_2 uses unknown detail object type militia_darkleaves_grass!
Material NATURE/BLENDMILGROUND005_2 uses unknown detail object type militia_rock_grass!
Material NATURE/BLENDMILGROUND008B_2 uses unknown detail object type militia_darkleaves_grass!
Material NATURE/BLENDMILGROUND005_2 uses unknown detail object type militia_rock_grass!
Material NATURE/BLENDMILGROUND008B_2 uses unknown detail object type militia_darkleaves_grass!
Material NATURE/BLENDMILGROUND005_2 uses unknown detail object type militia_rock_grass!
Material NATURE/BLENDMILGROUND008B_2 uses unknown detail object type militia_darkleaves_grass!
Material NATURE/BLENDMILGROUND005_2 uses unknown detail object type militia_rock_grass!
Material NATURE/BLENDMILGROUND005_2 uses unknown detail object type militia_rock_grass!
Material NATURE/BLENDMILGROUND008B_2 uses unknown detail object type militia_darkleaves_grass!
Material NATURE/BLENDMILGROUND005_2 uses unknown detail object type militia_rock_grass!
Material NATURE/BLENDMILGROUND008B_2 uses unknown detail object type militia_darkleaves_grass!
Material NATURE/BLENDMILGROUND005_2 uses unknown detail object type militia_rock_grass!
Material NATURE/BLENDMILGROUND008B_2 uses unknown detail object type militia_darkleaves_grass!
Material NATURE/BLENDMILGROUND005_2 uses unknown detail object type militia_rock_grass!
Material NATURE/BLENDMILGROUND008B_2 uses unknown detail object type militia_darkleaves_grass!
Material NATURE/BLENDMILGROUND005_2 uses unknown detail object type militia_rock_grass!
Material NATURE/BLENDMILGROUND008B_2 uses unknown detail object type militia_darkleaves_grass!
Material NATURE/BLENDMILGROUND005_2 uses unknown detail object type militia_rock_grass!
Material NATURE/BLENDMILGROUND005_2 uses unknown detail object type militia_rock_grass!
Material NATURE/BLENDMILGROUND008B_2 uses unknown detail object type militia_darkleaves_grass!
Material NATURE/BLENDMILGROUND005_2 uses unknown detail object type militia_rock_grass!
Material NATURE/BLENDMILGROUND005_2 uses unknown detail object type militia_rock_grass!
Material NATURE/BLENDMILGROUND005_2 uses unknown detail object type militia_rock_grass!
Material NATURE/BLENDMILGROUND008B_2 uses unknown detail object type militia_darkleaves_grass!
Material NATURE/BLENDMILGROUND005_2 uses unknown detail object type militia_rock_grass!
Material NATURE/BLENDMILGROUND008B_2 uses unknown detail object type militia_darkleaves_grass!
Material NATURE/BLENDMILGROUND005_2 uses unknown detail object type militia_rock_grass!
Material NATURE/BLENDMILGROUND008B_2 uses unknown detail object type militia_darkleaves_grass!
Material NATURE/BLENDMILGROUND005_2 uses unknown detail object type militia_rock_grass!
Material NATURE/BLENDMILGROUND005_2 uses unknown detail object type militia_rock_grass!
Material NATURE/BLENDMILGROUND008B_2 uses unknown detail object type militia_darkleaves_grass!
Material NATURE/BLENDMILGROUND005_2 uses unknown detail object type militia_rock_grass!
.10
Compacting texture/material tables...
Reduced 2659 texinfos to 1595
Reduced 189 texdatas to 157 (5682 bytes to 4466)
Writing c:\users\lorem\documents\github\school999-rolling-map\sources\maps\rp_school999_rolling.bsp
Wrote ZIP buffer, estimated size 2570993, actual size 2557379
8 seconds elapsed



materialPath: C:\SteamLibrary\steamapps\common\GarrysMod\garrysmod\materials
Loading c:\users\lorem\documents\github\school999-rolling-map\sources\maps\rp_school999_rolling.vmf
***need to set $abovewater for material dev/dev_water2_cheap
***need to set $abovewater for material dev/dev_water2_cheap
Patching WVT material: maps/rp_school999_rolling/nature/blendgrassgravel001b_wvt_patch
Patching WVT material: maps/rp_school999_rolling/nature/blendmilground008b_2_wvt_patch
Patching WVT material: maps/rp_school999_rolling/nature/blendmilground005_2_wvt_patch
fixing up env_cubemap materials on brush sides...
ProcessBlock_Thread: 0...1...2...3...4...5...6...7...8...9...10 (1)
ProcessBlock_Thread: 0...1...2...3...4...5...6...7...8...9...10 (0)
Processing areas...done (0)
Building Faces...done (0)
Chop Details...done (0)
Find Visible Detail Sides...
Merged 2250 detail faces...done (1)
Merging details...done (0)
FixTjuncs...
PruneNodes...
WriteBSP...
done (1)
writing c:\users\lorem\documents\github\school999-rolling-map\sources\maps\rp_school999_rolling.prt...
Building visibility clusters...
done (0)
Creating default LDR cubemaps for env_cubemap using skybox materials:
   skybox/skyday_universal*.vmt
 ! Run buildcubemaps in the engine to get the correct cube maps.
Creating default HDR cubemaps for env_cubemap using skybox materials:
   skybox/skyday_universal*.vmt
 ! Run buildcubemaps in the engine to get the correct cube maps.
Finding displacement neighbors...
Finding lightmap sample positions...
Displacement Alpha : 0...1...2...3...4...5...6...7...8...9...10
Building Physics collision data...
done (1) (1627309 bytes)
Placing detail props : 0...1...2...3...4...5...6...7...8...9..Material NATURE/BLENDMILGROUND008B_2 uses unknown detail object type militia_darkleaves_grass!
Material NATURE/BLENDMILGROUND005_2 uses unknown detail object type militia_rock_grass!
Material NATURE/BLENDMILGROUND005_2 uses unknown detail object type militia_rock_grass!
Material NATURE/BLENDMILGROUND008B_2 uses unknown detail object type militia_darkleaves_grass!
Material NATURE/BLENDMILGROUND005_2 uses unknown detail object type militia_rock_grass!
Material NATURE/BLENDMILGROUND008B_2 uses unknown detail object type militia_darkleaves_grass!
Material NATURE/BLENDMILGROUND005_2 uses unknown detail object type militia_rock_grass!
Material NATURE/BLENDMILGROUND008B_2 uses unknown detail object type militia_darkleaves_grass!
Material NATURE/BLENDMILGROUND008B_2 uses unknown detail object type militia_darkleaves_grass!
Material NATURE/BLENDMILGROUND008B_2 uses unknown detail object type militia_darkleaves_grass!
Material NATURE/BLENDMILGROUND005_2 uses unknown detail object type militia_rock_grass!
Material NATURE/BLENDMILGROUND005_2 uses unknown detail object type militia_rock_grass!
Material NATURE/BLENDMILGROUND005_2 uses unknown detail object type militia_rock_grass!
Material NATURE/BLENDMILGROUND008B_2 uses unknown detail object type militia_darkleaves_grass!
Material NATURE/BLENDMILGROUND005_2 uses unknown detail object type militia_rock_grass!
Material NATURE/BLENDMILGROUND008B_2 uses unknown detail object type militia_darkleaves_grass!
Material NATURE/BLENDMILGROUND005_2 uses unknown detail object type militia_rock_grass!
Material NATURE/BLENDMILGROUND008B_2 uses unknown detail object type militia_darkleaves_grass!
Material NATURE/BLENDMILGROUND005_2 uses unknown detail object type militia_rock_grass!
Material NATURE/BLENDMILGROUND008B_2 uses unknown detail object type militia_darkleaves_grass!
Material NATURE/BLENDMILGROUND005_2 uses unknown detail object type militia_rock_grass!
Material NATURE/BLENDMILGROUND008B_2 uses unknown detail object type militia_darkleaves_grass!
Material NATURE/BLENDMILGROUND005_2 uses unknown detail object type militia_rock_grass!
Material NATURE/BLENDMILGROUND005_2 uses unknown detail object type militia_rock_grass!
Material NATURE/BLENDMILGROUND008B_2 uses unknown detail object type militia_darkleaves_grass!
Material NATURE/BLENDMILGROUND005_2 uses unknown detail object type militia_rock_grass!
Material NATURE/BLENDMILGROUND008B_2 uses unknown detail object type militia_darkleaves_grass!
Material NATURE/BLENDMILGROUND005_2 uses unknown detail object type militia_rock_grass!
Material NATURE/BLENDMILGROUND008B_2 uses unknown detail object type militia_darkleaves_grass!
Material NATURE/BLENDMILGROUND005_2 uses unknown detail object type militia_rock_grass!
Material NATURE/BLENDMILGROUND008B_2 uses unknown detail object type militia_darkleaves_grass!
Material NATURE/BLENDMILGROUND005_2 uses unknown detail object type militia_rock_grass!
Material NATURE/BLENDMILGROUND008B_2 uses unknown detail object type militia_darkleaves_grass!
Material NATURE/BLENDMILGROUND005_2 uses unknown detail object type militia_rock_grass!
Material NATURE/BLENDMILGROUND005_2 uses unknown detail object type militia_rock_grass!
Material NATURE/BLENDMILGROUND008B_2 uses unknown detail object type militia_darkleaves_grass!
Material NATURE/BLENDMILGROUND005_2 uses unknown detail object type militia_rock_grass!
Material NATURE/BLENDMILGROUND005_2 uses unknown detail object type militia_rock_grass!
Material NATURE/BLENDMILGROUND005_2 uses unknown detail object type militia_rock_grass!
Material NATURE/BLENDMILGROUND008B_2 uses unknown detail object type militia_darkleaves_grass!
Material NATURE/BLENDMILGROUND005_2 uses unknown detail object type militia_rock_grass!
Material NATURE/BLENDMILGROUND008B_2 uses unknown detail object type militia_darkleaves_grass!
Material NATURE/BLENDMILGROUND005_2 uses unknown detail object type militia_rock_grass!
Material NATURE/BLENDMILGROUND008B_2 uses unknown detail object type militia_darkleaves_grass!
Material NATURE/BLENDMILGROUND005_2 uses unknown detail object type militia_rock_grass!
Material NATURE/BLENDMILGROUND005_2 uses unknown detail object type militia_rock_grass!
Material NATURE/BLENDMILGROUND008B_2 uses unknown detail object type militia_darkleaves_grass!
Material NATURE/BLENDMILGROUND005_2 uses unknown detail object type militia_rock_grass!
.10
Compacting texture/material tables...
Reduced 2660 texinfos to 1596
Reduced 190 texdatas to 158 (5698 bytes to 4482)
Writing c:\users\lorem\documents\github\school999-rolling-map\sources\maps\rp_school999_rolling.bsp
Wrote ZIP buffer, estimated size 2570993, actual size 2557379
8 seconds elapsed



materialPath: C:\SteamLibrary\steamapps\common\GarrysMod\garrysmod\materials
Loading c:\users\lorem\documents\github\school999-rolling-map\sources\maps\rp_school999_rolling.vmf
***need to set $abovewater for material dev/dev_water2_cheap
***need to set $abovewater for material dev/dev_water2_cheap
Patching WVT material: maps/rp_school999_rolling/nature/blendgrassgravel001b_wvt_patch
Patching WVT material: maps/rp_school999_rolling/nature/blendmilground008b_2_wvt_patch
Patching WVT material: maps/rp_school999_rolling/nature/blendmilground005_2_wvt_patch
fixing up env_cubemap materials on brush sides...
ProcessBlock_Thread: 0...1...2...3...4...5...6...7...8...9...10 (1)
ProcessBlock_Thread: 0...1...2...3...4...5...6...7...8...9...10 (0)
Processing areas...done (0)
Building Faces...done (0)
Chop Details...done (0)
Find Visible Detail Sides...
Merged 2250 detail faces...done (1)
Merging details...done (0)
FixTjuncs...
PruneNodes...
WriteBSP...
done (1)
writing c:\users\lorem\documents\github\school999-rolling-map\sources\maps\rp_school999_rolling.prt...
Building visibility clusters...
done (0)
Creating default LDR cubemaps for env_cubemap using skybox materials:
   skybox/skyday_universal*.vmt
 ! Run buildcubemaps in the engine to get the correct cube maps.
Creating default HDR cubemaps for env_cubemap using skybox materials:
   skybox/skyday_universal*.vmt
 ! Run buildcubemaps in the engine to get the correct cube maps.
Finding displacement neighbors...
Finding lightmap sample positions...
Displacement Alpha : 0...1...2...3...4...5...6...7...8...9...10
Building Physics collision data...
done (1) (1627309 bytes)
Placing detail props : 0...1...2...3...4...5...6...7...8...9..Material NATURE/BLENDMILGROUND008B_2 uses unknown detail object type militia_darkleaves_grass!
Material NATURE/BLENDMILGROUND005_2 uses unknown detail object type militia_rock_grass!
Material NATURE/BLENDMILGROUND005_2 uses unknown detail object type militia_rock_grass!
Material NATURE/BLENDMILGROUND008B_2 uses unknown detail object type militia_darkleaves_grass!
Material NATURE/BLENDMILGROUND005_2 uses unknown detail object type militia_rock_grass!
Material NATURE/BLENDMILGROUND008B_2 uses unknown detail object type militia_darkleaves_grass!
Material NATURE/BLENDMILGROUND005_2 uses unknown detail object type militia_rock_grass!
Material NATURE/BLENDMILGROUND008B_2 uses unknown detail object type militia_darkleaves_grass!
Material NATURE/BLENDMILGROUND008B_2 uses unknown detail object type militia_darkleaves_grass!
Material NATURE/BLENDMILGROUND008B_2 uses unknown detail object type militia_darkleaves_grass!
Material NATURE/BLENDMILGROUND005_2 uses unknown detail object type militia_rock_grass!
Material NATURE/BLENDMILGROUND005_2 uses unknown detail object type militia_rock_grass!
Material NATURE/BLENDMILGROUND005_2 uses unknown detail object type militia_rock_grass!
Material NATURE/BLENDMILGROUND008B_2 uses unknown detail object type militia_darkleaves_grass!
Material NATURE/BLENDMILGROUND005_2 uses unknown detail object type militia_rock_grass!
Material NATURE/BLENDMILGROUND008B_2 uses unknown detail object type militia_darkleaves_grass!
Material NATURE/BLENDMILGROUND005_2 uses unknown detail object type militia_rock_grass!
Material NATURE/BLENDMILGROUND008B_2 uses unknown detail object type militia_darkleaves_grass!
Material NATURE/BLENDMILGROUND005_2 uses unknown detail object type militia_rock_grass!
Material NATURE/BLENDMILGROUND008B_2 uses unknown detail object type militia_darkleaves_grass!
Material NATURE/BLENDMILGROUND005_2 uses unknown detail object type militia_rock_grass!
Material NATURE/BLENDMILGROUND008B_2 uses unknown detail object type militia_darkleaves_grass!
Material NATURE/BLENDMILGROUND005_2 uses unknown detail object type militia_rock_grass!
Material NATURE/BLENDMILGROUND005_2 uses unknown detail object type militia_rock_grass!
Material NATURE/BLENDMILGROUND008B_2 uses unknown detail object type militia_darkleaves_grass!
Material NATURE/BLENDMILGROUND005_2 uses unknown detail object type militia_rock_grass!
Material NATURE/BLENDMILGROUND008B_2 uses unknown detail object type militia_darkleaves_grass!
Material NATURE/BLENDMILGROUND005_2 uses unknown detail object type militia_rock_grass!
Material NATURE/BLENDMILGROUND008B_2 uses unknown detail object type militia_darkleaves_grass!
Material NATURE/BLENDMILGROUND005_2 uses unknown detail object type militia_rock_grass!
Material NATURE/BLENDMILGROUND008B_2 uses unknown detail object type militia_darkleaves_grass!
Material NATURE/BLENDMILGROUND005_2 uses unknown detail object type militia_rock_grass!
Material NATURE/BLENDMILGROUND008B_2 uses unknown detail object type militia_darkleaves_grass!
Material NATURE/BLENDMILGROUND005_2 uses unknown detail object type militia_rock_grass!
Material NATURE/BLENDMILGROUND005_2 uses unknown detail object type militia_rock_grass!
Material NATURE/BLENDMILGROUND008B_2 uses unknown detail object type militia_darkleaves_grass!
Material NATURE/BLENDMILGROUND005_2 uses unknown detail object type militia_rock_grass!
Material NATURE/BLENDMILGROUND005_2 uses unknown detail object type militia_rock_grass!
Material NATURE/BLENDMILGROUND005_2 uses unknown detail object type militia_rock_grass!
Material NATURE/BLENDMILGROUND008B_2 uses unknown detail object type militia_darkleaves_grass!
Material NATURE/BLENDMILGROUND005_2 uses unknown detail object type militia_rock_grass!
Material NATURE/BLENDMILGROUND008B_2 uses unknown detail object type militia_darkleaves_grass!
Material NATURE/BLENDMILGROUND005_2 uses unknown detail object type militia_rock_grass!
Material NATURE/BLENDMILGROUND008B_2 uses unknown detail object type militia_darkleaves_grass!
Material NATURE/BLENDMILGROUND005_2 uses unknown detail object type militia_rock_grass!
Material NATURE/BLENDMILGROUND005_2 uses unknown detail object type militia_rock_grass!
Material NATURE/BLENDMILGROUND008B_2 uses unknown detail object type militia_darkleaves_grass!
Material NATURE/BLENDMILGROUND005_2 uses unknown detail object type militia_rock_grass!
.10
Compacting texture/material tables...
Reduced 2660 texinfos to 1596
Reduced 190 texdatas to 158 (5698 bytes to 4482)
Writing c:\users\lorem\documents\github\school999-rolling-map\sources\maps\rp_school999_rolling.bsp
Wrote ZIP buffer, estimated size 2570993, actual size 2557379
8 seconds elapsed



materialPath: C:\SteamLibrary\steamapps\common\GarrysMod\garrysmod\materials
Loading c:\users\lorem\documents\github\school999-rolling-map\sources\maps\rp_school999_rolling.vmf
***need to set $abovewater for material dev/dev_water2_cheap
***need to set $abovewater for material dev/dev_water2_cheap
Patching WVT material: maps/rp_school999_rolling/nature/blendgrassgravel001b_wvt_patch
Patching WVT material: maps/rp_school999_rolling/nature/blendmilground008b_2_wvt_patch
Patching WVT material: maps/rp_school999_rolling/nature/blendmilground005_2_wvt_patch
fixing up env_cubemap materials on brush sides...
ProcessBlock_Thread: 0...1...2...3...4...5...6...7...8...9...10 (1)
ProcessBlock_Thread: 0...1...2...3...4...5...6...7...8...9...10 (0)
Processing areas...done (0)
Building Faces...done (0)
Chop Details...done (0)
Find Visible Detail Sides...
Merged 2250 detail faces...done (0)
Merging details...done (1)
FixTjuncs...
PruneNodes...
WriteBSP...
done (1)
writing c:\users\lorem\documents\github\school999-rolling-map\sources\maps\rp_school999_rolling.prt...
Building visibility clusters...
done (0)
Creating default LDR cubemaps for env_cubemap using skybox materials:
   skybox/skyday_universal*.vmt
 ! Run buildcubemaps in the engine to get the correct cube maps.
Creating default HDR cubemaps for env_cubemap using skybox materials:
   skybox/skyday_universal*.vmt
 ! Run buildcubemaps in the engine to get the correct cube maps.
Finding displacement neighbors...
Finding lightmap sample positions...
Displacement Alpha : 0...1...2...3...4...5...6...7...8...9...10
Building Physics collision data...
done (1) (1627309 bytes)
Placing detail props : 0...1...2...3...4...5...6...7...8...9..Material NATURE/BLENDMILGROUND008B_2 uses unknown detail object type militia_darkleaves_grass!
Material NATURE/BLENDMILGROUND005_2 uses unknown detail object type militia_rock_grass!
Material NATURE/BLENDMILGROUND005_2 uses unknown detail object type militia_rock_grass!
Material NATURE/BLENDMILGROUND008B_2 uses unknown detail object type militia_darkleaves_grass!
Material NATURE/BLENDMILGROUND005_2 uses unknown detail object type militia_rock_grass!
Material NATURE/BLENDMILGROUND008B_2 uses unknown detail object type militia_darkleaves_grass!
Material NATURE/BLENDMILGROUND005_2 uses unknown detail object type militia_rock_grass!
Material NATURE/BLENDMILGROUND008B_2 uses unknown detail object type militia_darkleaves_grass!
Material NATURE/BLENDMILGROUND008B_2 uses unknown detail object type militia_darkleaves_grass!
Material NATURE/BLENDMILGROUND008B_2 uses unknown detail object type militia_darkleaves_grass!
Material NATURE/BLENDMILGROUND005_2 uses unknown detail object type militia_rock_grass!
Material NATURE/BLENDMILGROUND005_2 uses unknown detail object type militia_rock_grass!
Material NATURE/BLENDMILGROUND005_2 uses unknown detail object type militia_rock_grass!
Material NATURE/BLENDMILGROUND008B_2 uses unknown detail object type militia_darkleaves_grass!
Material NATURE/BLENDMILGROUND005_2 uses unknown detail object type militia_rock_grass!
Material NATURE/BLENDMILGROUND008B_2 uses unknown detail object type militia_darkleaves_grass!
Material NATURE/BLENDMILGROUND005_2 uses unknown detail object type militia_rock_grass!
Material NATURE/BLENDMILGROUND008B_2 uses unknown detail object type militia_darkleaves_grass!
Material NATURE/BLENDMILGROUND005_2 uses unknown detail object type militia_rock_grass!
Material NATURE/BLENDMILGROUND008B_2 uses unknown detail object type militia_darkleaves_grass!
Material NATURE/BLENDMILGROUND005_2 uses unknown detail object type militia_rock_grass!
Material NATURE/BLENDMILGROUND008B_2 uses unknown detail object type militia_darkleaves_grass!
Material NATURE/BLENDMILGROUND005_2 uses unknown detail object type militia_rock_grass!
Material NATURE/BLENDMILGROUND005_2 uses unknown detail object type militia_rock_grass!
Material NATURE/BLENDMILGROUND008B_2 uses unknown detail object type militia_darkleaves_grass!
Material NATURE/BLENDMILGROUND005_2 uses unknown detail object type militia_rock_grass!
Material NATURE/BLENDMILGROUND008B_2 uses unknown detail object type militia_darkleaves_grass!
Material NATURE/BLENDMILGROUND005_2 uses unknown detail object type militia_rock_grass!
Material NATURE/BLENDMILGROUND008B_2 uses unknown detail object type militia_darkleaves_grass!
Material NATURE/BLENDMILGROUND005_2 uses unknown detail object type militia_rock_grass!
Material NATURE/BLENDMILGROUND008B_2 uses unknown detail object type militia_darkleaves_grass!
Material NATURE/BLENDMILGROUND005_2 uses unknown detail object type militia_rock_grass!
Material NATURE/BLENDMILGROUND008B_2 uses unknown detail object type militia_darkleaves_grass!
Material NATURE/BLENDMILGROUND005_2 uses unknown detail object type militia_rock_grass!
Material NATURE/BLENDMILGROUND005_2 uses unknown detail object type militia_rock_grass!
Material NATURE/BLENDMILGROUND008B_2 uses unknown detail object type militia_darkleaves_grass!
Material NATURE/BLENDMILGROUND005_2 uses unknown detail object type militia_rock_grass!
Material NATURE/BLENDMILGROUND005_2 uses unknown detail object type militia_rock_grass!
Material NATURE/BLENDMILGROUND005_2 uses unknown detail object type militia_rock_grass!
Material NATURE/BLENDMILGROUND008B_2 uses unknown detail object type militia_darkleaves_grass!
Material NATURE/BLENDMILGROUND005_2 uses unknown detail object type militia_rock_grass!
Material NATURE/BLENDMILGROUND008B_2 uses unknown detail object type militia_darkleaves_grass!
Material NATURE/BLENDMILGROUND005_2 uses unknown detail object type militia_rock_grass!
Material NATURE/BLENDMILGROUND008B_2 uses unknown detail object type militia_darkleaves_grass!
Material NATURE/BLENDMILGROUND005_2 uses unknown detail object type militia_rock_grass!
Material NATURE/BLENDMILGROUND005_2 uses unknown detail object type militia_rock_grass!
Material NATURE/BLENDMILGROUND008B_2 uses unknown detail object type militia_darkleaves_grass!
Material NATURE/BLENDMILGROUND005_2 uses unknown detail object type militia_rock_grass!
.10
Compacting texture/material tables...
Reduced 2656 texinfos to 1594
Reduced 188 texdatas to 156 (5666 bytes to 4450)
Writing c:\users\lorem\documents\github\school999-rolling-map\sources\maps\rp_school999_rolling.bsp
Wrote ZIP buffer, estimated size 2570993, actual size 2557379
8 seconds elapsed



materialPath: C:\SteamLibrary\steamapps\common\GarrysMod\garrysmod\materials
Loading c:\users\lorem\documents\github\school999-rolling-map\sources\maps\rp_school999_rolling.vmf
***need to set $abovewater for material dev/dev_water2_cheap
***need to set $abovewater for material dev/dev_water2_cheap
Patching WVT material: maps/rp_school999_rolling/nature/blendgrassgravel001b_wvt_patch
Patching WVT material: maps/rp_school999_rolling/nature/blendmilground008b_2_wvt_patch
Patching WVT material: maps/rp_school999_rolling/nature/blendmilground005_2_wvt_patch
fixing up env_cubemap materials on brush sides...
ProcessBlock_Thread: 0...1...2...3...4...5...6...7...8...9...10 (1)
ProcessBlock_Thread: 0...1...2...3...4...5...6...7...8...9...10 (0)
Processing areas...done (0)
Building Faces...done (0)
Chop Details...done (0)
Find Visible Detail Sides...
Merged 2250 detail faces...done (1)
Merging details...done (0)
FixTjuncs...
PruneNodes...
WriteBSP...
done (1)
writing c:\users\lorem\documents\github\school999-rolling-map\sources\maps\rp_school999_rolling.prt...
Building visibility clusters...
done (0)
Creating default LDR cubemaps for env_cubemap using skybox materials:
   skybox/skyday_universal*.vmt
 ! Run buildcubemaps in the engine to get the correct cube maps.
Creating default HDR cubemaps for env_cubemap using skybox materials:
   skybox/skyday_universal*.vmt
 ! Run buildcubemaps in the engine to get the correct cube maps.
Finding displacement neighbors...
Finding lightmap sample positions...
Displacement Alpha : 0...1...2...3...4...5...6...7...8...9...10
Building Physics collision data...
done (1) (1627309 bytes)
Placing detail props : 0...1...2...3...4...5...6...7...8...9..Material NATURE/BLENDMILGROUND008B_2 uses unknown detail object type militia_darkleaves_grass!
Material NATURE/BLENDMILGROUND005_2 uses unknown detail object type militia_rock_grass!
Material NATURE/BLENDMILGROUND005_2 uses unknown detail object type militia_rock_grass!
Material NATURE/BLENDMILGROUND008B_2 uses unknown detail object type militia_darkleaves_grass!
Material NATURE/BLENDMILGROUND005_2 uses unknown detail object type militia_rock_grass!
Material NATURE/BLENDMILGROUND008B_2 uses unknown detail object type militia_darkleaves_grass!
Material NATURE/BLENDMILGROUND005_2 uses unknown detail object type militia_rock_grass!
Material NATURE/BLENDMILGROUND008B_2 uses unknown detail object type militia_darkleaves_grass!
Material NATURE/BLENDMILGROUND008B_2 uses unknown detail object type militia_darkleaves_grass!
Material NATURE/BLENDMILGROUND008B_2 uses unknown detail object type militia_darkleaves_grass!
Material NATURE/BLENDMILGROUND005_2 uses unknown detail object type militia_rock_grass!
Material NATURE/BLENDMILGROUND005_2 uses unknown detail object type militia_rock_grass!
Material NATURE/BLENDMILGROUND005_2 uses unknown detail object type militia_rock_grass!
Material NATURE/BLENDMILGROUND008B_2 uses unknown detail object type militia_darkleaves_grass!
Material NATURE/BLENDMILGROUND005_2 uses unknown detail object type militia_rock_grass!
Material NATURE/BLENDMILGROUND008B_2 uses unknown detail object type militia_darkleaves_grass!
Material NATURE/BLENDMILGROUND005_2 uses unknown detail object type militia_rock_grass!
Material NATURE/BLENDMILGROUND008B_2 uses unknown detail object type militia_darkleaves_grass!
Material NATURE/BLENDMILGROUND005_2 uses unknown detail object type militia_rock_grass!
Material NATURE/BLENDMILGROUND008B_2 uses unknown detail object type militia_darkleaves_grass!
Material NATURE/BLENDMILGROUND005_2 uses unknown detail object type militia_rock_grass!
Material NATURE/BLENDMILGROUND008B_2 uses unknown detail object type militia_darkleaves_grass!
Material NATURE/BLENDMILGROUND005_2 uses unknown detail object type militia_rock_grass!
Material NATURE/BLENDMILGROUND005_2 uses unknown detail object type militia_rock_grass!
Material NATURE/BLENDMILGROUND008B_2 uses unknown detail object type militia_darkleaves_grass!
Material NATURE/BLENDMILGROUND005_2 uses unknown detail object type militia_rock_grass!
Material NATURE/BLENDMILGROUND008B_2 uses unknown detail object type militia_darkleaves_grass!
Material NATURE/BLENDMILGROUND005_2 uses unknown detail object type militia_rock_grass!
Material NATURE/BLENDMILGROUND008B_2 uses unknown detail object type militia_darkleaves_grass!
Material NATURE/BLENDMILGROUND005_2 uses unknown detail object type militia_rock_grass!
Material NATURE/BLENDMILGROUND008B_2 uses unknown detail object type militia_darkleaves_grass!
Material NATURE/BLENDMILGROUND005_2 uses unknown detail object type militia_rock_grass!
Material NATURE/BLENDMILGROUND008B_2 uses unknown detail object type militia_darkleaves_grass!
Material NATURE/BLENDMILGROUND005_2 uses unknown detail object type militia_rock_grass!
Material NATURE/BLENDMILGROUND005_2 uses unknown detail object type militia_rock_grass!
Material NATURE/BLENDMILGROUND008B_2 uses unknown detail object type militia_darkleaves_grass!
Material NATURE/BLENDMILGROUND005_2 uses unknown detail object type militia_rock_grass!
Material NATURE/BLENDMILGROUND005_2 uses unknown detail object type militia_rock_grass!
Material NATURE/BLENDMILGROUND005_2 uses unknown detail object type militia_rock_grass!
Material NATURE/BLENDMILGROUND008B_2 uses unknown detail object type militia_darkleaves_grass!
Material NATURE/BLENDMILGROUND005_2 uses unknown detail object type militia_rock_grass!
Material NATURE/BLENDMILGROUND008B_2 uses unknown detail object type militia_darkleaves_grass!
Material NATURE/BLENDMILGROUND005_2 uses unknown detail object type militia_rock_grass!
Material NATURE/BLENDMILGROUND008B_2 uses unknown detail object type militia_darkleaves_grass!
Material NATURE/BLENDMILGROUND005_2 uses unknown detail object type militia_rock_grass!
Material NATURE/BLENDMILGROUND005_2 uses unknown detail object type militia_rock_grass!
Material NATURE/BLENDMILGROUND008B_2 uses unknown detail object type militia_darkleaves_grass!
Material NATURE/BLENDMILGROUND005_2 uses unknown detail object type militia_rock_grass!
.10
Compacting texture/material tables...
Reduced 2656 texinfos to 1594
Reduced 188 texdatas to 156 (5666 bytes to 4450)
Writing c:\users\lorem\documents\github\school999-rolling-map\sources\maps\rp_school999_rolling.bsp
Wrote ZIP buffer, estimated size 2570993, actual size 2557379
8 seconds elapsed



materialPath: C:\SteamLibrary\steamapps\common\GarrysMod\garrysmod\materials
Loading c:\users\lorem\documents\github\school999-rolling-map\sources\maps\rp_school999_rolling.vmf
***need to set $abovewater for material dev/dev_water2_cheap
***need to set $abovewater for material dev/dev_water2_cheap
Patching WVT material: maps/rp_school999_rolling/nature/blendgrassgravel001b_wvt_patch
Patching WVT material: maps/rp_school999_rolling/nature/blendmilground008b_2_wvt_patch
Patching WVT material: maps/rp_school999_rolling/nature/blendmilground005_2_wvt_patch
fixing up env_cubemap materials on brush sides...
ProcessBlock_Thread: 0...1...2...3...4...5...6...7...8...9...10 (1)
ProcessBlock_Thread: 0...1...2...3...4...5...6...7...8...9...10 (0)
Processing areas...done (0)
Building Faces...done (0)
Chop Details...done (0)
Find Visible Detail Sides...
Merged 2250 detail faces...done (1)
Merging details...done (0)
FixTjuncs...
PruneNodes...
WriteBSP...
done (1)
writing c:\users\lorem\documents\github\school999-rolling-map\sources\maps\rp_school999_rolling.prt...
Building visibility clusters...
done (0)
Creating default LDR cubemaps for env_cubemap using skybox materials:
   skybox/skyday_universal*.vmt
 ! Run buildcubemaps in the engine to get the correct cube maps.
Creating default HDR cubemaps for env_cubemap using skybox materials:
   skybox/skyday_universal*.vmt
 ! Run buildcubemaps in the engine to get the correct cube maps.
Finding displacement neighbors...
Finding lightmap sample positions...
Displacement Alpha : 0...1...2...3...4...5...6...7...8...9...10
Building Physics collision data...
done (1) (1627310 bytes)
Placing detail props : 0...1...2...3...4...5...6...7...8...9..Material NATURE/BLENDMILGROUND008B_2 uses unknown detail object type militia_darkleaves_grass!
Material NATURE/BLENDMILGROUND005_2 uses unknown detail object type militia_rock_grass!
Material NATURE/BLENDMILGROUND005_2 uses unknown detail object type militia_rock_grass!
Material NATURE/BLENDMILGROUND008B_2 uses unknown detail object type militia_darkleaves_grass!
Material NATURE/BLENDMILGROUND005_2 uses unknown detail object type militia_rock_grass!
Material NATURE/BLENDMILGROUND008B_2 uses unknown detail object type militia_darkleaves_grass!
Material NATURE/BLENDMILGROUND005_2 uses unknown detail object type militia_rock_grass!
Material NATURE/BLENDMILGROUND008B_2 uses unknown detail object type militia_darkleaves_grass!
Material NATURE/BLENDMILGROUND008B_2 uses unknown detail object type militia_darkleaves_grass!
Material NATURE/BLENDMILGROUND008B_2 uses unknown detail object type militia_darkleaves_grass!
Material NATURE/BLENDMILGROUND005_2 uses unknown detail object type militia_rock_grass!
Material NATURE/BLENDMILGROUND005_2 uses unknown detail object type militia_rock_grass!
Material NATURE/BLENDMILGROUND005_2 uses unknown detail object type militia_rock_grass!
Material NATURE/BLENDMILGROUND008B_2 uses unknown detail object type militia_darkleaves_grass!
Material NATURE/BLENDMILGROUND005_2 uses unknown detail object type militia_rock_grass!
Material NATURE/BLENDMILGROUND008B_2 uses unknown detail object type militia_darkleaves_grass!
Material NATURE/BLENDMILGROUND005_2 uses unknown detail object type militia_rock_grass!
Material NATURE/BLENDMILGROUND008B_2 uses unknown detail object type militia_darkleaves_grass!
Material NATURE/BLENDMILGROUND005_2 uses unknown detail object type militia_rock_grass!
Material NATURE/BLENDMILGROUND008B_2 uses unknown detail object type militia_darkleaves_grass!
Material NATURE/BLENDMILGROUND005_2 uses unknown detail object type militia_rock_grass!
Material NATURE/BLENDMILGROUND008B_2 uses unknown detail object type militia_darkleaves_grass!
Material NATURE/BLENDMILGROUND005_2 uses unknown detail object type militia_rock_grass!
Material NATURE/BLENDMILGROUND005_2 uses unknown detail object type militia_rock_grass!
Material NATURE/BLENDMILGROUND008B_2 uses unknown detail object type militia_darkleaves_grass!
Material NATURE/BLENDMILGROUND005_2 uses unknown detail object type militia_rock_grass!
Material NATURE/BLENDMILGROUND008B_2 uses unknown detail object type militia_darkleaves_grass!
Material NATURE/BLENDMILGROUND005_2 uses unknown detail object type militia_rock_grass!
Material NATURE/BLENDMILGROUND008B_2 uses unknown detail object type militia_darkleaves_grass!
Material NATURE/BLENDMILGROUND005_2 uses unknown detail object type militia_rock_grass!
Material NATURE/BLENDMILGROUND008B_2 uses unknown detail object type militia_darkleaves_grass!
Material NATURE/BLENDMILGROUND005_2 uses unknown detail object type militia_rock_grass!
Material NATURE/BLENDMILGROUND008B_2 uses unknown detail object type militia_darkleaves_grass!
Material NATURE/BLENDMILGROUND005_2 uses unknown detail object type militia_rock_grass!
Material NATURE/BLENDMILGROUND005_2 uses unknown detail object type militia_rock_grass!
Material NATURE/BLENDMILGROUND008B_2 uses unknown detail object type militia_darkleaves_grass!
Material NATURE/BLENDMILGROUND005_2 uses unknown detail object type militia_rock_grass!
Material NATURE/BLENDMILGROUND005_2 uses unknown detail object type militia_rock_grass!
Material NATURE/BLENDMILGROUND005_2 uses unknown detail object type militia_rock_grass!
Material NATURE/BLENDMILGROUND008B_2 uses unknown detail object type militia_darkleaves_grass!
Material NATURE/BLENDMILGROUND005_2 uses unknown detail object type militia_rock_grass!
Material NATURE/BLENDMILGROUND008B_2 uses unknown detail object type militia_darkleaves_grass!
Material NATURE/BLENDMILGROUND005_2 uses unknown detail object type militia_rock_grass!
Material NATURE/BLENDMILGROUND008B_2 uses unknown detail object type militia_darkleaves_grass!
Material NATURE/BLENDMILGROUND005_2 uses unknown detail object type militia_rock_grass!
Material NATURE/BLENDMILGROUND005_2 uses unknown detail object type militia_rock_grass!
Material NATURE/BLENDMILGROUND008B_2 uses unknown detail object type militia_darkleaves_grass!
Material NATURE/BLENDMILGROUND005_2 uses unknown detail object type militia_rock_grass!
.10
Compacting texture/material tables...
Reduced 2650 texinfos to 1594
Reduced 188 texdatas to 156 (5666 bytes to 4450)
Writing c:\users\lorem\documents\github\school999-rolling-map\sources\maps\rp_school999_rolling.bsp
Wrote ZIP buffer, estimated size 2570993, actual size 2557379
8 seconds elapsed



materialPath: C:\SteamLibrary\steamapps\common\GarrysMod\garrysmod\materials
Loading c:\users\lorem\documents\github\school999-rolling-map\sources\maps\rp_school999_rolling.vmf
***need to set $abovewater for material dev/dev_water2_cheap
***need to set $abovewater for material dev/dev_water2_cheap
Patching WVT material: maps/rp_school999_rolling/nature/blendgrassgravel001b_wvt_patch
Patching WVT material: maps/rp_school999_rolling/nature/blendmilground008b_2_wvt_patch
Patching WVT material: maps/rp_school999_rolling/nature/blendmilground005_2_wvt_patch
fixing up env_cubemap materials on brush sides...
ProcessBlock_Thread: 0...1...2...3...4...5...6...7...8...9...10 (1)
ProcessBlock_Thread: 0...1...2...3...4...5...6...7...8...9...10 (0)
Processing areas...done (0)
Building Faces...done (0)
Chop Details...done (0)
Find Visible Detail Sides...
Merged 2250 detail faces...done (1)
Merging details...done (0)
FixTjuncs...
PruneNodes...
WriteBSP...
done (1)
writing c:\users\lorem\documents\github\school999-rolling-map\sources\maps\rp_school999_rolling.prt...
Building visibility clusters...
done (0)
Creating default LDR cubemaps for env_cubemap using skybox materials:
   skybox/skyday_universal*.vmt
 ! Run buildcubemaps in the engine to get the correct cube maps.
Creating default HDR cubemaps for env_cubemap using skybox materials:
   skybox/skyday_universal*.vmt
 ! Run buildcubemaps in the engine to get the correct cube maps.
Finding displacement neighbors...
Finding lightmap sample positions...
Displacement Alpha : 0...1...2...3...4...5...6...7...8...9...10
Building Physics collision data...
done (1) (1627309 bytes)
Placing detail props : 0...1...2...3...4...5...6...7...8...9..Material NATURE/BLENDMILGROUND008B_2 uses unknown detail object type militia_darkleaves_grass!
Material NATURE/BLENDMILGROUND005_2 uses unknown detail object type militia_rock_grass!
Material NATURE/BLENDMILGROUND005_2 uses unknown detail object type militia_rock_grass!
Material NATURE/BLENDMILGROUND008B_2 uses unknown detail object type militia_darkleaves_grass!
Material NATURE/BLENDMILGROUND005_2 uses unknown detail object type militia_rock_grass!
Material NATURE/BLENDMILGROUND008B_2 uses unknown detail object type militia_darkleaves_grass!
Material NATURE/BLENDMILGROUND005_2 uses unknown detail object type militia_rock_grass!
Material NATURE/BLENDMILGROUND008B_2 uses unknown detail object type militia_darkleaves_grass!
Material NATURE/BLENDMILGROUND008B_2 uses unknown detail object type militia_darkleaves_grass!
Material NATURE/BLENDMILGROUND008B_2 uses unknown detail object type militia_darkleaves_grass!
Material NATURE/BLENDMILGROUND005_2 uses unknown detail object type militia_rock_grass!
Material NATURE/BLENDMILGROUND005_2 uses unknown detail object type militia_rock_grass!
Material NATURE/BLENDMILGROUND005_2 uses unknown detail object type militia_rock_grass!
Material NATURE/BLENDMILGROUND008B_2 uses unknown detail object type militia_darkleaves_grass!
Material NATURE/BLENDMILGROUND005_2 uses unknown detail object type militia_rock_grass!
Material NATURE/BLENDMILGROUND008B_2 uses unknown detail object type militia_darkleaves_grass!
Material NATURE/BLENDMILGROUND005_2 uses unknown detail object type militia_rock_grass!
Material NATURE/BLENDMILGROUND008B_2 uses unknown detail object type militia_darkleaves_grass!
Material NATURE/BLENDMILGROUND005_2 uses unknown detail object type militia_rock_grass!
Material NATURE/BLENDMILGROUND008B_2 uses unknown detail object type militia_darkleaves_grass!
Material NATURE/BLENDMILGROUND005_2 uses unknown detail object type militia_rock_grass!
Material NATURE/BLENDMILGROUND008B_2 uses unknown detail object type militia_darkleaves_grass!
Material NATURE/BLENDMILGROUND005_2 uses unknown detail object type militia_rock_grass!
Material NATURE/BLENDMILGROUND005_2 uses unknown detail object type militia_rock_grass!
Material NATURE/BLENDMILGROUND008B_2 uses unknown detail object type militia_darkleaves_grass!
Material NATURE/BLENDMILGROUND005_2 uses unknown detail object type militia_rock_grass!
Material NATURE/BLENDMILGROUND008B_2 uses unknown detail object type militia_darkleaves_grass!
Material NATURE/BLENDMILGROUND005_2 uses unknown detail object type militia_rock_grass!
Material NATURE/BLENDMILGROUND008B_2 uses unknown detail object type militia_darkleaves_grass!
Material NATURE/BLENDMILGROUND005_2 uses unknown detail object type militia_rock_grass!
Material NATURE/BLENDMILGROUND008B_2 uses unknown detail object type militia_darkleaves_grass!
Material NATURE/BLENDMILGROUND005_2 uses unknown detail object type militia_rock_grass!
Material NATURE/BLENDMILGROUND008B_2 uses unknown detail object type militia_darkleaves_grass!
Material NATURE/BLENDMILGROUND005_2 uses unknown detail object type militia_rock_grass!
Material NATURE/BLENDMILGROUND005_2 uses unknown detail object type militia_rock_grass!
Material NATURE/BLENDMILGROUND008B_2 uses unknown detail object type militia_darkleaves_grass!
Material NATURE/BLENDMILGROUND005_2 uses unknown detail object type militia_rock_grass!
Material NATURE/BLENDMILGROUND005_2 uses unknown detail object type militia_rock_grass!
Material NATURE/BLENDMILGROUND005_2 uses unknown detail object type militia_rock_grass!
Material NATURE/BLENDMILGROUND008B_2 uses unknown detail object type militia_darkleaves_grass!
Material NATURE/BLENDMILGROUND005_2 uses unknown detail object type militia_rock_grass!
Material NATURE/BLENDMILGROUND008B_2 uses unknown detail object type militia_darkleaves_grass!
Material NATURE/BLENDMILGROUND005_2 uses unknown detail object type militia_rock_grass!
Material NATURE/BLENDMILGROUND008B_2 uses unknown detail object type militia_darkleaves_grass!
Material NATURE/BLENDMILGROUND005_2 uses unknown detail object type militia_rock_grass!
Material NATURE/BLENDMILGROUND005_2 uses unknown detail object type militia_rock_grass!
Material NATURE/BLENDMILGROUND008B_2 uses unknown detail object type militia_darkleaves_grass!
Material NATURE/BLENDMILGROUND005_2 uses unknown detail object type militia_rock_grass!
.10
Compacting texture/material tables...
Reduced 2653 texinfos to 1594
Reduced 188 texdatas to 156 (5666 bytes to 4450)
Writing c:\users\lorem\documents\github\school999-rolling-map\sources\maps\rp_school999_rolling.bsp
Wrote ZIP buffer, estimated size 2570993, actual size 2557379
8 seconds elapsed



materialPath: C:\SteamLibrary\steamapps\common\GarrysMod\garrysmod\materials
Loading c:\users\lorem\documents\github\school999-rolling-map\sources\maps\rp_school999_rolling.vmf
***need to set $abovewater for material dev/dev_water2_cheap
***need to set $abovewater for material dev/dev_water2_cheap
Patching WVT material: maps/rp_school999_rolling/nature/blendgrassgravel001b_wvt_patch
Patching WVT material: maps/rp_school999_rolling/nature/blendmilground008b_2_wvt_patch
Patching WVT material: maps/rp_school999_rolling/nature/blendmilground005_2_wvt_patch
fixing up env_cubemap materials on brush sides...
ProcessBlock_Thread: 0...1...2...3...4...5...6...7...8...9...10 (0)
ProcessBlock_Thread: 0...1...2...3...4...5...6...7...8...9...10 (1)
Processing areas...done (0)
Building Faces...done (0)
Chop Details...done (0)
Find Visible Detail Sides...
Merged 2244 detail faces...done (0)
Merging details...done (0)
FixTjuncs...
PruneNodes...
WriteBSP...
done (1)
writing c:\users\lorem\documents\github\school999-rolling-map\sources\maps\rp_school999_rolling.prt...
Building visibility clusters...
done (0)
Creating default LDR cubemaps for env_cubemap using skybox materials:
   skybox/skyday_universal*.vmt
 ! Run buildcubemaps in the engine to get the correct cube maps.
Creating default HDR cubemaps for env_cubemap using skybox materials:
   skybox/skyday_universal*.vmt
 ! Run buildcubemaps in the engine to get the correct cube maps.
Finding displacement neighbors...
Finding lightmap sample positions...
Displacement Alpha : 0...1...2...3...4...5...6...7...8...9...10
Building Physics collision data...
done (2) (1627309 bytes)
Placing detail props : 0...1...2...3...4...5...6...7...8...9..Material NATURE/BLENDMILGROUND008B_2 uses unknown detail object type militia_darkleaves_grass!
Material NATURE/BLENDMILGROUND005_2 uses unknown detail object type militia_rock_grass!
Material NATURE/BLENDMILGROUND005_2 uses unknown detail object type militia_rock_grass!
Material NATURE/BLENDMILGROUND008B_2 uses unknown detail object type militia_darkleaves_grass!
Material NATURE/BLENDMILGROUND005_2 uses unknown detail object type militia_rock_grass!
Material NATURE/BLENDMILGROUND008B_2 uses unknown detail object type militia_darkleaves_grass!
Material NATURE/BLENDMILGROUND005_2 uses unknown detail object type militia_rock_grass!
Material NATURE/BLENDMILGROUND008B_2 uses unknown detail object type militia_darkleaves_grass!
Material NATURE/BLENDMILGROUND008B_2 uses unknown detail object type militia_darkleaves_grass!
Material NATURE/BLENDMILGROUND008B_2 uses unknown detail object type militia_darkleaves_grass!
Material NATURE/BLENDMILGROUND005_2 uses unknown detail object type militia_rock_grass!
Material NATURE/BLENDMILGROUND005_2 uses unknown detail object type militia_rock_grass!
Material NATURE/BLENDMILGROUND005_2 uses unknown detail object type militia_rock_grass!
Material NATURE/BLENDMILGROUND008B_2 uses unknown detail object type militia_darkleaves_grass!
Material NATURE/BLENDMILGROUND005_2 uses unknown detail object type militia_rock_grass!
Material NATURE/BLENDMILGROUND008B_2 uses unknown detail object type militia_darkleaves_grass!
Material NATURE/BLENDMILGROUND005_2 uses unknown detail object type militia_rock_grass!
Material NATURE/BLENDMILGROUND008B_2 uses unknown detail object type militia_darkleaves_grass!
Material NATURE/BLENDMILGROUND005_2 uses unknown detail object type militia_rock_grass!
Material NATURE/BLENDMILGROUND008B_2 uses unknown detail object type militia_darkleaves_grass!
Material NATURE/BLENDMILGROUND005_2 uses unknown detail object type militia_rock_grass!
Material NATURE/BLENDMILGROUND008B_2 uses unknown detail object type militia_darkleaves_grass!
Material NATURE/BLENDMILGROUND005_2 uses unknown detail object type militia_rock_grass!
Material NATURE/BLENDMILGROUND005_2 uses unknown detail object type militia_rock_grass!
Material NATURE/BLENDMILGROUND008B_2 uses unknown detail object type militia_darkleaves_grass!
Material NATURE/BLENDMILGROUND005_2 uses unknown detail object type militia_rock_grass!
Material NATURE/BLENDMILGROUND008B_2 uses unknown detail object type militia_darkleaves_grass!
Material NATURE/BLENDMILGROUND005_2 uses unknown detail object type militia_rock_grass!
Material NATURE/BLENDMILGROUND008B_2 uses unknown detail object type militia_darkleaves_grass!
Material NATURE/BLENDMILGROUND005_2 uses unknown detail object type militia_rock_grass!
Material NATURE/BLENDMILGROUND008B_2 uses unknown detail object type militia_darkleaves_grass!
Material NATURE/BLENDMILGROUND005_2 uses unknown detail object type militia_rock_grass!
Material NATURE/BLENDMILGROUND008B_2 uses unknown detail object type militia_darkleaves_grass!
Material NATURE/BLENDMILGROUND005_2 uses unknown detail object type militia_rock_grass!
Material NATURE/BLENDMILGROUND005_2 uses unknown detail object type militia_rock_grass!
Material NATURE/BLENDMILGROUND008B_2 uses unknown detail object type militia_darkleaves_grass!
Material NATURE/BLENDMILGROUND005_2 uses unknown detail object type militia_rock_grass!
Material NATURE/BLENDMILGROUND005_2 uses unknown detail object type militia_rock_grass!
Material NATURE/BLENDMILGROUND005_2 uses unknown detail object type militia_rock_grass!
Material NATURE/BLENDMILGROUND008B_2 uses unknown detail object type militia_darkleaves_grass!
Material NATURE/BLENDMILGROUND005_2 uses unknown detail object type militia_rock_grass!
Material NATURE/BLENDMILGROUND008B_2 uses unknown detail object type militia_darkleaves_grass!
Material NATURE/BLENDMILGROUND005_2 uses unknown detail object type militia_rock_grass!
Material NATURE/BLENDMILGROUND008B_2 uses unknown detail object type militia_darkleaves_grass!
Material NATURE/BLENDMILGROUND005_2 uses unknown detail object type militia_rock_grass!
Material NATURE/BLENDMILGROUND005_2 uses unknown detail object type militia_rock_grass!
Material NATURE/BLENDMILGROUND008B_2 uses unknown detail object type militia_darkleaves_grass!
Material NATURE/BLENDMILGROUND005_2 uses unknown detail object type militia_rock_grass!
.10
Compacting texture/material tables...
Reduced 2714 texinfos to 1648
Reduced 234 texdatas to 192 (8601 bytes to 6767)
Writing c:\users\lorem\documents\github\school999-rolling-map\sources\maps\rp_school999_rolling.bsp
Wrote ZIP buffer, estimated size 6731225, actual size 6699789
8 seconds elapsed



materialPath: C:\SteamLibrary\steamapps\common\GarrysMod\garrysmod\materials
Loading c:\users\lorem\documents\github\school999-rolling-map\sources\maps\rp_school999_rolling.vmf
Patching WVT material: maps/rp_school999_rolling/nature/blendgrassgravel001b_wvt_patch
Patching WVT material: maps/rp_school999_rolling/nature/blendmilground008b_2_wvt_patch
Patching WVT material: maps/rp_school999_rolling/nature/blendmilground005_2_wvt_patch
fixing up env_cubemap materials on brush sides...
ProcessBlock_Thread: 0...1...2...3...4...5...6...7...8...9...10 (1)
ProcessBlock_Thread: 0...1...2...3...4...5...6...7...8...9...10 (0)
Processing areas...done (0)
Building Faces...done (0)
Chop Details...done (1)
Find Visible Detail Sides...
Merged 2244 detail faces...done (1)
Merging details...done (0)
FixTjuncs...
PruneNodes...
WriteBSP...
done (1)
writing c:\users\lorem\documents\github\school999-rolling-map\sources\maps\rp_school999_rolling.prt...
Building visibility clusters...
done (0)
Creating default LDR cubemaps for env_cubemap using skybox materials:
   skybox/skyday_universal*.vmt
 ! Run buildcubemaps in the engine to get the correct cube maps.
Creating default HDR cubemaps for env_cubemap using skybox materials:
   skybox/skyday_universal*.vmt
 ! Run buildcubemaps in the engine to get the correct cube maps.
Finding displacement neighbors...
Finding lightmap sample positions...
Displacement Alpha : 0...1...2...3...4...5...6...7...8...9...10
Building Physics collision data...
done (1) (1628249 bytes)
Placing detail props : 0...1...2...3...4...5...6...7...8...9..Material NATURE/BLENDMILGROUND008B_2 uses unknown detail object type militia_darkleaves_grass!
Material NATURE/BLENDMILGROUND005_2 uses unknown detail object type militia_rock_grass!
Material NATURE/BLENDMILGROUND005_2 uses unknown detail object type militia_rock_grass!
Material NATURE/BLENDMILGROUND008B_2 uses unknown detail object type militia_darkleaves_grass!
Material NATURE/BLENDMILGROUND005_2 uses unknown detail object type militia_rock_grass!
Material NATURE/BLENDMILGROUND008B_2 uses unknown detail object type militia_darkleaves_grass!
Material NATURE/BLENDMILGROUND005_2 uses unknown detail object type militia_rock_grass!
Material NATURE/BLENDMILGROUND008B_2 uses unknown detail object type militia_darkleaves_grass!
Material NATURE/BLENDMILGROUND008B_2 uses unknown detail object type militia_darkleaves_grass!
Material NATURE/BLENDMILGROUND008B_2 uses unknown detail object type militia_darkleaves_grass!
Material NATURE/BLENDMILGROUND005_2 uses unknown detail object type militia_rock_grass!
Material NATURE/BLENDMILGROUND005_2 uses unknown detail object type militia_rock_grass!
Material NATURE/BLENDMILGROUND005_2 uses unknown detail object type militia_rock_grass!
Material NATURE/BLENDMILGROUND008B_2 uses unknown detail object type militia_darkleaves_grass!
Material NATURE/BLENDMILGROUND005_2 uses unknown detail object type militia_rock_grass!
Material NATURE/BLENDMILGROUND008B_2 uses unknown detail object type militia_darkleaves_grass!
Material NATURE/BLENDMILGROUND005_2 uses unknown detail object type militia_rock_grass!
Material NATURE/BLENDMILGROUND008B_2 uses unknown detail object type militia_darkleaves_grass!
Material NATURE/BLENDMILGROUND005_2 uses unknown detail object type militia_rock_grass!
Material NATURE/BLENDMILGROUND008B_2 uses unknown detail object type militia_darkleaves_grass!
Material NATURE/BLENDMILGROUND005_2 uses unknown detail object type militia_rock_grass!
Material NATURE/BLENDMILGROUND008B_2 uses unknown detail object type militia_darkleaves_grass!
Material NATURE/BLENDMILGROUND005_2 uses unknown detail object type militia_rock_grass!
Material NATURE/BLENDMILGROUND005_2 uses unknown detail object type militia_rock_grass!
Material NATURE/BLENDMILGROUND008B_2 uses unknown detail object type militia_darkleaves_grass!
Material NATURE/BLENDMILGROUND005_2 uses unknown detail object type militia_rock_grass!
Material NATURE/BLENDMILGROUND008B_2 uses unknown detail object type militia_darkleaves_grass!
Material NATURE/BLENDMILGROUND005_2 uses unknown detail object type militia_rock_grass!
Material NATURE/BLENDMILGROUND008B_2 uses unknown detail object type militia_darkleaves_grass!
Material NATURE/BLENDMILGROUND005_2 uses unknown detail object type militia_rock_grass!
Material NATURE/BLENDMILGROUND008B_2 uses unknown detail object type militia_darkleaves_grass!
Material NATURE/BLENDMILGROUND005_2 uses unknown detail object type militia_rock_grass!
Material NATURE/BLENDMILGROUND008B_2 uses unknown detail object type militia_darkleaves_grass!
Material NATURE/BLENDMILGROUND005_2 uses unknown detail object type militia_rock_grass!
Material NATURE/BLENDMILGROUND005_2 uses unknown detail object type militia_rock_grass!
Material NATURE/BLENDMILGROUND008B_2 uses unknown detail object type militia_darkleaves_grass!
Material NATURE/BLENDMILGROUND005_2 uses unknown detail object type militia_rock_grass!
Material NATURE/BLENDMILGROUND005_2 uses unknown detail object type militia_rock_grass!
Material NATURE/BLENDMILGROUND005_2 uses unknown detail object type militia_rock_grass!
Material NATURE/BLENDMILGROUND008B_2 uses unknown detail object type militia_darkleaves_grass!
Material NATURE/BLENDMILGROUND005_2 uses unknown detail object type militia_rock_grass!
Material NATURE/BLENDMILGROUND008B_2 uses unknown detail object type militia_darkleaves_grass!
Material NATURE/BLENDMILGROUND005_2 uses unknown detail object type militia_rock_grass!
Material NATURE/BLENDMILGROUND008B_2 uses unknown detail object type militia_darkleaves_grass!
Material NATURE/BLENDMILGROUND005_2 uses unknown detail object type militia_rock_grass!
Material NATURE/BLENDMILGROUND005_2 uses unknown detail object type militia_rock_grass!
Material NATURE/BLENDMILGROUND008B_2 uses unknown detail object type militia_darkleaves_grass!
Material NATURE/BLENDMILGROUND005_2 uses unknown detail object type militia_rock_grass!
.10
Compacting texture/material tables...
Reduced 2716 texinfos to 1647
Reduced 231 texdatas to 191 (8500 bytes to 6726)
Writing c:\users\lorem\documents\github\school999-rolling-map\sources\maps\rp_school999_rolling.bsp
Wrote ZIP buffer, estimated size 6837064, actual size 6805360
8 seconds elapsed



materialPath: C:\SteamLibrary\steamapps\common\GarrysMod\garrysmod\materials
Loading c:\users\lorem\documents\github\school999-rolling-map\sources\maps\rp_school999_rolling.vmf
Patching WVT material: maps/rp_school999_rolling/nature/blendgrassgravel001b_wvt_patch
Patching WVT material: maps/rp_school999_rolling/nature/blendmilground008b_2_wvt_patch
Patching WVT material: maps/rp_school999_rolling/nature/blendmilground005_2_wvt_patch
fixing up env_cubemap materials on brush sides...
ProcessBlock_Thread: 0...1...2...3...4...5...6...7...8...9...10 (1)
ProcessBlock_Thread: 0...1...2...3...4...5...6...7...8...9...10 (0)
Processing areas...done (0)
Building Faces...done (0)
Chop Details...done (0)
Find Visible Detail Sides...
Merged 2244 detail faces...done (1)
Merging details...done (0)
FixTjuncs...
PruneNodes...
WriteBSP...
done (1)
writing c:\users\lorem\documents\github\school999-rolling-map\sources\maps\rp_school999_rolling.prt...
Building visibility clusters...
done (0)
Creating default LDR cubemaps for env_cubemap using skybox materials:
   skybox/skyday_universal*.vmt
 ! Run buildcubemaps in the engine to get the correct cube maps.
Creating default HDR cubemaps for env_cubemap using skybox materials:
   skybox/skyday_universal*.vmt
 ! Run buildcubemaps in the engine to get the correct cube maps.
Finding displacement neighbors...
Finding lightmap sample positions...
Displacement Alpha : 0...1...2...3...4...5...6...7...8...9...10
Building Physics collision data...
done (1) (1631385 bytes)
Placing detail props : 0...1...2...3...4...5...6...7...8...9..Material NATURE/BLENDMILGROUND008B_2 uses unknown detail object type militia_darkleaves_grass!
Material NATURE/BLENDMILGROUND005_2 uses unknown detail object type militia_rock_grass!
Material NATURE/BLENDMILGROUND005_2 uses unknown detail object type militia_rock_grass!
Material NATURE/BLENDMILGROUND008B_2 uses unknown detail object type militia_darkleaves_grass!
Material NATURE/BLENDMILGROUND005_2 uses unknown detail object type militia_rock_grass!
Material NATURE/BLENDMILGROUND008B_2 uses unknown detail object type militia_darkleaves_grass!
Material NATURE/BLENDMILGROUND005_2 uses unknown detail object type militia_rock_grass!
Material NATURE/BLENDMILGROUND008B_2 uses unknown detail object type militia_darkleaves_grass!
Material NATURE/BLENDMILGROUND008B_2 uses unknown detail object type militia_darkleaves_grass!
Material NATURE/BLENDMILGROUND008B_2 uses unknown detail object type militia_darkleaves_grass!
Material NATURE/BLENDMILGROUND005_2 uses unknown detail object type militia_rock_grass!
Material NATURE/BLENDMILGROUND005_2 uses unknown detail object type militia_rock_grass!
Material NATURE/BLENDMILGROUND005_2 uses unknown detail object type militia_rock_grass!
Material NATURE/BLENDMILGROUND008B_2 uses unknown detail object type militia_darkleaves_grass!
Material NATURE/BLENDMILGROUND005_2 uses unknown detail object type militia_rock_grass!
Material NATURE/BLENDMILGROUND008B_2 uses unknown detail object type militia_darkleaves_grass!
Material NATURE/BLENDMILGROUND005_2 uses unknown detail object type militia_rock_grass!
Material NATURE/BLENDMILGROUND008B_2 uses unknown detail object type militia_darkleaves_grass!
Material NATURE/BLENDMILGROUND005_2 uses unknown detail object type militia_rock_grass!
Material NATURE/BLENDMILGROUND008B_2 uses unknown detail object type militia_darkleaves_grass!
Material NATURE/BLENDMILGROUND005_2 uses unknown detail object type militia_rock_grass!
Material NATURE/BLENDMILGROUND008B_2 uses unknown detail object type militia_darkleaves_grass!
Material NATURE/BLENDMILGROUND005_2 uses unknown detail object type militia_rock_grass!
Material NATURE/BLENDMILGROUND005_2 uses unknown detail object type militia_rock_grass!
Material NATURE/BLENDMILGROUND008B_2 uses unknown detail object type militia_darkleaves_grass!
Material NATURE/BLENDMILGROUND005_2 uses unknown detail object type militia_rock_grass!
Material NATURE/BLENDMILGROUND008B_2 uses unknown detail object type militia_darkleaves_grass!
Material NATURE/BLENDMILGROUND005_2 uses unknown detail object type militia_rock_grass!
Material NATURE/BLENDMILGROUND008B_2 uses unknown detail object type militia_darkleaves_grass!
Material NATURE/BLENDMILGROUND005_2 uses unknown detail object type militia_rock_grass!
Material NATURE/BLENDMILGROUND008B_2 uses unknown detail object type militia_darkleaves_grass!
Material NATURE/BLENDMILGROUND005_2 uses unknown detail object type militia_rock_grass!
Material NATURE/BLENDMILGROUND008B_2 uses unknown detail object type militia_darkleaves_grass!
Material NATURE/BLENDMILGROUND005_2 uses unknown detail object type militia_rock_grass!
Material NATURE/BLENDMILGROUND005_2 uses unknown detail object type militia_rock_grass!
Material NATURE/BLENDMILGROUND008B_2 uses unknown detail object type militia_darkleaves_grass!
Material NATURE/BLENDMILGROUND005_2 uses unknown detail object type militia_rock_grass!
Material NATURE/BLENDMILGROUND005_2 uses unknown detail object type militia_rock_grass!
Material NATURE/BLENDMILGROUND005_2 uses unknown detail object type militia_rock_grass!
Material NATURE/BLENDMILGROUND008B_2 uses unknown detail object type militia_darkleaves_grass!
Material NATURE/BLENDMILGROUND005_2 uses unknown detail object type militia_rock_grass!
Material NATURE/BLENDMILGROUND008B_2 uses unknown detail object type militia_darkleaves_grass!
Material NATURE/BLENDMILGROUND005_2 uses unknown detail object type militia_rock_grass!
Material NATURE/BLENDMILGROUND008B_2 uses unknown detail object type militia_darkleaves_grass!
Material NATURE/BLENDMILGROUND005_2 uses unknown detail object type militia_rock_grass!
Material NATURE/BLENDMILGROUND005_2 uses unknown detail object type militia_rock_grass!
Material NATURE/BLENDMILGROUND008B_2 uses unknown detail object type militia_darkleaves_grass!
Material NATURE/BLENDMILGROUND005_2 uses unknown detail object type militia_rock_grass!
.10
Compacting texture/material tables...
Reduced 2716 texinfos to 1647
Reduced 231 texdatas to 191 (8500 bytes to 6726)
Writing c:\users\lorem\documents\github\school999-rolling-map\sources\maps\rp_school999_rolling.bsp
Wrote ZIP buffer, estimated size 6837064, actual size 6805360
8 seconds elapsed



materialPath: C:\SteamLibrary\steamapps\common\GarrysMod\garrysmod\materials
Loading c:\users\lorem\documents\github\school999-rolling-map\sources\maps\rp_school999_rolling.vmf
Patching WVT material: maps/rp_school999_rolling/nature/blendgrassgravel001b_wvt_patch
Patching WVT material: maps/rp_school999_rolling/nature/blendmilground008b_2_wvt_patch
Patching WVT material: maps/rp_school999_rolling/nature/blendmilground005_2_wvt_patch
fixing up env_cubemap materials on brush sides...
ProcessBlock_Thread: 0...1...2...3...4...5...6...7...8...9...10 (0)
ProcessBlock_Thread: 0...1...2...3...4...5...6...7...8...9...10 (1)
Processing areas...done (0)
Building Faces...done (0)
Chop Details...done (0)
Find Visible Detail Sides...
Merged 2244 detail faces...done (0)
Merging details...done (0)
FixTjuncs...
PruneNodes...
WriteBSP...
done (1)
writing c:\users\lorem\documents\github\school999-rolling-map\sources\maps\rp_school999_rolling.prt...
Building visibility clusters...
done (0)
Creating default LDR cubemaps for env_cubemap using skybox materials:
   skybox/skyday_universal*.vmt
 ! Run buildcubemaps in the engine to get the correct cube maps.
Creating default HDR cubemaps for env_cubemap using skybox materials:
   skybox/skyday_universal*.vmt
 ! Run buildcubemaps in the engine to get the correct cube maps.
Finding displacement neighbors...
Finding lightmap sample positions...
Displacement Alpha : 0...1...2...3...4...5...6...7...8...9...10
Building Physics collision data...
done (2) (1631878 bytes)
Placing detail props : 0...1...2...3...4...5...6...7...8...9..Material NATURE/BLENDMILGROUND008B_2 uses unknown detail object type militia_darkleaves_grass!
Material NATURE/BLENDMILGROUND005_2 uses unknown detail object type militia_rock_grass!
Material NATURE/BLENDMILGROUND005_2 uses unknown detail object type militia_rock_grass!
Material NATURE/BLENDMILGROUND008B_2 uses unknown detail object type militia_darkleaves_grass!
Material NATURE/BLENDMILGROUND005_2 uses unknown detail object type militia_rock_grass!
Material NATURE/BLENDMILGROUND008B_2 uses unknown detail object type militia_darkleaves_grass!
Material NATURE/BLENDMILGROUND005_2 uses unknown detail object type militia_rock_grass!
Material NATURE/BLENDMILGROUND008B_2 uses unknown detail object type militia_darkleaves_grass!
Material NATURE/BLENDMILGROUND008B_2 uses unknown detail object type militia_darkleaves_grass!
Material NATURE/BLENDMILGROUND008B_2 uses unknown detail object type militia_darkleaves_grass!
Material NATURE/BLENDMILGROUND005_2 uses unknown detail object type militia_rock_grass!
Material NATURE/BLENDMILGROUND005_2 uses unknown detail object type militia_rock_grass!
Material NATURE/BLENDMILGROUND005_2 uses unknown detail object type militia_rock_grass!
Material NATURE/BLENDMILGROUND008B_2 uses unknown detail object type militia_darkleaves_grass!
Material NATURE/BLENDMILGROUND005_2 uses unknown detail object type militia_rock_grass!
Material NATURE/BLENDMILGROUND008B_2 uses unknown detail object type militia_darkleaves_grass!
Material NATURE/BLENDMILGROUND005_2 uses unknown detail object type militia_rock_grass!
Material NATURE/BLENDMILGROUND008B_2 uses unknown detail object type militia_darkleaves_grass!
Material NATURE/BLENDMILGROUND005_2 uses unknown detail object type militia_rock_grass!
Material NATURE/BLENDMILGROUND008B_2 uses unknown detail object type militia_darkleaves_grass!
Material NATURE/BLENDMILGROUND005_2 uses unknown detail object type militia_rock_grass!
Material NATURE/BLENDMILGROUND008B_2 uses unknown detail object type militia_darkleaves_grass!
Material NATURE/BLENDMILGROUND005_2 uses unknown detail object type militia_rock_grass!
Material NATURE/BLENDMILGROUND005_2 uses unknown detail object type militia_rock_grass!
Material NATURE/BLENDMILGROUND008B_2 uses unknown detail object type militia_darkleaves_grass!
Material NATURE/BLENDMILGROUND005_2 uses unknown detail object type militia_rock_grass!
Material NATURE/BLENDMILGROUND008B_2 uses unknown detail object type militia_darkleaves_grass!
Material NATURE/BLENDMILGROUND005_2 uses unknown detail object type militia_rock_grass!
Material NATURE/BLENDMILGROUND008B_2 uses unknown detail object type militia_darkleaves_grass!
Material NATURE/BLENDMILGROUND005_2 uses unknown detail object type militia_rock_grass!
Material NATURE/BLENDMILGROUND008B_2 uses unknown detail object type militia_darkleaves_grass!
Material NATURE/BLENDMILGROUND005_2 uses unknown detail object type militia_rock_grass!
Material NATURE/BLENDMILGROUND008B_2 uses unknown detail object type militia_darkleaves_grass!
Material NATURE/BLENDMILGROUND005_2 uses unknown detail object type militia_rock_grass!
Material NATURE/BLENDMILGROUND005_2 uses unknown detail object type militia_rock_grass!
Material NATURE/BLENDMILGROUND008B_2 uses unknown detail object type militia_darkleaves_grass!
Material NATURE/BLENDMILGROUND005_2 uses unknown detail object type militia_rock_grass!
Material NATURE/BLENDMILGROUND005_2 uses unknown detail object type militia_rock_grass!
Material NATURE/BLENDMILGROUND005_2 uses unknown detail object type militia_rock_grass!
Material NATURE/BLENDMILGROUND008B_2 uses unknown detail object type militia_darkleaves_grass!
Material NATURE/BLENDMILGROUND005_2 uses unknown detail object type militia_rock_grass!
Material NATURE/BLENDMILGROUND008B_2 uses unknown detail object type militia_darkleaves_grass!
Material NATURE/BLENDMILGROUND005_2 uses unknown detail object type militia_rock_grass!
Material NATURE/BLENDMILGROUND008B_2 uses unknown detail object type militia_darkleaves_grass!
Material NATURE/BLENDMILGROUND005_2 uses unknown detail object type militia_rock_grass!
Material NATURE/BLENDMILGROUND005_2 uses unknown detail object type militia_rock_grass!
Material NATURE/BLENDMILGROUND008B_2 uses unknown detail object type militia_darkleaves_grass!
Material NATURE/BLENDMILGROUND005_2 uses unknown detail object type militia_rock_grass!
.10
Compacting texture/material tables...
Reduced 2719 texinfos to 1647
Reduced 231 texdatas to 191 (8500 bytes to 6726)
Writing c:\users\lorem\documents\github\school999-rolling-map\sources\maps\rp_school999_rolling.bsp
Wrote ZIP buffer, estimated size 6837064, actual size 6805360
8 seconds elapsed



[Reading texlights from 'lights.rad']
[51 texlights parsed from 'lights.rad']
Loading c:\users\lorem\documents\github\school999-rolling-map\sources\maps\rp_school999_rolling.bsp
No vis information, direct lighting only.
BuildFacelights:     0...1...2...3...4...5...6...7..
WARNING: Too many light styles on a face at (2055.775146, -6335.000000, 182.274994)

WARNING: Too many light styles on a face at (1055.000000, -4221.549805, 121.549988)
.8
WARNING: Too many light styles on a face at (-728.000000, -4856.000000, -7.000000)
.
WARNING: Too many light styles on a face at (1527.775024, -6335.000000, 182.274994)

WARNING: Too many light styles on a face at (2023.775146, -6335.000000, 182.274994)

WARNING: Too many light styles on a face at (1351.550049, -6335.000000, 182.274994)
..9
WARNING: Too many light styles on a face at (-1480.000000, -4768.000000, -7.000000)

WARNING: Too many light styles on a face at (-1272.000000, -4800.000000, -7.000000)

WARNING: Too many light styles on a face at (-1274.000000, -4472.000000, -7.000000)

WARNING: Too many light styles on a face at (-1064.000000, -4764.000000, -7.000000)

WARNING: Too many light styles on a face at (-1269.000000, -4568.000000, -4.000000)

WARNING: Too many light styles on a face at (-1480.000000, -4568.000000, -7.000000)
.
WARNING: Too many light styles on a face at (-2200.000000, -4552.000000, 111.000000)

WARNING: Too many light styles on a face at (-2635.000000, -4424.000000, 84.000000)

WARNING: Too many light styles on a face at (-2635.000000, -4792.000000, 84.000000)

WARNING: Too many light styles on a face at (-2264.000000, -4488.000000, -7.000000)

WARNING: Too many light styles on a face at (-2264.000000, -4664.000000, -7.000000)

WARNING: Too many light styles on a face at (-2152.000000, -4456.000000, -7.000000)
.
WARNING: Too many light styles on a face at (-2216.100098, -4462.350098, -7.000000)

WARNING: Too many light styles on a face at (-2635.000000, -4424.000000, 34.000000)

WARNING: Too many light styles on a face at (-2635.000000, -4792.000000, 34.000000)
.10 (45)
Build Patch/Sample Hash Table(s).....Done<0.1666 sec>
FinalLightFace:      0...1...2...3...4...5...6...7...8...9...10 (6)
FinalLightFace Done
Computing detail prop lighting : 0...1...2...3...4...5...6...7...8...9...10
0 of 0 (0% of) surface lights went in leaf ambient cubes.
ThreadComputeLeafAmbient: 0...1...2...3...4...5...6...7...8...9...10 (23)
Writing leaf ambient...done
Ready to Finish

Object names       Objects/Maxobjs  Memory / Maxmem  Fullness 
------------       ---------------  ---------------  -------- 
models                 161/4096         7728/196608   ( 3.9%) 
brushes               4925/65535       59100/786420   ( 7.5%) 
brushsides           37103/655350     296824/5242800  ( 5.7%) 
planes               10850/65536      217000/1310720  (16.6%) 
vertexes             24910/65536      298920/786432   (38.0%) 
nodes                 6122/65536      195904/2097152  ( 9.3%) 
texinfos              1647/16384      118584/1179648  (10.1%) 
texdata                191/8192         6112/262144   ( 2.3%) 
dispinfos               64/0           11264/0        ( 0.0%) 
disp_verts            4792/0           95840/0        ( 0.0%) 
disp_tris             7520/0           15040/0        ( 0.0%) 
disp_multiblend          0/0               0/0        ( 0.0%) 
disp_lmsamples      585168/0          585168/0        ( 0.0%) 
faces                14611/65536      818216/3670016  (22.3%) 
hdr faces                0/65536           0/3670016  ( 0.0%) 
origfaces             9048/65536      506688/3670016  (13.8%) 
leaves                6284/65536      201088/2097152  ( 9.6%) 
leaffaces            17888/65536       35776/131072   (27.3%) 
leafbrushes           8675/65536       17350/131072   (13.2%) 
areas                    3/1024           24/8192     ( 0.3%) 
surfedges           103648/512000     414592/2048000  (20.2%) 
edges                63507/256000     254028/1024000  (24.8%) 
LDR worldlights        690/8192        60720/720896   ( 8.4%) 
HDR worldlights          0/8192            0/720896   ( 0.0%) 
leafwaterdata            3/32768          36/393216   ( 0.0%) 
waterstrips           1469/32768       14690/327680   ( 4.5%) 
waterverts               0/65536           0/786432   ( 0.0%) 
waterindices         25641/65536       51282/131072   (39.1%) 
cubemapsamples          63/1024         1008/16384    ( 6.2%) 
overlays                 0/8192            0/2883584  ( 0.0%) 
LDR lightdata         [variable]    21536964/0        ( 0.0%) 
HDR lightdata         [variable]           0/0        ( 0.0%) 
visdata               [variable]           0/16777216 ( 0.0%) 
entdata               [variable]      482858/4194304  (11.5%) 
LDR ambient table     6284/65536       25136/262144   ( 9.6%) 
HDR ambient table     6284/65536       25136/262144   ( 9.6%) 
LDR leaf ambient     25582/65536      716296/1835008  (39.0%) 
HDR leaf ambient      6284/65536      175952/1835008  ( 9.6%) 
occluders                0/0               0/0        ( 0.0%) 
occluder polygons        0/0               0/0        ( 0.0%) 
occluder vert ind        0/0               0/0        ( 0.0%) 
detail props          [variable]      279216/0        ( 0.0%) 
dtl prp lght          [variable]           4/0        ( 0.0%) 
HDR dtl prp lght      [variable]           4/0        ( 0.0%) 
static props          [variable]       51208/0        ( 0.0%) 
static prop count      643/16384           0/0        ( 3.9%) 
pakfile               [variable]     6805360/0        ( 0.0%) 
physics               [variable]     1631878/4194304  (38.9%) 
physics terrain       [variable]       19200/1048576  ( 1.8%) 

Level flags = 0

Total triangle count: 38679
Writing c:\users\lorem\documents\github\school999-rolling-map\sources\maps\rp_school999_rolling.bsp
1 minute, 23 seconds elapsed




materialPath: C:\SteamLibrary\steamapps\common\GarrysMod\garrysmod\materials
Loading c:\users\lorem\documents\github\school999-rolling-map\sources\maps\rp_school999_rolling.vmf
Patching WVT material: maps/rp_school999_rolling/nature/blendgrassgravel001b_wvt_patch
Patching WVT material: maps/rp_school999_rolling/nature/blendmilground008b_2_wvt_patch
Patching WVT material: maps/rp_school999_rolling/nature/blendmilground005_2_wvt_patch
fixing up env_cubemap materials on brush sides...
ProcessBlock_Thread: 0...1...2...3...4...5...6...7...8...9...10 (0)
ProcessBlock_Thread: 0...1...2...3...4...5...6...7...8...9...10 (0)
Processing areas...done (0)
Building Faces...done (0)
Chop Details...done (0)
Find Visible Detail Sides...
Merged 2244 detail faces...done (1)
Merging details...done (0)
FixTjuncs...
PruneNodes...
WriteBSP...
done (1)
writing c:\users\lorem\documents\github\school999-rolling-map\sources\maps\rp_school999_rolling.prt...
Building visibility clusters...
done (0)
Creating default LDR cubemaps for env_cubemap using skybox materials:
   skybox/skyday_universal*.vmt
 ! Run buildcubemaps in the engine to get the correct cube maps.
Creating default HDR cubemaps for env_cubemap using skybox materials:
   skybox/skyday_universal*.vmt
 ! Run buildcubemaps in the engine to get the correct cube maps.
Finding displacement neighbors...
Finding lightmap sample positions...
Displacement Alpha : 0...1...2...3...4...5...6...7...8...9...10
Building Physics collision data...
done (1) (1637553 bytes)
Placing detail props : 0...1...2...3...4...5...6...7...8...9..Material NATURE/BLENDMILGROUND008B_2 uses unknown detail object type militia_darkleaves_grass!
Material NATURE/BLENDMILGROUND005_2 uses unknown detail object type militia_rock_grass!
Material NATURE/BLENDMILGROUND005_2 uses unknown detail object type militia_rock_grass!
Material NATURE/BLENDMILGROUND008B_2 uses unknown detail object type militia_darkleaves_grass!
Material NATURE/BLENDMILGROUND005_2 uses unknown detail object type militia_rock_grass!
Material NATURE/BLENDMILGROUND008B_2 uses unknown detail object type militia_darkleaves_grass!
Material NATURE/BLENDMILGROUND005_2 uses unknown detail object type militia_rock_grass!
Material NATURE/BLENDMILGROUND008B_2 uses unknown detail object type militia_darkleaves_grass!
Material NATURE/BLENDMILGROUND008B_2 uses unknown detail object type militia_darkleaves_grass!
Material NATURE/BLENDMILGROUND008B_2 uses unknown detail object type militia_darkleaves_grass!
Material NATURE/BLENDMILGROUND005_2 uses unknown detail object type militia_rock_grass!
Material NATURE/BLENDMILGROUND005_2 uses unknown detail object type militia_rock_grass!
Material NATURE/BLENDMILGROUND005_2 uses unknown detail object type militia_rock_grass!
Material NATURE/BLENDMILGROUND008B_2 uses unknown detail object type militia_darkleaves_grass!
Material NATURE/BLENDMILGROUND005_2 uses unknown detail object type militia_rock_grass!
Material NATURE/BLENDMILGROUND008B_2 uses unknown detail object type militia_darkleaves_grass!
Material NATURE/BLENDMILGROUND005_2 uses unknown detail object type militia_rock_grass!
Material NATURE/BLENDMILGROUND008B_2 uses unknown detail object type militia_darkleaves_grass!
Material NATURE/BLENDMILGROUND005_2 uses unknown detail object type militia_rock_grass!
Material NATURE/BLENDMILGROUND008B_2 uses unknown detail object type militia_darkleaves_grass!
Material NATURE/BLENDMILGROUND005_2 uses unknown detail object type militia_rock_grass!
Material NATURE/BLENDMILGROUND008B_2 uses unknown detail object type militia_darkleaves_grass!
Material NATURE/BLENDMILGROUND005_2 uses unknown detail object type militia_rock_grass!
Material NATURE/BLENDMILGROUND005_2 uses unknown detail object type militia_rock_grass!
Material NATURE/BLENDMILGROUND008B_2 uses unknown detail object type militia_darkleaves_grass!
Material NATURE/BLENDMILGROUND005_2 uses unknown detail object type militia_rock_grass!
Material NATURE/BLENDMILGROUND008B_2 uses unknown detail object type militia_darkleaves_grass!
Material NATURE/BLENDMILGROUND005_2 uses unknown detail object type militia_rock_grass!
Material NATURE/BLENDMILGROUND008B_2 uses unknown detail object type militia_darkleaves_grass!
Material NATURE/BLENDMILGROUND005_2 uses unknown detail object type militia_rock_grass!
Material NATURE/BLENDMILGROUND008B_2 uses unknown detail object type militia_darkleaves_grass!
Material NATURE/BLENDMILGROUND005_2 uses unknown detail object type militia_rock_grass!
Material NATURE/BLENDMILGROUND008B_2 uses unknown detail object type militia_darkleaves_grass!
Material NATURE/BLENDMILGROUND005_2 uses unknown detail object type militia_rock_grass!
Material NATURE/BLENDMILGROUND005_2 uses unknown detail object type militia_rock_grass!
Material NATURE/BLENDMILGROUND008B_2 uses unknown detail object type militia_darkleaves_grass!
Material NATURE/BLENDMILGROUND005_2 uses unknown detail object type militia_rock_grass!
Material NATURE/BLENDMILGROUND005_2 uses unknown detail object type militia_rock_grass!
Material NATURE/BLENDMILGROUND005_2 uses unknown detail object type militia_rock_grass!
Material NATURE/BLENDMILGROUND008B_2 uses unknown detail object type militia_darkleaves_grass!
Material NATURE/BLENDMILGROUND005_2 uses unknown detail object type militia_rock_grass!
Material NATURE/BLENDMILGROUND008B_2 uses unknown detail object type militia_darkleaves_grass!
Material NATURE/BLENDMILGROUND005_2 uses unknown detail object type militia_rock_grass!
Material NATURE/BLENDMILGROUND008B_2 uses unknown detail object type militia_darkleaves_grass!
Material NATURE/BLENDMILGROUND005_2 uses unknown detail object type militia_rock_grass!
Material NATURE/BLENDMILGROUND005_2 uses unknown detail object type militia_rock_grass!
Material NATURE/BLENDMILGROUND008B_2 uses unknown detail object type militia_darkleaves_grass!
Material NATURE/BLENDMILGROUND005_2 uses unknown detail object type militia_rock_grass!
.10
Compacting texture/material tables...
Reduced 2750 texinfos to 1647
Reduced 231 texdatas to 191 (8500 bytes to 6726)
Writing c:\users\lorem\documents\github\school999-rolling-map\sources\maps\rp_school999_rolling.bsp
Wrote ZIP buffer, estimated size 6837064, actual size 6805360
8 seconds elapsed



[Reading texlights from 'lights.rad']
[51 texlights parsed from 'lights.rad']
Loading c:\users\lorem\documents\github\school999-rolling-map\sources\maps\rp_school999_rolling.bsp
No vis information, direct lighting only.
BuildFacelights:     0
WARNING: Too many light styles on a face at (-192.000000, -4577.000000, 192.000000)
.
WARNING: Too many light styles on a face at (-192.000000, -5135.000000, 192.000000)
..
WARNING: Too many light styles on a face at (125.000000, -4793.560059, 111.999977)
1...2...3...4...5...6...7.
WARNING: Too many light styles on a face at (2152.000000, -4760.000000, -7.000000)

WARNING: Too many light styles on a face at (2104.000000, -4568.000000, -7.000000)

WARNING: Too many light styles on a face at (2159.000000, -4932.250000, -4.000000)

WARNING: Too many light styles on a face at (2159.000000, -4580.250000, 8.000000)

WARNING: Too many light styles on a face at (2104.000000, -5368.000000, -7.000000)
.
WARNING: Too many light styles on a face at (2055.775146, -6335.000000, 182.274994)

WARNING: Too many light styles on a face at (1448.000000, -4756.000000, 111.000000)

WARNING: Too many light styles on a face at (1055.000000, -4221.549805, 121.549988)

WARNING: Too many light styles on a face at (1448.000000, -4676.000000, -7.000000)

WARNING: Too many light styles on a face at (1347.150024, -4666.399902, -7.000000)

WARNING: Too many light styles on a face at (1336.000000, -4676.000000, -7.000000)

WARNING: Too many light styles on a face at (1992.000000, -4792.000000, -7.000000)
.
WARNING: Too many light styles on a face at (1384.000000, -5156.000000, 111.000000)

WARNING: Too many light styles on a face at (1358.300049, -5258.399902, -7.000000)

WARNING: Too many light styles on a face at (648.000000, -4920.000000, -7.000000)

WARNING: Too many light styles on a face at (440.000031, -4936.000000, -7.000000)

WARNING: Too many light styles on a face at (952.000000, -4896.000000, -7.000000)

WARNING: Too many light styles on a face at (693.000000, -4568.000000, 84.000000)
8
WARNING: Too many light styles on a face at (-728.000000, -4856.000000, -7.000000)

WARNING: Too many light styles on a face at (693.000000, -5272.000000, 8.000000)
.
WARNING: Too many light styles on a face at (1527.775024, -6335.000000, 182.274994)

WARNING: Too many light styles on a face at (2023.775146, -6335.000000, 182.274994)

WARNING: Too many light styles on a face at (1351.550049, -6335.000000, 182.274994)
..9
WARNING: Too many light styles on a face at (-1480.000000, -4768.000000, -7.000000)

WARNING: Too many light styles on a face at (-1272.000000, -4800.000000, -7.000000)

WARNING: Too many light styles on a face at (-1274.000000, -4472.000000, -7.000000)

WARNING: Too many light styles on a face at (-1064.000000, -4764.000000, -7.000000)

WARNING: Too many light styles on a face at (-1269.000000, -4568.000000, -4.000000)

WARNING: Too many light styles on a face at (-1480.000000, -4568.000000, -7.000000)
.
WARNING: Too many light styles on a face at (-1871.000000, -5515.200195, 121.549995)

WARNING: Too many light styles on a face at (-2200.000000, -4552.000000, 111.000000)

WARNING: Too many light styles on a face at (-2635.000000, -4424.000000, 84.000000)

WARNING: Too many light styles on a face at (-2635.000000, -4792.000000, 84.000000)

WARNING: Too many light styles on a face at (-2264.000000, -4488.000000, -7.000000)

WARNING: Too many light styles on a face at (-2264.000000, -4664.000000, -7.000000)

WARNING: Too many light styles on a face at (-2152.000000, -4456.000000, -7.000000)
.
WARNING: Too many light styles on a face at (-2216.100098, -4462.350098, -7.000000)

WARNING: Too many light styles on a face at (-2635.000000, -4792.000000, 34.000000)

WARNING: Too many light styles on a face at (-2635.000000, -4424.000000, 34.000000)
.10 (46)
Build Patch/Sample Hash Table(s).....Done<0.1572 sec>
FinalLightFace:      0...1...2...3...4...5...6...7...8...9...10 (6)
FinalLightFace Done
Computing detail prop lighting : 0...1...2...3...4...5...6...7...8...9...10
0 of 0 (0% of) surface lights went in leaf ambient cubes.
ThreadComputeLeafAmbient: 0...1...2...3...4...5...6...7...8...9...10 (25)
Writing leaf ambient...done
Ready to Finish

Object names       Objects/Maxobjs  Memory / Maxmem  Fullness 
------------       ---------------  ---------------  -------- 
models                 177/4096         8496/196608   ( 4.3%) 
brushes               4934/65535       59208/786420   ( 7.5%) 
brushsides           37157/655350     297256/5242800  ( 5.7%) 
planes               10840/65536      216800/1310720  (16.5%) 
vertexes             24982/65536      299784/786432   (38.1%) 
nodes                 6202/65536      198464/2097152  ( 9.5%) 
texinfos              1647/16384      118584/1179648  (10.1%) 
texdata                191/8192         6112/262144   ( 2.3%) 
dispinfos               64/0           11264/0        ( 0.0%) 
disp_verts            4792/0           95840/0        ( 0.0%) 
disp_tris             7520/0           15040/0        ( 0.0%) 
disp_multiblend          0/0               0/0        ( 0.0%) 
disp_lmsamples      585168/0          585168/0        ( 0.0%) 
faces                14611/65536      818216/3670016  (22.3%) 
hdr faces                0/65536           0/3670016  ( 0.0%) 
origfaces             9048/65536      506688/3670016  (13.8%) 
leaves                6380/65536      204160/2097152  ( 9.7%) 
leaffaces            17888/65536       35776/131072   (27.3%) 
leafbrushes           8684/65536       17368/131072   (13.3%) 
areas                    3/1024           24/8192     ( 0.3%) 
surfedges           103648/512000     414592/2048000  (20.2%) 
edges                63507/256000     254028/1024000  (24.8%) 
LDR worldlights        690/8192        60720/720896   ( 8.4%) 
HDR worldlights          0/8192            0/720896   ( 0.0%) 
leafwaterdata            3/32768          36/393216   ( 0.0%) 
waterstrips           1469/32768       14690/327680   ( 4.5%) 
waterverts               0/65536           0/786432   ( 0.0%) 
waterindices         25641/65536       51282/131072   (39.1%) 
cubemapsamples          63/1024         1008/16384    ( 6.2%) 
overlays                 0/8192            0/2883584  ( 0.0%) 
LDR lightdata         [variable]    22396836/0        ( 0.0%) 
HDR lightdata         [variable]           0/0        ( 0.0%) 
visdata               [variable]           0/16777216 ( 0.0%) 
entdata               [variable]      490745/4194304  (11.7%) 
LDR ambient table     6380/65536       25520/262144   ( 9.7%) 
HDR ambient table     6380/65536       25520/262144   ( 9.7%) 
LDR leaf ambient     25619/65536      717332/1835008  (39.1%) 
HDR leaf ambient      6380/65536      178640/1835008  ( 9.7%) 
occluders                0/0               0/0        ( 0.0%) 
occluder polygons        0/0               0/0        ( 0.0%) 
occluder vert ind        0/0               0/0        ( 0.0%) 
detail props          [variable]      279216/0        ( 0.0%) 
dtl prp lght          [variable]           4/0        ( 0.0%) 
HDR dtl prp lght      [variable]           4/0        ( 0.0%) 
static props          [variable]       51208/0        ( 0.0%) 
static prop count      643/16384           0/0        ( 3.9%) 
pakfile               [variable]     6805360/0        ( 0.0%) 
physics               [variable]     1637553/4194304  (39.0%) 
physics terrain       [variable]       19200/1048576  ( 1.8%) 

Level flags = 0

Total triangle count: 38679
Writing c:\users\lorem\documents\github\school999-rolling-map\sources\maps\rp_school999_rolling.bsp
1 minute, 24 seconds elapsed




materialPath: C:\SteamLibrary\steamapps\common\GarrysMod\garrysmod\materials
Loading c:\users\lorem\documents\github\school999-rolling-map\sources\maps\rp_school999_rolling.vmf
Patching WVT material: maps/rp_school999_rolling/nature/blendgrassgravel001b_wvt_patch
Patching WVT material: maps/rp_school999_rolling/nature/blendmilground008b_2_wvt_patch
Patching WVT material: maps/rp_school999_rolling/nature/blendmilground005_2_wvt_patch
fixing up env_cubemap materials on brush sides...
ProcessBlock_Thread: 0...1...2...3...4...5...6...7...8...9...10 (0)
ProcessBlock_Thread: 0...1...2...3...4...5...6...7...8...9...10 (1)
Processing areas...done (0)
Building Faces...done (0)
Chop Details...done (0)
Find Visible Detail Sides...
Merged 2244 detail faces...done (0)
Merging details...done (0)
FixTjuncs...
PruneNodes...
WriteBSP...
done (1)
writing c:\users\lorem\documents\github\school999-rolling-map\sources\maps\rp_school999_rolling.prt...
Building visibility clusters...
done (0)
Creating default LDR cubemaps for env_cubemap using skybox materials:
   skybox/skyday_universal*.vmt
 ! Run buildcubemaps in the engine to get the correct cube maps.
Creating default HDR cubemaps for env_cubemap using skybox materials:
   skybox/skyday_universal*.vmt
 ! Run buildcubemaps in the engine to get the correct cube maps.
Finding displacement neighbors...
Finding lightmap sample positions...
Displacement Alpha : 0...1...2...3...4...5...6...7...8...9...10
Building Physics collision data...
done (2) (1637553 bytes)
Placing detail props : 0...1...2...3...4...5...6...7...8...9..Material NATURE/BLENDMILGROUND008B_2 uses unknown detail object type militia_darkleaves_grass!
Material NATURE/BLENDMILGROUND005_2 uses unknown detail object type militia_rock_grass!
Material NATURE/BLENDMILGROUND005_2 uses unknown detail object type militia_rock_grass!
Material NATURE/BLENDMILGROUND008B_2 uses unknown detail object type militia_darkleaves_grass!
Material NATURE/BLENDMILGROUND005_2 uses unknown detail object type militia_rock_grass!
Material NATURE/BLENDMILGROUND008B_2 uses unknown detail object type militia_darkleaves_grass!
Material NATURE/BLENDMILGROUND005_2 uses unknown detail object type militia_rock_grass!
Material NATURE/BLENDMILGROUND008B_2 uses unknown detail object type militia_darkleaves_grass!
Material NATURE/BLENDMILGROUND008B_2 uses unknown detail object type militia_darkleaves_grass!
Material NATURE/BLENDMILGROUND008B_2 uses unknown detail object type militia_darkleaves_grass!
Material NATURE/BLENDMILGROUND005_2 uses unknown detail object type militia_rock_grass!
Material NATURE/BLENDMILGROUND005_2 uses unknown detail object type militia_rock_grass!
Material NATURE/BLENDMILGROUND005_2 uses unknown detail object type militia_rock_grass!
Material NATURE/BLENDMILGROUND008B_2 uses unknown detail object type militia_darkleaves_grass!
Material NATURE/BLENDMILGROUND005_2 uses unknown detail object type militia_rock_grass!
Material NATURE/BLENDMILGROUND008B_2 uses unknown detail object type militia_darkleaves_grass!
Material NATURE/BLENDMILGROUND005_2 uses unknown detail object type militia_rock_grass!
Material NATURE/BLENDMILGROUND008B_2 uses unknown detail object type militia_darkleaves_grass!
Material NATURE/BLENDMILGROUND005_2 uses unknown detail object type militia_rock_grass!
Material NATURE/BLENDMILGROUND008B_2 uses unknown detail object type militia_darkleaves_grass!
Material NATURE/BLENDMILGROUND005_2 uses unknown detail object type militia_rock_grass!
Material NATURE/BLENDMILGROUND008B_2 uses unknown detail object type militia_darkleaves_grass!
Material NATURE/BLENDMILGROUND005_2 uses unknown detail object type militia_rock_grass!
Material NATURE/BLENDMILGROUND005_2 uses unknown detail object type militia_rock_grass!
Material NATURE/BLENDMILGROUND008B_2 uses unknown detail object type militia_darkleaves_grass!
Material NATURE/BLENDMILGROUND005_2 uses unknown detail object type militia_rock_grass!
Material NATURE/BLENDMILGROUND008B_2 uses unknown detail object type militia_darkleaves_grass!
Material NATURE/BLENDMILGROUND005_2 uses unknown detail object type militia_rock_grass!
Material NATURE/BLENDMILGROUND008B_2 uses unknown detail object type militia_darkleaves_grass!
Material NATURE/BLENDMILGROUND005_2 uses unknown detail object type militia_rock_grass!
Material NATURE/BLENDMILGROUND008B_2 uses unknown detail object type militia_darkleaves_grass!
Material NATURE/BLENDMILGROUND005_2 uses unknown detail object type militia_rock_grass!
Material NATURE/BLENDMILGROUND008B_2 uses unknown detail object type militia_darkleaves_grass!
Material NATURE/BLENDMILGROUND005_2 uses unknown detail object type militia_rock_grass!
Material NATURE/BLENDMILGROUND005_2 uses unknown detail object type militia_rock_grass!
Material NATURE/BLENDMILGROUND008B_2 uses unknown detail object type militia_darkleaves_grass!
Material NATURE/BLENDMILGROUND005_2 uses unknown detail object type militia_rock_grass!
Material NATURE/BLENDMILGROUND005_2 uses unknown detail object type militia_rock_grass!
Material NATURE/BLENDMILGROUND005_2 uses unknown detail object type militia_rock_grass!
Material NATURE/BLENDMILGROUND008B_2 uses unknown detail object type militia_darkleaves_grass!
Material NATURE/BLENDMILGROUND005_2 uses unknown detail object type militia_rock_grass!
Material NATURE/BLENDMILGROUND008B_2 uses unknown detail object type militia_darkleaves_grass!
Material NATURE/BLENDMILGROUND005_2 uses unknown detail object type militia_rock_grass!
Material NATURE/BLENDMILGROUND008B_2 uses unknown detail object type militia_darkleaves_grass!
Material NATURE/BLENDMILGROUND005_2 uses unknown detail object type militia_rock_grass!
Material NATURE/BLENDMILGROUND005_2 uses unknown detail object type militia_rock_grass!
Material NATURE/BLENDMILGROUND008B_2 uses unknown detail object type militia_darkleaves_grass!
Material NATURE/BLENDMILGROUND005_2 uses unknown detail object type militia_rock_grass!
.10
Compacting texture/material tables...
Reduced 2750 texinfos to 1647
Reduced 231 texdatas to 191 (8500 bytes to 6726)
Writing c:\users\lorem\documents\github\school999-rolling-map\sources\maps\rp_school999_rolling.bsp
Wrote ZIP buffer, estimated size 6837064, actual size 6805360
8 seconds elapsed



materialPath: C:\SteamLibrary\steamapps\common\GarrysMod\garrysmod\materials
Loading c:\users\lorem\documents\github\school999-rolling-map\sources\maps\rp_school999_rolling.vmf
Patching WVT material: maps/rp_school999_rolling/nature/blendgrassgravel001b_wvt_patch
Patching WVT material: maps/rp_school999_rolling/nature/blendmilground008b_2_wvt_patch
Patching WVT material: maps/rp_school999_rolling/nature/blendmilground005_2_wvt_patch
fixing up env_cubemap materials on brush sides...
ProcessBlock_Thread: 0...1...2...3...4...5...6...7...8...9...10 (0)
ProcessBlock_Thread: 0...1...2...3...4...5...6...7...8...9...10 (1)
Processing areas...done (0)
Building Faces...done (0)
Chop Details...done (0)
Find Visible Detail Sides...
Merged 2244 detail faces...done (0)
Merging details...done (0)
FixTjuncs...
PruneNodes...
WriteBSP...
done (1)
writing c:\users\lorem\documents\github\school999-rolling-map\sources\maps\rp_school999_rolling.prt...
Building visibility clusters...
done (0)
Creating default LDR cubemaps for env_cubemap using skybox materials:
   skybox/skyday_universal*.vmt
 ! Run buildcubemaps in the engine to get the correct cube maps.
Creating default HDR cubemaps for env_cubemap using skybox materials:
   skybox/skyday_universal*.vmt
 ! Run buildcubemaps in the engine to get the correct cube maps.
Finding displacement neighbors...
Finding lightmap sample positions...
Displacement Alpha : 0...1...2...3...4...5...6...7...8...9...10
Building Physics collision data...
done (2) (1637553 bytes)
Placing detail props : 0...1...2...3...4...5...6...7...8...9..Material NATURE/BLENDMILGROUND008B_2 uses unknown detail object type militia_darkleaves_grass!
Material NATURE/BLENDMILGROUND005_2 uses unknown detail object type militia_rock_grass!
Material NATURE/BLENDMILGROUND005_2 uses unknown detail object type militia_rock_grass!
Material NATURE/BLENDMILGROUND008B_2 uses unknown detail object type militia_darkleaves_grass!
Material NATURE/BLENDMILGROUND005_2 uses unknown detail object type militia_rock_grass!
Material NATURE/BLENDMILGROUND008B_2 uses unknown detail object type militia_darkleaves_grass!
Material NATURE/BLENDMILGROUND005_2 uses unknown detail object type militia_rock_grass!
Material NATURE/BLENDMILGROUND008B_2 uses unknown detail object type militia_darkleaves_grass!
Material NATURE/BLENDMILGROUND008B_2 uses unknown detail object type militia_darkleaves_grass!
Material NATURE/BLENDMILGROUND008B_2 uses unknown detail object type militia_darkleaves_grass!
Material NATURE/BLENDMILGROUND005_2 uses unknown detail object type militia_rock_grass!
Material NATURE/BLENDMILGROUND005_2 uses unknown detail object type militia_rock_grass!
Material NATURE/BLENDMILGROUND005_2 uses unknown detail object type militia_rock_grass!
Material NATURE/BLENDMILGROUND008B_2 uses unknown detail object type militia_darkleaves_grass!
Material NATURE/BLENDMILGROUND005_2 uses unknown detail object type militia_rock_grass!
Material NATURE/BLENDMILGROUND008B_2 uses unknown detail object type militia_darkleaves_grass!
Material NATURE/BLENDMILGROUND005_2 uses unknown detail object type militia_rock_grass!
Material NATURE/BLENDMILGROUND008B_2 uses unknown detail object type militia_darkleaves_grass!
Material NATURE/BLENDMILGROUND005_2 uses unknown detail object type militia_rock_grass!
Material NATURE/BLENDMILGROUND008B_2 uses unknown detail object type militia_darkleaves_grass!
Material NATURE/BLENDMILGROUND005_2 uses unknown detail object type militia_rock_grass!
Material NATURE/BLENDMILGROUND008B_2 uses unknown detail object type militia_darkleaves_grass!
Material NATURE/BLENDMILGROUND005_2 uses unknown detail object type militia_rock_grass!
Material NATURE/BLENDMILGROUND005_2 uses unknown detail object type militia_rock_grass!
Material NATURE/BLENDMILGROUND008B_2 uses unknown detail object type militia_darkleaves_grass!
Material NATURE/BLENDMILGROUND005_2 uses unknown detail object type militia_rock_grass!
Material NATURE/BLENDMILGROUND008B_2 uses unknown detail object type militia_darkleaves_grass!
Material NATURE/BLENDMILGROUND005_2 uses unknown detail object type militia_rock_grass!
Material NATURE/BLENDMILGROUND008B_2 uses unknown detail object type militia_darkleaves_grass!
Material NATURE/BLENDMILGROUND005_2 uses unknown detail object type militia_rock_grass!
Material NATURE/BLENDMILGROUND008B_2 uses unknown detail object type militia_darkleaves_grass!
Material NATURE/BLENDMILGROUND005_2 uses unknown detail object type militia_rock_grass!
Material NATURE/BLENDMILGROUND008B_2 uses unknown detail object type militia_darkleaves_grass!
Material NATURE/BLENDMILGROUND005_2 uses unknown detail object type militia_rock_grass!
Material NATURE/BLENDMILGROUND005_2 uses unknown detail object type militia_rock_grass!
Material NATURE/BLENDMILGROUND008B_2 uses unknown detail object type militia_darkleaves_grass!
Material NATURE/BLENDMILGROUND005_2 uses unknown detail object type militia_rock_grass!
Material NATURE/BLENDMILGROUND005_2 uses unknown detail object type militia_rock_grass!
Material NATURE/BLENDMILGROUND005_2 uses unknown detail object type militia_rock_grass!
Material NATURE/BLENDMILGROUND008B_2 uses unknown detail object type militia_darkleaves_grass!
Material NATURE/BLENDMILGROUND005_2 uses unknown detail object type militia_rock_grass!
Material NATURE/BLENDMILGROUND008B_2 uses unknown detail object type militia_darkleaves_grass!
Material NATURE/BLENDMILGROUND005_2 uses unknown detail object type militia_rock_grass!
Material NATURE/BLENDMILGROUND008B_2 uses unknown detail object type militia_darkleaves_grass!
Material NATURE/BLENDMILGROUND005_2 uses unknown detail object type militia_rock_grass!
Material NATURE/BLENDMILGROUND005_2 uses unknown detail object type militia_rock_grass!
Material NATURE/BLENDMILGROUND008B_2 uses unknown detail object type militia_darkleaves_grass!
Material NATURE/BLENDMILGROUND005_2 uses unknown detail object type militia_rock_grass!
.10
Compacting texture/material tables...
Reduced 2750 texinfos to 1647
Reduced 231 texdatas to 191 (8500 bytes to 6726)
Writing c:\users\lorem\documents\github\school999-rolling-map\sources\maps\rp_school999_rolling.bsp
Wrote ZIP buffer, estimated size 6837064, actual size 6805360
8 seconds elapsed



8 threads
reading c:\users\lorem\documents\github\school999-rolling-map\sources\maps\rp_school999_rolling.bsp
reading c:\users\lorem\documents\github\school999-rolling-map\sources\maps\rp_school999_rolling.prt
2151 portalclusters
5620 numportals
BasePortalVis:       0...1...2...3...4...5...6...7...8...9...10 (0)
PortalFlow:          0...1...2...3...4...5...6...7...8...9...10 (1658)
Optimized: 24846 visible clusters (1.76%)
Total clusters visible: 1415307
Average clusters visible: 657
Building PAS...
Average clusters audible: 2062
visdatasize:1015240  compressed from 1170144
writing c:\users\lorem\documents\github\school999-rolling-map\sources\maps\rp_school999_rolling.bsp
27 minutes, 38 seconds elapsed



[Reading texlights from 'lights.rad']
[51 texlights parsed from 'lights.rad']
Loading c:\users\lorem\documents\github\school999-rolling-map\sources\maps\rp_school999_rolling.bsp
BuildFacelights:     0
WARNING: Too many light styles on a face at (-192.000000, -4577.000000, 192.000000)
.
WARNING: Too many light styles on a face at (-192.000000, -5135.000000, 192.000000)
..
WARNING: Too many light styles on a face at (125.000000, -4793.560059, 111.999977)
1...2...3...4...5...6...7.
WARNING: Too many light styles on a face at (2152.000000, -4760.000000, -7.000000)

WARNING: Too many light styles on a face at (2104.000000, -4568.000000, -7.000000)

WARNING: Too many light styles on a face at (2159.000000, -4932.250000, -4.000000)

WARNING: Too many light styles on a face at (2159.000000, -4580.250000, 8.000000)

WARNING: Too many light styles on a face at (2104.000000, -5368.000000, -7.000000)
.
WARNING: Too many light styles on a face at (2055.775146, -6335.000000, 182.274994)

WARNING: Too many light styles on a face at (1448.000000, -4756.000000, 111.000000)

WARNING: Too many light styles on a face at (1055.000000, -4221.549805, 121.549988)

WARNING: Too many light styles on a face at (1347.150024, -4666.399902, -7.000000)

WARNING: Too many light styles on a face at (1448.000000, -4676.000000, -7.000000)

WARNING: Too many light styles on a face at (1992.000000, -4792.000000, -7.000000)

WARNING: Too many light styles on a face at (1336.000000, -4676.000000, -7.000000)
.
WARNING: Too many light styles on a face at (1384.000000, -5156.000000, 111.000000)

WARNING: Too many light styles on a face at (1358.300049, -5258.399902, -7.000000)

WARNING: Too many light styles on a face at (648.000000, -4920.000000, -7.000000)

WARNING: Too many light styles on a face at (440.000031, -4936.000000, -7.000000)

WARNING: Too many light styles on a face at (952.000000, -4896.000000, -7.000000)

WARNING: Too many light styles on a face at (693.000000, -4568.000000, 84.000000)
8
WARNING: Too many light styles on a face at (-728.000000, -4856.000000, -7.000000)

WARNING: Too many light styles on a face at (693.000000, -5272.000000, 8.000000)
.
WARNING: Too many light styles on a face at (1527.775024, -6335.000000, 182.274994)

WARNING: Too many light styles on a face at (2023.775146, -6335.000000, 182.274994)

WARNING: Too many light styles on a face at (1351.550049, -6335.000000, 182.274994)
..9
WARNING: Too many light styles on a face at (-1480.000000, -4768.000000, -7.000000)

WARNING: Too many light styles on a face at (-1272.000000, -4800.000000, -7.000000)

WARNING: Too many light styles on a face at (-1274.000000, -4472.000000, -7.000000)

WARNING: Too many light styles on a face at (-1480.000000, -4568.000000, -7.000000)

WARNING: Too many light styles on a face at (-1064.000000, -4764.000000, -7.000000)

WARNING: Too many light styles on a face at (-1269.000000, -4568.000000, -4.000000)
.
WARNING: Too many light styles on a face at (-1871.000000, -5515.200195, 121.549995)

WARNING: Too many light styles on a face at (-2200.000000, -4552.000000, 111.000000)

WARNING: Too many light styles on a face at (-2635.000000, -4424.000000, 84.000000)

WARNING: Too many light styles on a face at (-2635.000000, -4792.000000, 84.000000)

WARNING: Too many light styles on a face at (-2264.000000, -4488.000000, -7.000000)

WARNING: Too many light styles on a face at (-2264.000000, -4664.000000, -7.000000)

WARNING: Too many light styles on a face at (-2152.000000, -4456.000000, -7.000000)

WARNING: Too many light styles on a face at (-2216.100098, -4462.350098, -7.000000)
.
WARNING: Too many light styles on a face at (-2635.000000, -4424.000000, 34.000000)

WARNING: Too many light styles on a face at (-2635.000000, -4792.000000, 34.000000)
.10 (340)
BuildVisLeafs:       0...1...2...3...4...5...6...7...8...9...10 (30)
transfers 35369963, max 2520
GatherLight:         0...1...2...3...4...5...6...7...8...9...10 (1)
GatherLight:         0...1...2...3...4...5...6...7...8...9...10 (0)
GatherLight:         0...1...2...3...4...5...6...7...8...9...10 (1)
GatherLight:         0...1...2...3...4...5...6...7...8...9...10 (1)
GatherLight:         0...1...2...3...4...5...6...7...8...9...10 (0)
GatherLight:         0...1...2...3...4...5...6...7...8...9...10 (1)
GatherLight:         0...1...2...3...4...5...6...7...8...9...10 (1)
GatherLight:         0...1...2...3...4...5...6...7...8...9...10 (0)
GatherLight:         0...1...2...3...4...5...6...7...8...9...10 (1)
GatherLight:         0...1...2...3...4...5...6...7...8...9...10 (1)
GatherLight:         0...1...2...3...4...5...6...7...8...9...10 (0)
GatherLight:         0...1...2...3...4...5...6...7...8...9...10 (1)
GatherLight:         0...1...2...3...4...5...6...7...8...9...10 (0)
GatherLight:         0...1...2...3...4...5...6...7...8...9...10 (1)
GatherLight:         0...1...2...3...4...5...6...7...8...9...10 (1)
GatherLight:         0...1...2...3...4...5...6...7...8...9...10 (0)
GatherLight:         0...1...2...3...4...5...6...7...8...9...10 (1)
Build Patch/Sample Hash Table(s).....Done<0.2332 sec>
FinalLightFace:      0...1...2...3...4...5...6...7...8...9...10 (20)
FinalLightFace Done
Computing detail prop lighting : 0...1...2...3...4...5...6...7...8...9...10
0 of 0 (0% of) surface lights went in leaf ambient cubes.
ThreadComputeLeafAmbient: 0...1...2...3...4...5...6...7...8...9...10 (24)
Writing leaf ambient...done
Ready to Finish

Object names       Objects/Maxobjs  Memory / Maxmem  Fullness 
------------       ---------------  ---------------  -------- 
models                 177/4096         8496/196608   ( 4.3%) 
brushes               4934/65535       59208/786420   ( 7.5%) 
brushsides           37157/655350     297256/5242800  ( 5.7%) 
planes               10840/65536      216800/1310720  (16.5%) 
vertexes             24981/65536      299772/786432   (38.1%) 
nodes                 6202/65536      198464/2097152  ( 9.5%) 
texinfos              1647/16384      118584/1179648  (10.1%) 
texdata                191/8192         6112/262144   ( 2.3%) 
dispinfos               64/0           11264/0        ( 0.0%) 
disp_verts            4792/0           95840/0        ( 0.0%) 
disp_tris             7520/0           15040/0        ( 0.0%) 
disp_multiblend          0/0               0/0        ( 0.0%) 
disp_lmsamples      585168/0          585168/0        ( 0.0%) 
faces                14603/65536      817768/3670016  (22.3%) 
hdr faces                0/65536           0/3670016  ( 0.0%) 
origfaces             9046/65536      506576/3670016  (13.8%) 
leaves                6380/65536      204160/2097152  ( 9.7%) 
leaffaces            17885/65536       35770/131072   (27.3%) 
leafbrushes           8684/65536       17368/131072   (13.3%) 
areas                    3/1024           24/8192     ( 0.3%) 
surfedges           103609/512000     414436/2048000  (20.2%) 
edges                63488/256000     253952/1024000  (24.8%) 
LDR worldlights        690/8192        60720/720896   ( 8.4%) 
HDR worldlights          0/8192            0/720896   ( 0.0%) 
leafwaterdata            3/32768          36/393216   ( 0.0%) 
waterstrips           1469/32768       14690/327680   ( 4.5%) 
waterverts               0/65536           0/786432   ( 0.0%) 
waterindices         25650/65536       51300/131072   (39.1%) 
cubemapsamples          63/1024         1008/16384    ( 6.2%) 
overlays                 0/8192            0/2883584  ( 0.0%) 
LDR lightdata         [variable]    22452032/0        ( 0.0%) 
HDR lightdata         [variable]           0/0        ( 0.0%) 
visdata               [variable]     1015240/16777216 ( 6.1%) 
entdata               [variable]      490773/4194304  (11.7%) 
LDR ambient table     6380/65536       25520/262144   ( 9.7%) 
HDR ambient table     6380/65536       25520/262144   ( 9.7%) 
LDR leaf ambient     25494/65536      713832/1835008  (38.9%) 
HDR leaf ambient      6380/65536      178640/1835008  ( 9.7%) 
occluders                0/0               0/0        ( 0.0%) 
occluder polygons        0/0               0/0        ( 0.0%) 
occluder vert ind        0/0               0/0        ( 0.0%) 
detail props          [variable]      279216/0        ( 0.0%) 
dtl prp lght          [variable]           4/0        ( 0.0%) 
HDR dtl prp lght      [variable]           4/0        ( 0.0%) 
static props          [variable]       51208/0        ( 0.0%) 
static prop count      643/16384           0/0        ( 3.9%) 
pakfile               [variable]     6805360/0        ( 0.0%) 
physics               [variable]     1637553/4194304  (39.0%) 
physics terrain       [variable]       19200/1048576  ( 1.8%) 

Level flags = 0

Total triangle count: 38663
Writing c:\users\lorem\documents\github\school999-rolling-map\sources\maps\rp_school999_rolling.bsp
7 minutes, 11 seconds elapsed




[Reading texlights from 'lights.rad']
[51 texlights parsed from 'lights.rad']
Loading c:\users\lorem\documents\github\school999-rolling-map\sources\maps\rp_school999_rolling.bsp
BuildFacelights:     0
WARNING: Too many light styles on a face at (-192.000000, -4577.000000, 192.000000)
.
WARNING: Too many light styles on a face at (-192.000000, -5135.000000, 192.000000)
..
WARNING: Too many light styles on a face at (125.000000, -4793.560059, 111.999977)
1...2...3...4...5...6...7.
WARNING: Too many light styles on a face at (2152.000000, -4760.000000, -7.000000)

WARNING: Too many light styles on a face at (2104.000000, -4568.000000, -7.000000)

WARNING: Too many light styles on a face at (2159.000000, -4932.250000, -4.000000)

WARNING: Too many light styles on a face at (2159.000000, -4580.250000, 8.000000)

WARNING: Too many light styles on a face at (2104.000000, -5368.000000, -7.000000)
.
WARNING: Too many light styles on a face at (2055.775146, -6335.000000, 182.274994)

WARNING: Too many light styles on a face at (1448.000000, -4756.000000, 111.000000)

WARNING: Too many light styles on a face at (1055.000000, -4221.549805, 121.549988)

WARNING: Too many light styles on a face at (1448.000000, -4676.000000, -7.000000)

WARNING: Too many light styles on a face at (1347.150024, -4666.399902, -7.000000)

WARNING: Too many light styles on a face at (1992.000000, -4792.000000, -7.000000)

WARNING: Too many light styles on a face at (1336.000000, -4676.000000, -7.000000)
.
WARNING: Too many light styles on a face at (1384.000000, -5156.000000, 111.000000)

WARNING: Too many light styles on a face at (1358.300049, -5258.399902, -7.000000)

WARNING: Too many light styles on a face at (648.000000, -4920.000000, -7.000000)

WARNING: Too many light styles on a face at (440.000031, -4936.000000, -7.000000)

WARNING: Too many light styles on a face at (952.000000, -4896.000000, -7.000000)

WARNING: Too many light styles on a face at (693.000000, -4568.000000, 84.000000)
8
WARNING: Too many light styles on a face at (-728.000000, -4856.000000, -7.000000)

WARNING: Too many light styles on a face at (693.000000, -5272.000000, 8.000000)
.
WARNING: Too many light styles on a face at (1527.775024, -6335.000000, 182.274994)

WARNING: Too many light styles on a face at (2023.775146, -6335.000000, 182.274994)

WARNING: Too many light styles on a face at (1351.550049, -6335.000000, 182.274994)
..9
WARNING: Too many light styles on a face at (-1480.000000, -4768.000000, -7.000000)

WARNING: Too many light styles on a face at (-1272.000000, -4800.000000, -7.000000)

WARNING: Too many light styles on a face at (-1274.000000, -4472.000000, -7.000000)

WARNING: Too many light styles on a face at (-1480.000000, -4568.000000, -7.000000)

WARNING: Too many light styles on a face at (-1064.000000, -4764.000000, -7.000000)

WARNING: Too many light styles on a face at (-1269.000000, -4568.000000, -4.000000)
.
WARNING: Too many light styles on a face at (-1871.000000, -5515.200195, 121.549995)

WARNING: Too many light styles on a face at (-2200.000000, -4552.000000, 111.000000)

WARNING: Too many light styles on a face at (-2635.000000, -4424.000000, 84.000000)

WARNING: Too many light styles on a face at (-2635.000000, -4792.000000, 84.000000)

WARNING: Too many light styles on a face at (-2264.000000, -4488.000000, -7.000000)

WARNING: Too many light styles on a face at (-2264.000000, -4664.000000, -7.000000)

WARNING: Too many light styles on a face at (-2152.000000, -4456.000000, -7.000000)

WARNING: Too many light styles on a face at (-2216.100098, -4462.350098, -7.000000)
.
WARNING: Too many light styles on a face at (-2635.000000, -4424.000000, 34.000000)

WARNING: Too many light styles on a face at (-2635.000000, -4792.000000, 34.000000)
.10 (347)
BuildVisLeafs:       0...1...2...3...4...5...6...7...8...9...10 (28)
transfers 35369963, max 2520
GatherLight:         0...1...2...3...4...5...6...7...8...9...10 (1)
GatherLight:         0...1...2...3...4...5...6...7...8...9...10 (1)
GatherLight:         0...1...2...3...4...5...6...7...8...9...10 (0)
GatherLight:         0...1...2...3...4...5...6...7...8...9...10 (1)
GatherLight:         0...1...2...3...4...5...6...7...8...9...10 (0)
GatherLight:         0...1...2...3...4...5...6...7...8...9...10 (1)
GatherLight:         0...1...2...3...4...5...6...7...8...9...10 (1)
GatherLight:         0...1...2...3...4...5...6...7...8...9...10 (0)
GatherLight:         0...1...2...3...4...5...6...7...8...9...10 (1)
GatherLight:         0...1...2...3...4...5...6...7...8...9...10 (1)
GatherLight:         0...1...2...3...4...5...6...7...8...9...10 (0)
GatherLight:         0...1...2...3...4...5...6...7...8...9...10 (1)
GatherLight:         0...1...2...3...4...5...6...7...8...9...10 (0)
GatherLight:         0...1...2...3...4...5...6...7...8...9...10 (1)
GatherLight:         0...1...2...3...4...5...6...7...8...9...10 (1)
GatherLight:         0...1...2...3...4...5...6...7...8...9...10 (0)
GatherLight:         0...1...2...3...4...5...6...7...8...9...10 (1)
Build Patch/Sample Hash Table(s).....Done<0.2018 sec>
FinalLightFace:      0...1...2...3...4...5...6...7...8...9...10 (11)
FinalLightFace Done
Computing detail prop lighting : 0...1...2...3...4...5...6...7...8...9...10
0 of 0 (0% of) surface lights went in leaf ambient cubes.
ThreadComputeLeafAmbient: 0...1...2...3...4...5...6...7...8...9...10 (24)
Writing leaf ambient...done
Ready to Finish

Object names       Objects/Maxobjs  Memory / Maxmem  Fullness 
------------       ---------------  ---------------  -------- 
models                 177/4096         8496/196608   ( 4.3%) 
brushes               4934/65535       59208/786420   ( 7.5%) 
brushsides           37157/655350     297256/5242800  ( 5.7%) 
planes               10840/65536      216800/1310720  (16.5%) 
vertexes             24981/65536      299772/786432   (38.1%) 
nodes                 6202/65536      198464/2097152  ( 9.5%) 
texinfos              1647/16384      118584/1179648  (10.1%) 
texdata                191/8192         6112/262144   ( 2.3%) 
dispinfos               64/0           11264/0        ( 0.0%) 
disp_verts            4792/0           95840/0        ( 0.0%) 
disp_tris             7520/0           15040/0        ( 0.0%) 
disp_multiblend          0/0               0/0        ( 0.0%) 
disp_lmsamples      585168/0          585168/0        ( 0.0%) 
faces                14603/65536      817768/3670016  (22.3%) 
hdr faces            14603/65536      817768/3670016  (22.3%) 
origfaces             9046/65536      506576/3670016  (13.8%) 
leaves                6380/65536      204160/2097152  ( 9.7%) 
leaffaces            17885/65536       35770/131072   (27.3%) 
leafbrushes           8684/65536       17368/131072   (13.3%) 
areas                    3/1024           24/8192     ( 0.3%) 
surfedges           103609/512000     414436/2048000  (20.2%) 
edges                63488/256000     253952/1024000  (24.8%) 
LDR worldlights        690/8192        60720/720896   ( 8.4%) 
HDR worldlights        690/8192        60720/720896   ( 8.4%) 
leafwaterdata            3/32768          36/393216   ( 0.0%) 
waterstrips           1469/32768       14690/327680   ( 4.5%) 
waterverts               0/65536           0/786432   ( 0.0%) 
waterindices         25650/65536       51300/131072   (39.1%) 
cubemapsamples          63/1024         1008/16384    ( 6.2%) 
overlays                 0/8192            0/2883584  ( 0.0%) 
LDR lightdata         [variable]    22452032/0        ( 0.0%) 
HDR lightdata         [variable]    22452032/0        ( 0.0%) 
visdata               [variable]     1015240/16777216 ( 6.1%) 
entdata               [variable]      490773/4194304  (11.7%) 
LDR ambient table     6380/65536       25520/262144   ( 9.7%) 
HDR ambient table     6380/65536       25520/262144   ( 9.7%) 
LDR leaf ambient     25494/65536      713832/1835008  (38.9%) 
HDR leaf ambient     25494/65536      713832/1835008  (38.9%) 
occluders                0/0               0/0        ( 0.0%) 
occluder polygons        0/0               0/0        ( 0.0%) 
occluder vert ind        0/0               0/0        ( 0.0%) 
detail props          [variable]      279216/0        ( 0.0%) 
dtl prp lght          [variable]           4/0        ( 0.0%) 
HDR dtl prp lght      [variable]           4/0        ( 0.0%) 
static props          [variable]       51208/0        ( 0.0%) 
static prop count      643/16384           0/0        ( 3.9%) 
pakfile               [variable]     6805360/0        ( 0.0%) 
physics               [variable]     1637553/4194304  (39.0%) 
physics terrain       [variable]       19200/1048576  ( 1.8%) 

Level flags = 0

Total triangle count: 38663
Writing c:\users\lorem\documents\github\school999-rolling-map\sources\maps\rp_school999_rolling.bsp
7 minutes, 8 seconds elapsed




materialPath: C:\SteamLibrary\steamapps\common\GarrysMod\garrysmod\materials
Loading c:\users\lorem\documents\github\school999-rolling-map\sources\maps\rp_school999_rolling.vmf
Patching WVT material: maps/rp_school999_rolling/nature/blendgrassgravel001b_wvt_patch
Patching WVT material: maps/rp_school999_rolling/nature/blendmilground008b_2_wvt_patch
Patching WVT material: maps/rp_school999_rolling/nature/blendmilground005_2_wvt_patch
fixing up env_cubemap materials on brush sides...
ProcessBlock_Thread: 0...1...2...3...4...5...6...7...8...9...10 (0)
ProcessBlock_Thread: 0...1...2...3...4...5...6...7...8...9...10 (1)
Processing areas...done (0)
Building Faces...done (0)
Chop Details...done (0)
Find Visible Detail Sides...
Merged 2244 detail faces...done (0)
Merging details...done (0)
FixTjuncs...
PruneNodes...
WriteBSP...
done (1)
writing c:\users\lorem\documents\github\school999-rolling-map\sources\maps\rp_school999_rolling.prt...
Building visibility clusters...
done (0)
Creating default LDR cubemaps for env_cubemap using skybox materials:
   skybox/skyday_universal*.vmt
 ! Run buildcubemaps in the engine to get the correct cube maps.
Creating default HDR cubemaps for env_cubemap using skybox materials:
   skybox/skyday_universal*.vmt
 ! Run buildcubemaps in the engine to get the correct cube maps.
Finding displacement neighbors...
Finding lightmap sample positions...
Displacement Alpha : 0...1...2...3...4...5...6...7...8...9...10
Building Physics collision data...
done (2) (1633462 bytes)
Placing detail props : 0...1...2...3...4...5...6...7...8...9..Material NATURE/BLENDMILGROUND008B_2 uses unknown detail object type militia_darkleaves_grass!
Material NATURE/BLENDMILGROUND005_2 uses unknown detail object type militia_rock_grass!
Material NATURE/BLENDMILGROUND005_2 uses unknown detail object type militia_rock_grass!
Material NATURE/BLENDMILGROUND008B_2 uses unknown detail object type militia_darkleaves_grass!
Material NATURE/BLENDMILGROUND005_2 uses unknown detail object type militia_rock_grass!
Material NATURE/BLENDMILGROUND008B_2 uses unknown detail object type militia_darkleaves_grass!
Material NATURE/BLENDMILGROUND005_2 uses unknown detail object type militia_rock_grass!
Material NATURE/BLENDMILGROUND008B_2 uses unknown detail object type militia_darkleaves_grass!
Material NATURE/BLENDMILGROUND008B_2 uses unknown detail object type militia_darkleaves_grass!
Material NATURE/BLENDMILGROUND008B_2 uses unknown detail object type militia_darkleaves_grass!
Material NATURE/BLENDMILGROUND005_2 uses unknown detail object type militia_rock_grass!
Material NATURE/BLENDMILGROUND005_2 uses unknown detail object type militia_rock_grass!
Material NATURE/BLENDMILGROUND005_2 uses unknown detail object type militia_rock_grass!
Material NATURE/BLENDMILGROUND008B_2 uses unknown detail object type militia_darkleaves_grass!
Material NATURE/BLENDMILGROUND005_2 uses unknown detail object type militia_rock_grass!
Material NATURE/BLENDMILGROUND008B_2 uses unknown detail object type militia_darkleaves_grass!
Material NATURE/BLENDMILGROUND005_2 uses unknown detail object type militia_rock_grass!
Material NATURE/BLENDMILGROUND008B_2 uses unknown detail object type militia_darkleaves_grass!
Material NATURE/BLENDMILGROUND005_2 uses unknown detail object type militia_rock_grass!
Material NATURE/BLENDMILGROUND008B_2 uses unknown detail object type militia_darkleaves_grass!
Material NATURE/BLENDMILGROUND005_2 uses unknown detail object type militia_rock_grass!
Material NATURE/BLENDMILGROUND008B_2 uses unknown detail object type militia_darkleaves_grass!
Material NATURE/BLENDMILGROUND005_2 uses unknown detail object type militia_rock_grass!
Material NATURE/BLENDMILGROUND005_2 uses unknown detail object type militia_rock_grass!
Material NATURE/BLENDMILGROUND008B_2 uses unknown detail object type militia_darkleaves_grass!
Material NATURE/BLENDMILGROUND005_2 uses unknown detail object type militia_rock_grass!
Material NATURE/BLENDMILGROUND008B_2 uses unknown detail object type militia_darkleaves_grass!
Material NATURE/BLENDMILGROUND005_2 uses unknown detail object type militia_rock_grass!
Material NATURE/BLENDMILGROUND008B_2 uses unknown detail object type militia_darkleaves_grass!
Material NATURE/BLENDMILGROUND005_2 uses unknown detail object type militia_rock_grass!
Material NATURE/BLENDMILGROUND008B_2 uses unknown detail object type militia_darkleaves_grass!
Material NATURE/BLENDMILGROUND005_2 uses unknown detail object type militia_rock_grass!
Material NATURE/BLENDMILGROUND008B_2 uses unknown detail object type militia_darkleaves_grass!
Material NATURE/BLENDMILGROUND005_2 uses unknown detail object type militia_rock_grass!
Material NATURE/BLENDMILGROUND005_2 uses unknown detail object type militia_rock_grass!
Material NATURE/BLENDMILGROUND008B_2 uses unknown detail object type militia_darkleaves_grass!
Material NATURE/BLENDMILGROUND005_2 uses unknown detail object type militia_rock_grass!
Material NATURE/BLENDMILGROUND005_2 uses unknown detail object type militia_rock_grass!
Material NATURE/BLENDMILGROUND005_2 uses unknown detail object type militia_rock_grass!
Material NATURE/BLENDMILGROUND008B_2 uses unknown detail object type militia_darkleaves_grass!
Material NATURE/BLENDMILGROUND005_2 uses unknown detail object type militia_rock_grass!
Material NATURE/BLENDMILGROUND008B_2 uses unknown detail object type militia_darkleaves_grass!
Material NATURE/BLENDMILGROUND005_2 uses unknown detail object type militia_rock_grass!
Material NATURE/BLENDMILGROUND008B_2 uses unknown detail object type militia_darkleaves_grass!
Material NATURE/BLENDMILGROUND005_2 uses unknown detail object type militia_rock_grass!
Material NATURE/BLENDMILGROUND005_2 uses unknown detail object type militia_rock_grass!
Material NATURE/BLENDMILGROUND008B_2 uses unknown detail object type militia_darkleaves_grass!
Material NATURE/BLENDMILGROUND005_2 uses unknown detail object type militia_rock_grass!
.10
Compacting texture/material tables...
Reduced 2743 texinfos to 1644
Reduced 228 texdatas to 189 (8288 bytes to 6604)
Writing c:\users\lorem\documents\github\school999-rolling-map\sources\maps\rp_school999_rolling.bsp
Wrote ZIP buffer, estimated size 6728928, actual size 6698028
9 seconds elapsed



materialPath: C:\SteamLibrary\steamapps\common\GarrysMod\garrysmod\materials
Loading c:\users\lorem\documents\github\school999-rolling-map\sources\maps\rp_school999_rolling.vmf
Patching WVT material: maps/rp_school999_rolling/nature/blendgrassgravel001b_wvt_patch
Patching WVT material: maps/rp_school999_rolling/nature/blendmilground008b_2_wvt_patch
Patching WVT material: maps/rp_school999_rolling/nature/blendmilground005_2_wvt_patch
fixing up env_cubemap materials on brush sides...
ProcessBlock_Thread: 0...1...2...3...4...5...6...7...8...9...10 (0)
ProcessBlock_Thread: 0...1...2...3...4...5...6...7...8...9...10 (0)
Processing areas...done (0)
Building Faces...done (0)
Chop Details...done (0)
Find Visible Detail Sides...
Merged 2244 detail faces...done (0)
Merging details...done (0)
FixTjuncs...
PruneNodes...
WriteBSP...
done (1)
writing c:\users\lorem\documents\github\school999-rolling-map\sources\maps\rp_school999_rolling.prt...
Building visibility clusters...
done (0)
Creating default LDR cubemaps for env_cubemap using skybox materials:
   skybox/skyday_universal*.vmt
 ! Run buildcubemaps in the engine to get the correct cube maps.
Creating default HDR cubemaps for env_cubemap using skybox materials:
   skybox/skyday_universal*.vmt
 ! Run buildcubemaps in the engine to get the correct cube maps.
Finding displacement neighbors...
Finding lightmap sample positions...
Displacement Alpha : 0...1...2...3...4...5...6...7...8...9...10
Building Physics collision data...
done (2) (1637553 bytes)
Placing detail props : 0...1...2...3...4...5...6...7...8...9..Material NATURE/BLENDMILGROUND008B_2 uses unknown detail object type militia_darkleaves_grass!
Material NATURE/BLENDMILGROUND005_2 uses unknown detail object type militia_rock_grass!
Material NATURE/BLENDMILGROUND005_2 uses unknown detail object type militia_rock_grass!
Material NATURE/BLENDMILGROUND008B_2 uses unknown detail object type militia_darkleaves_grass!
Material NATURE/BLENDMILGROUND005_2 uses unknown detail object type militia_rock_grass!
Material NATURE/BLENDMILGROUND008B_2 uses unknown detail object type militia_darkleaves_grass!
Material NATURE/BLENDMILGROUND005_2 uses unknown detail object type militia_rock_grass!
Material NATURE/BLENDMILGROUND008B_2 uses unknown detail object type militia_darkleaves_grass!
Material NATURE/BLENDMILGROUND008B_2 uses unknown detail object type militia_darkleaves_grass!
Material NATURE/BLENDMILGROUND008B_2 uses unknown detail object type militia_darkleaves_grass!
Material NATURE/BLENDMILGROUND005_2 uses unknown detail object type militia_rock_grass!
Material NATURE/BLENDMILGROUND005_2 uses unknown detail object type militia_rock_grass!
Material NATURE/BLENDMILGROUND005_2 uses unknown detail object type militia_rock_grass!
Material NATURE/BLENDMILGROUND008B_2 uses unknown detail object type militia_darkleaves_grass!
Material NATURE/BLENDMILGROUND005_2 uses unknown detail object type militia_rock_grass!
Material NATURE/BLENDMILGROUND008B_2 uses unknown detail object type militia_darkleaves_grass!
Material NATURE/BLENDMILGROUND005_2 uses unknown detail object type militia_rock_grass!
Material NATURE/BLENDMILGROUND008B_2 uses unknown detail object type militia_darkleaves_grass!
Material NATURE/BLENDMILGROUND005_2 uses unknown detail object type militia_rock_grass!
Material NATURE/BLENDMILGROUND008B_2 uses unknown detail object type militia_darkleaves_grass!
Material NATURE/BLENDMILGROUND005_2 uses unknown detail object type militia_rock_grass!
Material NATURE/BLENDMILGROUND008B_2 uses unknown detail object type militia_darkleaves_grass!
Material NATURE/BLENDMILGROUND005_2 uses unknown detail object type militia_rock_grass!
Material NATURE/BLENDMILGROUND005_2 uses unknown detail object type militia_rock_grass!
Material NATURE/BLENDMILGROUND008B_2 uses unknown detail object type militia_darkleaves_grass!
Material NATURE/BLENDMILGROUND005_2 uses unknown detail object type militia_rock_grass!
Material NATURE/BLENDMILGROUND008B_2 uses unknown detail object type militia_darkleaves_grass!
Material NATURE/BLENDMILGROUND005_2 uses unknown detail object type militia_rock_grass!
Material NATURE/BLENDMILGROUND008B_2 uses unknown detail object type militia_darkleaves_grass!
Material NATURE/BLENDMILGROUND005_2 uses unknown detail object type militia_rock_grass!
Material NATURE/BLENDMILGROUND008B_2 uses unknown detail object type militia_darkleaves_grass!
Material NATURE/BLENDMILGROUND005_2 uses unknown detail object type militia_rock_grass!
Material NATURE/BLENDMILGROUND008B_2 uses unknown detail object type militia_darkleaves_grass!
Material NATURE/BLENDMILGROUND005_2 uses unknown detail object type militia_rock_grass!
Material NATURE/BLENDMILGROUND005_2 uses unknown detail object type militia_rock_grass!
Material NATURE/BLENDMILGROUND008B_2 uses unknown detail object type militia_darkleaves_grass!
Material NATURE/BLENDMILGROUND005_2 uses unknown detail object type militia_rock_grass!
Material NATURE/BLENDMILGROUND005_2 uses unknown detail object type militia_rock_grass!
Material NATURE/BLENDMILGROUND005_2 uses unknown detail object type militia_rock_grass!
Material NATURE/BLENDMILGROUND008B_2 uses unknown detail object type militia_darkleaves_grass!
Material NATURE/BLENDMILGROUND005_2 uses unknown detail object type militia_rock_grass!
Material NATURE/BLENDMILGROUND008B_2 uses unknown detail object type militia_darkleaves_grass!
Material NATURE/BLENDMILGROUND005_2 uses unknown detail object type militia_rock_grass!
Material NATURE/BLENDMILGROUND008B_2 uses unknown detail object type militia_darkleaves_grass!
Material NATURE/BLENDMILGROUND005_2 uses unknown detail object type militia_rock_grass!
Material NATURE/BLENDMILGROUND005_2 uses unknown detail object type militia_rock_grass!
Material NATURE/BLENDMILGROUND008B_2 uses unknown detail object type militia_darkleaves_grass!
Material NATURE/BLENDMILGROUND005_2 uses unknown detail object type militia_rock_grass!
.10
Compacting texture/material tables...
Reduced 2750 texinfos to 1647
Reduced 231 texdatas to 191 (8500 bytes to 6726)
Writing c:\users\lorem\documents\github\school999-rolling-map\sources\maps\rp_school999_rolling.bsp
Wrote ZIP buffer, estimated size 6837064, actual size 6805360
8 seconds elapsed



materialPath: C:\SteamLibrary\steamapps\common\GarrysMod\garrysmod\materials
Loading c:\users\lorem\documents\github\school999-rolling-map\sources\maps\rp_school999_rolling.vmf
Patching WVT material: maps/rp_school999_rolling/nature/blendgrassgravel001b_wvt_patch
Patching WVT material: maps/rp_school999_rolling/nature/blendmilground008b_2_wvt_patch
Patching WVT material: maps/rp_school999_rolling/nature/blendmilground005_2_wvt_patch
fixing up env_cubemap materials on brush sides...
ProcessBlock_Thread: 0...1...2...3...4...5...6...7...8...9...10 (0)
ProcessBlock_Thread: 0...1...2...3...4...5...6...7...8...9...10 (0)
Processing areas...done (0)
Building Faces...done (0)
Chop Details...done (0)
Find Visible Detail Sides...
Merged 2244 detail faces...done (0)
Merging details...done (0)
FixTjuncs...
PruneNodes...
WriteBSP...
done (1)
writing c:\users\lorem\documents\github\school999-rolling-map\sources\maps\rp_school999_rolling.prt...
Building visibility clusters...
done (0)
Creating default LDR cubemaps for env_cubemap using skybox materials:
   skybox/skyday_universal*.vmt
 ! Run buildcubemaps in the engine to get the correct cube maps.
Creating default HDR cubemaps for env_cubemap using skybox materials:
   skybox/skyday_universal*.vmt
 ! Run buildcubemaps in the engine to get the correct cube maps.
Finding displacement neighbors...
Finding lightmap sample positions...
Displacement Alpha : 0...1...2...3...4...5...6...7...8...9...10
Building Physics collision data...
done (2) (1637553 bytes)
Placing detail props : 0...1...2...3...4...5...6...7...8...9..Material NATURE/BLENDMILGROUND008B_2 uses unknown detail object type militia_darkleaves_grass!
Material NATURE/BLENDMILGROUND005_2 uses unknown detail object type militia_rock_grass!
Material NATURE/BLENDMILGROUND005_2 uses unknown detail object type militia_rock_grass!
Material NATURE/BLENDMILGROUND008B_2 uses unknown detail object type militia_darkleaves_grass!
Material NATURE/BLENDMILGROUND005_2 uses unknown detail object type militia_rock_grass!
Material NATURE/BLENDMILGROUND008B_2 uses unknown detail object type militia_darkleaves_grass!
Material NATURE/BLENDMILGROUND005_2 uses unknown detail object type militia_rock_grass!
Material NATURE/BLENDMILGROUND008B_2 uses unknown detail object type militia_darkleaves_grass!
Material NATURE/BLENDMILGROUND008B_2 uses unknown detail object type militia_darkleaves_grass!
Material NATURE/BLENDMILGROUND008B_2 uses unknown detail object type militia_darkleaves_grass!
Material NATURE/BLENDMILGROUND005_2 uses unknown detail object type militia_rock_grass!
Material NATURE/BLENDMILGROUND005_2 uses unknown detail object type militia_rock_grass!
Material NATURE/BLENDMILGROUND005_2 uses unknown detail object type militia_rock_grass!
Material NATURE/BLENDMILGROUND008B_2 uses unknown detail object type militia_darkleaves_grass!
Material NATURE/BLENDMILGROUND005_2 uses unknown detail object type militia_rock_grass!
Material NATURE/BLENDMILGROUND008B_2 uses unknown detail object type militia_darkleaves_grass!
Material NATURE/BLENDMILGROUND005_2 uses unknown detail object type militia_rock_grass!
Material NATURE/BLENDMILGROUND008B_2 uses unknown detail object type militia_darkleaves_grass!
Material NATURE/BLENDMILGROUND005_2 uses unknown detail object type militia_rock_grass!
Material NATURE/BLENDMILGROUND008B_2 uses unknown detail object type militia_darkleaves_grass!
Material NATURE/BLENDMILGROUND005_2 uses unknown detail object type militia_rock_grass!
Material NATURE/BLENDMILGROUND008B_2 uses unknown detail object type militia_darkleaves_grass!
Material NATURE/BLENDMILGROUND005_2 uses unknown detail object type militia_rock_grass!
Material NATURE/BLENDMILGROUND005_2 uses unknown detail object type militia_rock_grass!
Material NATURE/BLENDMILGROUND008B_2 uses unknown detail object type militia_darkleaves_grass!
Material NATURE/BLENDMILGROUND005_2 uses unknown detail object type militia_rock_grass!
Material NATURE/BLENDMILGROUND008B_2 uses unknown detail object type militia_darkleaves_grass!
Material NATURE/BLENDMILGROUND005_2 uses unknown detail object type militia_rock_grass!
Material NATURE/BLENDMILGROUND008B_2 uses unknown detail object type militia_darkleaves_grass!
Material NATURE/BLENDMILGROUND005_2 uses unknown detail object type militia_rock_grass!
Material NATURE/BLENDMILGROUND008B_2 uses unknown detail object type militia_darkleaves_grass!
Material NATURE/BLENDMILGROUND005_2 uses unknown detail object type militia_rock_grass!
Material NATURE/BLENDMILGROUND008B_2 uses unknown detail object type militia_darkleaves_grass!
Material NATURE/BLENDMILGROUND005_2 uses unknown detail object type militia_rock_grass!
Material NATURE/BLENDMILGROUND005_2 uses unknown detail object type militia_rock_grass!
Material NATURE/BLENDMILGROUND008B_2 uses unknown detail object type militia_darkleaves_grass!
Material NATURE/BLENDMILGROUND005_2 uses unknown detail object type militia_rock_grass!
Material NATURE/BLENDMILGROUND005_2 uses unknown detail object type militia_rock_grass!
Material NATURE/BLENDMILGROUND005_2 uses unknown detail object type militia_rock_grass!
Material NATURE/BLENDMILGROUND008B_2 uses unknown detail object type militia_darkleaves_grass!
Material NATURE/BLENDMILGROUND005_2 uses unknown detail object type militia_rock_grass!
Material NATURE/BLENDMILGROUND008B_2 uses unknown detail object type militia_darkleaves_grass!
Material NATURE/BLENDMILGROUND005_2 uses unknown detail object type militia_rock_grass!
Material NATURE/BLENDMILGROUND008B_2 uses unknown detail object type militia_darkleaves_grass!
Material NATURE/BLENDMILGROUND005_2 uses unknown detail object type militia_rock_grass!
Material NATURE/BLENDMILGROUND005_2 uses unknown detail object type militia_rock_grass!
Material NATURE/BLENDMILGROUND008B_2 uses unknown detail object type militia_darkleaves_grass!
Material NATURE/BLENDMILGROUND005_2 uses unknown detail object type militia_rock_grass!
.10
Compacting texture/material tables...
Reduced 2750 texinfos to 1647
Reduced 231 texdatas to 191 (8500 bytes to 6726)
Writing c:\users\lorem\documents\github\school999-rolling-map\sources\maps\rp_school999_rolling.bsp
Wrote ZIP buffer, estimated size 6837064, actual size 6805360
8 seconds elapsed



materialPath: C:\SteamLibrary\steamapps\common\GarrysMod\garrysmod\materials
Loading c:\users\lorem\documents\github\school999-rolling-map\sources\maps\rp_school999_rolling.vmf
Patching WVT material: maps/rp_school999_rolling/nature/blendgrassgravel001b_wvt_patch
Patching WVT material: maps/rp_school999_rolling/nature/blendmilground008b_2_wvt_patch
Patching WVT material: maps/rp_school999_rolling/nature/blendmilground005_2_wvt_patch
fixing up env_cubemap materials on brush sides...
ProcessBlock_Thread: 0...1...2...3...4...5...6...7...8...9...10 (0)
ProcessBlock_Thread: 0...1...2...3...4...5...6...7...8...9...10 (1)
Processing areas...done (0)
Building Faces...done (0)
Chop Details...done (0)
Find Visible Detail Sides...
Merged 2244 detail faces...done (0)
Merging details...done (0)
FixTjuncs...
PruneNodes...
WriteBSP...
done (1)
writing c:\users\lorem\documents\github\school999-rolling-map\sources\maps\rp_school999_rolling.prt...
Building visibility clusters...
done (0)
Creating default LDR cubemaps for env_cubemap using skybox materials:
   skybox/skyday_universal*.vmt
 ! Run buildcubemaps in the engine to get the correct cube maps.
Creating default HDR cubemaps for env_cubemap using skybox materials:
   skybox/skyday_universal*.vmt
 ! Run buildcubemaps in the engine to get the correct cube maps.
Finding displacement neighbors...
Finding lightmap sample positions...
Displacement Alpha : 0...1...2...3...4...5...6...7...8...9...10
Building Physics collision data...
done (2) (1637553 bytes)
Placing detail props : 0...1...2...3...4...5...6...7...8...9..Material NATURE/BLENDMILGROUND008B_2 uses unknown detail object type militia_darkleaves_grass!
Material NATURE/BLENDMILGROUND005_2 uses unknown detail object type militia_rock_grass!
Material NATURE/BLENDMILGROUND005_2 uses unknown detail object type militia_rock_grass!
Material NATURE/BLENDMILGROUND008B_2 uses unknown detail object type militia_darkleaves_grass!
Material NATURE/BLENDMILGROUND005_2 uses unknown detail object type militia_rock_grass!
Material NATURE/BLENDMILGROUND008B_2 uses unknown detail object type militia_darkleaves_grass!
Material NATURE/BLENDMILGROUND005_2 uses unknown detail object type militia_rock_grass!
Material NATURE/BLENDMILGROUND008B_2 uses unknown detail object type militia_darkleaves_grass!
Material NATURE/BLENDMILGROUND008B_2 uses unknown detail object type militia_darkleaves_grass!
Material NATURE/BLENDMILGROUND008B_2 uses unknown detail object type militia_darkleaves_grass!
Material NATURE/BLENDMILGROUND005_2 uses unknown detail object type militia_rock_grass!
Material NATURE/BLENDMILGROUND005_2 uses unknown detail object type militia_rock_grass!
Material NATURE/BLENDMILGROUND005_2 uses unknown detail object type militia_rock_grass!
Material NATURE/BLENDMILGROUND008B_2 uses unknown detail object type militia_darkleaves_grass!
Material NATURE/BLENDMILGROUND005_2 uses unknown detail object type militia_rock_grass!
Material NATURE/BLENDMILGROUND008B_2 uses unknown detail object type militia_darkleaves_grass!
Material NATURE/BLENDMILGROUND005_2 uses unknown detail object type militia_rock_grass!
Material NATURE/BLENDMILGROUND008B_2 uses unknown detail object type militia_darkleaves_grass!
Material NATURE/BLENDMILGROUND005_2 uses unknown detail object type militia_rock_grass!
Material NATURE/BLENDMILGROUND008B_2 uses unknown detail object type militia_darkleaves_grass!
Material NATURE/BLENDMILGROUND005_2 uses unknown detail object type militia_rock_grass!
Material NATURE/BLENDMILGROUND008B_2 uses unknown detail object type militia_darkleaves_grass!
Material NATURE/BLENDMILGROUND005_2 uses unknown detail object type militia_rock_grass!
Material NATURE/BLENDMILGROUND005_2 uses unknown detail object type militia_rock_grass!
Material NATURE/BLENDMILGROUND008B_2 uses unknown detail object type militia_darkleaves_grass!
Material NATURE/BLENDMILGROUND005_2 uses unknown detail object type militia_rock_grass!
Material NATURE/BLENDMILGROUND008B_2 uses unknown detail object type militia_darkleaves_grass!
Material NATURE/BLENDMILGROUND005_2 uses unknown detail object type militia_rock_grass!
Material NATURE/BLENDMILGROUND008B_2 uses unknown detail object type militia_darkleaves_grass!
Material NATURE/BLENDMILGROUND005_2 uses unknown detail object type militia_rock_grass!
Material NATURE/BLENDMILGROUND008B_2 uses unknown detail object type militia_darkleaves_grass!
Material NATURE/BLENDMILGROUND005_2 uses unknown detail object type militia_rock_grass!
Material NATURE/BLENDMILGROUND008B_2 uses unknown detail object type militia_darkleaves_grass!
Material NATURE/BLENDMILGROUND005_2 uses unknown detail object type militia_rock_grass!
Material NATURE/BLENDMILGROUND005_2 uses unknown detail object type militia_rock_grass!
Material NATURE/BLENDMILGROUND008B_2 uses unknown detail object type militia_darkleaves_grass!
Material NATURE/BLENDMILGROUND005_2 uses unknown detail object type militia_rock_grass!
Material NATURE/BLENDMILGROUND005_2 uses unknown detail object type militia_rock_grass!
Material NATURE/BLENDMILGROUND005_2 uses unknown detail object type militia_rock_grass!
Material NATURE/BLENDMILGROUND008B_2 uses unknown detail object type militia_darkleaves_grass!
Material NATURE/BLENDMILGROUND005_2 uses unknown detail object type militia_rock_grass!
Material NATURE/BLENDMILGROUND008B_2 uses unknown detail object type militia_darkleaves_grass!
Material NATURE/BLENDMILGROUND005_2 uses unknown detail object type militia_rock_grass!
Material NATURE/BLENDMILGROUND008B_2 uses unknown detail object type militia_darkleaves_grass!
Material NATURE/BLENDMILGROUND005_2 uses unknown detail object type militia_rock_grass!
Material NATURE/BLENDMILGROUND005_2 uses unknown detail object type militia_rock_grass!
Material NATURE/BLENDMILGROUND008B_2 uses unknown detail object type militia_darkleaves_grass!
Material NATURE/BLENDMILGROUND005_2 uses unknown detail object type militia_rock_grass!
.10
Compacting texture/material tables...
Reduced 2750 texinfos to 1647
Reduced 231 texdatas to 191 (8503 bytes to 6728)
Writing c:\users\lorem\documents\github\school999-rolling-map\sources\maps\rp_school999_rolling.bsp
Wrote ZIP buffer, estimated size 6837081, actual size 6805377
8 seconds elapsed



materialPath: C:\SteamLibrary\steamapps\common\GarrysMod\garrysmod\materials
Loading c:\users\lorem\documents\github\school999-rolling-map\sources\maps\rp_school999_rolling.vmf
Patching WVT material: maps/rp_school999_rolling/nature/blendgrassgravel001b_wvt_patch
Patching WVT material: maps/rp_school999_rolling/nature/blendmilground008b_2_wvt_patch
Patching WVT material: maps/rp_school999_rolling/nature/blendmilground005_2_wvt_patch
fixing up env_cubemap materials on brush sides...
ProcessBlock_Thread: 0...1...2...3...4...5...6...7...8...9...10 (0)
ProcessBlock_Thread: 0...1...2...3...4...5...6...7...8...9...10 (1)
Processing areas...done (0)
Building Faces...done (0)
Chop Details...done (0)
Find Visible Detail Sides...
Merged 2244 detail faces...done (0)
Merging details...done (0)
FixTjuncs...
PruneNodes...
WriteBSP...
done (1)
writing c:\users\lorem\documents\github\school999-rolling-map\sources\maps\rp_school999_rolling.prt...
Building visibility clusters...
done (1)
Creating default LDR cubemaps for env_cubemap using skybox materials:
   skybox/skyday_universal*.vmt
 ! Run buildcubemaps in the engine to get the correct cube maps.
Creating default HDR cubemaps for env_cubemap using skybox materials:
   skybox/skyday_universal*.vmt
 ! Run buildcubemaps in the engine to get the correct cube maps.
Finding displacement neighbors...
Finding lightmap sample positions...
Displacement Alpha : 0...1...2...3...4...5...6...7...8...9...10
Building Physics collision data...
done (2) (1637521 bytes)
Placing detail props : 0...1...2...3...4...5...6...7...8...9..Material NATURE/BLENDMILGROUND008B_2 uses unknown detail object type militia_darkleaves_grass!
Material NATURE/BLENDMILGROUND005_2 uses unknown detail object type militia_rock_grass!
Material NATURE/BLENDMILGROUND005_2 uses unknown detail object type militia_rock_grass!
Material NATURE/BLENDMILGROUND008B_2 uses unknown detail object type militia_darkleaves_grass!
Material NATURE/BLENDMILGROUND005_2 uses unknown detail object type militia_rock_grass!
Material NATURE/BLENDMILGROUND008B_2 uses unknown detail object type militia_darkleaves_grass!
Material NATURE/BLENDMILGROUND005_2 uses unknown detail object type militia_rock_grass!
Material NATURE/BLENDMILGROUND008B_2 uses unknown detail object type militia_darkleaves_grass!
Material NATURE/BLENDMILGROUND008B_2 uses unknown detail object type militia_darkleaves_grass!
Material NATURE/BLENDMILGROUND008B_2 uses unknown detail object type militia_darkleaves_grass!
Material NATURE/BLENDMILGROUND005_2 uses unknown detail object type militia_rock_grass!
Material NATURE/BLENDMILGROUND005_2 uses unknown detail object type militia_rock_grass!
Material NATURE/BLENDMILGROUND005_2 uses unknown detail object type militia_rock_grass!
Material NATURE/BLENDMILGROUND008B_2 uses unknown detail object type militia_darkleaves_grass!
Material NATURE/BLENDMILGROUND005_2 uses unknown detail object type militia_rock_grass!
Material NATURE/BLENDMILGROUND008B_2 uses unknown detail object type militia_darkleaves_grass!
Material NATURE/BLENDMILGROUND005_2 uses unknown detail object type militia_rock_grass!
Material NATURE/BLENDMILGROUND008B_2 uses unknown detail object type militia_darkleaves_grass!
Material NATURE/BLENDMILGROUND005_2 uses unknown detail object type militia_rock_grass!
Material NATURE/BLENDMILGROUND008B_2 uses unknown detail object type militia_darkleaves_grass!
Material NATURE/BLENDMILGROUND005_2 uses unknown detail object type militia_rock_grass!
Material NATURE/BLENDMILGROUND008B_2 uses unknown detail object type militia_darkleaves_grass!
Material NATURE/BLENDMILGROUND005_2 uses unknown detail object type militia_rock_grass!
Material NATURE/BLENDMILGROUND005_2 uses unknown detail object type militia_rock_grass!
Material NATURE/BLENDMILGROUND008B_2 uses unknown detail object type militia_darkleaves_grass!
Material NATURE/BLENDMILGROUND005_2 uses unknown detail object type militia_rock_grass!
Material NATURE/BLENDMILGROUND008B_2 uses unknown detail object type militia_darkleaves_grass!
Material NATURE/BLENDMILGROUND005_2 uses unknown detail object type militia_rock_grass!
Material NATURE/BLENDMILGROUND008B_2 uses unknown detail object type militia_darkleaves_grass!
Material NATURE/BLENDMILGROUND005_2 uses unknown detail object type militia_rock_grass!
Material NATURE/BLENDMILGROUND008B_2 uses unknown detail object type militia_darkleaves_grass!
Material NATURE/BLENDMILGROUND005_2 uses unknown detail object type militia_rock_grass!
Material NATURE/BLENDMILGROUND008B_2 uses unknown detail object type militia_darkleaves_grass!
Material NATURE/BLENDMILGROUND005_2 uses unknown detail object type militia_rock_grass!
Material NATURE/BLENDMILGROUND005_2 uses unknown detail object type militia_rock_grass!
Material NATURE/BLENDMILGROUND008B_2 uses unknown detail object type militia_darkleaves_grass!
Material NATURE/BLENDMILGROUND005_2 uses unknown detail object type militia_rock_grass!
Material NATURE/BLENDMILGROUND005_2 uses unknown detail object type militia_rock_grass!
Material NATURE/BLENDMILGROUND005_2 uses unknown detail object type militia_rock_grass!
Material NATURE/BLENDMILGROUND008B_2 uses unknown detail object type militia_darkleaves_grass!
Material NATURE/BLENDMILGROUND005_2 uses unknown detail object type militia_rock_grass!
Material NATURE/BLENDMILGROUND008B_2 uses unknown detail object type militia_darkleaves_grass!
Material NATURE/BLENDMILGROUND005_2 uses unknown detail object type militia_rock_grass!
Material NATURE/BLENDMILGROUND008B_2 uses unknown detail object type militia_darkleaves_grass!
Material NATURE/BLENDMILGROUND005_2 uses unknown detail object type militia_rock_grass!
Material NATURE/BLENDMILGROUND005_2 uses unknown detail object type militia_rock_grass!
Material NATURE/BLENDMILGROUND008B_2 uses unknown detail object type militia_darkleaves_grass!
Material NATURE/BLENDMILGROUND005_2 uses unknown detail object type militia_rock_grass!
.10
Compacting texture/material tables...
Reduced 2750 texinfos to 1647
Reduced 231 texdatas to 191 (8503 bytes to 6728)
Writing c:\users\lorem\documents\github\school999-rolling-map\sources\maps\rp_school999_rolling.bsp
Wrote ZIP buffer, estimated size 6837081, actual size 6805377
8 seconds elapsed



materialPath: C:\SteamLibrary\steamapps\common\GarrysMod\garrysmod\materials
Loading c:\users\lorem\documents\github\school999-rolling-map\sources\maps\rp_school999_rolling.vmf
Patching WVT material: maps/rp_school999_rolling/nature/blendgrassgravel001b_wvt_patch
Patching WVT material: maps/rp_school999_rolling/nature/blendmilground008b_2_wvt_patch
Patching WVT material: maps/rp_school999_rolling/nature/blendmilground005_2_wvt_patch
fixing up env_cubemap materials on brush sides...
ProcessBlock_Thread: 0...1...2...3...4...5...6...7...8...9...10 (0)
ProcessBlock_Thread: 0...1...2...3...4...5...6...7...8...9...10 (1)
Processing areas...done (0)
Building Faces...done (0)
Chop Details...done (0)
Find Visible Detail Sides...
Merged 2244 detail faces...done (0)
Merging details...done (0)
FixTjuncs...
PruneNodes...
WriteBSP...
done (1)
writing c:\users\lorem\documents\github\school999-rolling-map\sources\maps\rp_school999_rolling.prt...
Building visibility clusters...
done (0)
Creating default LDR cubemaps for env_cubemap using skybox materials:
   skybox/skyday_universal*.vmt
 ! Run buildcubemaps in the engine to get the correct cube maps.
Creating default HDR cubemaps for env_cubemap using skybox materials:
   skybox/skyday_universal*.vmt
 ! Run buildcubemaps in the engine to get the correct cube maps.
Finding displacement neighbors...
Finding lightmap sample positions...
Displacement Alpha : 0...1...2...3...4...5...6...7...8...9...10
Building Physics collision data...
done (2) (1637521 bytes)
Placing detail props : 0...1...2...3...4...5...6...7...8...9..Material NATURE/BLENDMILGROUND008B_2 uses unknown detail object type militia_darkleaves_grass!
Material NATURE/BLENDMILGROUND005_2 uses unknown detail object type militia_rock_grass!
Material NATURE/BLENDMILGROUND005_2 uses unknown detail object type militia_rock_grass!
Material NATURE/BLENDMILGROUND008B_2 uses unknown detail object type militia_darkleaves_grass!
Material NATURE/BLENDMILGROUND005_2 uses unknown detail object type militia_rock_grass!
Material NATURE/BLENDMILGROUND008B_2 uses unknown detail object type militia_darkleaves_grass!
Material NATURE/BLENDMILGROUND005_2 uses unknown detail object type militia_rock_grass!
Material NATURE/BLENDMILGROUND008B_2 uses unknown detail object type militia_darkleaves_grass!
Material NATURE/BLENDMILGROUND008B_2 uses unknown detail object type militia_darkleaves_grass!
Material NATURE/BLENDMILGROUND008B_2 uses unknown detail object type militia_darkleaves_grass!
Material NATURE/BLENDMILGROUND005_2 uses unknown detail object type militia_rock_grass!
Material NATURE/BLENDMILGROUND005_2 uses unknown detail object type militia_rock_grass!
Material NATURE/BLENDMILGROUND005_2 uses unknown detail object type militia_rock_grass!
Material NATURE/BLENDMILGROUND008B_2 uses unknown detail object type militia_darkleaves_grass!
Material NATURE/BLENDMILGROUND005_2 uses unknown detail object type militia_rock_grass!
Material NATURE/BLENDMILGROUND008B_2 uses unknown detail object type militia_darkleaves_grass!
Material NATURE/BLENDMILGROUND005_2 uses unknown detail object type militia_rock_grass!
Material NATURE/BLENDMILGROUND008B_2 uses unknown detail object type militia_darkleaves_grass!
Material NATURE/BLENDMILGROUND005_2 uses unknown detail object type militia_rock_grass!
Material NATURE/BLENDMILGROUND008B_2 uses unknown detail object type militia_darkleaves_grass!
Material NATURE/BLENDMILGROUND005_2 uses unknown detail object type militia_rock_grass!
Material NATURE/BLENDMILGROUND008B_2 uses unknown detail object type militia_darkleaves_grass!
Material NATURE/BLENDMILGROUND005_2 uses unknown detail object type militia_rock_grass!
Material NATURE/BLENDMILGROUND005_2 uses unknown detail object type militia_rock_grass!
Material NATURE/BLENDMILGROUND008B_2 uses unknown detail object type militia_darkleaves_grass!
Material NATURE/BLENDMILGROUND005_2 uses unknown detail object type militia_rock_grass!
Material NATURE/BLENDMILGROUND008B_2 uses unknown detail object type militia_darkleaves_grass!
Material NATURE/BLENDMILGROUND005_2 uses unknown detail object type militia_rock_grass!
Material NATURE/BLENDMILGROUND008B_2 uses unknown detail object type militia_darkleaves_grass!
Material NATURE/BLENDMILGROUND005_2 uses unknown detail object type militia_rock_grass!
Material NATURE/BLENDMILGROUND008B_2 uses unknown detail object type militia_darkleaves_grass!
Material NATURE/BLENDMILGROUND005_2 uses unknown detail object type militia_rock_grass!
Material NATURE/BLENDMILGROUND008B_2 uses unknown detail object type militia_darkleaves_grass!
Material NATURE/BLENDMILGROUND005_2 uses unknown detail object type militia_rock_grass!
Material NATURE/BLENDMILGROUND005_2 uses unknown detail object type militia_rock_grass!
Material NATURE/BLENDMILGROUND008B_2 uses unknown detail object type militia_darkleaves_grass!
Material NATURE/BLENDMILGROUND005_2 uses unknown detail object type militia_rock_grass!
Material NATURE/BLENDMILGROUND005_2 uses unknown detail object type militia_rock_grass!
Material NATURE/BLENDMILGROUND005_2 uses unknown detail object type militia_rock_grass!
Material NATURE/BLENDMILGROUND008B_2 uses unknown detail object type militia_darkleaves_grass!
Material NATURE/BLENDMILGROUND005_2 uses unknown detail object type militia_rock_grass!
Material NATURE/BLENDMILGROUND008B_2 uses unknown detail object type militia_darkleaves_grass!
Material NATURE/BLENDMILGROUND005_2 uses unknown detail object type militia_rock_grass!
Material NATURE/BLENDMILGROUND008B_2 uses unknown detail object type militia_darkleaves_grass!
Material NATURE/BLENDMILGROUND005_2 uses unknown detail object type militia_rock_grass!
Material NATURE/BLENDMILGROUND005_2 uses unknown detail object type militia_rock_grass!
Material NATURE/BLENDMILGROUND008B_2 uses unknown detail object type militia_darkleaves_grass!
Material NATURE/BLENDMILGROUND005_2 uses unknown detail object type militia_rock_grass!
.10
Compacting texture/material tables...
Reduced 2750 texinfos to 1650
Reduced 234 texdatas to 194 (8669 bytes to 6894)
Writing c:\users\lorem\documents\github\school999-rolling-map\sources\maps\rp_school999_rolling.bsp
Wrote ZIP buffer, estimated size 6838599, actual size 6806493
8 seconds elapsed



materialPath: C:\SteamLibrary\steamapps\common\GarrysMod\garrysmod\materials
Loading c:\users\lorem\documents\github\school999-rolling-map\sources\maps\rp_school999_rolling.vmf
Patching WVT material: maps/rp_school999_rolling/nature/blendgrassgravel001b_wvt_patch
Patching WVT material: maps/rp_school999_rolling/nature/blendmilground008b_2_wvt_patch
Patching WVT material: maps/rp_school999_rolling/nature/blendmilground005_2_wvt_patch
fixing up env_cubemap materials on brush sides...
ProcessBlock_Thread: 0...1...2...3...4...5...6...7...8...9...10 (0)
ProcessBlock_Thread: 0...1...2...3...4...5...6...7...8...9...10 (0)
Processing areas...done (0)
Building Faces...done (1)
Chop Details...done (0)
Find Visible Detail Sides...
Merged 2244 detail faces...done (0)
Merging details...done (0)
FixTjuncs...
PruneNodes...
WriteBSP...
done (1)
writing c:\users\lorem\documents\github\school999-rolling-map\sources\maps\rp_school999_rolling.prt...
Building visibility clusters...
done (0)
Creating default LDR cubemaps for env_cubemap using skybox materials:
   skybox/skyday_universal*.vmt
 ! Run buildcubemaps in the engine to get the correct cube maps.
Creating default HDR cubemaps for env_cubemap using skybox materials:
   skybox/skyday_universal*.vmt
 ! Run buildcubemaps in the engine to get the correct cube maps.
Finding displacement neighbors...
Finding lightmap sample positions...
Displacement Alpha : 0...1...2...3...4...5...6...7...8...9...10
Building Physics collision data...
done (2) (1637521 bytes)
Placing detail props : 0...1...2...3...4...5...6...7...8...9..Material NATURE/BLENDMILGROUND008B_2 uses unknown detail object type militia_darkleaves_grass!
Material NATURE/BLENDMILGROUND005_2 uses unknown detail object type militia_rock_grass!
Material NATURE/BLENDMILGROUND005_2 uses unknown detail object type militia_rock_grass!
Material NATURE/BLENDMILGROUND008B_2 uses unknown detail object type militia_darkleaves_grass!
Material NATURE/BLENDMILGROUND005_2 uses unknown detail object type militia_rock_grass!
Material NATURE/BLENDMILGROUND008B_2 uses unknown detail object type militia_darkleaves_grass!
Material NATURE/BLENDMILGROUND005_2 uses unknown detail object type militia_rock_grass!
Material NATURE/BLENDMILGROUND008B_2 uses unknown detail object type militia_darkleaves_grass!
Material NATURE/BLENDMILGROUND008B_2 uses unknown detail object type militia_darkleaves_grass!
Material NATURE/BLENDMILGROUND008B_2 uses unknown detail object type militia_darkleaves_grass!
Material NATURE/BLENDMILGROUND005_2 uses unknown detail object type militia_rock_grass!
Material NATURE/BLENDMILGROUND005_2 uses unknown detail object type militia_rock_grass!
Material NATURE/BLENDMILGROUND005_2 uses unknown detail object type militia_rock_grass!
Material NATURE/BLENDMILGROUND008B_2 uses unknown detail object type militia_darkleaves_grass!
Material NATURE/BLENDMILGROUND005_2 uses unknown detail object type militia_rock_grass!
Material NATURE/BLENDMILGROUND008B_2 uses unknown detail object type militia_darkleaves_grass!
Material NATURE/BLENDMILGROUND005_2 uses unknown detail object type militia_rock_grass!
Material NATURE/BLENDMILGROUND008B_2 uses unknown detail object type militia_darkleaves_grass!
Material NATURE/BLENDMILGROUND005_2 uses unknown detail object type militia_rock_grass!
Material NATURE/BLENDMILGROUND008B_2 uses unknown detail object type militia_darkleaves_grass!
Material NATURE/BLENDMILGROUND005_2 uses unknown detail object type militia_rock_grass!
Material NATURE/BLENDMILGROUND008B_2 uses unknown detail object type militia_darkleaves_grass!
Material NATURE/BLENDMILGROUND005_2 uses unknown detail object type militia_rock_grass!
Material NATURE/BLENDMILGROUND005_2 uses unknown detail object type militia_rock_grass!
Material NATURE/BLENDMILGROUND008B_2 uses unknown detail object type militia_darkleaves_grass!
Material NATURE/BLENDMILGROUND005_2 uses unknown detail object type militia_rock_grass!
Material NATURE/BLENDMILGROUND008B_2 uses unknown detail object type militia_darkleaves_grass!
Material NATURE/BLENDMILGROUND005_2 uses unknown detail object type militia_rock_grass!
Material NATURE/BLENDMILGROUND008B_2 uses unknown detail object type militia_darkleaves_grass!
Material NATURE/BLENDMILGROUND005_2 uses unknown detail object type militia_rock_grass!
Material NATURE/BLENDMILGROUND008B_2 uses unknown detail object type militia_darkleaves_grass!
Material NATURE/BLENDMILGROUND005_2 uses unknown detail object type militia_rock_grass!
Material NATURE/BLENDMILGROUND008B_2 uses unknown detail object type militia_darkleaves_grass!
Material NATURE/BLENDMILGROUND005_2 uses unknown detail object type militia_rock_grass!
Material NATURE/BLENDMILGROUND005_2 uses unknown detail object type militia_rock_grass!
Material NATURE/BLENDMILGROUND008B_2 uses unknown detail object type militia_darkleaves_grass!
Material NATURE/BLENDMILGROUND005_2 uses unknown detail object type militia_rock_grass!
Material NATURE/BLENDMILGROUND005_2 uses unknown detail object type militia_rock_grass!
Material NATURE/BLENDMILGROUND005_2 uses unknown detail object type militia_rock_grass!
Material NATURE/BLENDMILGROUND008B_2 uses unknown detail object type militia_darkleaves_grass!
Material NATURE/BLENDMILGROUND005_2 uses unknown detail object type militia_rock_grass!
Material NATURE/BLENDMILGROUND008B_2 uses unknown detail object type militia_darkleaves_grass!
Material NATURE/BLENDMILGROUND005_2 uses unknown detail object type militia_rock_grass!
Material NATURE/BLENDMILGROUND008B_2 uses unknown detail object type militia_darkleaves_grass!
Material NATURE/BLENDMILGROUND005_2 uses unknown detail object type militia_rock_grass!
Material NATURE/BLENDMILGROUND005_2 uses unknown detail object type militia_rock_grass!
Material NATURE/BLENDMILGROUND008B_2 uses unknown detail object type militia_darkleaves_grass!
Material NATURE/BLENDMILGROUND005_2 uses unknown detail object type militia_rock_grass!
.10
Compacting texture/material tables...
Reduced 2750 texinfos to 1650
Reduced 234 texdatas to 194 (8669 bytes to 6894)
Writing c:\users\lorem\documents\github\school999-rolling-map\sources\maps\rp_school999_rolling.bsp
Wrote ZIP buffer, estimated size 6838599, actual size 6806493
8 seconds elapsed



8 threads
reading c:\users\lorem\documents\github\school999-rolling-map\sources\maps\rp_school999_rolling.bsp
reading c:\users\lorem\documents\github\school999-rolling-map\sources\maps\rp_school999_rolling.prt
2155 portalclusters
5639 numportals
BasePortalVis:       0...1...2...3...4...5...6...7...8...9...10 (0)
Optimized: 210059 visible clusters (5.47%)
Total clusters visible: 3843699
Average clusters visible: 1783
Building PAS...
Average clusters audible: 2149
visdatasize:1159337  compressed from 1172320
writing c:\users\lorem\documents\github\school999-rolling-map\sources\maps\rp_school999_rolling.bsp
1 second elapsed



materialPath: C:\SteamLibrary\steamapps\common\GarrysMod\garrysmod\materials
Loading c:\users\lorem\documents\github\school999-rolling-map\sources\maps\rp_school999_rolling.vmf
Patching WVT material: maps/rp_school999_rolling/nature/blendgrassgravel001b_wvt_patch
Patching WVT material: maps/rp_school999_rolling/nature/blendmilground008b_2_wvt_patch
Patching WVT material: maps/rp_school999_rolling/nature/blendmilground005_2_wvt_patch
fixing up env_cubemap materials on brush sides...
ProcessBlock_Thread: 0...1...2...3...4...5...6...7...8...9...10 (0)
ProcessBlock_Thread: 0...1...2...3...4...5...6...7...8...9...10 (1)
Processing areas...done (0)
Building Faces...done (0)
Chop Details...done (0)
Find Visible Detail Sides...
Merged 2244 detail faces...done (0)
Merging details...done (0)
FixTjuncs...
PruneNodes...
WriteBSP...
done (1)
writing c:\users\lorem\documents\github\school999-rolling-map\sources\maps\rp_school999_rolling.prt...
Building visibility clusters...
done (1)
Creating default LDR cubemaps for env_cubemap using skybox materials:
   skybox/skyday_universal*.vmt
 ! Run buildcubemaps in the engine to get the correct cube maps.
Creating default HDR cubemaps for env_cubemap using skybox materials:
   skybox/skyday_universal*.vmt
 ! Run buildcubemaps in the engine to get the correct cube maps.
Finding displacement neighbors...
Finding lightmap sample positions...
Displacement Alpha : 0...1...2...3...4...5...6...7...8...9...10
Building Physics collision data...
done (1) (1638393 bytes)
Placing detail props : 0...1...2...3...4...5...6...7...8...9..Material NATURE/BLENDMILGROUND008B_2 uses unknown detail object type militia_darkleaves_grass!
Material NATURE/BLENDMILGROUND005_2 uses unknown detail object type militia_rock_grass!
Material NATURE/BLENDMILGROUND005_2 uses unknown detail object type militia_rock_grass!
Material NATURE/BLENDMILGROUND008B_2 uses unknown detail object type militia_darkleaves_grass!
Material NATURE/BLENDMILGROUND005_2 uses unknown detail object type militia_rock_grass!
Material NATURE/BLENDMILGROUND008B_2 uses unknown detail object type militia_darkleaves_grass!
Material NATURE/BLENDMILGROUND005_2 uses unknown detail object type militia_rock_grass!
Material NATURE/BLENDMILGROUND008B_2 uses unknown detail object type militia_darkleaves_grass!
Material NATURE/BLENDMILGROUND008B_2 uses unknown detail object type militia_darkleaves_grass!
Material NATURE/BLENDMILGROUND008B_2 uses unknown detail object type militia_darkleaves_grass!
Material NATURE/BLENDMILGROUND005_2 uses unknown detail object type militia_rock_grass!
Material NATURE/BLENDMILGROUND005_2 uses unknown detail object type militia_rock_grass!
Material NATURE/BLENDMILGROUND005_2 uses unknown detail object type militia_rock_grass!
Material NATURE/BLENDMILGROUND008B_2 uses unknown detail object type militia_darkleaves_grass!
Material NATURE/BLENDMILGROUND005_2 uses unknown detail object type militia_rock_grass!
Material NATURE/BLENDMILGROUND008B_2 uses unknown detail object type militia_darkleaves_grass!
Material NATURE/BLENDMILGROUND005_2 uses unknown detail object type militia_rock_grass!
Material NATURE/BLENDMILGROUND008B_2 uses unknown detail object type militia_darkleaves_grass!
Material NATURE/BLENDMILGROUND005_2 uses unknown detail object type militia_rock_grass!
Material NATURE/BLENDMILGROUND008B_2 uses unknown detail object type militia_darkleaves_grass!
Material NATURE/BLENDMILGROUND005_2 uses unknown detail object type militia_rock_grass!
Material NATURE/BLENDMILGROUND008B_2 uses unknown detail object type militia_darkleaves_grass!
Material NATURE/BLENDMILGROUND005_2 uses unknown detail object type militia_rock_grass!
Material NATURE/BLENDMILGROUND005_2 uses unknown detail object type militia_rock_grass!
Material NATURE/BLENDMILGROUND008B_2 uses unknown detail object type militia_darkleaves_grass!
Material NATURE/BLENDMILGROUND005_2 uses unknown detail object type militia_rock_grass!
Material NATURE/BLENDMILGROUND008B_2 uses unknown detail object type militia_darkleaves_grass!
Material NATURE/BLENDMILGROUND005_2 uses unknown detail object type militia_rock_grass!
Material NATURE/BLENDMILGROUND008B_2 uses unknown detail object type militia_darkleaves_grass!
Material NATURE/BLENDMILGROUND005_2 uses unknown detail object type militia_rock_grass!
Material NATURE/BLENDMILGROUND008B_2 uses unknown detail object type militia_darkleaves_grass!
Material NATURE/BLENDMILGROUND005_2 uses unknown detail object type militia_rock_grass!
Material NATURE/BLENDMILGROUND008B_2 uses unknown detail object type militia_darkleaves_grass!
Material NATURE/BLENDMILGROUND005_2 uses unknown detail object type militia_rock_grass!
Material NATURE/BLENDMILGROUND005_2 uses unknown detail object type militia_rock_grass!
Material NATURE/BLENDMILGROUND008B_2 uses unknown detail object type militia_darkleaves_grass!
Material NATURE/BLENDMILGROUND005_2 uses unknown detail object type militia_rock_grass!
Material NATURE/BLENDMILGROUND005_2 uses unknown detail object type militia_rock_grass!
Material NATURE/BLENDMILGROUND005_2 uses unknown detail object type militia_rock_grass!
Material NATURE/BLENDMILGROUND008B_2 uses unknown detail object type militia_darkleaves_grass!
Material NATURE/BLENDMILGROUND005_2 uses unknown detail object type militia_rock_grass!
Material NATURE/BLENDMILGROUND008B_2 uses unknown detail object type militia_darkleaves_grass!
Material NATURE/BLENDMILGROUND005_2 uses unknown detail object type militia_rock_grass!
Material NATURE/BLENDMILGROUND008B_2 uses unknown detail object type militia_darkleaves_grass!
Material NATURE/BLENDMILGROUND005_2 uses unknown detail object type militia_rock_grass!
Material NATURE/BLENDMILGROUND005_2 uses unknown detail object type militia_rock_grass!
Material NATURE/BLENDMILGROUND008B_2 uses unknown detail object type militia_darkleaves_grass!
Material NATURE/BLENDMILGROUND005_2 uses unknown detail object type militia_rock_grass!
.10
Compacting texture/material tables...
Reduced 2762 texinfos to 1651
Reduced 237 texdatas to 195 (8733 bytes to 6855)
Writing c:\users\lorem\documents\github\school999-rolling-map\sources\maps\rp_school999_rolling.bsp
Wrote ZIP buffer, estimated size 6837685, actual size 6805847
9 seconds elapsed



8 threads
reading c:\users\lorem\documents\github\school999-rolling-map\sources\maps\rp_school999_rolling.bsp
reading c:\users\lorem\documents\github\school999-rolling-map\sources\maps\rp_school999_rolling.prt
2184 portalclusters
5737 numportals
BasePortalVis:       0...1...2...3...4...5...6...7...8...9...10 (1)
Optimized: 218381 visible clusters (5.53%)
Total clusters visible: 3945643
Average clusters visible: 1806
Building PAS...
Average clusters audible: 2178
visdatasize:1186943  compressed from 1223040
writing c:\users\lorem\documents\github\school999-rolling-map\sources\maps\rp_school999_rolling.bsp
1 second elapsed



materialPath: C:\SteamLibrary\steamapps\common\GarrysMod\garrysmod\materials
Loading c:\users\lorem\documents\github\school999-rolling-map\sources\maps\rp_school999_rolling.vmf
Patching WVT material: maps/rp_school999_rolling/nature/blendgrassgravel001b_wvt_patch
Patching WVT material: maps/rp_school999_rolling/nature/blendmilground008b_2_wvt_patch
Patching WVT material: maps/rp_school999_rolling/nature/blendmilground005_2_wvt_patch
fixing up env_cubemap materials on brush sides...
ProcessBlock_Thread: 0...1...2...3...4...5...6...7...8...9...10 (0)
ProcessBlock_Thread: 0...1...2...3...4...5...6...7...8...9...10 (1)
Processing areas...done (0)
Building Faces...done (0)
Chop Details...done (0)
Find Visible Detail Sides...
Merged 2244 detail faces...done (0)
Merging details...done (0)
FixTjuncs...
PruneNodes...
WriteBSP...
done (1)
writing c:\users\lorem\documents\github\school999-rolling-map\sources\maps\rp_school999_rolling.prt...
Building visibility clusters...
done (0)
Creating default LDR cubemaps for env_cubemap using skybox materials:
   skybox/skyday_universal*.vmt
 ! Run buildcubemaps in the engine to get the correct cube maps.
Creating default HDR cubemaps for env_cubemap using skybox materials:
   skybox/skyday_universal*.vmt
 ! Run buildcubemaps in the engine to get the correct cube maps.
Finding displacement neighbors...
Finding lightmap sample positions...
Displacement Alpha : 0...1...2...3...4...5...6...7...8...9...10
Building Physics collision data...
done (2) (1638393 bytes)
Placing detail props : 0...1...2...3...4...5...6...7...8...9..Material NATURE/BLENDMILGROUND008B_2 uses unknown detail object type militia_darkleaves_grass!
Material NATURE/BLENDMILGROUND005_2 uses unknown detail object type militia_rock_grass!
Material NATURE/BLENDMILGROUND005_2 uses unknown detail object type militia_rock_grass!
Material NATURE/BLENDMILGROUND008B_2 uses unknown detail object type militia_darkleaves_grass!
Material NATURE/BLENDMILGROUND005_2 uses unknown detail object type militia_rock_grass!
Material NATURE/BLENDMILGROUND008B_2 uses unknown detail object type militia_darkleaves_grass!
Material NATURE/BLENDMILGROUND005_2 uses unknown detail object type militia_rock_grass!
Material NATURE/BLENDMILGROUND008B_2 uses unknown detail object type militia_darkleaves_grass!
Material NATURE/BLENDMILGROUND008B_2 uses unknown detail object type militia_darkleaves_grass!
Material NATURE/BLENDMILGROUND008B_2 uses unknown detail object type militia_darkleaves_grass!
Material NATURE/BLENDMILGROUND005_2 uses unknown detail object type militia_rock_grass!
Material NATURE/BLENDMILGROUND005_2 uses unknown detail object type militia_rock_grass!
Material NATURE/BLENDMILGROUND005_2 uses unknown detail object type militia_rock_grass!
Material NATURE/BLENDMILGROUND008B_2 uses unknown detail object type militia_darkleaves_grass!
Material NATURE/BLENDMILGROUND005_2 uses unknown detail object type militia_rock_grass!
Material NATURE/BLENDMILGROUND008B_2 uses unknown detail object type militia_darkleaves_grass!
Material NATURE/BLENDMILGROUND005_2 uses unknown detail object type militia_rock_grass!
Material NATURE/BLENDMILGROUND008B_2 uses unknown detail object type militia_darkleaves_grass!
Material NATURE/BLENDMILGROUND005_2 uses unknown detail object type militia_rock_grass!
Material NATURE/BLENDMILGROUND008B_2 uses unknown detail object type militia_darkleaves_grass!
Material NATURE/BLENDMILGROUND005_2 uses unknown detail object type militia_rock_grass!
Material NATURE/BLENDMILGROUND008B_2 uses unknown detail object type militia_darkleaves_grass!
Material NATURE/BLENDMILGROUND005_2 uses unknown detail object type militia_rock_grass!
Material NATURE/BLENDMILGROUND005_2 uses unknown detail object type militia_rock_grass!
Material NATURE/BLENDMILGROUND008B_2 uses unknown detail object type militia_darkleaves_grass!
Material NATURE/BLENDMILGROUND005_2 uses unknown detail object type militia_rock_grass!
Material NATURE/BLENDMILGROUND008B_2 uses unknown detail object type militia_darkleaves_grass!
Material NATURE/BLENDMILGROUND005_2 uses unknown detail object type militia_rock_grass!
Material NATURE/BLENDMILGROUND008B_2 uses unknown detail object type militia_darkleaves_grass!
Material NATURE/BLENDMILGROUND005_2 uses unknown detail object type militia_rock_grass!
Material NATURE/BLENDMILGROUND008B_2 uses unknown detail object type militia_darkleaves_grass!
Material NATURE/BLENDMILGROUND005_2 uses unknown detail object type militia_rock_grass!
Material NATURE/BLENDMILGROUND008B_2 uses unknown detail object type militia_darkleaves_grass!
Material NATURE/BLENDMILGROUND005_2 uses unknown detail object type militia_rock_grass!
Material NATURE/BLENDMILGROUND005_2 uses unknown detail object type militia_rock_grass!
Material NATURE/BLENDMILGROUND008B_2 uses unknown detail object type militia_darkleaves_grass!
Material NATURE/BLENDMILGROUND005_2 uses unknown detail object type militia_rock_grass!
Material NATURE/BLENDMILGROUND005_2 uses unknown detail object type militia_rock_grass!
Material NATURE/BLENDMILGROUND005_2 uses unknown detail object type militia_rock_grass!
Material NATURE/BLENDMILGROUND008B_2 uses unknown detail object type militia_darkleaves_grass!
Material NATURE/BLENDMILGROUND005_2 uses unknown detail object type militia_rock_grass!
Material NATURE/BLENDMILGROUND008B_2 uses unknown detail object type militia_darkleaves_grass!
Material NATURE/BLENDMILGROUND005_2 uses unknown detail object type militia_rock_grass!
Material NATURE/BLENDMILGROUND008B_2 uses unknown detail object type militia_darkleaves_grass!
Material NATURE/BLENDMILGROUND005_2 uses unknown detail object type militia_rock_grass!
Material NATURE/BLENDMILGROUND005_2 uses unknown detail object type militia_rock_grass!
Material NATURE/BLENDMILGROUND008B_2 uses unknown detail object type militia_darkleaves_grass!
Material NATURE/BLENDMILGROUND005_2 uses unknown detail object type militia_rock_grass!
.10
Compacting texture/material tables...
Reduced 2762 texinfos to 1651
Reduced 237 texdatas to 195 (8717 bytes to 6851)
Writing c:\users\lorem\documents\github\school999-rolling-map\sources\maps\rp_school999_rolling.bsp
Wrote ZIP buffer, estimated size 6837649, actual size 6805811
8 seconds elapsed



8 threads
reading c:\users\lorem\documents\github\school999-rolling-map\sources\maps\rp_school999_rolling.bsp
reading c:\users\lorem\documents\github\school999-rolling-map\sources\maps\rp_school999_rolling.prt
2184 portalclusters
5737 numportals
BasePortalVis:       0...1...2...3...4...5...6...7...8...9...10 (0)
Optimized: 218381 visible clusters (5.53%)
Total clusters visible: 3945643
Average clusters visible: 1806
Building PAS...
Average clusters audible: 2178
visdatasize:1186943  compressed from 1223040
writing c:\users\lorem\documents\github\school999-rolling-map\sources\maps\rp_school999_rolling.bsp
1 second elapsed



materialPath: C:\SteamLibrary\steamapps\common\GarrysMod\garrysmod\materials
Loading c:\users\lorem\documents\github\school999-rolling-map\sources\maps\rp_school999_rolling.vmf
Patching WVT material: maps/rp_school999_rolling/nature/blendgrassgravel001b_wvt_patch
Patching WVT material: maps/rp_school999_rolling/nature/blendmilground008b_2_wvt_patch
Patching WVT material: maps/rp_school999_rolling/nature/blendmilground005_2_wvt_patch
fixing up env_cubemap materials on brush sides...
ProcessBlock_Thread: 0...1...2...3...4...5...6...7...8...9...10 (1)
**** leaked ****
Entity light (-2428.00 3080.00 220.00) leaked!

FindPortalSide: Couldn't find a good match for which brush to assign to a portal near (-194.4 -4763.8 46.0)
Leaf 0 contents: CONTENTS_SOLID CONTENTS_WATER CONTENTS_TRANSLUCENT 
Leaf 1 contents: CONTENTS_SOLID 
viscontents (node 0 contents ^ node 1 contents): CONTENTS_WATER 
This means that none of the brushes in leaf 0 or 1 that touches the portal has CONTENTS_WATER 
Check for a huge brush enclosing the coordinates above that has contents CONTENTS_WATER 
Candidate brush IDs: Brush 567132: 


FindPortalSide: Couldn't find a good match for which brush to assign to a portal near (-158.4 -4859.9 46.0)
Leaf 0 contents: CONTENTS_SOLID CONTENTS_WATER CONTENTS_TRANSLUCENT 
Leaf 1 contents: CONTENTS_SOLID 
viscontents (node 0 contents ^ node 1 contents): CONTENTS_WATER 
This means that none of the brushes in leaf 0 or 1 that touches the portal has CONTENTS_WATER 
Check for a huge brush enclosing the coordinates above that has contents CONTENTS_WATER 
Candidate brush IDs: Brush 567132: 


FindPortalSide: Couldn't find a good match for which brush to assign to a portal near (-193.9 -4948.0 46.0)
Leaf 0 contents: CONTENTS_SOLID 
Leaf 1 contents: CONTENTS_SOLID CONTENTS_WATER CONTENTS_TRANSLUCENT 
viscontents (node 0 contents ^ node 1 contents): CONTENTS_WATER 
This means that none of the brushes in leaf 0 or 1 that touches the portal has CONTENTS_WATER 
Check for a huge brush enclosing the coordinates above that has contents CONTENTS_WATER 
Candidate brush IDs: Brush 567132: 


FindPortalSide: Couldn't find a good match for which brush to assign to a portal near (-198.8 -4953.2 46.0)
Leaf 0 contents: CONTENTS_SOLID CONTENTS_WATER CONTENTS_TRANSLUCENT 
Leaf 1 contents: CONTENTS_SOLID 
viscontents (node 0 contents ^ node 1 contents): CONTENTS_WATER 
This means that none of the brushes in leaf 0 or 1 that touches the portal has CONTENTS_WATER 
Check for a huge brush enclosing the coordinates above that has contents CONTENTS_WATER 
Candidate brush IDs: Brush 567132: 


FindPortalSide: Couldn't find a good match for which brush to assign to a portal near (-291.1 -4989.3 46.0)
Leaf 0 contents: CONTENTS_SOLID CONTENTS_WATER CONTENTS_TRANSLUCENT 
Leaf 1 contents: CONTENTS_SOLID 
viscontents (node 0 contents ^ node 1 contents): CONTENTS_WATER 
This means that none of the brushes in leaf 0 or 1 that touches the portal has CONTENTS_WATER 
Check for a huge brush enclosing the coordinates above that has contents CONTENTS_WATER 
Candidate brush IDs: Brush 567132: 

Processing areas...done (0)
Building Faces...done (0)
Chop Details...done (0)
Find Visible Detail Sides...
Merged 2244 detail faces...done (0)
Merging details...done (0)
FixTjuncs...
PruneNodes...
WriteBSP...
done (1)
Creating default LDR cubemaps for env_cubemap using skybox materials:
   skybox/skyday_universal*.vmt
 ! Run buildcubemaps in the engine to get the correct cube maps.
Creating default HDR cubemaps for env_cubemap using skybox materials:
   skybox/skyday_universal*.vmt
 ! Run buildcubemaps in the engine to get the correct cube maps.
Finding displacement neighbors...
Finding lightmap sample positions...
Displacement Alpha : 0...1...2...3...4...5...6...7...8...9...10
Building Physics collision data...
done (1) (1630689 bytes)
Placing detail props : 0...1...2...3...4...5...6...7...8...9..Material NATURE/BLENDMILGROUND008B_2 uses unknown detail object type militia_darkleaves_grass!
Material NATURE/BLENDMILGROUND005_2 uses unknown detail object type militia_rock_grass!
Material NATURE/BLENDMILGROUND005_2 uses unknown detail object type militia_rock_grass!
Material NATURE/BLENDMILGROUND008B_2 uses unknown detail object type militia_darkleaves_grass!
Material NATURE/BLENDMILGROUND005_2 uses unknown detail object type militia_rock_grass!
Material NATURE/BLENDMILGROUND008B_2 uses unknown detail object type militia_darkleaves_grass!
Material NATURE/BLENDMILGROUND005_2 uses unknown detail object type militia_rock_grass!
Material NATURE/BLENDMILGROUND008B_2 uses unknown detail object type militia_darkleaves_grass!
Material NATURE/BLENDMILGROUND008B_2 uses unknown detail object type militia_darkleaves_grass!
Material NATURE/BLENDMILGROUND008B_2 uses unknown detail object type militia_darkleaves_grass!
Material NATURE/BLENDMILGROUND005_2 uses unknown detail object type militia_rock_grass!
Material NATURE/BLENDMILGROUND005_2 uses unknown detail object type militia_rock_grass!
Material NATURE/BLENDMILGROUND005_2 uses unknown detail object type militia_rock_grass!
Material NATURE/BLENDMILGROUND008B_2 uses unknown detail object type militia_darkleaves_grass!
Material NATURE/BLENDMILGROUND005_2 uses unknown detail object type militia_rock_grass!
Material NATURE/BLENDMILGROUND008B_2 uses unknown detail object type militia_darkleaves_grass!
Material NATURE/BLENDMILGROUND005_2 uses unknown detail object type militia_rock_grass!
Material NATURE/BLENDMILGROUND008B_2 uses unknown detail object type militia_darkleaves_grass!
Material NATURE/BLENDMILGROUND005_2 uses unknown detail object type militia_rock_grass!
Material NATURE/BLENDMILGROUND008B_2 uses unknown detail object type militia_darkleaves_grass!
Material NATURE/BLENDMILGROUND005_2 uses unknown detail object type militia_rock_grass!
Material NATURE/BLENDMILGROUND008B_2 uses unknown detail object type militia_darkleaves_grass!
Material NATURE/BLENDMILGROUND005_2 uses unknown detail object type militia_rock_grass!
Material NATURE/BLENDMILGROUND005_2 uses unknown detail object type militia_rock_grass!
Material NATURE/BLENDMILGROUND008B_2 uses unknown detail object type militia_darkleaves_grass!
Material NATURE/BLENDMILGROUND005_2 uses unknown detail object type militia_rock_grass!
Material NATURE/BLENDMILGROUND008B_2 uses unknown detail object type militia_darkleaves_grass!
Material NATURE/BLENDMILGROUND005_2 uses unknown detail object type militia_rock_grass!
Material NATURE/BLENDMILGROUND008B_2 uses unknown detail object type militia_darkleaves_grass!
Material NATURE/BLENDMILGROUND005_2 uses unknown detail object type militia_rock_grass!
Material NATURE/BLENDMILGROUND008B_2 uses unknown detail object type militia_darkleaves_grass!
Material NATURE/BLENDMILGROUND005_2 uses unknown detail object type militia_rock_grass!
Material NATURE/BLENDMILGROUND008B_2 uses unknown detail object type militia_darkleaves_grass!
Material NATURE/BLENDMILGROUND005_2 uses unknown detail object type militia_rock_grass!
Material NATURE/BLENDMILGROUND005_2 uses unknown detail object type militia_rock_grass!
Material NATURE/BLENDMILGROUND008B_2 uses unknown detail object type militia_darkleaves_grass!
Material NATURE/BLENDMILGROUND005_2 uses unknown detail object type militia_rock_grass!
Material NATURE/BLENDMILGROUND005_2 uses unknown detail object type militia_rock_grass!
Material NATURE/BLENDMILGROUND005_2 uses unknown detail object type militia_rock_grass!
Material NATURE/BLENDMILGROUND008B_2 uses unknown detail object type militia_darkleaves_grass!
Material NATURE/BLENDMILGROUND005_2 uses unknown detail object type militia_rock_grass!
Material NATURE/BLENDMILGROUND008B_2 uses unknown detail object type militia_darkleaves_grass!
Material NATURE/BLENDMILGROUND005_2 uses unknown detail object type militia_rock_grass!
Material NATURE/BLENDMILGROUND008B_2 uses unknown detail object type militia_darkleaves_grass!
Material NATURE/BLENDMILGROUND005_2 uses unknown detail object type militia_rock_grass!
Material NATURE/BLENDMILGROUND005_2 uses unknown detail object type militia_rock_grass!
Material NATURE/BLENDMILGROUND008B_2 uses unknown detail object type militia_darkleaves_grass!
Material NATURE/BLENDMILGROUND005_2 uses unknown detail object type militia_rock_grass!
.10
Compacting texture/material tables...
Reduced 2746 texinfos to 1655
Reduced 237 texdatas to 199 (8707 bytes to 7079)
Writing c:\users\lorem\documents\github\school999-rolling-map\sources\maps\rp_school999_rolling.bsp
Wrote ZIP buffer, estimated size 6837607, actual size 6805769
10 seconds elapsed



materialPath: C:\SteamLibrary\steamapps\common\GarrysMod\garrysmod\materials
Loading c:\users\lorem\documents\github\school999-rolling-map\sources\maps\rp_school999_rolling.vmf
Patching WVT material: maps/rp_school999_rolling/nature/blendgrassgravel001b_wvt_patch
Patching WVT material: maps/rp_school999_rolling/nature/blendmilground008b_2_wvt_patch
Patching WVT material: maps/rp_school999_rolling/nature/blendmilground005_2_wvt_patch
fixing up env_cubemap materials on brush sides...
ProcessBlock_Thread: 0...1...2...3...4...5...6...7...8...9...10 (0)
**** leaked ****
Entity prop_static (2328.00 940.00 52.00) leaked!

FindPortalSide: Couldn't find a good match for which brush to assign to a portal near (-194.4 -4763.8 46.0)
Leaf 0 contents: CONTENTS_SOLID CONTENTS_WATER CONTENTS_TRANSLUCENT 
Leaf 1 contents: CONTENTS_SOLID 
viscontents (node 0 contents ^ node 1 contents): CONTENTS_WATER 
This means that none of the brushes in leaf 0 or 1 that touches the portal has CONTENTS_WATER 
Check for a huge brush enclosing the coordinates above that has contents CONTENTS_WATER 
Candidate brush IDs: Brush 567132: 


FindPortalSide: Couldn't find a good match for which brush to assign to a portal near (-158.4 -4859.9 46.0)
Leaf 0 contents: CONTENTS_SOLID CONTENTS_WATER CONTENTS_TRANSLUCENT 
Leaf 1 contents: CONTENTS_SOLID 
viscontents (node 0 contents ^ node 1 contents): CONTENTS_WATER 
This means that none of the brushes in leaf 0 or 1 that touches the portal has CONTENTS_WATER 
Check for a huge brush enclosing the coordinates above that has contents CONTENTS_WATER 
Candidate brush IDs: Brush 567132: 


FindPortalSide: Couldn't find a good match for which brush to assign to a portal near (-193.9 -4948.0 46.0)
Leaf 0 contents: CONTENTS_SOLID 
Leaf 1 contents: CONTENTS_SOLID CONTENTS_WATER CONTENTS_TRANSLUCENT 
viscontents (node 0 contents ^ node 1 contents): CONTENTS_WATER 
This means that none of the brushes in leaf 0 or 1 that touches the portal has CONTENTS_WATER 
Check for a huge brush enclosing the coordinates above that has contents CONTENTS_WATER 
Candidate brush IDs: Brush 567132: 


FindPortalSide: Couldn't find a good match for which brush to assign to a portal near (-198.8 -4953.2 46.0)
Leaf 0 contents: CONTENTS_SOLID CONTENTS_WATER CONTENTS_TRANSLUCENT 
Leaf 1 contents: CONTENTS_SOLID 
viscontents (node 0 contents ^ node 1 contents): CONTENTS_WATER 
This means that none of the brushes in leaf 0 or 1 that touches the portal has CONTENTS_WATER 
Check for a huge brush enclosing the coordinates above that has contents CONTENTS_WATER 
Candidate brush IDs: Brush 567132: 


FindPortalSide: Couldn't find a good match for which brush to assign to a portal near (-291.1 -4989.3 46.0)
Leaf 0 contents: CONTENTS_SOLID CONTENTS_WATER CONTENTS_TRANSLUCENT 
Leaf 1 contents: CONTENTS_SOLID 
viscontents (node 0 contents ^ node 1 contents): CONTENTS_WATER 
This means that none of the brushes in leaf 0 or 1 that touches the portal has CONTENTS_WATER 
Check for a huge brush enclosing the coordinates above that has contents CONTENTS_WATER 
Candidate brush IDs: Brush 567132: 

Processing areas...done (0)
Building Faces...done (0)
Chop Details...done (0)
Find Visible Detail Sides...
Merged 2250 detail faces...done (0)
Merging details...done (0)
FixTjuncs...
PruneNodes...
WriteBSP...
done (2)
Creating default LDR cubemaps for env_cubemap using skybox materials:
   skybox/skyday_universal*.vmt
 ! Run buildcubemaps in the engine to get the correct cube maps.
Creating default HDR cubemaps for env_cubemap using skybox materials:
   skybox/skyday_universal*.vmt
 ! Run buildcubemaps in the engine to get the correct cube maps.
Finding displacement neighbors...
Finding lightmap sample positions...
Displacement Alpha : 0...1...2...3...4...5...6...7...8...9...10
Building Physics collision data...
done (1) (1630037 bytes)
Placing detail props : 0...1...2...3...4...5...6...7...8...9..Material NATURE/BLENDMILGROUND008B_2 uses unknown detail object type militia_darkleaves_grass!
Material NATURE/BLENDMILGROUND005_2 uses unknown detail object type militia_rock_grass!
Material NATURE/BLENDMILGROUND005_2 uses unknown detail object type militia_rock_grass!
Material NATURE/BLENDMILGROUND008B_2 uses unknown detail object type militia_darkleaves_grass!
Material NATURE/BLENDMILGROUND005_2 uses unknown detail object type militia_rock_grass!
Material NATURE/BLENDMILGROUND008B_2 uses unknown detail object type militia_darkleaves_grass!
Material NATURE/BLENDMILGROUND005_2 uses unknown detail object type militia_rock_grass!
Material NATURE/BLENDMILGROUND008B_2 uses unknown detail object type militia_darkleaves_grass!
Material NATURE/BLENDMILGROUND008B_2 uses unknown detail object type militia_darkleaves_grass!
Material NATURE/BLENDMILGROUND008B_2 uses unknown detail object type militia_darkleaves_grass!
Material NATURE/BLENDMILGROUND005_2 uses unknown detail object type militia_rock_grass!
Material NATURE/BLENDMILGROUND005_2 uses unknown detail object type militia_rock_grass!
Material NATURE/BLENDMILGROUND005_2 uses unknown detail object type militia_rock_grass!
Material NATURE/BLENDMILGROUND008B_2 uses unknown detail object type militia_darkleaves_grass!
Material NATURE/BLENDMILGROUND005_2 uses unknown detail object type militia_rock_grass!
Material NATURE/BLENDMILGROUND008B_2 uses unknown detail object type militia_darkleaves_grass!
Material NATURE/BLENDMILGROUND005_2 uses unknown detail object type militia_rock_grass!
Material NATURE/BLENDMILGROUND008B_2 uses unknown detail object type militia_darkleaves_grass!
Material NATURE/BLENDMILGROUND005_2 uses unknown detail object type militia_rock_grass!
Material NATURE/BLENDMILGROUND008B_2 uses unknown detail object type militia_darkleaves_grass!
Material NATURE/BLENDMILGROUND005_2 uses unknown detail object type militia_rock_grass!
Material NATURE/BLENDMILGROUND008B_2 uses unknown detail object type militia_darkleaves_grass!
Material NATURE/BLENDMILGROUND005_2 uses unknown detail object type militia_rock_grass!
Material NATURE/BLENDMILGROUND005_2 uses unknown detail object type militia_rock_grass!
Material NATURE/BLENDMILGROUND008B_2 uses unknown detail object type militia_darkleaves_grass!
Material NATURE/BLENDMILGROUND005_2 uses unknown detail object type militia_rock_grass!
Material NATURE/BLENDMILGROUND008B_2 uses unknown detail object type militia_darkleaves_grass!
Material NATURE/BLENDMILGROUND005_2 uses unknown detail object type militia_rock_grass!
Material NATURE/BLENDMILGROUND008B_2 uses unknown detail object type militia_darkleaves_grass!
Material NATURE/BLENDMILGROUND005_2 uses unknown detail object type militia_rock_grass!
Material NATURE/BLENDMILGROUND008B_2 uses unknown detail object type militia_darkleaves_grass!
Material NATURE/BLENDMILGROUND005_2 uses unknown detail object type militia_rock_grass!
Material NATURE/BLENDMILGROUND008B_2 uses unknown detail object type militia_darkleaves_grass!
Material NATURE/BLENDMILGROUND005_2 uses unknown detail object type militia_rock_grass!
Material NATURE/BLENDMILGROUND005_2 uses unknown detail object type militia_rock_grass!
Material NATURE/BLENDMILGROUND008B_2 uses unknown detail object type militia_darkleaves_grass!
Material NATURE/BLENDMILGROUND005_2 uses unknown detail object type militia_rock_grass!
Material NATURE/BLENDMILGROUND005_2 uses unknown detail object type militia_rock_grass!
Material NATURE/BLENDMILGROUND005_2 uses unknown detail object type militia_rock_grass!
Material NATURE/BLENDMILGROUND008B_2 uses unknown detail object type militia_darkleaves_grass!
Material NATURE/BLENDMILGROUND005_2 uses unknown detail object type militia_rock_grass!
Material NATURE/BLENDMILGROUND008B_2 uses unknown detail object type militia_darkleaves_grass!
Material NATURE/BLENDMILGROUND005_2 uses unknown detail object type militia_rock_grass!
Material NATURE/BLENDMILGROUND008B_2 uses unknown detail object type militia_darkleaves_grass!
Material NATURE/BLENDMILGROUND005_2 uses unknown detail object type militia_rock_grass!
Material NATURE/BLENDMILGROUND005_2 uses unknown detail object type militia_rock_grass!
Material NATURE/BLENDMILGROUND008B_2 uses unknown detail object type militia_darkleaves_grass!
Material NATURE/BLENDMILGROUND005_2 uses unknown detail object type militia_rock_grass!
.10
Compacting texture/material tables...
Reduced 2741 texinfos to 1648
Reduced 231 texdatas to 194 (8302 bytes to 6765)
Writing c:\users\lorem\documents\github\school999-rolling-map\sources\maps\rp_school999_rolling.bsp
Wrote ZIP buffer, estimated size 6728572, actual size 6697806
8 seconds elapsed



materialPath: C:\SteamLibrary\steamapps\common\GarrysMod\garrysmod\materials
Loading c:\users\lorem\documents\github\school999-rolling-map\sources\maps\rp_school999_rolling.vmf
Patching WVT material: maps/rp_school999_rolling/nature/blendgrassgravel001b_wvt_patch
Patching WVT material: maps/rp_school999_rolling/nature/blendmilground008b_2_wvt_patch
Patching WVT material: maps/rp_school999_rolling/nature/blendmilground005_2_wvt_patch
fixing up env_cubemap materials on brush sides...
ProcessBlock_Thread: 0...1...2...3...4...5...6...7...8...9...10 (0)
ProcessBlock_Thread: 0...1...2...3...4...5...6...7...8...9...10 (0)
Processing areas...done (0)
Building Faces...done (1)
Chop Details...done (0)
Find Visible Detail Sides...
Merged 2250 detail faces...done (0)
Merging details...done (0)
FixTjuncs...
PruneNodes...
WriteBSP...
done (1)
writing c:\users\lorem\documents\github\school999-rolling-map\sources\maps\rp_school999_rolling.prt...
Building visibility clusters...
done (0)
Creating default LDR cubemaps for env_cubemap using skybox materials:
   skybox/skyday_universal*.vmt
 ! Run buildcubemaps in the engine to get the correct cube maps.
Creating default HDR cubemaps for env_cubemap using skybox materials:
   skybox/skyday_universal*.vmt
 ! Run buildcubemaps in the engine to get the correct cube maps.
Finding displacement neighbors...
Finding lightmap sample positions...
Displacement Alpha : 0...1...2...3...4...5...6...7...8...9...10
Building Physics collision data...
done (1) (1626453 bytes)
Placing detail props : 0...1...2...3...4...5...6...7...8...9..Material NATURE/BLENDMILGROUND008B_2 uses unknown detail object type militia_darkleaves_grass!
Material NATURE/BLENDMILGROUND005_2 uses unknown detail object type militia_rock_grass!
Material NATURE/BLENDMILGROUND005_2 uses unknown detail object type militia_rock_grass!
Material NATURE/BLENDMILGROUND008B_2 uses unknown detail object type militia_darkleaves_grass!
Material NATURE/BLENDMILGROUND005_2 uses unknown detail object type militia_rock_grass!
Material NATURE/BLENDMILGROUND008B_2 uses unknown detail object type militia_darkleaves_grass!
Material NATURE/BLENDMILGROUND005_2 uses unknown detail object type militia_rock_grass!
Material NATURE/BLENDMILGROUND008B_2 uses unknown detail object type militia_darkleaves_grass!
Material NATURE/BLENDMILGROUND008B_2 uses unknown detail object type militia_darkleaves_grass!
Material NATURE/BLENDMILGROUND008B_2 uses unknown detail object type militia_darkleaves_grass!
Material NATURE/BLENDMILGROUND005_2 uses unknown detail object type militia_rock_grass!
Material NATURE/BLENDMILGROUND005_2 uses unknown detail object type militia_rock_grass!
Material NATURE/BLENDMILGROUND005_2 uses unknown detail object type militia_rock_grass!
Material NATURE/BLENDMILGROUND008B_2 uses unknown detail object type militia_darkleaves_grass!
Material NATURE/BLENDMILGROUND005_2 uses unknown detail object type militia_rock_grass!
Material NATURE/BLENDMILGROUND008B_2 uses unknown detail object type militia_darkleaves_grass!
Material NATURE/BLENDMILGROUND005_2 uses unknown detail object type militia_rock_grass!
Material NATURE/BLENDMILGROUND008B_2 uses unknown detail object type militia_darkleaves_grass!
Material NATURE/BLENDMILGROUND005_2 uses unknown detail object type militia_rock_grass!
Material NATURE/BLENDMILGROUND008B_2 uses unknown detail object type militia_darkleaves_grass!
Material NATURE/BLENDMILGROUND005_2 uses unknown detail object type militia_rock_grass!
Material NATURE/BLENDMILGROUND008B_2 uses unknown detail object type militia_darkleaves_grass!
Material NATURE/BLENDMILGROUND005_2 uses unknown detail object type militia_rock_grass!
Material NATURE/BLENDMILGROUND005_2 uses unknown detail object type militia_rock_grass!
Material NATURE/BLENDMILGROUND008B_2 uses unknown detail object type militia_darkleaves_grass!
Material NATURE/BLENDMILGROUND005_2 uses unknown detail object type militia_rock_grass!
Material NATURE/BLENDMILGROUND008B_2 uses unknown detail object type militia_darkleaves_grass!
Material NATURE/BLENDMILGROUND005_2 uses unknown detail object type militia_rock_grass!
Material NATURE/BLENDMILGROUND008B_2 uses unknown detail object type militia_darkleaves_grass!
Material NATURE/BLENDMILGROUND005_2 uses unknown detail object type militia_rock_grass!
Material NATURE/BLENDMILGROUND008B_2 uses unknown detail object type militia_darkleaves_grass!
Material NATURE/BLENDMILGROUND005_2 uses unknown detail object type militia_rock_grass!
Material NATURE/BLENDMILGROUND008B_2 uses unknown detail object type militia_darkleaves_grass!
Material NATURE/BLENDMILGROUND005_2 uses unknown detail object type militia_rock_grass!
Material NATURE/BLENDMILGROUND005_2 uses unknown detail object type militia_rock_grass!
Material NATURE/BLENDMILGROUND008B_2 uses unknown detail object type militia_darkleaves_grass!
Material NATURE/BLENDMILGROUND005_2 uses unknown detail object type militia_rock_grass!
Material NATURE/BLENDMILGROUND005_2 uses unknown detail object type militia_rock_grass!
Material NATURE/BLENDMILGROUND005_2 uses unknown detail object type militia_rock_grass!
Material NATURE/BLENDMILGROUND008B_2 uses unknown detail object type militia_darkleaves_grass!
Material NATURE/BLENDMILGROUND005_2 uses unknown detail object type militia_rock_grass!
Material NATURE/BLENDMILGROUND008B_2 uses unknown detail object type militia_darkleaves_grass!
Material NATURE/BLENDMILGROUND005_2 uses unknown detail object type militia_rock_grass!
Material NATURE/BLENDMILGROUND008B_2 uses unknown detail object type militia_darkleaves_grass!
Material NATURE/BLENDMILGROUND005_2 uses unknown detail object type militia_rock_grass!
Material NATURE/BLENDMILGROUND005_2 uses unknown detail object type militia_rock_grass!
Material NATURE/BLENDMILGROUND008B_2 uses unknown detail object type militia_darkleaves_grass!
Material NATURE/BLENDMILGROUND005_2 uses unknown detail object type militia_rock_grass!
.10
Compacting texture/material tables...
Reduced 2742 texinfos to 1625
Reduced 231 texdatas to 190 (8302 bytes to 6529)
Writing c:\users\lorem\documents\github\school999-rolling-map\sources\maps\rp_school999_rolling.bsp
Wrote ZIP buffer, estimated size 6728572, actual size 6697806
8 seconds elapsed



materialPath: C:\SteamLibrary\steamapps\common\GarrysMod\garrysmod\materials
Loading c:\users\lorem\documents\github\school999-rolling-map\sources\maps\rp_school999_rolling.vmf
Patching WVT material: maps/rp_school999_rolling/nature/blendgrassgravel001b_wvt_patch
Patching WVT material: maps/rp_school999_rolling/nature/blendmilground008b_2_wvt_patch
Patching WVT material: maps/rp_school999_rolling/nature/blendmilground005_2_wvt_patch
fixing up env_cubemap materials on brush sides...
ProcessBlock_Thread: 0...1...2...3...4...5...6...7...8...9...10 (0)
ProcessBlock_Thread: 0...1...2...3...4...5...6...7...8...9...10 (0)
Processing areas...done (0)
Building Faces...done (0)
Chop Details...done (0)
Find Visible Detail Sides...
Merged 2250 detail faces...done (0)
Merging details...done (0)
FixTjuncs...
PruneNodes...
WriteBSP...
done (2)
writing c:\users\lorem\documents\github\school999-rolling-map\sources\maps\rp_school999_rolling.prt...
Building visibility clusters...
done (0)
Creating default LDR cubemaps for env_cubemap using skybox materials:
   skybox/skyday_universal*.vmt
 ! Run buildcubemaps in the engine to get the correct cube maps.
Creating default HDR cubemaps for env_cubemap using skybox materials:
   skybox/skyday_universal*.vmt
 ! Run buildcubemaps in the engine to get the correct cube maps.
Finding displacement neighbors...
Finding lightmap sample positions...
Displacement Alpha : 0...1...2...3...4...5...6...7...8...9...10
Building Physics collision data...
done (1) (1624725 bytes)
Placing detail props : 0...1...2...3...4...5...6...7...8...9..Material NATURE/BLENDMILGROUND008B_2 uses unknown detail object type militia_darkleaves_grass!
Material NATURE/BLENDMILGROUND005_2 uses unknown detail object type militia_rock_grass!
Material NATURE/BLENDMILGROUND005_2 uses unknown detail object type militia_rock_grass!
Material NATURE/BLENDMILGROUND008B_2 uses unknown detail object type militia_darkleaves_grass!
Material NATURE/BLENDMILGROUND005_2 uses unknown detail object type militia_rock_grass!
Material NATURE/BLENDMILGROUND008B_2 uses unknown detail object type militia_darkleaves_grass!
Material NATURE/BLENDMILGROUND005_2 uses unknown detail object type militia_rock_grass!
Material NATURE/BLENDMILGROUND008B_2 uses unknown detail object type militia_darkleaves_grass!
Material NATURE/BLENDMILGROUND008B_2 uses unknown detail object type militia_darkleaves_grass!
Material NATURE/BLENDMILGROUND008B_2 uses unknown detail object type militia_darkleaves_grass!
Material NATURE/BLENDMILGROUND005_2 uses unknown detail object type militia_rock_grass!
Material NATURE/BLENDMILGROUND005_2 uses unknown detail object type militia_rock_grass!
Material NATURE/BLENDMILGROUND005_2 uses unknown detail object type militia_rock_grass!
Material NATURE/BLENDMILGROUND008B_2 uses unknown detail object type militia_darkleaves_grass!
Material NATURE/BLENDMILGROUND005_2 uses unknown detail object type militia_rock_grass!
Material NATURE/BLENDMILGROUND008B_2 uses unknown detail object type militia_darkleaves_grass!
Material NATURE/BLENDMILGROUND005_2 uses unknown detail object type militia_rock_grass!
Material NATURE/BLENDMILGROUND008B_2 uses unknown detail object type militia_darkleaves_grass!
Material NATURE/BLENDMILGROUND005_2 uses unknown detail object type militia_rock_grass!
Material NATURE/BLENDMILGROUND008B_2 uses unknown detail object type militia_darkleaves_grass!
Material NATURE/BLENDMILGROUND005_2 uses unknown detail object type militia_rock_grass!
Material NATURE/BLENDMILGROUND008B_2 uses unknown detail object type militia_darkleaves_grass!
Material NATURE/BLENDMILGROUND005_2 uses unknown detail object type militia_rock_grass!
Material NATURE/BLENDMILGROUND005_2 uses unknown detail object type militia_rock_grass!
Material NATURE/BLENDMILGROUND008B_2 uses unknown detail object type militia_darkleaves_grass!
Material NATURE/BLENDMILGROUND005_2 uses unknown detail object type militia_rock_grass!
Material NATURE/BLENDMILGROUND008B_2 uses unknown detail object type militia_darkleaves_grass!
Material NATURE/BLENDMILGROUND005_2 uses unknown detail object type militia_rock_grass!
Material NATURE/BLENDMILGROUND008B_2 uses unknown detail object type militia_darkleaves_grass!
Material NATURE/BLENDMILGROUND005_2 uses unknown detail object type militia_rock_grass!
Material NATURE/BLENDMILGROUND008B_2 uses unknown detail object type militia_darkleaves_grass!
Material NATURE/BLENDMILGROUND005_2 uses unknown detail object type militia_rock_grass!
Material NATURE/BLENDMILGROUND008B_2 uses unknown detail object type militia_darkleaves_grass!
Material NATURE/BLENDMILGROUND005_2 uses unknown detail object type militia_rock_grass!
Material NATURE/BLENDMILGROUND005_2 uses unknown detail object type militia_rock_grass!
Material NATURE/BLENDMILGROUND008B_2 uses unknown detail object type militia_darkleaves_grass!
Material NATURE/BLENDMILGROUND005_2 uses unknown detail object type militia_rock_grass!
Material NATURE/BLENDMILGROUND005_2 uses unknown detail object type militia_rock_grass!
Material NATURE/BLENDMILGROUND005_2 uses unknown detail object type militia_rock_grass!
Material NATURE/BLENDMILGROUND008B_2 uses unknown detail object type militia_darkleaves_grass!
Material NATURE/BLENDMILGROUND005_2 uses unknown detail object type militia_rock_grass!
Material NATURE/BLENDMILGROUND008B_2 uses unknown detail object type militia_darkleaves_grass!
Material NATURE/BLENDMILGROUND005_2 uses unknown detail object type militia_rock_grass!
Material NATURE/BLENDMILGROUND008B_2 uses unknown detail object type militia_darkleaves_grass!
Material NATURE/BLENDMILGROUND005_2 uses unknown detail object type militia_rock_grass!
Material NATURE/BLENDMILGROUND005_2 uses unknown detail object type militia_rock_grass!
Material NATURE/BLENDMILGROUND008B_2 uses unknown detail object type militia_darkleaves_grass!
Material NATURE/BLENDMILGROUND005_2 uses unknown detail object type militia_rock_grass!
.10
Compacting texture/material tables...
Reduced 2741 texinfos to 1629
Reduced 221 texdatas to 183 (7752 bytes to 6122)
Writing c:\users\lorem\documents\github\school999-rolling-map\sources\maps\rp_school999_rolling.bsp
Wrote ZIP buffer, estimated size 6829098, actual size 6799404
9 seconds elapsed



8 threads
reading c:\users\lorem\documents\github\school999-rolling-map\sources\maps\rp_school999_rolling.bsp
reading c:\users\lorem\documents\github\school999-rolling-map\sources\maps\rp_school999_rolling.prt
2183 portalclusters
5762 numportals
BasePortalVis:       0...1...2...3...4...5...6...7...8...9...10 (1)
Optimized: 212343 visible clusters (5.36%)
Total clusters visible: 3960305
Average clusters visible: 1814
Building PAS...
Average clusters audible: 2178
visdatasize:1186587  compressed from 1222480
writing c:\users\lorem\documents\github\school999-rolling-map\sources\maps\rp_school999_rolling.bsp
1 second elapsed

==================================================================
Date: 2026-10-09 20:18:50
F:\Steam\steamapps\common\GarrysMod\bin\vbsp++.exe -game F:\Steam\steamapps\common\GarrysMod\garrysmod c:\users\lorem\documents\github\school999-rolling-map\sources\maps\rp_school999_rolling
==================================================================
CPU: AMD FX(tm)-8350 Eight-Core Processor (8 threads)
---------------
gamedir: F:\Steam\steamapps\common\GarrysMod\garrysmod\
---------------
Loading c:\users\lorem\documents\github\school999-rolling-map\sources\maps\rp_school999_rolling.vmf
Locating GameData file 'garrysmod.fgd'...
Parsing GameData file F:\Steam\steamapps\common\GarrysMod\bin\garrysmod.fgd
Parsing GameData file F:\Steam\steamapps\common\GarrysMod\bin\base.fgd
Parsing GameData file F:\Steam\steamapps\common\GarrysMod\bin\halflife2.fgd
Parsing GameData file F:\Steam\steamapps\common\GarrysMod\bin\base.fgd
fixing up env_cubemap materials on brush sides...
FloodEntities...
FloodEntities...
Processing areas...done (0)
Building Faces...done (0)
Chop Details...done (1)
Find Visible Detail Sides...
Merged 2240 detail faces...done (1)
Merging details...done (0)
FixTjuncs...
PruneNodes...
WriteBSP...
done (0)
writing c:\users\lorem\documents\github\school999-rolling-map\sources\maps\rp_school999_rolling.prt...
Building visibility clusters...
done (0)
Generating blank default cubemaps...
Generating blank default cubemaps...
Emitted 4893 brushes and 36846 brushsides
Finding displacement neighbors...
Finding lightmap sample positions...
Building Physics collision data...
done (1) (1847755 bytes)
Emitting static props...
Placing detail props : 0...1...2...3...4...5...6...7...8...9..Material NATURE/BLENDMILGROUND008B_2 uses unknown detail object type militia_darkleaves_grass!
Material NATURE/BLENDMILGROUND005_2 uses unknown detail object type militia_rock_grass!
.10
Compacting texture/material tables...
Reduced 2669 texinfos to 1589
Reduced 226 texdatas to 188 (8078 bytes to 6466)
Writing c:\users\lorem\documents\github\school999-rolling-map\sources\maps\rp_school999_rolling.bsp
3 seconds elapsed

==================================================================
Date: 2026-10-09 20:18:55
F:\Steam\steamapps\common\GarrysMod\bin\vvis++.exe -fast -game F:\Steam\steamapps\common\GarrysMod\garrysmod c:\users\lorem\documents\github\school999-rolling-map\sources\maps\rp_school999_rolling
==================================================================
CPU: AMD FX(tm)-8350 Eight-Core Processor (8 threads)
CPU does not support AVX2
reading c:\users\lorem\documents\github\school999-rolling-map\sources\maps\rp_school999_rolling.bsp
reading c:\users\lorem\documents\github\school999-rolling-map\sources\maps\rp_school999_rolling.prt
2146 portalclusters
5588 numportals
BasePortalVis:       0...1...2...3...4...5...6...7...8...9...10 (0.5 s)
Optimized: 203280 visible clusters (5.31%)
Total clusters visible: 3830192
Average clusters visible: 1784
Building PAS...
Average clusters audible: 2140
visdatasize:1151285  compressed from 1167424
writing c:\users\lorem\documents\github\school999-rolling-map\sources\maps\rp_school999_rolling.bsp
0 seconds elapsed

==================================================================
Date: 2026-10-09 20:18:57
F:\Steam\steamapps\common\GarrysMod\bin\vrad++.exe -bounce 2 -noextra -game F:\Steam\steamapps\common\GarrysMod\garrysmod c:\users\lorem\documents\github\school999-rolling-map\sources\maps\rp_school999_rolling
==================================================================
---------------
gamedir: F:\Steam\steamapps\common\GarrysMod\garrysmod\
---------------
CPU: AMD FX(tm)-8350 Eight-Core Processor (8 threads)
	Checking GPU: AMD Radeon RX 6600 (discrete), Vulkan 1.4.315, driver 2.0.353
GPU: AMD Radeon RX 6600
Compiling in LDR mode
Reading texlights from 'lights.rad'...
51 texlights parsed
Loading c:\users\lorem\documents\github\school999-rolling-map\sources\maps\rp_school999_rolling.bsp
651 props added to raytrace
Snapshotted 94033 triangles in BVH (603 degenerate)
14758 faces
416 fake patch planes
3286620 square feet [473273344.00 square inches]
62 Displacements
311308 Square Feet [44828368.00 Square Inches]
FindNeighbors:       0...1...2...3...4...5...6...7...8...9...10 (0.4 s)
14758 patches before subdivision
218772 patches after subdivision
CreateDirectLights...
BuildLightVisibility: 0...1...2...3...4...5...6...7...8...9...10 (0.2 s)
690 lights, 36 styled (0.20 s)
GPU: Building scene...
Done (0.07 s)
BuildFacelightsGPU: 1...2...3...4...5...6...7...8...9...10 (2.7 s)
  2.73M luxels + 0.00M supersamples in 11 chunks
  prepare 0.2s, upload 0.9s, solve 0.3s, the rest 1.3s
  ranked lightstyles on 1589 faces with more than 3 styles (0.4s)
BuildVisMatrixGPU: 1...2...3...4...5...6...7...8...9...10 (2.3 s)
  1073.9M pairs, 21.1M candidates, 21 batches
  prepare 0.4s, solve 1.1s, scatter 0.8s
transfers 28282620, max 2534
transfer lists: 215.8 megs
Bounce  1 added RGB(697737, 590407, 400214)
Bounce  2 added RGB(201018, 145829, 83233)
BounceLightGPU: 2 bounces (0.7 s)
  28.3M transfers in 1 segments, 9 parent levels
  upload 0.6s, solve 0.0s (22.1 ms per bounce)
Build Patch/Sample Hash Table(s).....Done<0.2498 sec>
FinalLightFace:      0...1...2...3...4...5...6...7...8...9...10 (1.0 s)
FinalLightFace Done
GPU: the map has more than 8 detail prop lightstyles
GPU: detail prop solver failed, falling back to the CPU
ComputeDetailPropLighting: 0...1...2...3...4...5...6...7...8...9...10 (0.7 s)
Setting up leaf ambient computation...
0 of 0 (0% of) surface lights went in leaf ambient cubes.
178218 leaf ambient samples in 0.2 seconds
ComputeLeafAmbientGPU: 1...2...3...4...5...6...7...8...9...10 (0.2 s)
  178218 samples, 35149 triangles, 29.0M rays
  prepare 0.1s, solve 0.1s
  select 0.2s
Writing leaf ambient...done
Ready to Finish
Estimated GPU memory usage:
------------------------
                                   peak   uploaded     leaked   allocs
vis matrix                     481.9 MB   508.6 MB          -       16
bounce transfers               431.6 MB   431.6 MB          -        2
misc                           153.4 MB   154.5 MB   153.4 MB       26
bounce                          67.1 MB   107.4 MB          -       28
leaf ambient geometry           43.9 MB    45.6 MB          -       12
leaf ambient samples            38.1 MB    38.1 MB          -        4
BVH                             24.5 MB    28.9 MB    17.8 MB       12
BVH build scratch               16.5 MB    22.7 MB          -        4
alpha shadow textures             320 B      324 B      288 B        4
total peak VRAM usage          669.8 MB

Object names       Objects/Maxobjs  Fullness 
------------       ---------------  -------- 
entities              1141/65536    ( 1.7%) 
models                 177/4096     ( 4.3%) 
brushes               4893/65536    ( 7.5%) 
brushsides           36846/655350   ( 5.6%) 
planes               10780/65536    (16.4%) 
vertexes             25169/65536    (38.4%) 
nodes                 6200/65536    ( 9.5%) 
texinfos              1589/32768    ( 4.8%) 
texdata                188/8192     ( 2.3%) 
dispinfos               62/16384    ( 0.4%) 
faces                14758/65536    (22.5%) 
hdr faces                0/65536    ( 0.0%) 
origfaces             8979/65536    (13.7%) 
leaves                6378/65536    ( 9.7%) 
leaffaces            17951/65536    (27.4%) 
leafbrushes           8640/65536    (13.2%) 
areas                    3/1024     ( 0.3%) 
surfedges            68677/512000   (13.4%) 
edges                38227/256000   (14.9%) 
leafwaterdata            1/32768    ( 0.0%) 
primitives            1483/32768    ( 4.5%) 
primverts                0/65536    ( 0.0%) 
primindices          25968/65536    (39.6%) 
cubemapsamples          62/1024     ( 6.1%) 
overlays                 0/8192     ( 0.0%) 
vertnormalindices    68522/256000   (26.8%) 
visdata            1151285/16777216 ( 6.9%) 
entdata             490528/393216   (124.7%) FULL!!!
LDR ambient table     6378/65536    ( 9.7%) 
HDR ambient table     6378/65536    ( 9.7%) 
LDR worldlights            690     
HDR worldlights            0       
LDR lightdata              22102196 bytes
HDR lightdata              0        bytes
LDR leaf ambient           25327   
HDR leaf ambient           6378    
occluders                  0       
detail props               4854    
dtl prp lght               0       
HDR dtl prp lght           0       
static props               651     
pakfile                    3686298  bytes
physics                    1847755  bytes
physics terrain            18581    bytes

Level flags = 0

Total triangle count: 39006
Writing c:\users\lorem\documents\github\school999-rolling-map\sources\maps\rp_school999_rolling.bsp
10 seconds elapsed

==================================================================
Date: 2026-10-09 20:33:56
F:\Steam\steamapps\common\GarrysMod\bin\vbsp++.exe -game F:\Steam\steamapps\common\GarrysMod\garrysmod c:\users\lorem\documents\github\school999-rolling-map\sources\maps\rp_school999_rolling
==================================================================
CPU: AMD FX(tm)-8350 Eight-Core Processor (8 threads)
---------------
gamedir: F:\Steam\steamapps\common\GarrysMod\garrysmod\
---------------
Loading c:\users\lorem\documents\github\school999-rolling-map\sources\maps\rp_school999_rolling.vmf
Locating GameData file 'garrysmod.fgd'...
Parsing GameData file F:\Steam\steamapps\common\GarrysMod\bin\garrysmod.fgd
Parsing GameData file F:\Steam\steamapps\common\GarrysMod\bin\base.fgd
Parsing GameData file F:\Steam\steamapps\common\GarrysMod\bin\halflife2.fgd
Parsing GameData file F:\Steam\steamapps\common\GarrysMod\bin\base.fgd
fixing up env_cubemap materials on brush sides...
FloodEntities...
FloodEntities...
Processing areas...done (0)
Building Faces...done (0)
Chop Details...done (0)
Find Visible Detail Sides...
Merged 2240 detail faces...done (0)
Merging details...done (1)
FixTjuncs...
PruneNodes...
WriteBSP...
done (0)
writing c:\users\lorem\documents\github\school999-rolling-map\sources\maps\rp_school999_rolling.prt...
Building visibility clusters...
done (0)
Generating blank default cubemaps...
Generating blank default cubemaps...
Emitted 4898 brushes and 36871 brushsides
Finding displacement neighbors...
Finding lightmap sample positions...
Building Physics collision data...
done (0) (1849715 bytes)
Emitting static props...
Placing detail props : 0...1...2...3...4...5...6...7...8...9..Material NATURE/BLENDMILGROUND008B_2 uses unknown detail object type militia_darkleaves_grass!
Material NATURE/BLENDMILGROUND005_2 uses unknown detail object type militia_rock_grass!
.10
Compacting texture/material tables...
Reduced 2687 texinfos to 1599
Reduced 226 texdatas to 188 (8078 bytes to 6466)
Writing c:\users\lorem\documents\github\school999-rolling-map\sources\maps\rp_school999_rolling.bsp
3 seconds elapsed

==================================================================
Date: 2026-10-09 20:34:00
F:\Steam\steamapps\common\GarrysMod\bin\vvis++.exe -fast -game F:\Steam\steamapps\common\GarrysMod\garrysmod c:\users\lorem\documents\github\school999-rolling-map\sources\maps\rp_school999_rolling
==================================================================
CPU: AMD FX(tm)-8350 Eight-Core Processor (8 threads)
CPU does not support AVX2
reading c:\users\lorem\documents\github\school999-rolling-map\sources\maps\rp_school999_rolling.bsp
reading c:\users\lorem\documents\github\school999-rolling-map\sources\maps\rp_school999_rolling.prt
2169 portalclusters
5656 numportals
BasePortalVis:       0...1...2...3...4...5...6...7...8...9...10 (0.5 s)
Optimized: 204833 visible clusters (5.22%)
Total clusters visible: 3921710
Average clusters visible: 1808
Building PAS...
Average clusters audible: 2164
visdatasize:1177692  compressed from 1179936
writing c:\users\lorem\documents\github\school999-rolling-map\sources\maps\rp_school999_rolling.bsp
0 seconds elapsed

==================================================================
Date: 2026-10-09 20:34:01
F:\Steam\steamapps\common\GarrysMod\bin\vrad++.exe -bounce 2 -noextra -game F:\Steam\steamapps\common\GarrysMod\garrysmod c:\users\lorem\documents\github\school999-rolling-map\sources\maps\rp_school999_rolling
==================================================================
---------------
gamedir: F:\Steam\steamapps\common\GarrysMod\garrysmod\
---------------
CPU: AMD FX(tm)-8350 Eight-Core Processor (8 threads)
	Checking GPU: AMD Radeon RX 6600 (discrete), Vulkan 1.4.315, driver 2.0.353
GPU: AMD Radeon RX 6600
Compiling in LDR mode
Reading texlights from 'lights.rad'...
51 texlights parsed
Loading c:\users\lorem\documents\github\school999-rolling-map\sources\maps\rp_school999_rolling.bsp
651 props added to raytrace
Snapshotted 94071 triangles in BVH (604 degenerate)
14891 faces
416 fake patch planes
3291205 square feet [473933632.00 square inches]
62 Displacements
311308 Square Feet [44828368.00 Square Inches]
FindNeighbors:       0...1...2...3...4...5...6...7...8...9...10 (0.5 s)
14891 patches before subdivision
220869 patches after subdivision
CreateDirectLights...
BuildLightVisibility: 0...1...2...3...4...5...6...7...8...9...10 (0.2 s)
690 lights, 36 styled (0.17 s)
GPU: Building scene...
Done (0.04 s)
BuildFacelightsGPU: 1...2...3...4...5...6...7...8...9...10 (2.6 s)
  2.75M luxels + 0.00M supersamples in 11 chunks
  prepare 0.2s, upload 0.9s, solve 0.3s, the rest 1.2s
  ranked lightstyles on 1589 faces with more than 3 styles (0.3s)
BuildVisMatrixGPU: 1...2...3...4...5...6...7...8...9...10 (2.0 s)
  1099.5M pairs, 21.7M candidates, 22 batches
  prepare 0.2s, solve 1.2s, scatter 0.6s
transfers 29386004, max 2650
transfer lists: 224.2 megs
Bounce  1 added RGB(703245, 596339, 402774)
Bounce  2 added RGB(201283, 146125, 83262)
BounceLightGPU: 2 bounces (0.6 s)
  29.4M transfers in 1 segments, 9 parent levels
  upload 0.6s, solve 0.0s (17.9 ms per bounce)
Build Patch/Sample Hash Table(s).....Done<0.2169 sec>
FinalLightFace:      0...1...2...3...4...5...6...7...8...9...10 (0.8 s)
FinalLightFace Done
GPU: the map has more than 8 detail prop lightstyles
GPU: detail prop solver failed, falling back to the CPU
ComputeDetailPropLighting: 0...1...2...3...4...5...6...7...8...9...10 (0.5 s)
Setting up leaf ambient computation...
0 of 0 (0% of) surface lights went in leaf ambient cubes.
179271 leaf ambient samples in 0.2 seconds
ComputeLeafAmbientGPU: 1...2...3...4...5...6...7...8...9...10 (0.1 s)
  179271 samples, 35416 triangles, 29.2M rays
  prepare 0.1s, solve 0.0s
  select 0.2s
Writing leaf ambient...done
Ready to Finish
Estimated GPU memory usage:
------------------------
                                   peak   uploaded     leaked   allocs
vis matrix                     482.2 MB   509.2 MB          -       16
bounce transfers               448.4 MB   448.4 MB          -        2
misc                           153.5 MB   154.6 MB   153.5 MB       26
bounce                          67.6 MB   108.3 MB          -       28
leaf ambient geometry           43.9 MB    45.6 MB          -       12
leaf ambient samples            38.3 MB    38.3 MB          -        4
BVH                             24.5 MB    29.0 MB    17.8 MB       12
BVH build scratch               16.5 MB    22.7 MB          -        4
alpha shadow textures             320 B      324 B      288 B        4
total peak VRAM usage          687.3 MB

Object names       Objects/Maxobjs  Fullness 
------------       ---------------  -------- 
entities              1141/65536    ( 1.7%) 
models                 177/4096     ( 4.3%) 
brushes               4898/65536    ( 7.5%) 
brushsides           36871/655350   ( 5.6%) 
planes               10792/65536    (16.5%) 
vertexes             25399/65536    (38.8%) 
nodes                 6249/65536    ( 9.5%) 
texinfos              1599/32768    ( 4.9%) 
texdata                188/8192     ( 2.3%) 
dispinfos               62/16384    ( 0.4%) 
faces                14891/65536    (22.7%) 
hdr faces                0/65536    ( 0.0%) 
origfaces             8995/65536    (13.7%) 
leaves                6427/65536    ( 9.8%) 
leaffaces            18094/65536    (27.6%) 
leafbrushes           8682/65536    (13.2%) 
areas                    3/1024     ( 0.3%) 
surfedges            69336/512000   (13.5%) 
edges                38559/256000   (15.1%) 
leafwaterdata            1/32768    ( 0.0%) 
primitives            1510/32768    ( 4.6%) 
primverts                0/65536    ( 0.0%) 
primindices          26298/65536    (40.1%) 
cubemapsamples          62/1024     ( 6.1%) 
overlays                 0/8192     ( 0.0%) 
vertnormalindices    69181/256000   (27.0%) 
visdata            1177692/16777216 ( 7.0%) 
entdata             490528/393216   (124.7%) FULL!!!
LDR ambient table     6427/65536    ( 9.8%) 
HDR ambient table     6427/65536    ( 9.8%) 
LDR worldlights            690     
HDR worldlights            0       
LDR lightdata              22089756 bytes
HDR lightdata              0        bytes
LDR leaf ambient           25574   
HDR leaf ambient           6427    
occluders                  0       
detail props               4854    
dtl prp lght               0       
HDR dtl prp lght           0       
static props               651     
pakfile                    3686298  bytes
physics                    1849715  bytes
physics terrain            18581    bytes

Level flags = 0

Total triangle count: 39399
Writing c:\users\lorem\documents\github\school999-rolling-map\sources\maps\rp_school999_rolling.bsp
9 seconds elapsed
